
============================================================
Training SV-SNN (ACCELERATED)
  Vectorized modes, analytic X_n'', manual T_n', separable grid
  stop_gradient on freqs, zero AD in PDE residual
============================================================
  JIT compiling...
  Epoch  1000 | Loss: 4.795950e-01 | L2 Err: 9.687700e-01
  Epoch  2000 | Loss: 4.740233e-01 | L2 Err: 9.671242e-01
  Epoch  3000 | Loss: 4.734862e-01 | L2 Err: 9.661429e-01
  Epoch  4000 | Loss: 4.731663e-01 | L2 Err: 9.654347e-01
  Epoch  5000 | Loss: 4.727132e-01 | L2 Err: 9.651761e-01
  Epoch  6000 | Loss: 4.724163e-01 | L2 Err: 9.644605e-01
  Epoch  7000 | Loss: 4.712006e-01 | L2 Err: 9.634804e-01
  Epoch  8000 | Loss: 4.703031e-01 | L2 Err: 9.626314e-01
  Epoch  9000 | Loss: 4.694728e-01 | L2 Err: 9.615208e-01
  Epoch 10000 | Loss: 4.688057e-01 | L2 Err: 9.600792e-01
[abl] case1 strat=S2_two scale=0.6 seed=0: best_l2=9.6008e-01 params=3730 t=35.4s
[10/243] case1 S2_two x0.6 s0: ran

============================================================
Training SV-SNN (ACCELERATED)
  Vectorized modes, analytic X_n'', manual T_n', separable grid
  stop_gradient on freqs, zero AD in PDE residual
============================================================
  JIT compiling...
  Epoch  1000 | Loss: 4.673738e-01 | L2 Err: 9.663141e-01
  Epoch  2000 | Loss: 4.655850e-01 | L2 Err: 9.627814e-01
  Epoch  3000 | Loss: 4.644120e-01 | L2 Err: 9.617758e-01
  Epoch  4000 | Loss: 4.629500e-01 | L2 Err: 9.612880e-01
  Epoch  5000 | Loss: 4.612437e-01 | L2 Err: 9.593303e-01
  Epoch  6000 | Loss: 4.597194e-01 | L2 Err: 9.586390e-01
  Epoch  7000 | Loss: 4.583040e-01 | L2 Err: 9.571636e-01
  Epoch  8000 | Loss: 4.572035e-01 | L2 Err: 9.560864e-01
  Epoch  9000 | Loss: 4.561830e-01 | L2 Err: 9.556711e-01
  Epoch 10000 | Loss: 4.576757e-01 | L2 Err: 9.551231e-01
[abl] case1 strat=S2_two scale=0.6 seed=1: best_l2=9.5453e-01 params=3730 t=35.4s
[11/243] case1 S2_two x0.6 s1: ran

============================================================
Training SV-SNN (ACCELERATED)
  Vectorized modes, analytic X_n'', manual T_n', separable grid
  stop_gradient on freqs, zero AD in PDE residual
============================================================
  JIT compiling...
  Epoch  1000 | Loss: 4.565662e-01 | L2 Err: 9.630777e-01
  Epoch  2000 | Loss: 4.556873e-01 | L2 Err: 9.617580e-01
  Epoch  3000 | Loss: 4.524103e-01 | L2 Err: 9.591767e-01
  Epoch  4000 | Loss: 4.494433e-01 | L2 Err: 9.583421e-01
  Epoch  5000 | Loss: 4.482486e-01 | L2 Err: 9.578806e-01
  Epoch  6000 | Loss: 4.463097e-01 | L2 Err: 9.574484e-01
  Epoch  7000 | Loss: 4.457796e-01 | L2 Err: 9.578524e-01
  Epoch  8000 | Loss: 4.453706e-01 | L2 Err: 9.577395e-01
  Epoch  9000 | Loss: 4.449587e-01 | L2 Err: 9.578521e-01
  Epoch 10000 | Loss: 4.447718e-01 | L2 Err: 9.579134e-01
[abl] case1 strat=S2_two scale=0.6 seed=2: best_l2=9.5713e-01 params=3730 t=35.9s
[12/243] case1 S2_two x0.6 s2: ran

============================================================
Training SV-SNN (ACCELERATED)
  Vectorized modes, analytic X_n'', manual T_n', separable grid
  stop_gradient on freqs, zero AD in PDE residual
============================================================
  JIT compiling...
  Epoch  1000 | Loss: 1.279855e-01 | L2 Err: 4.972713e-01
  Epoch  2000 | Loss: 9.110889e-02 | L2 Err: 4.091211e-01
  Epoch  3000 | Loss: 7.476020e-02 | L2 Err: 3.599017e-01
  Epoch  4000 | Loss: 7.258254e-02 | L2 Err: 3.406948e-01
  Epoch  5000 | Loss: 6.674176e-02 | L2 Err: 3.342224e-01
  Epoch  6000 | Loss: 6.451100e-02 | L2 Err: 3.285023e-01
  Epoch  7000 | Loss: 6.348374e-02 | L2 Err: 3.237083e-01
  Epoch  8000 | Loss: 6.280714e-02 | L2 Err: 3.203984e-01
  Epoch  9000 | Loss: 5.963616e-02 | L2 Err: 3.185684e-01
  Epoch 10000 | Loss: 5.880483e-02 | L2 Err: 3.161519e-01
[abl] case1 strat=S2_two scale=1.5 seed=0: best_l2=3.1551e-01 params=3730 t=34.0s
[16/243] case1 S2_two x1.5 s0: ran

============================================================
Training SV-SNN (ACCELERATED)
  Vectorized modes, analytic X_n'', manual T_n', separable grid
  stop_gradient on freqs, zero AD in PDE residual
============================================================
  JIT compiling...
  Epoch  1000 | Loss: 2.931699e-01 | L2 Err: 7.798076e-01
  Epoch  2000 | Loss: 2.509138e-01 | L2 Err: 7.380030e-01
  Epoch  3000 | Loss: 2.281702e-01 | L2 Err: 7.052349e-01
  Epoch  4000 | Loss: 2.176885e-01 | L2 Err: 6.866358e-01
  Epoch  5000 | Loss: 2.068232e-01 | L2 Err: 6.756496e-01
  Epoch  6000 | Loss: 2.005201e-01 | L2 Err: 6.593730e-01
  Epoch  7000 | Loss: 1.953358e-01 | L2 Err: 6.466363e-01
  Epoch  8000 | Loss: 1.874263e-01 | L2 Err: 6.337787e-01
  Epoch  9000 | Loss: 1.799697e-01 | L2 Err: 6.198822e-01
  Epoch 10000 | Loss: 1.736018e-01 | L2 Err: 6.033865e-01
[abl] case1 strat=S2_two scale=1.5 seed=1: best_l2=6.0339e-01 params=3730 t=33.0s
[17/243] case1 S2_two x1.5 s1: ran

============================================================
Training SV-SNN (ACCELERATED)
  Vectorized modes, analytic X_n'', manual T_n', separable grid
  stop_gradient on freqs, zero AD in PDE residual
============================================================
  JIT compiling...
  Epoch  1000 | Loss: 2.636276e-02 | L2 Err: 2.077696e-01
  Epoch  2000 | Loss: 2.205808e-02 | L2 Err: 1.920667e-01
  Epoch  3000 | Loss: 1.768250e-02 | L2 Err: 1.778163e-01
  Epoch  4000 | Loss: 1.740221e-02 | L2 Err: 1.632247e-01
  Epoch  5000 | Loss: 1.326360e-02 | L2 Err: 1.537915e-01
  Epoch  6000 | Loss: 1.230439e-02 | L2 Err: 1.483469e-01
  Epoch  7000 | Loss: 1.147459e-02 | L2 Err: 1.436437e-01
  Epoch  8000 | Loss: 1.120376e-02 | L2 Err: 1.409941e-01
  Epoch  9000 | Loss: 1.130516e-02 | L2 Err: 1.403126e-01
  Epoch 10000 | Loss: 1.175698e-02 | L2 Err: 1.381905e-01
[abl] case1 strat=S2_two scale=1.5 seed=2: best_l2=1.3727e-01 params=3730 t=34.1s
[18/243] case1 S2_two x1.5 s2: ran

============================================================
Training SV-SNN (ACCELERATED)
  Vectorized modes, analytic X_n'', manual T_n', separable grid
  stop_gradient on freqs, zero AD in PDE residual
============================================================
  JIT compiling...
  Epoch  1000 | Loss: 5.105391e-01 | L2 Err: 1.000154e+00
  Epoch  2000 | Loss: 5.105389e-01 | L2 Err: 1.000154e+00
  Epoch  3000 | Loss: 5.105389e-01 | L2 Err: 1.000154e+00
  Epoch  4000 | Loss: 5.105389e-01 | L2 Err: 1.000154e+00
  Epoch  5000 | Loss: 5.105389e-01 | L2 Err: 1.000155e+00
  Epoch  6000 | Loss: 5.105391e-01 | L2 Err: 1.000154e+00
  Epoch  7000 | Loss: 5.105389e-01 | L2 Err: 1.000155e+00
  Epoch  8000 | Loss: 5.105389e-01 | L2 Err: 1.000155e+00
  Epoch  9000 | Loss: 5.105389e-01 | L2 Err: 1.000153e+00
  Epoch 10000 | Loss: 5.105389e-01 | L2 Err: 1.000153e+00
[abl] case1 strat=S1_single scale=0.6 seed=0: best_l2=1.0002e+00 params=3730 t=47.0s
[19/243] case1 S1_single x0.6 s0: ran

============================================================
Training SV-SNN (ACCELERATED)
  Vectorized modes, analytic X_n'', manual T_n', separable grid
  stop_gradient on freqs, zero AD in PDE residual
============================================================
  JIT compiling...
  Epoch  1000 | Loss: 5.016453e-01 | L2 Err: 1.000004e+00
  Epoch  2000 | Loss: 5.016453e-01 | L2 Err: 1.000004e+00
  Epoch  3000 | Loss: 5.016452e-01 | L2 Err: 1.000004e+00
  Epoch  4000 | Loss: 5.016452e-01 | L2 Err: 1.000004e+00
  Epoch  5000 | Loss: 5.016453e-01 | L2 Err: 1.000004e+00
  Epoch  6000 | Loss: 5.016453e-01 | L2 Err: 1.000004e+00
  Epoch  7000 | Loss: 5.016452e-01 | L2 Err: 1.000004e+00
  Epoch  8000 | Loss: 5.016452e-01 | L2 Err: 1.000004e+00
  Epoch  9000 | Loss: 5.016452e-01 | L2 Err: 1.000004e+00
  Epoch 10000 | Loss: 5.016452e-01 | L2 Err: 1.000004e+00
[abl] case1 strat=S1_single scale=0.6 seed=1: best_l2=1.0000e+00 params=3730 t=43.6s
[20/243] case1 S1_single x0.6 s1: ran

============================================================
Training SV-SNN (ACCELERATED)
  Vectorized modes, analytic X_n'', manual T_n', separable grid
  stop_gradient on freqs, zero AD in PDE residual
============================================================
  JIT compiling...
  Epoch  1000 | Loss: 4.904519e-01 | L2 Err: 1.000121e+00
  Epoch  2000 | Loss: 4.904518e-01 | L2 Err: 1.000120e+00
  Epoch  3000 | Loss: 4.904518e-01 | L2 Err: 1.000120e+00
  Epoch  4000 | Loss: 4.904518e-01 | L2 Err: 1.000120e+00
  Epoch  5000 | Loss: 4.904518e-01 | L2 Err: 1.000120e+00
  Epoch  6000 | Loss: 4.904518e-01 | L2 Err: 1.000122e+00
  Epoch  7000 | Loss: 4.904518e-01 | L2 Err: 1.000119e+00
  Epoch  8000 | Loss: 4.904518e-01 | L2 Err: 1.000121e+00
  Epoch  9000 | Loss: 4.904518e-01 | L2 Err: 1.000122e+00
  Epoch 10000 | Loss: 4.904518e-01 | L2 Err: 1.000121e+00
[abl] case1 strat=S1_single scale=0.6 seed=2: best_l2=1.0000e+00 params=3730 t=44.7s
[21/243] case1 S1_single x0.6 s2: ran

============================================================
Training SV-SNN (ACCELERATED)
  Vectorized modes, analytic X_n'', manual T_n', separable grid
  stop_gradient on freqs, zero AD in PDE residual
============================================================
  JIT compiling...
  Epoch  1000 | Loss: 5.104529e-01 | L2 Err: 1.000117e+00
  Epoch  2000 | Loss: 5.104464e-01 | L2 Err: 1.000121e+00
  Epoch  3000 | Loss: 5.104461e-01 | L2 Err: 1.000122e+00
  Epoch  4000 | Loss: 5.104458e-01 | L2 Err: 1.000122e+00
  Epoch  5000 | Loss: 5.104461e-01 | L2 Err: 1.000125e+00
  Epoch  6000 | Loss: 5.104455e-01 | L2 Err: 1.000122e+00
  Epoch  7000 | Loss: 5.104455e-01 | L2 Err: 1.000121e+00
  Epoch  8000 | Loss: 5.104465e-01 | L2 Err: 1.000119e+00
  Epoch  9000 | Loss: 5.104455e-01 | L2 Err: 1.000122e+00
  Epoch 10000 | Loss: 5.104455e-01 | L2 Err: 1.000121e+00
[abl] case1 strat=S1_single scale=1.5 seed=0: best_l2=1.0001e+00 params=3730 t=43.2s
[25/243] case1 S1_single x1.5 s0: ran

============================================================
Training SV-SNN (ACCELERATED)
  Vectorized modes, analytic X_n'', manual T_n', separable grid
  stop_gradient on freqs, zero AD in PDE residual
============================================================
  JIT compiling...
  Epoch  1000 | Loss: 5.014899e-01 | L2 Err: 1.000068e+00
  Epoch  2000 | Loss: 5.014895e-01 | L2 Err: 1.000068e+00
  Epoch  3000 | Loss: 5.014895e-01 | L2 Err: 1.000068e+00
  Epoch  4000 | Loss: 5.014896e-01 | L2 Err: 1.000068e+00
  Epoch  5000 | Loss: 5.014895e-01 | L2 Err: 1.000068e+00
  Epoch  6000 | Loss: 5.014895e-01 | L2 Err: 1.000068e+00
  Epoch  7000 | Loss: 5.014895e-01 | L2 Err: 1.000068e+00
  Epoch  8000 | Loss: 5.014895e-01 | L2 Err: 1.000068e+00
  Epoch  9000 | Loss: 5.014895e-01 | L2 Err: 1.000068e+00
  Epoch 10000 | Loss: 5.014895e-01 | L2 Err: 1.000068e+00
[abl] case1 strat=S1_single scale=1.5 seed=1: best_l2=1.0001e+00 params=3730 t=44.7s
[26/243] case1 S1_single x1.5 s1: ran

============================================================
Training SV-SNN (ACCELERATED)
  Vectorized modes, analytic X_n'', manual T_n', separable grid
  stop_gradient on freqs, zero AD in PDE residual
============================================================
  JIT compiling...
  Epoch  1000 | Loss: 4.903948e-01 | L2 Err: 1.000062e+00
  Epoch  2000 | Loss: 4.903941e-01 | L2 Err: 1.000062e+00
  Epoch  3000 | Loss: 4.903949e-01 | L2 Err: 1.000058e+00
  Epoch  4000 | Loss: 4.903941e-01 | L2 Err: 1.000062e+00
  Epoch  5000 | Loss: 4.903941e-01 | L2 Err: 1.000062e+00
  Epoch  6000 | Loss: 4.903941e-01 | L2 Err: 1.000062e+00
  Epoch  7000 | Loss: 4.903940e-01 | L2 Err: 1.000062e+00
  Epoch  8000 | Loss: 4.903941e-01 | L2 Err: 1.000062e+00
  Epoch  9000 | Loss: 4.903940e-01 | L2 Err: 1.000062e+00
  Epoch 10000 | Loss: 4.903940e-01 | L2 Err: 1.000062e+00
[abl] case1 strat=S1_single scale=1.5 seed=2: best_l2=1.0000e+00 params=3730 t=42.9s
[27/243] case1 S1_single x1.5 s2: ran

============================================================
Training SV-SNN (ACCELERATED)
  Analytic X_n''/Y_n'', vectorized modes, separable grid, zero AD
============================================================
  Parameters: 1,170
  Epoch  1000 | Loss: 7.8280e+06 | PDE: 7.8280e+06 | BC: 4.9667e+00 | L2: 1.4459e+00
  Epoch  2000 | Loss: 7.7920e+06 | PDE: 7.7919e+06 | BC: 4.9670e+00 | L2: 1.2100e+00
  Epoch  3000 | Loss: 7.7745e+06 | PDE: 7.7745e+06 | BC: 7.0433e+00 | L2: 1.2513e+00
  Epoch  4000 | Loss: 7.7640e+06 | PDE: 7.7640e+06 | BC: 9.5678e+00 | L2: 1.3133e+00
  Epoch  5000 | Loss: 7.7529e+06 | PDE: 7.7529e+06 | BC: 1.3246e+01 | L2: 1.3897e+00
  Epoch  6000 | Loss: 7.7422e+06 | PDE: 7.7422e+06 | BC: 1.8958e+01 | L2: 1.5444e+00
  Epoch  7000 | Loss: 7.7325e+06 | PDE: 7.7325e+06 | BC: 2.7030e+01 | L2: 1.7601e+00
  Epoch  8000 | Loss: 7.7256e+06 | PDE: 7.7256e+06 | BC: 3.7367e+01 | L2: 2.0033e+00
  Epoch  9000 | Loss: 7.7207e+06 | PDE: 7.7207e+06 | BC: 4.9269e+01 | L2: 2.2403e+00
  Training time: 13.0s (1.30 ms/epoch)
  Best L2 error: 1.0060e+00
  Final L2 error: 2.4479e+00
[abl] case2 strat=S2_two scale=0.6 seed=0: best_l2=1.0060e+00 params=1170 t=13.0s
[37/243] case2 S2_two x0.6 s0: ran

============================================================
Training SV-SNN (ACCELERATED)
  Analytic X_n''/Y_n'', vectorized modes, separable grid, zero AD
============================================================
  Parameters: 1,170
  Epoch  1000 | Loss: 7.8084e+06 | PDE: 7.8084e+06 | BC: 4.1298e+00 | L2: 1.1687e+00
  Epoch  2000 | Loss: 7.7774e+06 | PDE: 7.7774e+06 | BC: 8.1225e+00 | L2: 1.3358e+00
  Epoch  3000 | Loss: 7.7623e+06 | PDE: 7.7623e+06 | BC: 1.9474e+01 | L2: 2.8863e+00
  Epoch  4000 | Loss: 7.7451e+06 | PDE: 7.7450e+06 | BC: 5.9736e+01 | L2: 4.6916e+00
  Epoch  5000 | Loss: 7.7306e+06 | PDE: 7.7305e+06 | BC: 1.0974e+02 | L2: 5.6208e+00
  Epoch  6000 | Loss: 7.7222e+06 | PDE: 7.7220e+06 | BC: 1.5074e+02 | L2: 6.0461e+00
  Epoch  7000 | Loss: 7.7168e+06 | PDE: 7.7166e+06 | BC: 1.6626e+02 | L2: 6.0179e+00
  Epoch  8000 | Loss: 7.7143e+06 | PDE: 7.7142e+06 | BC: 1.7440e+02 | L2: 6.0539e+00
  Epoch  9000 | Loss: 7.7116e+06 | PDE: 7.7114e+06 | BC: 1.8182e+02 | L2: 6.4459e+00
  Training time: 12.8s (1.28 ms/epoch)
  Best L2 error: 1.0035e+00
  Final L2 error: 6.9485e+00
[abl] case2 strat=S2_two scale=0.6 seed=1: best_l2=1.0035e+00 params=1170 t=12.8s
[38/243] case2 S2_two x0.6 s1: ran

============================================================
Training SV-SNN (ACCELERATED)
  Analytic X_n''/Y_n'', vectorized modes, separable grid, zero AD
============================================================
  Parameters: 1,170
  Epoch  1000 | Loss: 7.8368e+06 | PDE: 7.8367e+06 | BC: 5.7439e+00 | L2: 1.2746e+00
  Epoch  2000 | Loss: 7.7979e+06 | PDE: 7.7979e+06 | BC: 1.0016e+01 | L2: 1.4709e+00
  Epoch  3000 | Loss: 7.7833e+06 | PDE: 7.7832e+06 | BC: 2.7379e+01 | L2: 6.5412e+00
  Epoch  4000 | Loss: 7.7784e+06 | PDE: 7.7784e+06 | BC: 3.5206e+01 | L2: 7.1943e+00
  Epoch  5000 | Loss: 7.7729e+06 | PDE: 7.7729e+06 | BC: 4.2053e+01 | L2: 7.0721e+00
  Epoch  6000 | Loss: 7.7677e+06 | PDE: 7.7677e+06 | BC: 4.6320e+01 | L2: 7.3134e+00
  Epoch  7000 | Loss: 7.7607e+06 | PDE: 7.7607e+06 | BC: 5.0687e+01 | L2: 7.7432e+00
  Epoch  8000 | Loss: 7.7520e+06 | PDE: 7.7519e+06 | BC: 5.7175e+01 | L2: 7.8747e+00
  Epoch  9000 | Loss: 7.7451e+06 | PDE: 7.7450e+06 | BC: 6.2819e+01 | L2: 7.7269e+00
  Training time: 13.1s (1.31 ms/epoch)
  Best L2 error: 1.0023e+00
  Final L2 error: 7.4957e+00
[abl] case2 strat=S2_two scale=0.6 seed=2: best_l2=1.0023e+00 params=1170 t=13.1s
[39/243] case2 S2_two x0.6 s2: ran

============================================================
Training SV-SNN (ACCELERATED)
  Analytic X_n''/Y_n'', vectorized modes, separable grid, zero AD
============================================================
  Parameters: 1,170
  Epoch  1000 | Loss: 2.3012e+04 | PDE: 2.3012e+04 | BC: 3.2082e-01 | L2: 2.2084e-01
  Epoch  2000 | Loss: 1.1176e+04 | PDE: 1.1175e+04 | BC: 2.0529e-01 | L2: 2.0631e-01
  Epoch  3000 | Loss: 6.8545e+03 | PDE: 6.8543e+03 | BC: 1.7478e-01 | L2: 2.1170e-01
  Epoch  4000 | Loss: 3.8926e+03 | PDE: 3.8925e+03 | BC: 9.9397e-02 | L2: 1.7683e-01
  Epoch  5000 | Loss: 2.0826e+03 | PDE: 2.0825e+03 | BC: 2.9675e-02 | L2: 1.0981e-01
  Epoch  6000 | Loss: 1.1878e+03 | PDE: 1.1878e+03 | BC: 6.5836e-03 | L2: 6.6100e-02
  Epoch  7000 | Loss: 7.6884e+02 | PDE: 7.6884e+02 | BC: 2.1209e-03 | L2: 4.6901e-02
  Epoch  8000 | Loss: 6.4412e+02 | PDE: 6.4412e+02 | BC: 6.2557e-04 | L2: 3.2447e-02
  Epoch  9000 | Loss: 5.7787e+02 | PDE: 5.7787e+02 | BC: 1.0016e-03 | L2: 2.3163e-02
  Training time: 13.0s (1.30 ms/epoch)
  Best L2 error: 2.1255e-02
  Final L2 error: 2.2240e-02
[abl] case2 strat=S2_two scale=1.5 seed=0: best_l2=2.1255e-02 params=1170 t=13.0s
[43/243] case2 S2_two x1.5 s0: ran

============================================================
Training SV-SNN (ACCELERATED)
  Analytic X_n''/Y_n'', vectorized modes, separable grid, zero AD
============================================================
  Parameters: 1,170
  Epoch  1000 | Loss: 2.3766e+04 | PDE: 2.3765e+04 | BC: 5.0176e-01 | L2: 2.9258e-01
  Epoch  2000 | Loss: 1.4845e+04 | PDE: 1.4844e+04 | BC: 7.8842e-01 | L2: 4.1951e-01
  Epoch  3000 | Loss: 1.1961e+04 | PDE: 1.1961e+04 | BC: 7.8510e-01 | L2: 4.2575e-01
  Epoch  4000 | Loss: 1.0019e+04 | PDE: 1.0018e+04 | BC: 7.5780e-01 | L2: 4.3306e-01
  Epoch  5000 | Loss: 8.3719e+03 | PDE: 8.3711e+03 | BC: 7.6934e-01 | L2: 4.5482e-01
  Epoch  6000 | Loss: 7.0445e+03 | PDE: 7.0438e+03 | BC: 7.1017e-01 | L2: 4.5028e-01
  Epoch  7000 | Loss: 6.1170e+03 | PDE: 6.1164e+03 | BC: 6.0775e-01 | L2: 4.2389e-01
  Epoch  8000 | Loss: 5.2472e+03 | PDE: 5.2467e+03 | BC: 5.2324e-01 | L2: 4.0000e-01
  Epoch  9000 | Loss: 4.4200e+03 | PDE: 4.4196e+03 | BC: 4.5621e-01 | L2: 3.8169e-01
  Training time: 12.3s (1.23 ms/epoch)
  Best L2 error: 1.6244e-01
  Final L2 error: 3.8945e-01
[abl] case2 strat=S2_two scale=1.5 seed=1: best_l2=1.6244e-01 params=1170 t=12.3s
[44/243] case2 S2_two x1.5 s1: ran

============================================================
Training SV-SNN (ACCELERATED)
  Analytic X_n''/Y_n'', vectorized modes, separable grid, zero AD
============================================================
  Parameters: 1,170
  Epoch  1000 | Loss: 1.3086e+04 | PDE: 1.3085e+04 | BC: 4.8408e-01 | L2: 4.2033e-01
  Epoch  2000 | Loss: 7.6201e+03 | PDE: 7.6194e+03 | BC: 6.2689e-01 | L2: 5.7668e-01
  Epoch  3000 | Loss: 5.5041e+03 | PDE: 5.5038e+03 | BC: 2.6261e-01 | L2: 5.6858e-01
  Epoch  4000 | Loss: 4.0454e+03 | PDE: 4.0452e+03 | BC: 1.4516e-01 | L2: 4.2124e-01
  Epoch  5000 | Loss: 3.3401e+03 | PDE: 3.3400e+03 | BC: 1.2365e-01 | L2: 3.4060e-01
  Epoch  6000 | Loss: 2.8637e+03 | PDE: 2.8636e+03 | BC: 1.0862e-01 | L2: 2.9283e-01
  Epoch  7000 | Loss: 2.4928e+03 | PDE: 2.4928e+03 | BC: 9.0843e-02 | L2: 2.3806e-01
  Epoch  8000 | Loss: 2.0998e+03 | PDE: 2.0997e+03 | BC: 7.3843e-02 | L2: 1.7931e-01
  Epoch  9000 | Loss: 1.8142e+03 | PDE: 1.8141e+03 | BC: 4.6179e-02 | L2: 1.1649e-01
  Training time: 13.0s (1.30 ms/epoch)
  Best L2 error: 9.2717e-02
  Final L2 error: 9.2717e-02
[abl] case2 strat=S2_two scale=1.5 seed=2: best_l2=9.2717e-02 params=1170 t=13.0s
[45/243] case2 S2_two x1.5 s2: ran

============================================================
Training SV-SNN (ACCELERATED)
  Analytic X_n''/Y_n'', vectorized modes, separable grid, zero AD
============================================================
  Parameters: 1,170
  Epoch  1000 | Loss: 7.9187e+06 | PDE: 7.9187e+06 | BC: 4.4022e-05 | L2: 1.0001e+00
  Epoch  2000 | Loss: 7.9187e+06 | PDE: 7.9187e+06 | BC: 4.4157e-05 | L2: 1.0001e+00
  Epoch  3000 | Loss: 7.9187e+06 | PDE: 7.9187e+06 | BC: 4.4026e-05 | L2: 1.0001e+00
  Epoch  4000 | Loss: 7.9187e+06 | PDE: 7.9187e+06 | BC: 4.4363e-05 | L2: 1.0001e+00
  Epoch  5000 | Loss: 7.9187e+06 | PDE: 7.9187e+06 | BC: 4.4080e-05 | L2: 1.0001e+00
  Epoch  6000 | Loss: 7.9187e+06 | PDE: 7.9187e+06 | BC: 4.3545e-05 | L2: 1.0001e+00
  Epoch  7000 | Loss: 7.9187e+06 | PDE: 7.9187e+06 | BC: 4.4208e-05 | L2: 1.0001e+00
  Epoch  8000 | Loss: 7.9187e+06 | PDE: 7.9187e+06 | BC: 4.5306e-05 | L2: 1.0001e+00
  Epoch  9000 | Loss: 7.9187e+06 | PDE: 7.9187e+06 | BC: 4.3653e-05 | L2: 1.0001e+00
  Training time: 14.2s (1.42 ms/epoch)
  Best L2 error: 1.0000e+00
  Final L2 error: 1.0001e+00
[abl] case2 strat=S1_single scale=0.6 seed=0: best_l2=1.0000e+00 params=1170 t=14.2s
[46/243] case2 S1_single x0.6 s0: ran

============================================================
Training SV-SNN (ACCELERATED)
  Analytic X_n''/Y_n'', vectorized modes, separable grid, zero AD
============================================================
  Parameters: 1,170
  Epoch  1000 | Loss: 7.9187e+06 | PDE: 7.9187e+06 | BC: 4.3899e-05 | L2: 1.0001e+00
  Epoch  2000 | Loss: 7.9187e+06 | PDE: 7.9187e+06 | BC: 4.4720e-05 | L2: 1.0000e+00
  Epoch  3000 | Loss: 7.9187e+06 | PDE: 7.9187e+06 | BC: 4.6729e-05 | L2: 1.0000e+00
  Epoch  4000 | Loss: 7.9187e+06 | PDE: 7.9187e+06 | BC: 4.6402e-05 | L2: 1.0001e+00
  Epoch  5000 | Loss: 7.9187e+06 | PDE: 7.9187e+06 | BC: 4.4092e-05 | L2: 1.0001e+00
  Epoch  6000 | Loss: 7.9187e+06 | PDE: 7.9187e+06 | BC: 4.5752e-05 | L2: 1.0000e+00
  Epoch  7000 | Loss: 7.9187e+06 | PDE: 7.9187e+06 | BC: 4.3913e-05 | L2: 1.0001e+00
  Epoch  8000 | Loss: 7.9187e+06 | PDE: 7.9187e+06 | BC: 4.3040e-05 | L2: 1.0001e+00
  Epoch  9000 | Loss: 7.9187e+06 | PDE: 7.9187e+06 | BC: 4.3187e-05 | L2: 1.0001e+00
  Training time: 14.4s (1.44 ms/epoch)
  Best L2 error: 1.0000e+00
  Final L2 error: 1.0001e+00
[abl] case2 strat=S1_single scale=0.6 seed=1: best_l2=1.0000e+00 params=1170 t=14.4s
[47/243] case2 S1_single x0.6 s1: ran

============================================================
Training SV-SNN (ACCELERATED)
  Analytic X_n''/Y_n'', vectorized modes, separable grid, zero AD
============================================================
  Parameters: 1,170
  Epoch  1000 | Loss: 7.9187e+06 | PDE: 7.9187e+06 | BC: 4.4199e-05 | L2: 1.0001e+00
  Epoch  2000 | Loss: 7.9187e+06 | PDE: 7.9187e+06 | BC: 4.4434e-05 | L2: 1.0001e+00
  Epoch  3000 | Loss: 7.9187e+06 | PDE: 7.9187e+06 | BC: 4.4702e-05 | L2: 1.0000e+00
  Epoch  4000 | Loss: 7.9187e+06 | PDE: 7.9187e+06 | BC: 4.5492e-05 | L2: 1.0000e+00
  Epoch  5000 | Loss: 7.9187e+06 | PDE: 7.9187e+06 | BC: 4.3709e-05 | L2: 1.0001e+00
  Epoch  6000 | Loss: 7.9187e+06 | PDE: 7.9187e+06 | BC: 4.4715e-05 | L2: 1.0001e+00
  Epoch  7000 | Loss: 7.9187e+06 | PDE: 7.9187e+06 | BC: 4.3560e-05 | L2: 1.0001e+00
  Epoch  8000 | Loss: 7.9187e+06 | PDE: 7.9187e+06 | BC: 4.4975e-05 | L2: 1.0000e+00
  Epoch  9000 | Loss: 7.9187e+06 | PDE: 7.9187e+06 | BC: 4.4728e-05 | L2: 1.0000e+00
  Training time: 15.3s (1.53 ms/epoch)
  Best L2 error: 1.0000e+00
  Final L2 error: 1.0001e+00
[abl] case2 strat=S1_single scale=0.6 seed=2: best_l2=1.0000e+00 params=1170 t=15.3s
[48/243] case2 S1_single x0.6 s2: ran

============================================================
Training SV-SNN (ACCELERATED)
  Analytic X_n''/Y_n'', vectorized modes, separable grid, zero AD
============================================================
  Parameters: 1,170
  Epoch  1000 | Loss: 7.9187e+06 | PDE: 7.9187e+06 | BC: 2.7271e-10 | L2: 1.0000e+00
  Epoch  2000 | Loss: 7.9187e+06 | PDE: 7.9187e+06 | BC: 1.4627e-09 | L2: 1.0000e+00
  Epoch  3000 | Loss: 7.9187e+06 | PDE: 7.9187e+06 | BC: 2.8092e-09 | L2: 1.0000e+00
  Epoch  4000 | Loss: 7.9187e+06 | PDE: 7.9187e+06 | BC: 1.3154e-08 | L2: 1.0000e+00
  Epoch  5000 | Loss: 7.9187e+06 | PDE: 7.9187e+06 | BC: 3.0349e-09 | L2: 1.0000e+00
  Epoch  6000 | Loss: 7.9187e+06 | PDE: 7.9187e+06 | BC: 2.6419e-09 | L2: 1.0000e+00
  Epoch  7000 | Loss: 7.9187e+06 | PDE: 7.9187e+06 | BC: 3.0177e-09 | L2: 1.0000e+00
  Epoch  8000 | Loss: 7.9188e+06 | PDE: 7.9188e+06 | BC: 2.9268e-07 | L2: 1.0000e+00
  Epoch  9000 | Loss: 7.9187e+06 | PDE: 7.9187e+06 | BC: 6.8294e-10 | L2: 1.0000e+00
  Training time: 15.0s (1.50 ms/epoch)
  Best L2 error: 1.0000e+00
  Final L2 error: 1.0000e+00
[abl] case2 strat=S1_single scale=1.5 seed=1: best_l2=1.0000e+00 params=1170 t=15.0s
[53/243] case2 S1_single x1.5 s1: ran

============================================================
Training SV-SNN (ACCELERATED)
  Analytic X_n''/Y_n'', vectorized modes, separable grid, zero AD
============================================================
  Parameters: 1,170
  Epoch  1000 | Loss: 7.9187e+06 | PDE: 7.9187e+06 | BC: 2.8386e-10 | L2: 1.0000e+00
  Epoch  2000 | Loss: 7.9187e+06 | PDE: 7.9187e+06 | BC: 1.8123e-10 | L2: 1.0000e+00
  Epoch  3000 | Loss: 7.9187e+06 | PDE: 7.9187e+06 | BC: 1.2497e-10 | L2: 1.0000e+00
  Epoch  4000 | Loss: 7.9187e+06 | PDE: 7.9187e+06 | BC: 6.1206e-10 | L2: 1.0000e+00
  Epoch  5000 | Loss: 7.9187e+06 | PDE: 7.9187e+06 | BC: 2.7750e-09 | L2: 1.0000e+00
  Epoch  6000 | Loss: 7.9187e+06 | PDE: 7.9187e+06 | BC: 4.3650e-09 | L2: 1.0000e+00
  Epoch  7000 | Loss: 7.9187e+06 | PDE: 7.9187e+06 | BC: 2.0732e-08 | L2: 1.0000e+00
  Epoch  8000 | Loss: 7.9187e+06 | PDE: 7.9187e+06 | BC: 3.5420e-09 | L2: 1.0000e+00
  Epoch  9000 | Loss: 7.9187e+06 | PDE: 7.9187e+06 | BC: 1.0008e-09 | L2: 1.0000e+00
  Training time: 15.2s (1.52 ms/epoch)
  Best L2 error: 1.0000e+00
  Final L2 error: 1.0000e+00
[abl] case2 strat=S1_single scale=1.5 seed=2: best_l2=1.0000e+00 params=1170 t=15.2s
[54/243] case2 S1_single x1.5 s2: ran

======================================================================
  SV-SNN (ACCELERATED)
  Analytic X_n''/Y_n'', vectorized modes, separable grid, zero AD
======================================================================
  Parameters: 1171
  Epoch   100 | Loss 7.6726e+03 | PDE 7.6499e+03 | BC 2.2712e+01 | L2 2.1786e+00
  Epoch  1000 | Loss 8.9712e+02 | PDE 8.5253e+02 | BC 4.4586e+01 | L2 3.4855e+00
  Epoch  2000 | Loss 6.4675e+02 | PDE 6.2641e+02 | BC 2.0343e+01 | L2 3.0449e+00
  Epoch  3000 | Loss 3.9009e+02 | PDE 3.7111e+02 | BC 1.8983e+01 | L2 3.0598e+00
  Epoch  4000 | Loss 1.4861e+02 | PDE 1.4115e+02 | BC 7.4505e+00 | L2 1.2665e+00
  Epoch  5000 | Loss 1.0399e+02 | PDE 9.4291e+01 | BC 9.6990e+00 | L2 1.2534e+00
  Epoch  6000 | Loss 9.3576e+01 | PDE 8.1567e+01 | BC 1.2009e+01 | L2 1.3994e+00
  Epoch  7000 | Loss 8.8341e+01 | PDE 7.6036e+01 | BC 1.2305e+01 | L2 1.4566e+00
  Epoch  8000 | Loss 8.4934e+01 | PDE 7.2963e+01 | BC 1.1972e+01 | L2 1.4672e+00
  Epoch  9000 | Loss 8.1568e+01 | PDE 7.0160e+01 | BC 1.1408e+01 | L2 1.4503e+00
  Epoch 10000 | Loss 7.8241e+01 | PDE 6.7580e+01 | BC 1.0661e+01 | L2 1.4125e+00
  Done: 16.8s | Params: 1171 | Best L2: 1.0088e+00 | Final L2: 1.4125e+00
[abl] case3 strat=S2_two scale=0.6 seed=0: best_l2=1.0088e+00 params=1171 t=16.8s
[64/243] case3 S2_two x0.6 s0: ran

======================================================================
  SV-SNN (ACCELERATED)
  Analytic X_n''/Y_n'', vectorized modes, separable grid, zero AD
======================================================================
  Parameters: 1171
  Epoch   100 | Loss 7.3446e+03 | PDE 7.3251e+03 | BC 1.9550e+01 | L2 1.9252e+00
  Epoch  1000 | Loss 8.1103e+02 | PDE 7.6408e+02 | BC 4.6957e+01 | L2 3.6836e+00
  Epoch  2000 | Loss 5.3020e+02 | PDE 5.1524e+02 | BC 1.4961e+01 | L2 2.9458e+00
  Epoch  3000 | Loss 2.4268e+02 | PDE 2.1677e+02 | BC 2.5917e+01 | L2 2.4630e+00
  Epoch  4000 | Loss 1.0967e+02 | PDE 9.6191e+01 | BC 1.3475e+01 | L2 1.4386e+00
  Epoch  5000 | Loss 9.2696e+01 | PDE 8.0955e+01 | BC 1.1740e+01 | L2 1.3192e+00
  Epoch  6000 | Loss 8.4583e+01 | PDE 7.3683e+01 | BC 1.0900e+01 | L2 1.2998e+00
  Epoch  7000 | Loss 7.8900e+01 | PDE 6.8698e+01 | BC 1.0201e+01 | L2 1.2997e+00
  Epoch  8000 | Loss 7.4011e+01 | PDE 6.4367e+01 | BC 9.6442e+00 | L2 1.3067e+00
  Epoch  9000 | Loss 6.9427e+01 | PDE 6.0239e+01 | BC 9.1883e+00 | L2 1.3092e+00
  Epoch 10000 | Loss 6.5880e+01 | PDE 5.7191e+01 | BC 8.6890e+00 | L2 1.2932e+00
  Done: 17.2s | Params: 1171 | Best L2: 9.8425e-01 | Final L2: 1.2932e+00
[abl] case3 strat=S2_two scale=0.6 seed=1: best_l2=9.8425e-01 params=1171 t=17.2s
[65/243] case3 S2_two x0.6 s1: ran

======================================================================
  SV-SNN (ACCELERATED)
  Analytic X_n''/Y_n'', vectorized modes, separable grid, zero AD
======================================================================
  Parameters: 1171
  Epoch   100 | Loss 7.6915e+03 | PDE 7.6659e+03 | BC 2.5623e+01 | L2 2.3551e+00
  Epoch  1000 | Loss 7.4954e+02 | PDE 7.2554e+02 | BC 2.3991e+01 | L2 2.7767e+00
  Epoch  2000 | Loss 6.1746e+02 | PDE 5.9943e+02 | BC 1.8036e+01 | L2 3.0277e+00
  Epoch  3000 | Loss 3.8689e+02 | PDE 3.7623e+02 | BC 1.0662e+01 | L2 2.3246e+00
  Epoch  4000 | Loss 1.8932e+02 | PDE 1.8137e+02 | BC 7.9491e+00 | L2 1.1674e+00
  Epoch  5000 | Loss 1.2042e+02 | PDE 1.1397e+02 | BC 6.4543e+00 | L2 1.0844e+00
  Epoch  6000 | Loss 9.6287e+01 | PDE 8.7295e+01 | BC 8.9923e+00 | L2 1.2429e+00
  Epoch  7000 | Loss 8.3546e+01 | PDE 7.2240e+01 | BC 1.1306e+01 | L2 1.3934e+00
  Epoch  8000 | Loss 7.6725e+01 | PDE 6.4441e+01 | BC 1.2284e+01 | L2 1.4603e+00
  Epoch  9000 | Loss 7.3071e+01 | PDE 6.0718e+01 | BC 1.2353e+01 | L2 1.4750e+00
  Epoch 10000 | Loss 6.9037e+01 | PDE 5.6877e+01 | BC 1.2160e+01 | L2 1.4778e+00
  Done: 17.3s | Params: 1171 | Best L2: 9.9868e-01 | Final L2: 1.4778e+00
[abl] case3 strat=S2_two scale=0.6 seed=2: best_l2=9.9868e-01 params=1171 t=17.3s
[66/243] case3 S2_two x0.6 s2: ran

======================================================================
  SV-SNN (ACCELERATED)
  Analytic X_n''/Y_n'', vectorized modes, separable grid, zero AD
======================================================================
  Parameters: 1171
  Epoch   100 | Loss 3.1561e+02 | PDE 3.1516e+02 | BC 4.5286e-01 | L2 2.8068e-01
  Epoch  1000 | Loss 1.7076e+00 | PDE 1.5630e+00 | BC 1.4458e-01 | L2 1.6221e-01
  Epoch  2000 | Loss 8.2497e-01 | PDE 7.1767e-01 | BC 1.0731e-01 | L2 1.4455e-01
  Epoch  3000 | Loss 4.8390e-01 | PDE 3.9782e-01 | BC 8.6079e-02 | L2 1.3244e-01
  Epoch  4000 | Loss 2.8833e-01 | PDE 2.2229e-01 | BC 6.6034e-02 | L2 1.1713e-01
  Epoch  5000 | Loss 1.7722e-01 | PDE 1.2879e-01 | BC 4.8431e-02 | L2 1.0111e-01
  Epoch  6000 | Loss 2.2486e-01 | PDE 1.9092e-01 | BC 3.3942e-02 | L2 8.5102e-02
  Epoch  7000 | Loss 1.0513e-01 | PDE 8.1288e-02 | BC 2.3843e-02 | L2 7.0293e-02
  Epoch  8000 | Loss 4.2154e-02 | PDE 2.4448e-02 | BC 1.7707e-02 | L2 5.8738e-02
  Epoch  9000 | Loss 3.3288e-02 | PDE 1.8779e-02 | BC 1.4509e-02 | L2 5.1473e-02
  Epoch 10000 | Loss 4.2202e-02 | PDE 2.9715e-02 | BC 1.2487e-02 | L2 4.6938e-02
  Done: 17.1s | Params: 1171 | Best L2: 4.6938e-02 | Final L2: 4.6938e-02
[abl] case3 strat=S2_two scale=1.5 seed=0: best_l2=4.6938e-02 params=1171 t=17.1s
[70/243] case3 S2_two x1.5 s0: ran

======================================================================
  SV-SNN (ACCELERATED)
  Analytic X_n''/Y_n'', vectorized modes, separable grid, zero AD
======================================================================
  Parameters: 1171
  Epoch   100 | Loss 4.0577e+02 | PDE 4.0513e+02 | BC 6.4228e-01 | L2 3.1896e-01
  Epoch  1000 | Loss 3.5709e+00 | PDE 3.4304e+00 | BC 1.4042e-01 | L2 1.5464e-01
  Epoch  2000 | Loss 9.4929e-01 | PDE 8.3625e-01 | BC 1.1304e-01 | L2 1.4296e-01
  Epoch  3000 | Loss 5.2532e-01 | PDE 4.2703e-01 | BC 9.8287e-02 | L2 1.3735e-01
  Epoch  4000 | Loss 3.1647e-01 | PDE 2.4526e-01 | BC 7.1216e-02 | L2 1.1633e-01
  Epoch  5000 | Loss 1.8960e-01 | PDE 1.4473e-01 | BC 4.4870e-02 | L2 9.1124e-02
  Epoch  6000 | Loss 8.0992e-02 | PDE 5.0363e-02 | BC 3.0630e-02 | L2 7.3643e-02
  Epoch  7000 | Loss 5.3978e-02 | PDE 2.9422e-02 | BC 2.4556e-02 | L2 6.4272e-02
  Epoch  8000 | Loss 1.0782e-01 | PDE 8.7140e-02 | BC 2.0683e-02 | L2 5.9157e-02
  Epoch  9000 | Loss 5.1123e-02 | PDE 3.3445e-02 | BC 1.7678e-02 | L2 5.4010e-02
  Epoch 10000 | Loss 6.5569e-02 | PDE 5.0580e-02 | BC 1.4990e-02 | L2 5.0531e-02
  Done: 17.2s | Params: 1171 | Best L2: 5.0367e-02 | Final L2: 5.0531e-02
[abl] case3 strat=S2_two scale=1.5 seed=1: best_l2=5.0367e-02 params=1171 t=17.2s
[71/243] case3 S2_two x1.5 s1: ran

======================================================================
  SV-SNN (ACCELERATED)
  Analytic X_n''/Y_n'', vectorized modes, separable grid, zero AD
======================================================================
  Parameters: 1171
  Epoch   100 | Loss 2.3551e+02 | PDE 2.3503e+02 | BC 4.8015e-01 | L2 2.7638e-01
  Epoch  1000 | Loss 4.1828e+00 | PDE 4.0639e+00 | BC 1.1895e-01 | L2 1.4132e-01
  Epoch  2000 | Loss 1.0558e+00 | PDE 9.8814e-01 | BC 6.7645e-02 | L2 1.1043e-01
  Epoch  3000 | Loss 4.6193e-01 | PDE 3.9329e-01 | BC 6.8640e-02 | L2 1.1352e-01
  Epoch  4000 | Loss 3.3511e-01 | PDE 2.7231e-01 | BC 6.2801e-02 | L2 1.0912e-01
  Epoch  5000 | Loss 1.7004e-01 | PDE 1.1738e-01 | BC 5.2660e-02 | L2 1.0000e-01
  Epoch  6000 | Loss 1.3116e-01 | PDE 8.8987e-02 | BC 4.2170e-02 | L2 8.8378e-02
  Epoch  7000 | Loss 1.5229e-01 | PDE 1.1913e-01 | BC 3.3153e-02 | L2 7.7165e-02
  Epoch  8000 | Loss 7.4278e-02 | PDE 4.8750e-02 | BC 2.5529e-02 | L2 6.8119e-02
  Epoch  9000 | Loss 6.0059e-02 | PDE 4.0332e-02 | BC 1.9727e-02 | L2 5.9052e-02
  Epoch 10000 | Loss 6.9560e-02 | PDE 5.4078e-02 | BC 1.5483e-02 | L2 5.0779e-02
  Done: 16.5s | Params: 1171 | Best L2: 5.0779e-02 | Final L2: 5.0779e-02
[abl] case3 strat=S2_two scale=1.5 seed=2: best_l2=5.0779e-02 params=1171 t=16.5s
[72/243] case3 S2_two x1.5 s2: ran

======================================================================
  SV-SNN (ACCELERATED)
  Analytic X_n''/Y_n'', vectorized modes, separable grid, zero AD
======================================================================
  Parameters: 1171
  Epoch   100 | Loss 1.1193e+04 | PDE 1.1191e+04 | BC 2.1874e+00 | L2 1.0318e+00
  Epoch  1000 | Loss 1.1067e+04 | PDE 1.1059e+04 | BC 8.0757e+00 | L2 1.9109e+00
  Epoch  2000 | Loss 1.1066e+04 | PDE 1.1053e+04 | BC 1.2759e+01 | L2 2.6245e+00
  Epoch  3000 | Loss 1.1066e+04 | PDE 1.1053e+04 | BC 1.2773e+01 | L2 2.6287e+00
  Epoch  4000 | Loss 1.1066e+04 | PDE 1.1053e+04 | BC 1.2790e+01 | L2 2.6280e+00
  Epoch  5000 | Loss 1.1066e+04 | PDE 1.1053e+04 | BC 1.2779e+01 | L2 2.6283e+00
  Epoch  6000 | Loss 1.1066e+04 | PDE 1.1053e+04 | BC 1.2821e+01 | L2 2.6265e+00
  Epoch  7000 | Loss 1.1066e+04 | PDE 1.1053e+04 | BC 1.2788e+01 | L2 2.6279e+00
  Epoch  8000 | Loss 1.1066e+04 | PDE 1.1053e+04 | BC 1.2775e+01 | L2 2.6286e+00
  Epoch  9000 | Loss 1.1066e+04 | PDE 1.1053e+04 | BC 1.2789e+01 | L2 2.6279e+00
  Epoch 10000 | Loss 1.1066e+04 | PDE 1.1053e+04 | BC 1.2783e+01 | L2 2.6282e+00
  Done: 23.3s | Params: 1171 | Best L2: 1.0318e+00 | Final L2: 2.6282e+00
[abl] case3 strat=S1_single scale=0.6 seed=0: best_l2=1.0318e+00 params=1171 t=23.3s
[73/243] case3 S1_single x0.6 s0: ran

======================================================================
  SV-SNN (ACCELERATED)
  Analytic X_n''/Y_n'', vectorized modes, separable grid, zero AD
======================================================================
  Parameters: 1171
  Epoch   100 | Loss 1.1177e+04 | PDE 1.1175e+04 | BC 2.2505e+00 | L2 1.0298e+00
  Epoch  1000 | Loss 1.1067e+04 | PDE 1.1058e+04 | BC 8.5330e+00 | L2 1.9864e+00
  Epoch  2000 | Loss 1.1066e+04 | PDE 1.1053e+04 | BC 1.2772e+01 | L2 2.6257e+00
  Epoch  3000 | Loss 1.1066e+04 | PDE 1.1053e+04 | BC 1.2778e+01 | L2 2.6283e+00
  Epoch  4000 | Loss 1.1066e+04 | PDE 1.1053e+04 | BC 1.2797e+01 | L2 2.6276e+00
  Epoch  5000 | Loss 1.1066e+04 | PDE 1.1053e+04 | BC 1.2774e+01 | L2 2.6287e+00
  Epoch  6000 | Loss 1.1066e+04 | PDE 1.1053e+04 | BC 1.2787e+01 | L2 2.6281e+00
  Epoch  7000 | Loss 1.1066e+04 | PDE 1.1053e+04 | BC 1.2786e+01 | L2 2.6280e+00
  Epoch  8000 | Loss 1.1066e+04 | PDE 1.1054e+04 | BC 1.2730e+01 | L2 2.6301e+00
  Epoch  9000 | Loss 1.1066e+04 | PDE 1.1053e+04 | BC 1.2785e+01 | L2 2.6284e+00
  Epoch 10000 | Loss 1.1066e+04 | PDE 1.1053e+04 | BC 1.2782e+01 | L2 2.6283e+00
  Done: 23.3s | Params: 1171 | Best L2: 9.8932e-01 | Final L2: 2.6283e+00
[abl] case3 strat=S1_single scale=0.6 seed=1: best_l2=9.8932e-01 params=1171 t=23.3s
[74/243] case3 S1_single x0.6 s1: ran

======================================================================
  SV-SNN (ACCELERATED)
  Analytic X_n''/Y_n'', vectorized modes, separable grid, zero AD
======================================================================
  Parameters: 1171
  Epoch   100 | Loss 1.1187e+04 | PDE 1.1184e+04 | BC 2.2140e+00 | L2 1.0317e+00
  Epoch  1000 | Loss 1.1067e+04 | PDE 1.1058e+04 | BC 8.8033e+00 | L2 2.0332e+00
  Epoch  2000 | Loss 1.1066e+04 | PDE 1.1053e+04 | BC 1.2760e+01 | L2 2.6264e+00
  Epoch  3000 | Loss 1.1066e+04 | PDE 1.1053e+04 | BC 1.2784e+01 | L2 2.6282e+00
  Epoch  4000 | Loss 1.1066e+04 | PDE 1.1053e+04 | BC 1.2794e+01 | L2 2.6278e+00
  Epoch  5000 | Loss 1.1066e+04 | PDE 1.1053e+04 | BC 1.2763e+01 | L2 2.6289e+00
  Epoch  6000 | Loss 1.1066e+04 | PDE 1.1053e+04 | BC 1.2788e+01 | L2 2.6280e+00
  Epoch  7000 | Loss 1.1066e+04 | PDE 1.1053e+04 | BC 1.2783e+01 | L2 2.6282e+00
  Epoch  8000 | Loss 1.1066e+04 | PDE 1.1053e+04 | BC 1.2791e+01 | L2 2.6277e+00
  Epoch  9000 | Loss 1.1066e+04 | PDE 1.1053e+04 | BC 1.2776e+01 | L2 2.6283e+00
  Epoch 10000 | Loss 1.1066e+04 | PDE 1.1053e+04 | BC 1.2788e+01 | L2 2.6280e+00
  Done: 23.6s | Params: 1171 | Best L2: 9.9208e-01 | Final L2: 2.6280e+00
[abl] case3 strat=S1_single scale=0.6 seed=2: best_l2=9.9208e-01 params=1171 t=23.6s
[75/243] case3 S1_single x0.6 s2: ran

======================================================================
  SV-SNN (ACCELERATED)
  Analytic X_n''/Y_n'', vectorized modes, separable grid, zero AD
======================================================================
  Parameters: 1171
  Epoch   100 | Loss 1.1654e+04 | PDE 1.1653e+04 | BC 1.3110e+00 | L2 9.9509e-01
  Epoch  1000 | Loss 1.1629e+04 | PDE 1.1627e+04 | BC 1.5418e+00 | L2 1.0801e+00
  Epoch  2000 | Loss 1.1628e+04 | PDE 1.1623e+04 | BC 4.6933e+00 | L2 1.9684e+00
  Epoch  3000 | Loss 1.1628e+04 | PDE 1.1623e+04 | BC 4.7130e+00 | L2 1.9726e+00
  Epoch  4000 | Loss 1.1628e+04 | PDE 1.1623e+04 | BC 4.7128e+00 | L2 1.9726e+00
  Epoch  5000 | Loss 1.1628e+04 | PDE 1.1623e+04 | BC 4.7129e+00 | L2 1.9727e+00
  Epoch  6000 | Loss 1.1628e+04 | PDE 1.1623e+04 | BC 4.7136e+00 | L2 1.9728e+00
  Epoch  7000 | Loss 1.1628e+04 | PDE 1.1623e+04 | BC 4.7126e+00 | L2 1.9726e+00
  Epoch  8000 | Loss 1.1628e+04 | PDE 1.1623e+04 | BC 4.7132e+00 | L2 1.9727e+00
  Epoch  9000 | Loss 1.1628e+04 | PDE 1.1623e+04 | BC 4.7137e+00 | L2 1.9728e+00
  Epoch 10000 | Loss 1.1628e+04 | PDE 1.1623e+04 | BC 4.7137e+00 | L2 1.9727e+00
  Done: 23.0s | Params: 1171 | Best L2: 9.9303e-01 | Final L2: 1.9727e+00
[abl] case3 strat=S1_single scale=1.5 seed=0: best_l2=9.9303e-01 params=1171 t=23.0s
[79/243] case3 S1_single x1.5 s0: ran

======================================================================
  SV-SNN (ACCELERATED)
  Analytic X_n''/Y_n'', vectorized modes, separable grid, zero AD
======================================================================
  Parameters: 1171
  Epoch   100 | Loss 1.1631e+04 | PDE 1.1630e+04 | BC 1.3714e+00 | L2 1.0073e+00
  Epoch  1000 | Loss 1.1629e+04 | PDE 1.1624e+04 | BC 4.6275e+00 | L2 1.9540e+00
  Epoch  2000 | Loss 1.1628e+04 | PDE 1.1623e+04 | BC 4.7133e+00 | L2 1.9727e+00
  Epoch  3000 | Loss 1.1628e+04 | PDE 1.1623e+04 | BC 4.7137e+00 | L2 1.9728e+00
  Epoch  4000 | Loss 1.1628e+04 | PDE 1.1623e+04 | BC 4.7127e+00 | L2 1.9726e+00
  Epoch  5000 | Loss 1.1628e+04 | PDE 1.1623e+04 | BC 4.7131e+00 | L2 1.9726e+00
  Epoch  6000 | Loss 1.1628e+04 | PDE 1.1623e+04 | BC 4.7132e+00 | L2 1.9727e+00
  Epoch  7000 | Loss 1.1628e+04 | PDE 1.1623e+04 | BC 4.7128e+00 | L2 1.9726e+00
  Epoch  8000 | Loss 1.1628e+04 | PDE 1.1623e+04 | BC 4.7123e+00 | L2 1.9725e+00
  Epoch  9000 | Loss 1.1628e+04 | PDE 1.1623e+04 | BC 4.7127e+00 | L2 1.9725e+00
  Epoch 10000 | Loss 1.1628e+04 | PDE 1.1623e+04 | BC 4.7124e+00 | L2 1.9725e+00
  Done: 23.7s | Params: 1171 | Best L2: 9.9864e-01 | Final L2: 1.9725e+00
[abl] case3 strat=S1_single scale=1.5 seed=1: best_l2=9.9864e-01 params=1171 t=23.7s
[80/243] case3 S1_single x1.5 s1: ran

======================================================================
  SV-SNN (ACCELERATED)
  Analytic X_n''/Y_n'', vectorized modes, separable grid, zero AD
======================================================================
  Parameters: 1171
  Epoch   100 | Loss 1.1655e+04 | PDE 1.1654e+04 | BC 1.3062e+00 | L2 9.9411e-01
  Epoch  1000 | Loss 1.1628e+04 | PDE 1.1623e+04 | BC 4.5197e+00 | L2 1.9304e+00
  Epoch  2000 | Loss 1.1628e+04 | PDE 1.1623e+04 | BC 4.7136e+00 | L2 1.9728e+00
  Epoch  3000 | Loss 1.1628e+04 | PDE 1.1623e+04 | BC 4.7131e+00 | L2 1.9726e+00
  Epoch  4000 | Loss 1.1628e+04 | PDE 1.1623e+04 | BC 4.7128e+00 | L2 1.9726e+00
  Epoch  5000 | Loss 1.1628e+04 | PDE 1.1623e+04 | BC 4.7135e+00 | L2 1.9727e+00
  Epoch  6000 | Loss 1.1628e+04 | PDE 1.1623e+04 | BC 4.7132e+00 | L2 1.9727e+00
  Epoch  7000 | Loss 1.1628e+04 | PDE 1.1623e+04 | BC 4.7149e+00 | L2 1.9731e+00
  Epoch  8000 | Loss 1.1628e+04 | PDE 1.1623e+04 | BC 4.7140e+00 | L2 1.9730e+00
  Epoch  9000 | Loss 1.1628e+04 | PDE 1.1623e+04 | BC 4.7140e+00 | L2 1.9729e+00
  Epoch 10000 | Loss 1.1628e+04 | PDE 1.1623e+04 | BC 4.7130e+00 | L2 1.9727e+00
  Done: 23.1s | Params: 1171 | Best L2: 9.9411e-01 | Final L2: 1.9727e+00
[abl] case3 strat=S1_single scale=1.5 seed=2: best_l2=9.9411e-01 params=1171 t=23.1s
[81/243] case3 S1_single x1.5 s2: ran

============================================================
Training SV-SNN (ACCELERATED)
  Analytic X_n'', manual T_n', vectorized modes, separable grid
============================================================
  Parameters: 1612
  Epoch  1000 | Loss: 1.298537e-01 | L2 Err: 2.208203e+00
  Epoch  2000 | Loss: 1.199106e-01 | L2 Err: 2.302719e+00
  Epoch  3000 | Loss: 1.147566e-01 | L2 Err: 2.337013e+00
  Epoch  4000 | Loss: 1.114321e-01 | L2 Err: 2.366095e+00
  Epoch  5000 | Loss: 1.090562e-01 | L2 Err: 2.389891e+00
  Epoch  6000 | Loss: 1.071358e-01 | L2 Err: 2.412504e+00
  Epoch  7000 | Loss: 1.056151e-01 | L2 Err: 2.427422e+00
  Epoch  8000 | Loss: 1.047632e-01 | L2 Err: 2.435786e+00
  Epoch  9000 | Loss: 1.049092e-01 | L2 Err: 2.451266e+00
  Epoch 10000 | Loss: 1.030941e-01 | L2 Err: 2.461691e+00
  Time: 20.0s (2.00 ms/epoch)
  Best L2: 1.431620e+00
[abl] case4 strat=S2_two scale=0.6 seed=0: best_l2=1.4316e+00 params=1612 t=20.0s
[91/243] case4 S2_two x0.6 s0: ran

============================================================
Training SV-SNN (ACCELERATED)
  Analytic X_n'', manual T_n', vectorized modes, separable grid
============================================================
  Parameters: 1612
  Epoch  1000 | Loss: 8.563044e-02 | L2 Err: 2.263409e+00
  Epoch  2000 | Loss: 7.823250e-02 | L2 Err: 2.391943e+00
  Epoch  3000 | Loss: 7.477599e-02 | L2 Err: 2.484749e+00
  Epoch  4000 | Loss: 7.417490e-02 | L2 Err: 2.545323e+00
  Epoch  5000 | Loss: 7.166509e-02 | L2 Err: 2.594501e+00
  Epoch  6000 | Loss: 7.239529e-02 | L2 Err: 2.633226e+00
  Epoch  7000 | Loss: 7.028426e-02 | L2 Err: 2.655396e+00
  Epoch  8000 | Loss: 6.982654e-02 | L2 Err: 2.674111e+00
  Epoch  9000 | Loss: 6.945314e-02 | L2 Err: 2.691463e+00
  Epoch 10000 | Loss: 6.951665e-02 | L2 Err: 2.703738e+00
  Time: 19.7s (1.97 ms/epoch)
  Best L2: 1.369591e+00
[abl] case4 strat=S2_two scale=0.6 seed=1: best_l2=1.3696e+00 params=1612 t=19.7s
[92/243] case4 S2_two x0.6 s1: ran

============================================================
Training SV-SNN (ACCELERATED)
  Analytic X_n'', manual T_n', vectorized modes, separable grid
============================================================
  Parameters: 1612
  Epoch  1000 | Loss: 1.758051e-01 | L2 Err: 2.023285e+00
  Epoch  2000 | Loss: 1.544244e-01 | L2 Err: 2.149102e+00
  Epoch  3000 | Loss: 1.457562e-01 | L2 Err: 2.183317e+00
  Epoch  4000 | Loss: 1.408058e-01 | L2 Err: 2.209281e+00
  Epoch  5000 | Loss: 1.379738e-01 | L2 Err: 2.233926e+00
  Epoch  6000 | Loss: 1.351285e-01 | L2 Err: 2.255835e+00
  Epoch  7000 | Loss: 1.336669e-01 | L2 Err: 2.276135e+00
  Epoch  8000 | Loss: 1.368327e-01 | L2 Err: 2.295388e+00
  Epoch  9000 | Loss: 1.315950e-01 | L2 Err: 2.312382e+00
  Epoch 10000 | Loss: 1.288053e-01 | L2 Err: 2.326476e+00
  Time: 19.4s (1.94 ms/epoch)
  Best L2: 1.340135e+00
[abl] case4 strat=S2_two scale=0.6 seed=2: best_l2=1.3401e+00 params=1612 t=19.4s
[93/243] case4 S2_two x0.6 s2: ran

============================================================
Training SV-SNN (ACCELERATED)
  Analytic X_n'', manual T_n', vectorized modes, separable grid
============================================================
  Parameters: 1612
  Epoch  1000 | Loss: 1.385118e-02 | L2 Err: 4.550267e-01
  Epoch  2000 | Loss: 1.216186e-02 | L2 Err: 5.202143e-01
  Epoch  3000 | Loss: 1.161906e-02 | L2 Err: 5.506105e-01
  Epoch  4000 | Loss: 1.117951e-02 | L2 Err: 5.640336e-01
  Epoch  5000 | Loss: 1.081427e-02 | L2 Err: 5.688385e-01
  Epoch  6000 | Loss: 1.054345e-02 | L2 Err: 5.683606e-01
  Epoch  7000 | Loss: 1.023062e-02 | L2 Err: 5.724618e-01
  Epoch  8000 | Loss: 1.010167e-02 | L2 Err: 5.765456e-01
  Epoch  9000 | Loss: 9.868114e-03 | L2 Err: 5.783763e-01
  Epoch 10000 | Loss: 9.827235e-03 | L2 Err: 5.816687e-01
  Time: 20.8s (2.08 ms/epoch)
  Best L2: 4.442906e-01
[abl] case4 strat=S2_two scale=1.5 seed=0: best_l2=4.4429e-01 params=1612 t=20.8s
[97/243] case4 S2_two x1.5 s0: ran

============================================================
Training SV-SNN (ACCELERATED)
  Analytic X_n'', manual T_n', vectorized modes, separable grid
============================================================
  Parameters: 1612
  Epoch  1000 | Loss: 7.753123e-03 | L2 Err: 6.005215e-01
  Epoch  2000 | Loss: 6.735896e-03 | L2 Err: 6.220553e-01
  Epoch  3000 | Loss: 6.448578e-03 | L2 Err: 6.315568e-01
  Epoch  4000 | Loss: 6.321626e-03 | L2 Err: 6.360381e-01
  Epoch  5000 | Loss: 6.183775e-03 | L2 Err: 6.369101e-01
  Epoch  6000 | Loss: 6.052296e-03 | L2 Err: 6.328281e-01
  Epoch  7000 | Loss: 5.890417e-03 | L2 Err: 6.208163e-01
  Epoch  8000 | Loss: 5.773198e-03 | L2 Err: 6.067664e-01
  Epoch  9000 | Loss: 5.562495e-03 | L2 Err: 5.955478e-01
  Epoch 10000 | Loss: 5.364558e-03 | L2 Err: 5.906294e-01
  Time: 19.0s (1.90 ms/epoch)
  Best L2: 4.651450e-01
[abl] case4 strat=S2_two scale=1.5 seed=1: best_l2=4.6514e-01 params=1612 t=19.0s
[98/243] case4 S2_two x1.5 s1: ran

============================================================
Training SV-SNN (ACCELERATED)
  Analytic X_n'', manual T_n', vectorized modes, separable grid
============================================================
  Parameters: 1612
  Epoch  1000 | Loss: 9.253530e-03 | L2 Err: 5.195222e-01
  Epoch  2000 | Loss: 7.232209e-03 | L2 Err: 5.486350e-01
  Epoch  3000 | Loss: 6.336565e-03 | L2 Err: 5.765035e-01
  Epoch  4000 | Loss: 5.709868e-03 | L2 Err: 5.890773e-01
  Epoch  5000 | Loss: 5.333186e-03 | L2 Err: 5.878892e-01
  Epoch  6000 | Loss: 5.138701e-03 | L2 Err: 5.818198e-01
  Epoch  7000 | Loss: 4.916611e-03 | L2 Err: 5.776588e-01
  Epoch  8000 | Loss: 4.924636e-03 | L2 Err: 5.767632e-01
  Epoch  9000 | Loss: 4.850504e-03 | L2 Err: 5.742775e-01
  Epoch 10000 | Loss: 4.718224e-03 | L2 Err: 5.758729e-01
  Time: 19.4s (1.94 ms/epoch)
  Best L2: 4.678440e-01
[abl] case4 strat=S2_two scale=1.5 seed=2: best_l2=4.6784e-01 params=1612 t=19.4s
[99/243] case4 S2_two x1.5 s2: ran

============================================================
Training SV-SNN (ACCELERATED)
  Analytic X_n'', manual T_n', vectorized modes, separable grid
============================================================
  Parameters: 1612
  Epoch  1000 | Loss: 4.793154e-01 | L2 Err: 1.000348e+00
  Epoch  2000 | Loss: 4.793155e-01 | L2 Err: 1.000348e+00
  Epoch  3000 | Loss: 4.793154e-01 | L2 Err: 1.000346e+00
  Epoch  4000 | Loss: 4.793154e-01 | L2 Err: 1.000348e+00
  Epoch  5000 | Loss: 4.793154e-01 | L2 Err: 1.000348e+00
  Epoch  6000 | Loss: 4.793154e-01 | L2 Err: 1.000348e+00
  Epoch  7000 | Loss: 4.793154e-01 | L2 Err: 1.000348e+00
  Epoch  8000 | Loss: 4.793154e-01 | L2 Err: 1.000348e+00
  Epoch  9000 | Loss: 4.793154e-01 | L2 Err: 1.000351e+00
  Epoch 10000 | Loss: 4.793154e-01 | L2 Err: 1.000346e+00
  Time: 25.7s (2.57 ms/epoch)
  Best L2: 1.000131e+00
[abl] case4 strat=S1_single scale=0.6 seed=0: best_l2=1.0001e+00 params=1612 t=25.7s
[100/243] case4 S1_single x0.6 s0: ran

============================================================
Training SV-SNN (ACCELERATED)
  Analytic X_n'', manual T_n', vectorized modes, separable grid
============================================================
  Parameters: 1612
  Epoch  1000 | Loss: 4.769261e-01 | L2 Err: 1.006716e+00
  Epoch  2000 | Loss: 4.769253e-01 | L2 Err: 1.006726e+00
  Epoch  3000 | Loss: 4.769262e-01 | L2 Err: 1.006723e+00
  Epoch  4000 | Loss: 4.769257e-01 | L2 Err: 1.006758e+00
  Epoch  5000 | Loss: 4.769258e-01 | L2 Err: 1.006736e+00
  Epoch  6000 | Loss: 4.769259e-01 | L2 Err: 1.006772e+00
  Epoch  7000 | Loss: 4.769247e-01 | L2 Err: 1.006725e+00
  Epoch  8000 | Loss: 4.769250e-01 | L2 Err: 1.006727e+00
  Epoch  9000 | Loss: 4.769247e-01 | L2 Err: 1.006752e+00
  Epoch 10000 | Loss: 4.769229e-01 | L2 Err: 1.006722e+00
  Time: 25.2s (2.52 ms/epoch)
  Best L2: 1.004776e+00
[abl] case4 strat=S1_single scale=0.6 seed=1: best_l2=1.0048e+00 params=1612 t=25.2s
[101/243] case4 S1_single x0.6 s1: ran

============================================================
Training SV-SNN (ACCELERATED)
  Analytic X_n'', manual T_n', vectorized modes, separable grid
============================================================
  Parameters: 1612
  Epoch  1000 | Loss: 5.019996e-01 | L2 Err: 1.001612e+00
  Epoch  2000 | Loss: 5.019991e-01 | L2 Err: 1.001611e+00
  Epoch  3000 | Loss: 5.019990e-01 | L2 Err: 1.001629e+00
  Epoch  4000 | Loss: 5.019988e-01 | L2 Err: 1.001605e+00
  Epoch  5000 | Loss: 5.019987e-01 | L2 Err: 1.001614e+00
  Epoch  6000 | Loss: 5.019999e-01 | L2 Err: 1.001550e+00
  Epoch  7000 | Loss: 5.019984e-01 | L2 Err: 1.001613e+00
  Epoch  8000 | Loss: 5.019979e-01 | L2 Err: 1.001615e+00
  Epoch  9000 | Loss: 5.019972e-01 | L2 Err: 1.001613e+00
  Epoch 10000 | Loss: 5.019967e-01 | L2 Err: 1.001610e+00
  Time: 25.2s (2.52 ms/epoch)
  Best L2: 1.000962e+00
[abl] case4 strat=S1_single scale=0.6 seed=2: best_l2=1.0010e+00 params=1612 t=25.2s
[102/243] case4 S1_single x0.6 s2: ran

============================================================
Training SV-SNN (ACCELERATED)
  Analytic X_n'', manual T_n', vectorized modes, separable grid
============================================================
  Parameters: 1612
  Epoch  1000 | Loss: 4.759869e-01 | L2 Err: 1.001424e+00
  Epoch  2000 | Loss: 4.759866e-01 | L2 Err: 1.001392e+00
  Epoch  3000 | Loss: 4.759866e-01 | L2 Err: 1.001393e+00
  Epoch  4000 | Loss: 4.759865e-01 | L2 Err: 1.001383e+00
  Epoch  5000 | Loss: 4.759868e-01 | L2 Err: 1.001386e+00
  Epoch  6000 | Loss: 4.759860e-01 | L2 Err: 1.001382e+00
  Epoch  7000 | Loss: 4.759865e-01 | L2 Err: 1.001399e+00
  Epoch  8000 | Loss: 4.759860e-01 | L2 Err: 1.001398e+00
  Epoch  9000 | Loss: 4.759863e-01 | L2 Err: 1.001404e+00
  Epoch 10000 | Loss: 4.759867e-01 | L2 Err: 1.001384e+00
  Time: 25.0s (2.50 ms/epoch)
  Best L2: 1.001151e+00
[abl] case4 strat=S1_single scale=1.5 seed=0: best_l2=1.0012e+00 params=1612 t=25.0s
[106/243] case4 S1_single x1.5 s0: ran

============================================================
Training SV-SNN (ACCELERATED)
  Analytic X_n'', manual T_n', vectorized modes, separable grid
============================================================
  Parameters: 1612
  Epoch  1000 | Loss: 4.837656e-01 | L2 Err: 1.000707e+00
  Epoch  2000 | Loss: 4.837629e-01 | L2 Err: 1.000676e+00
  Epoch  3000 | Loss: 4.837627e-01 | L2 Err: 1.000672e+00
  Epoch  4000 | Loss: 4.837628e-01 | L2 Err: 1.000683e+00
  Epoch  5000 | Loss: 4.837627e-01 | L2 Err: 1.000670e+00
  Epoch  6000 | Loss: 4.837627e-01 | L2 Err: 1.000671e+00
  Epoch  7000 | Loss: 4.837627e-01 | L2 Err: 1.000674e+00
  Epoch  8000 | Loss: 4.837627e-01 | L2 Err: 1.000671e+00
  Epoch  9000 | Loss: 4.837626e-01 | L2 Err: 1.000673e+00
  Epoch 10000 | Loss: 4.837627e-01 | L2 Err: 1.000673e+00
  Time: 24.9s (2.49 ms/epoch)
  Best L2: 1.000614e+00
[abl] case4 strat=S1_single scale=1.5 seed=1: best_l2=1.0006e+00 params=1612 t=24.9s
[107/243] case4 S1_single x1.5 s1: ran

============================================================
Training SV-SNN (ACCELERATED)
  Analytic X_n'', manual T_n', vectorized modes, separable grid
============================================================
  Parameters: 1612
  Epoch  1000 | Loss: 4.992869e-01 | L2 Err: 1.002619e+00
  Epoch  2000 | Loss: 4.992846e-01 | L2 Err: 1.002643e+00
  Epoch  3000 | Loss: 4.992830e-01 | L2 Err: 1.002627e+00
  Epoch  4000 | Loss: 4.992818e-01 | L2 Err: 1.002612e+00
  Epoch  5000 | Loss: 4.992809e-01 | L2 Err: 1.002585e+00
  Epoch  6000 | Loss: 4.992810e-01 | L2 Err: 1.002612e+00
  Epoch  7000 | Loss: 4.992806e-01 | L2 Err: 1.002590e+00
  Epoch  8000 | Loss: 4.992805e-01 | L2 Err: 1.002601e+00
  Epoch  9000 | Loss: 4.992807e-01 | L2 Err: 1.002616e+00
  Epoch 10000 | Loss: 4.992808e-01 | L2 Err: 1.002585e+00
  Time: 25.4s (2.54 ms/epoch)
  Best L2: 1.001949e+00
[abl] case4 strat=S1_single scale=1.5 seed=2: best_l2=1.0019e+00 params=1612 t=25.4s
[108/243] case4 S1_single x1.5 s2: ran

============================================================
Training SV-SNN (ACCELERATED)
  Analytic X_n''/Y_n'', vectorized, grid + cylinder mask
============================================================
  Parameters: 2,322
  Epoch  1000 | Loss: 1.3462e+04 | PDE: 1.3462e+04 | BC: 1.4872e-01 | L2: 4.2098e-01
  Epoch  2000 | Loss: 2.6856e+03 | PDE: 2.6854e+03 | BC: 1.8688e-01 | L2: 6.3780e-01
  Epoch  3000 | Loss: 6.9817e+02 | PDE: 6.9798e+02 | BC: 1.8912e-01 | L2: 6.1490e-01
  Epoch  4000 | Loss: 3.3590e+02 | PDE: 3.3574e+02 | BC: 1.6032e-01 | L2: 5.4111e-01
  Epoch  5000 | Loss: 2.3437e+02 | PDE: 2.3426e+02 | BC: 1.0904e-01 | L2: 3.6152e-01
  Epoch  6000 | Loss: 1.7810e+02 | PDE: 1.7802e+02 | BC: 7.6089e-02 | L2: 2.4261e-01
  Epoch  7000 | Loss: 1.4000e+02 | PDE: 1.3995e+02 | BC: 5.4066e-02 | L2: 1.7804e-01
  Epoch  8000 | Loss: 1.0365e+02 | PDE: 1.0361e+02 | BC: 4.0029e-02 | L2: 1.4541e-01
  Epoch  9000 | Loss: 7.4423e+01 | PDE: 7.4392e+01 | BC: 3.1503e-02 | L2: 1.3227e-01
  Training time: 12.6s (1.26 ms/epoch)
  Best L2 error: 1.1959e-01
[abl] case5 strat=S2_two scale=0.6 seed=0: best_l2=1.1959e-01 params=2322 t=12.6s
[118/243] case5 S2_two x0.6 s0: ran

============================================================
Training SV-SNN (ACCELERATED)
  Analytic X_n''/Y_n'', vectorized, grid + cylinder mask
============================================================
  Parameters: 2,322
  Epoch  1000 | Loss: 8.9565e+03 | PDE: 8.9565e+03 | BC: 1.7392e-02 | L2: 1.9493e-01
  Epoch  2000 | Loss: 3.8047e+03 | PDE: 3.8047e+03 | BC: 2.7599e-02 | L2: 1.9103e-01
  Epoch  3000 | Loss: 1.0606e+03 | PDE: 1.0605e+03 | BC: 9.5586e-02 | L2: 3.5563e-01
  Epoch  4000 | Loss: 3.1327e+02 | PDE: 3.1309e+02 | BC: 1.8329e-01 | L2: 5.0030e-01
  Epoch  5000 | Loss: 2.1087e+02 | PDE: 2.1068e+02 | BC: 1.9025e-01 | L2: 5.2999e-01
  Epoch  6000 | Loss: 1.7825e+02 | PDE: 1.7810e+02 | BC: 1.5595e-01 | L2: 4.9145e-01
  Epoch  7000 | Loss: 1.5398e+02 | PDE: 1.5387e+02 | BC: 1.1159e-01 | L2: 4.2247e-01
  Epoch  8000 | Loss: 1.2932e+02 | PDE: 1.2925e+02 | BC: 6.7120e-02 | L2: 3.2715e-01
  Epoch  9000 | Loss: 1.0736e+02 | PDE: 1.0733e+02 | BC: 2.9912e-02 | L2: 2.1075e-01
  Training time: 12.3s (1.23 ms/epoch)
  Best L2 error: 8.4503e-02
[abl] case5 strat=S2_two scale=0.6 seed=1: best_l2=8.4503e-02 params=2322 t=12.3s
[119/243] case5 S2_two x0.6 s1: ran

============================================================
Training SV-SNN (ACCELERATED)
  Analytic X_n''/Y_n'', vectorized, grid + cylinder mask
============================================================
  Parameters: 2,322
  Epoch  1000 | Loss: 1.3561e+04 | PDE: 1.3561e+04 | BC: 4.4771e-02 | L2: 1.9203e-01
  Epoch  2000 | Loss: 3.0251e+03 | PDE: 3.0249e+03 | BC: 1.4473e-01 | L2: 4.4717e-01
  Epoch  3000 | Loss: 1.1675e+03 | PDE: 1.1673e+03 | BC: 2.2744e-01 | L2: 6.8170e-01
  Epoch  4000 | Loss: 7.0485e+02 | PDE: 7.0466e+02 | BC: 1.9553e-01 | L2: 7.5174e-01
  Epoch  5000 | Loss: 5.1015e+02 | PDE: 5.0999e+02 | BC: 1.5977e-01 | L2: 7.4119e-01
  Epoch  6000 | Loss: 3.9224e+02 | PDE: 3.9211e+02 | BC: 1.3112e-01 | L2: 6.9387e-01
  Epoch  7000 | Loss: 3.1809e+02 | PDE: 3.1797e+02 | BC: 1.1098e-01 | L2: 6.4568e-01
  Epoch  8000 | Loss: 2.5507e+02 | PDE: 2.5497e+02 | BC: 9.8092e-02 | L2: 6.1024e-01
  Epoch  9000 | Loss: 2.0141e+02 | PDE: 2.0132e+02 | BC: 8.9468e-02 | L2: 5.8812e-01
  Training time: 12.0s (1.20 ms/epoch)
  Best L2 error: 1.2983e-01
[abl] case5 strat=S2_two scale=0.6 seed=2: best_l2=1.2983e-01 params=2322 t=12.0s
[120/243] case5 S2_two x0.6 s2: ran

============================================================
Training SV-SNN (ACCELERATED)
  Analytic X_n''/Y_n'', vectorized, grid + cylinder mask
============================================================
  Parameters: 2,322
  Epoch  1000 | Loss: 2.2316e+03 | PDE: 2.2316e+03 | BC: 2.5395e-02 | L2: 1.5339e-01
  Epoch  2000 | Loss: 6.8031e+02 | PDE: 6.8028e+02 | BC: 2.1970e-02 | L2: 1.7111e-01
  Epoch  3000 | Loss: 2.2157e+02 | PDE: 2.2155e+02 | BC: 1.8975e-02 | L2: 1.8002e-01
  Epoch  4000 | Loss: 1.6667e+02 | PDE: 1.6665e+02 | BC: 1.6506e-02 | L2: 1.8892e-01
  Epoch  5000 | Loss: 1.3141e+02 | PDE: 1.3139e+02 | BC: 1.4722e-02 | L2: 2.0318e-01
  Epoch  6000 | Loss: 7.9596e+01 | PDE: 7.9583e+01 | BC: 1.3398e-02 | L2: 2.1582e-01
  Epoch  7000 | Loss: 5.2539e+01 | PDE: 5.2527e+01 | BC: 1.2186e-02 | L2: 2.1711e-01
  Epoch  8000 | Loss: 7.0875e+01 | PDE: 7.0865e+01 | BC: 1.0599e-02 | L2: 2.0632e-01
  Epoch  9000 | Loss: 7.0394e+01 | PDE: 7.0385e+01 | BC: 8.6046e-03 | L2: 1.8837e-01
  Training time: 12.6s (1.26 ms/epoch)
  Best L2 error: 1.3450e-01
[abl] case5 strat=S2_two scale=1.5 seed=0: best_l2=1.3450e-01 params=2322 t=12.6s
[124/243] case5 S2_two x1.5 s0: ran

============================================================
Training SV-SNN (ACCELERATED)
  Analytic X_n''/Y_n'', vectorized, grid + cylinder mask
============================================================
  Parameters: 2,322
  Epoch  1000 | Loss: 3.6064e+03 | PDE: 3.6064e+03 | BC: 6.6347e-03 | L2: 8.6966e-02
  Epoch  2000 | Loss: 1.0030e+03 | PDE: 1.0030e+03 | BC: 3.7433e-03 | L2: 6.7277e-02
  Epoch  3000 | Loss: 4.7194e+02 | PDE: 4.7194e+02 | BC: 4.1196e-03 | L2: 7.5204e-02
  Epoch  4000 | Loss: 2.3800e+02 | PDE: 2.3800e+02 | BC: 5.2321e-03 | L2: 1.0063e-01
  Epoch  5000 | Loss: 1.6720e+02 | PDE: 1.6719e+02 | BC: 6.2491e-03 | L2: 1.2793e-01
  Epoch  6000 | Loss: 1.1894e+02 | PDE: 1.1894e+02 | BC: 7.0663e-03 | L2: 1.5241e-01
  Epoch  7000 | Loss: 7.4857e+01 | PDE: 7.4849e+01 | BC: 7.8923e-03 | L2: 1.7074e-01
  Epoch  8000 | Loss: 6.7561e+01 | PDE: 6.7552e+01 | BC: 8.6018e-03 | L2: 1.8225e-01
  Epoch  9000 | Loss: 9.1097e+01 | PDE: 9.1088e+01 | BC: 8.9324e-03 | L2: 1.8740e-01
  Training time: 12.6s (1.26 ms/epoch)
  Best L2 error: 6.7119e-02
[abl] case5 strat=S2_two scale=1.5 seed=1: best_l2=6.7119e-02 params=2322 t=12.6s
[125/243] case5 S2_two x1.5 s1: ran

============================================================
Training SV-SNN (ACCELERATED)
  Analytic X_n''/Y_n'', vectorized, grid + cylinder mask
============================================================
  Parameters: 2,322
  Epoch  1000 | Loss: 2.2713e+03 | PDE: 2.2712e+03 | BC: 1.1181e-02 | L2: 1.0355e-01
  Epoch  2000 | Loss: 4.3493e+02 | PDE: 4.3492e+02 | BC: 5.7504e-03 | L2: 8.8986e-02
  Epoch  3000 | Loss: 1.6269e+02 | PDE: 1.6269e+02 | BC: 4.6588e-03 | L2: 8.7030e-02
  Epoch  4000 | Loss: 1.4765e+02 | PDE: 1.4764e+02 | BC: 4.4067e-03 | L2: 9.1639e-02
  Epoch  5000 | Loss: 9.3129e+01 | PDE: 9.3125e+01 | BC: 4.1605e-03 | L2: 9.9360e-02
  Epoch  6000 | Loss: 6.6931e+01 | PDE: 6.6927e+01 | BC: 3.9302e-03 | L2: 1.0921e-01
  Epoch  7000 | Loss: 1.3460e+02 | PDE: 1.3460e+02 | BC: 3.8792e-03 | L2: 1.1803e-01
  Epoch  8000 | Loss: 3.5061e+01 | PDE: 3.5057e+01 | BC: 3.8021e-03 | L2: 1.2130e-01
  Epoch  9000 | Loss: 6.9122e+01 | PDE: 6.9119e+01 | BC: 3.4345e-03 | L2: 1.1720e-01
  Training time: 12.7s (1.27 ms/epoch)
  Best L2 error: 8.6639e-02
[abl] case5 strat=S2_two scale=1.5 seed=2: best_l2=8.6639e-02 params=2322 t=12.7s
[126/243] case5 S2_two x1.5 s2: ran

============================================================
Training SV-SNN (ACCELERATED)
  Analytic X_n''/Y_n'', vectorized, grid + cylinder mask
============================================================
  Parameters: 2,322
  Epoch  1000 | Loss: 7.8904e+06 | PDE: 7.8904e+06 | BC: 1.1943e-01 | L2: 1.0004e+00
  Epoch  2000 | Loss: 7.8904e+06 | PDE: 7.8904e+06 | BC: 1.1944e-01 | L2: 1.0004e+00
  Epoch  3000 | Loss: 7.8904e+06 | PDE: 7.8904e+06 | BC: 1.1940e-01 | L2: 1.0003e+00
  Epoch  4000 | Loss: 7.8904e+06 | PDE: 7.8904e+06 | BC: 1.1944e-01 | L2: 1.0004e+00
  Epoch  5000 | Loss: 7.8904e+06 | PDE: 7.8904e+06 | BC: 1.1945e-01 | L2: 1.0004e+00
  Epoch  6000 | Loss: 7.8904e+06 | PDE: 7.8904e+06 | BC: 1.1942e-01 | L2: 1.0004e+00
  Epoch  7000 | Loss: 7.8904e+06 | PDE: 7.8904e+06 | BC: 1.1945e-01 | L2: 1.0004e+00
  Epoch  8000 | Loss: 7.8904e+06 | PDE: 7.8904e+06 | BC: 1.1943e-01 | L2: 1.0004e+00
  Epoch  9000 | Loss: 7.8904e+06 | PDE: 7.8904e+06 | BC: 1.1942e-01 | L2: 1.0004e+00
  Training time: 15.2s (1.52 ms/epoch)
  Best L2 error: 1.0003e+00
[abl] case5 strat=S1_single scale=0.6 seed=0: best_l2=1.0003e+00 params=2322 t=15.2s
[127/243] case5 S1_single x0.6 s0: ran

============================================================
Training SV-SNN (ACCELERATED)
  Analytic X_n''/Y_n'', vectorized, grid + cylinder mask
============================================================
  Parameters: 2,322
  Epoch  1000 | Loss: 7.8904e+06 | PDE: 7.8904e+06 | BC: 1.1943e-01 | L2: 1.0004e+00
  Epoch  2000 | Loss: 7.8904e+06 | PDE: 7.8904e+06 | BC: 1.1943e-01 | L2: 1.0004e+00
  Epoch  3000 | Loss: 7.8904e+06 | PDE: 7.8904e+06 | BC: 1.1942e-01 | L2: 1.0004e+00
  Epoch  4000 | Loss: 7.8904e+06 | PDE: 7.8904e+06 | BC: 1.1939e-01 | L2: 1.0003e+00
  Epoch  5000 | Loss: 7.8904e+06 | PDE: 7.8904e+06 | BC: 1.1942e-01 | L2: 1.0004e+00
  Epoch  6000 | Loss: 7.8904e+06 | PDE: 7.8904e+06 | BC: 1.1942e-01 | L2: 1.0004e+00
  Epoch  7000 | Loss: 7.8904e+06 | PDE: 7.8904e+06 | BC: 1.1944e-01 | L2: 1.0004e+00
  Epoch  8000 | Loss: 7.8904e+06 | PDE: 7.8904e+06 | BC: 1.1941e-01 | L2: 1.0004e+00
  Epoch  9000 | Loss: 7.8904e+06 | PDE: 7.8904e+06 | BC: 1.1944e-01 | L2: 1.0004e+00
  Training time: 14.9s (1.49 ms/epoch)
  Best L2 error: 1.0003e+00
[abl] case5 strat=S1_single scale=0.6 seed=1: best_l2=1.0003e+00 params=2322 t=14.9s
[128/243] case5 S1_single x0.6 s1: ran

============================================================
Training SV-SNN (ACCELERATED)
  Analytic X_n''/Y_n'', vectorized, grid + cylinder mask
============================================================
  Parameters: 2,322
  Epoch  1000 | Loss: 7.8904e+06 | PDE: 7.8904e+06 | BC: 1.1943e-01 | L2: 1.0004e+00
  Epoch  2000 | Loss: 7.8904e+06 | PDE: 7.8904e+06 | BC: 1.1943e-01 | L2: 1.0004e+00
  Epoch  3000 | Loss: 7.8904e+06 | PDE: 7.8904e+06 | BC: 1.1943e-01 | L2: 1.0004e+00
  Epoch  4000 | Loss: 7.8904e+06 | PDE: 7.8904e+06 | BC: 1.1943e-01 | L2: 1.0004e+00
  Epoch  5000 | Loss: 7.8904e+06 | PDE: 7.8904e+06 | BC: 1.1945e-01 | L2: 1.0004e+00
  Epoch  6000 | Loss: 7.8904e+06 | PDE: 7.8904e+06 | BC: 1.1943e-01 | L2: 1.0004e+00
  Epoch  7000 | Loss: 7.8904e+06 | PDE: 7.8904e+06 | BC: 1.1943e-01 | L2: 1.0004e+00
  Epoch  8000 | Loss: 7.8904e+06 | PDE: 7.8904e+06 | BC: 1.1944e-01 | L2: 1.0004e+00
  Epoch  9000 | Loss: 7.8904e+06 | PDE: 7.8904e+06 | BC: 1.1941e-01 | L2: 1.0003e+00
  Training time: 14.7s (1.47 ms/epoch)
  Best L2 error: 1.0003e+00
[abl] case5 strat=S1_single scale=0.6 seed=2: best_l2=1.0003e+00 params=2322 t=14.7s
[129/243] case5 S1_single x0.6 s2: ran

============================================================
Training SV-SNN (ACCELERATED)
  Analytic X_n''/Y_n'', vectorized, grid + cylinder mask
============================================================
  Parameters: 2,322
  Epoch  1000 | Loss: 7.8952e+06 | PDE: 7.8952e+06 | BC: 1.2240e-01 | L2: 1.0000e+00
  Epoch  2000 | Loss: 7.8952e+06 | PDE: 7.8952e+06 | BC: 1.2240e-01 | L2: 1.0000e+00
  Epoch  3000 | Loss: 7.8952e+06 | PDE: 7.8952e+06 | BC: 1.2240e-01 | L2: 1.0000e+00
  Epoch  4000 | Loss: 7.8952e+06 | PDE: 7.8952e+06 | BC: 1.2240e-01 | L2: 1.0000e+00
  Epoch  5000 | Loss: 7.8952e+06 | PDE: 7.8952e+06 | BC: 1.2240e-01 | L2: 1.0000e+00
  Epoch  6000 | Loss: 7.8952e+06 | PDE: 7.8952e+06 | BC: 1.2240e-01 | L2: 1.0000e+00
  Epoch  7000 | Loss: 7.8952e+06 | PDE: 7.8952e+06 | BC: 1.2240e-01 | L2: 1.0000e+00
  Epoch  8000 | Loss: 7.8957e+06 | PDE: 7.8957e+06 | BC: 1.2240e-01 | L2: 1.0000e+00
  Epoch  9000 | Loss: 7.8952e+06 | PDE: 7.8952e+06 | BC: 1.2240e-01 | L2: 1.0000e+00
  Training time: 15.2s (1.52 ms/epoch)
  Best L2 error: 1.0000e+00
[abl] case5 strat=S1_single scale=1.5 seed=0: best_l2=1.0000e+00 params=2322 t=15.2s
[133/243] case5 S1_single x1.5 s0: ran

============================================================
Training SV-SNN (ACCELERATED)
  Analytic X_n''/Y_n'', vectorized, grid + cylinder mask
============================================================
  Parameters: 2,322
  Epoch  1000 | Loss: 7.8952e+06 | PDE: 7.8952e+06 | BC: 1.2240e-01 | L2: 1.0000e+00
  Epoch  2000 | Loss: 7.8952e+06 | PDE: 7.8952e+06 | BC: 1.2240e-01 | L2: 1.0000e+00
  Epoch  3000 | Loss: 7.8952e+06 | PDE: 7.8952e+06 | BC: 1.2240e-01 | L2: 1.0000e+00
  Epoch  4000 | Loss: 7.8952e+06 | PDE: 7.8952e+06 | BC: 1.2240e-01 | L2: 1.0000e+00
  Epoch  5000 | Loss: 7.8952e+06 | PDE: 7.8952e+06 | BC: 1.2240e-01 | L2: 1.0000e+00
  Epoch  6000 | Loss: 7.8952e+06 | PDE: 7.8952e+06 | BC: 1.2240e-01 | L2: 1.0000e+00
  Epoch  7000 | Loss: 7.8952e+06 | PDE: 7.8952e+06 | BC: 1.2240e-01 | L2: 1.0000e+00
  Epoch  8000 | Loss: 7.8952e+06 | PDE: 7.8952e+06 | BC: 1.2240e-01 | L2: 1.0000e+00
  Epoch  9000 | Loss: 7.8952e+06 | PDE: 7.8952e+06 | BC: 1.2240e-01 | L2: 1.0000e+00
  Training time: 14.6s (1.46 ms/epoch)
  Best L2 error: 1.0000e+00
[abl] case5 strat=S1_single scale=1.5 seed=1: best_l2=1.0000e+00 params=2322 t=14.6s
[134/243] case5 S1_single x1.5 s1: ran

============================================================
Training SV-SNN (ACCELERATED)
  Analytic X_n''/Y_n'', vectorized, grid + cylinder mask
============================================================
  Parameters: 2,322
  Epoch  1000 | Loss: 7.8952e+06 | PDE: 7.8952e+06 | BC: 1.2240e-01 | L2: 1.0000e+00
  Epoch  2000 | Loss: 7.8952e+06 | PDE: 7.8952e+06 | BC: 1.2240e-01 | L2: 1.0000e+00
  Epoch  3000 | Loss: 7.8952e+06 | PDE: 7.8952e+06 | BC: 1.2240e-01 | L2: 1.0000e+00
  Epoch  4000 | Loss: 7.8952e+06 | PDE: 7.8952e+06 | BC: 1.2240e-01 | L2: 1.0000e+00
  Epoch  5000 | Loss: 7.8952e+06 | PDE: 7.8952e+06 | BC: 1.2240e-01 | L2: 1.0000e+00
  Epoch  6000 | Loss: 7.8952e+06 | PDE: 7.8952e+06 | BC: 1.2240e-01 | L2: 1.0000e+00
  Epoch  7000 | Loss: 7.8952e+06 | PDE: 7.8952e+06 | BC: 1.2240e-01 | L2: 1.0000e+00
  Epoch  8000 | Loss: 7.8952e+06 | PDE: 7.8952e+06 | BC: 1.2240e-01 | L2: 1.0000e+00
  Epoch  9000 | Loss: 7.8952e+06 | PDE: 7.8952e+06 | BC: 1.2240e-01 | L2: 1.0000e+00
  Training time: 15.0s (1.50 ms/epoch)
  Best L2 error: 1.0000e+00
[abl] case5 strat=S1_single scale=1.5 seed=2: best_l2=1.0000e+00 params=2322 t=15.0s
[135/243] case5 S1_single x1.5 s2: ran

============================================================
Training SV-SNN (Accelerated)
============================================================
  Parameters: 3,096
  Epoch  1000 | Loss: 1.2648e+08 | PDE: 1.2648e+08 | BC: 1.3684e+00 | L2: 1.0187e+00
  Epoch  2000 | Loss: 1.2636e+08 | PDE: 1.2636e+08 | BC: 5.7919e+00 | L2: 1.0929e+00
  Epoch  3000 | Loss: 1.2626e+08 | PDE: 1.2626e+08 | BC: 1.3539e+01 | L2: 1.2884e+00
  Epoch  4000 | Loss: 1.2618e+08 | PDE: 1.2618e+08 | BC: 2.4146e+01 | L2: 1.5242e+00
  Epoch  5000 | Loss: 1.2614e+08 | PDE: 1.2614e+08 | BC: 3.4677e+01 | L2: 1.7045e+00
  Epoch  6000 | Loss: 1.2610e+08 | PDE: 1.2610e+08 | BC: 3.9674e+01 | L2: 1.7999e+00
  Epoch  7000 | Loss: 1.2605e+08 | PDE: 1.2605e+08 | BC: 4.2009e+01 | L2: 1.8420e+00
  Epoch  8000 | Loss: 1.2599e+08 | PDE: 1.2599e+08 | BC: 5.0772e+01 | L2: 2.1420e+00
  Epoch  9000 | Loss: 1.2592e+08 | PDE: 1.2592e+08 | BC: 7.7244e+01 | L2: 3.2744e+00
  Training time: 16.2s (1.62 ms/epoch)
  Best L2 error: 1.0004e+00
  Final L2 error: 5.2803e+00
[abl] case6 strat=S2_two scale=0.6 seed=0: best_l2=1.0004e+00 params=3096 t=16.2s
[145/243] case6 S2_two x0.6 s0: ran

============================================================
Training SV-SNN (Accelerated)
============================================================
  Parameters: 3,096
  Epoch  1000 | Loss: 1.2638e+08 | PDE: 1.2638e+08 | BC: 4.1521e+00 | L2: 1.0581e+00
  Epoch  2000 | Loss: 1.2620e+08 | PDE: 1.2620e+08 | BC: 1.4549e+01 | L2: 1.2975e+00
  Epoch  3000 | Loss: 1.2608e+08 | PDE: 1.2608e+08 | BC: 3.8341e+01 | L2: 2.5913e+00
  Epoch  4000 | Loss: 1.2601e+08 | PDE: 1.2601e+08 | BC: 7.6509e+01 | L2: 4.1477e+00
  Epoch  5000 | Loss: 1.2595e+08 | PDE: 1.2595e+08 | BC: 1.0653e+02 | L2: 4.8520e+00
  Epoch  6000 | Loss: 1.2589e+08 | PDE: 1.2589e+08 | BC: 1.6925e+02 | L2: 6.3109e+00
  Epoch  7000 | Loss: 1.2586e+08 | PDE: 1.2586e+08 | BC: 2.4431e+02 | L2: 8.0919e+00
  Epoch  8000 | Loss: 1.2583e+08 | PDE: 1.2583e+08 | BC: 2.9520e+02 | L2: 9.4467e+00
  Epoch  9000 | Loss: 1.2581e+08 | PDE: 1.2581e+08 | BC: 3.2616e+02 | L2: 1.0233e+01
  Training time: 16.3s (1.63 ms/epoch)
  Best L2 error: 1.0002e+00
  Final L2 error: 1.0758e+01
[abl] case6 strat=S2_two scale=0.6 seed=1: best_l2=1.0002e+00 params=3096 t=16.3s
[146/243] case6 S2_two x0.6 s1: ran

============================================================
Training SV-SNN (Accelerated)
============================================================
  Parameters: 3,096
  Epoch  1000 | Loss: 1.2664e+08 | PDE: 1.2664e+08 | BC: 2.0683e-01 | L2: 1.0062e+00
  Epoch  2000 | Loss: 1.2643e+08 | PDE: 1.2643e+08 | BC: 2.0521e+00 | L2: 1.0454e+00
  Epoch  3000 | Loss: 1.2636e+08 | PDE: 1.2636e+08 | BC: 4.6265e+00 | L2: 1.0981e+00
  Epoch  4000 | Loss: 1.2632e+08 | PDE: 1.2632e+08 | BC: 7.7263e+00 | L2: 1.1894e+00
  Epoch  5000 | Loss: 1.2628e+08 | PDE: 1.2628e+08 | BC: 1.1106e+01 | L2: 1.2668e+00
  Epoch  6000 | Loss: 1.2621e+08 | PDE: 1.2621e+08 | BC: 1.5509e+01 | L2: 1.3907e+00
  Epoch  7000 | Loss: 1.2614e+08 | PDE: 1.2614e+08 | BC: 2.6937e+01 | L2: 1.6441e+00
  Epoch  8000 | Loss: 1.2610e+08 | PDE: 1.2610e+08 | BC: 3.9380e+01 | L2: 1.8686e+00
  Epoch  9000 | Loss: 1.2608e+08 | PDE: 1.2608e+08 | BC: 4.6398e+01 | L2: 1.9632e+00
  Training time: 16.1s (1.61 ms/epoch)
  Best L2 error: 1.0002e+00
  Final L2 error: 2.0147e+00
[abl] case6 strat=S2_two scale=0.6 seed=2: best_l2=1.0002e+00 params=3096 t=16.1s
[147/243] case6 S2_two x0.6 s2: ran

============================================================
Training SV-SNN (Accelerated)
============================================================
  Parameters: 3,096
  Epoch  1000 | Loss: 5.1775e+06 | PDE: 5.1775e+06 | BC: 4.4454e+00 | L2: 4.3948e-01
  Epoch  2000 | Loss: 3.3359e+06 | PDE: 3.3359e+06 | BC: 5.8965e+00 | L2: 5.3481e-01
  Epoch  3000 | Loss: 2.4157e+06 | PDE: 2.4157e+06 | BC: 5.6270e+00 | L2: 5.9741e-01
  Epoch  4000 | Loss: 1.4451e+06 | PDE: 1.4451e+06 | BC: 3.1189e+00 | L2: 4.7271e-01
  Epoch  5000 | Loss: 1.1293e+06 | PDE: 1.1293e+06 | BC: 2.5368e+00 | L2: 4.7124e-01
  Epoch  6000 | Loss: 8.5140e+05 | PDE: 8.5140e+05 | BC: 1.5687e+00 | L2: 3.9803e-01
  Epoch  7000 | Loss: 6.0161e+05 | PDE: 6.0161e+05 | BC: 7.0463e-01 | L2: 2.6668e-01
  Epoch  8000 | Loss: 5.4028e+05 | PDE: 5.4028e+05 | BC: 4.3067e-01 | L2: 1.8398e-01
  Epoch  9000 | Loss: 4.8211e+05 | PDE: 4.8211e+05 | BC: 3.6773e-01 | L2: 1.4666e-01
  Training time: 15.9s (1.59 ms/epoch)
  Best L2 error: 1.3486e-01
  Final L2 error: 1.3486e-01
[abl] case6 strat=S2_two scale=1.5 seed=0: best_l2=1.3486e-01 params=3096 t=15.9s
[151/243] case6 S2_two x1.5 s0: ran

============================================================
Training SV-SNN (Accelerated)
============================================================
  Parameters: 3,096
  Epoch  1000 | Loss: 9.1104e+06 | PDE: 9.1104e+06 | BC: 4.7165e+00 | L2: 4.7796e-01
  Epoch  2000 | Loss: 6.1753e+06 | PDE: 6.1753e+06 | BC: 7.7298e+00 | L2: 5.4495e-01
  Epoch  3000 | Loss: 4.9880e+06 | PDE: 4.9880e+06 | BC: 9.6473e+00 | L2: 6.1993e-01
  Epoch  4000 | Loss: 3.1528e+06 | PDE: 3.1528e+06 | BC: 9.2152e+00 | L2: 6.9873e-01
  Epoch  5000 | Loss: 2.0803e+06 | PDE: 2.0803e+06 | BC: 5.7585e+00 | L2: 5.1289e-01
  Epoch  6000 | Loss: 1.6961e+06 | PDE: 1.6961e+06 | BC: 3.9818e+00 | L2: 3.6091e-01
  Epoch  7000 | Loss: 1.5492e+06 | PDE: 1.5492e+06 | BC: 3.4930e+00 | L2: 3.1269e-01
  Epoch  8000 | Loss: 1.4775e+06 | PDE: 1.4775e+06 | BC: 3.3523e+00 | L2: 3.0460e-01
  Epoch  9000 | Loss: 1.4480e+06 | PDE: 1.4480e+06 | BC: 3.3250e+00 | L2: 3.0712e-01
  Training time: 16.9s (1.69 ms/epoch)
  Best L2 error: 3.0453e-01
  Final L2 error: 3.1015e-01
[abl] case6 strat=S2_two scale=1.5 seed=1: best_l2=3.0453e-01 params=3096 t=16.9s
[152/243] case6 S2_two x1.5 s1: ran

============================================================
Training SV-SNN (Accelerated)
============================================================
  Parameters: 3,096
  Epoch  1000 | Loss: 4.2152e+06 | PDE: 4.2152e+06 | BC: 4.0610e+00 | L2: 3.9527e-01
  Epoch  2000 | Loss: 3.0119e+06 | PDE: 3.0119e+06 | BC: 5.2856e+00 | L2: 4.7214e-01
  Epoch  3000 | Loss: 2.3770e+06 | PDE: 2.3770e+06 | BC: 6.2363e+00 | L2: 5.8898e-01
  Epoch  4000 | Loss: 1.7114e+06 | PDE: 1.7114e+06 | BC: 8.0394e+00 | L2: 8.4386e-01
  Epoch  5000 | Loss: 1.2139e+06 | PDE: 1.2139e+06 | BC: 7.4098e+00 | L2: 8.8838e-01
  Epoch  6000 | Loss: 9.5129e+05 | PDE: 9.5128e+05 | BC: 5.2906e+00 | L2: 7.6555e-01
  Epoch  7000 | Loss: 7.4140e+05 | PDE: 7.4140e+05 | BC: 2.8504e+00 | L2: 5.4905e-01
  Epoch  8000 | Loss: 6.0589e+05 | PDE: 6.0589e+05 | BC: 1.3873e+00 | L2: 3.6763e-01
  Epoch  9000 | Loss: 4.9708e+05 | PDE: 4.9708e+05 | BC: 7.4312e-01 | L2: 2.8588e-01
  Training time: 16.4s (1.64 ms/epoch)
  Best L2 error: 2.8588e-01
  Final L2 error: 6.2914e-01
[abl] case6 strat=S2_two scale=1.5 seed=2: best_l2=2.8588e-01 params=3096 t=16.4s
[153/243] case6 S2_two x1.5 s2: ran

============================================================
Training SV-SNN (Accelerated)
============================================================
  Parameters: 3,096
  Epoch  1000 | Loss: 1.2670e+08 | PDE: 1.2670e+08 | BC: 2.7613e-05 | L2: 1.0000e+00
  Epoch  2000 | Loss: 1.2670e+08 | PDE: 1.2670e+08 | BC: 2.8009e-05 | L2: 1.0000e+00
  Epoch  3000 | Loss: 1.2670e+08 | PDE: 1.2670e+08 | BC: 2.7945e-05 | L2: 1.0000e+00
  Epoch  4000 | Loss: 1.2670e+08 | PDE: 1.2670e+08 | BC: 2.7269e-05 | L2: 1.0000e+00
  Epoch  5000 | Loss: 1.2670e+08 | PDE: 1.2670e+08 | BC: 2.8670e-05 | L2: 1.0000e+00
  Epoch  6000 | Loss: 1.2670e+08 | PDE: 1.2670e+08 | BC: 2.6860e-05 | L2: 1.0000e+00
  Epoch  7000 | Loss: 1.2670e+08 | PDE: 1.2670e+08 | BC: 2.4038e-05 | L2: 1.0000e+00
  Epoch  8000 | Loss: 1.2670e+08 | PDE: 1.2670e+08 | BC: 2.8366e-05 | L2: 1.0000e+00
  Epoch  9000 | Loss: 1.2670e+08 | PDE: 1.2670e+08 | BC: 3.1162e-05 | L2: 1.0000e+00
  Training time: 19.3s (1.94 ms/epoch)
  Best L2 error: 1.0000e+00
  Final L2 error: 1.0000e+00
[abl] case6 strat=S1_single scale=0.6 seed=0: best_l2=1.0000e+00 params=3096 t=19.3s
[154/243] case6 S1_single x0.6 s0: ran

============================================================
Training SV-SNN (Accelerated)
============================================================
  Parameters: 3,096
  Epoch  1000 | Loss: 1.2670e+08 | PDE: 1.2670e+08 | BC: 2.7555e-05 | L2: 1.0000e+00
  Epoch  2000 | Loss: 1.2670e+08 | PDE: 1.2670e+08 | BC: 2.7492e-05 | L2: 1.0000e+00
  Epoch  3000 | Loss: 1.2670e+08 | PDE: 1.2670e+08 | BC: 2.7414e-05 | L2: 1.0000e+00
  Epoch  4000 | Loss: 1.2670e+08 | PDE: 1.2670e+08 | BC: 2.7310e-05 | L2: 1.0000e+00
  Epoch  5000 | Loss: 1.2670e+08 | PDE: 1.2670e+08 | BC: 3.0093e-05 | L2: 1.0000e+00
  Epoch  6000 | Loss: 1.2670e+08 | PDE: 1.2670e+08 | BC: 2.4165e-05 | L2: 1.0000e+00
  Epoch  7000 | Loss: 1.2670e+08 | PDE: 1.2670e+08 | BC: 3.0114e-05 | L2: 1.0000e+00
  Epoch  8000 | Loss: 1.2670e+08 | PDE: 1.2670e+08 | BC: 2.8754e-05 | L2: 1.0000e+00
  Epoch  9000 | Loss: 1.2670e+08 | PDE: 1.2670e+08 | BC: 2.8642e-05 | L2: 1.0000e+00
  Training time: 19.3s (1.93 ms/epoch)
  Best L2 error: 1.0000e+00
  Final L2 error: 1.0000e+00
[abl] case6 strat=S1_single scale=0.6 seed=1: best_l2=1.0000e+00 params=3096 t=19.3s
[155/243] case6 S1_single x0.6 s1: ran

============================================================
Training SV-SNN (Accelerated)
============================================================
  Parameters: 3,096
  Epoch  1000 | Loss: 1.2670e+08 | PDE: 1.2670e+08 | BC: 2.7498e-05 | L2: 1.0000e+00
  Epoch  2000 | Loss: 1.2670e+08 | PDE: 1.2670e+08 | BC: 2.7937e-05 | L2: 1.0000e+00
  Epoch  3000 | Loss: 1.2670e+08 | PDE: 1.2670e+08 | BC: 2.6195e-05 | L2: 1.0000e+00
  Epoch  4000 | Loss: 1.2670e+08 | PDE: 1.2670e+08 | BC: 2.9248e-05 | L2: 1.0000e+00
  Epoch  5000 | Loss: 1.2670e+08 | PDE: 1.2670e+08 | BC: 2.6693e-05 | L2: 1.0000e+00
  Epoch  6000 | Loss: 1.2670e+08 | PDE: 1.2670e+08 | BC: 2.6618e-05 | L2: 1.0000e+00
  Epoch  7000 | Loss: 1.2670e+08 | PDE: 1.2670e+08 | BC: 2.9402e-05 | L2: 1.0000e+00
  Epoch  8000 | Loss: 1.2670e+08 | PDE: 1.2670e+08 | BC: 2.7834e-05 | L2: 1.0000e+00
  Epoch  9000 | Loss: 1.2670e+08 | PDE: 1.2670e+08 | BC: 2.8471e-05 | L2: 1.0000e+00
  Training time: 19.0s (1.90 ms/epoch)
  Best L2 error: 1.0000e+00
  Final L2 error: 1.0000e+00
[abl] case6 strat=S1_single scale=0.6 seed=2: best_l2=1.0000e+00 params=3096 t=19.0s
[156/243] case6 S1_single x0.6 s2: ran

============================================================
Training SV-SNN (Accelerated)
============================================================
  Parameters: 3,096
  Epoch  1000 | Loss: 1.2670e+08 | PDE: 1.2670e+08 | BC: 1.7850e-09 | L2: 1.0000e+00
  Epoch  2000 | Loss: 1.2670e+08 | PDE: 1.2670e+08 | BC: 2.2524e-10 | L2: 1.0000e+00
  Epoch  3000 | Loss: 1.2670e+08 | PDE: 1.2670e+08 | BC: 1.0164e-09 | L2: 1.0000e+00
  Epoch  4000 | Loss: 1.2670e+08 | PDE: 1.2670e+08 | BC: 1.1971e-09 | L2: 1.0000e+00
  Epoch  5000 | Loss: 1.2670e+08 | PDE: 1.2670e+08 | BC: 6.1243e-10 | L2: 1.0000e+00
  Epoch  6000 | Loss: 1.2670e+08 | PDE: 1.2670e+08 | BC: 5.6726e-09 | L2: 1.0000e+00
  Epoch  7000 | Loss: 1.2670e+08 | PDE: 1.2670e+08 | BC: 7.1060e-08 | L2: 1.0000e+00
  Epoch  8000 | Loss: 1.2670e+08 | PDE: 1.2670e+08 | BC: 1.5779e-09 | L2: 1.0000e+00
  Epoch  9000 | Loss: 1.2670e+08 | PDE: 1.2670e+08 | BC: 1.9418e-07 | L2: 1.0000e+00
  Training time: 19.5s (1.95 ms/epoch)
  Best L2 error: 1.0000e+00
  Final L2 error: 1.0000e+00
[abl] case6 strat=S1_single scale=1.5 seed=0: best_l2=1.0000e+00 params=3096 t=19.5s
[160/243] case6 S1_single x1.5 s0: ran

============================================================
Training SV-SNN (Accelerated)
============================================================
  Parameters: 3,096
  Epoch  1000 | Loss: 1.2670e+08 | PDE: 1.2670e+08 | BC: 5.0856e-11 | L2: 1.0000e+00
  Epoch  2000 | Loss: 1.2670e+08 | PDE: 1.2670e+08 | BC: 5.8081e-11 | L2: 1.0000e+00
  Epoch  3000 | Loss: 1.2670e+08 | PDE: 1.2670e+08 | BC: 1.2734e-11 | L2: 1.0000e+00
  Epoch  4000 | Loss: 1.2670e+08 | PDE: 1.2670e+08 | BC: 2.3230e-11 | L2: 1.0000e+00
  Epoch  5000 | Loss: 1.2670e+08 | PDE: 1.2670e+08 | BC: 1.1519e-10 | L2: 1.0000e+00
  Epoch  6000 | Loss: 1.2670e+08 | PDE: 1.2670e+08 | BC: 4.8076e-10 | L2: 1.0000e+00
  Epoch  7000 | Loss: 1.2670e+08 | PDE: 1.2670e+08 | BC: 4.2344e-10 | L2: 1.0000e+00
  Epoch  8000 | Loss: 1.2670e+08 | PDE: 1.2670e+08 | BC: 2.4837e-10 | L2: 1.0000e+00
  Epoch  9000 | Loss: 1.2670e+08 | PDE: 1.2670e+08 | BC: 4.8357e-10 | L2: 1.0000e+00
  Training time: 18.6s (1.86 ms/epoch)
  Best L2 error: 1.0000e+00
  Final L2 error: 1.0000e+00
[abl] case6 strat=S1_single scale=1.5 seed=1: best_l2=1.0000e+00 params=3096 t=18.6s
[161/243] case6 S1_single x1.5 s1: ran

============================================================
Training SV-SNN (Accelerated)
============================================================
  Parameters: 3,096
  Epoch  1000 | Loss: 1.2670e+08 | PDE: 1.2670e+08 | BC: 5.1208e-10 | L2: 1.0000e+00
  Epoch  2000 | Loss: 1.2670e+08 | PDE: 1.2670e+08 | BC: 9.5409e-10 | L2: 1.0000e+00
  Epoch  3000 | Loss: 1.2670e+08 | PDE: 1.2670e+08 | BC: 1.5635e-07 | L2: 1.0000e+00
  Epoch  4000 | Loss: 1.2670e+08 | PDE: 1.2670e+08 | BC: 1.1917e-07 | L2: 1.0000e+00
  Epoch  5000 | Loss: 1.2670e+08 | PDE: 1.2670e+08 | BC: 9.9604e-07 | L2: 1.0000e+00
  Epoch  6000 | Loss: 1.2670e+08 | PDE: 1.2670e+08 | BC: 4.1202e-07 | L2: 1.0000e+00
  Epoch  7000 | Loss: 1.2670e+08 | PDE: 1.2670e+08 | BC: 9.2266e-08 | L2: 1.0000e+00
  Epoch  8000 | Loss: 1.2670e+08 | PDE: 1.2670e+08 | BC: 2.4678e-07 | L2: 1.0000e+00
  Epoch  9000 | Loss: 1.2670e+08 | PDE: 1.2670e+08 | BC: 1.5863e-08 | L2: 1.0000e+00
  Training time: 19.7s (1.97 ms/epoch)
  Best L2 error: 1.0000e+00
  Final L2 error: 1.0000e+00
[abl] case6 strat=S1_single scale=1.5 seed=2: best_l2=1.0000e+00 params=3096 t=19.7s
[162/243] case6 S1_single x1.5 s2: ran
  PDE collocation points after hole rejection: 20000

============================================================
Training SV-SNN (ACCELERATED)
  Analytic X_n''/Y_n'', vectorized, grid + multi-hole mask
============================================================
  Parameters: 1,944
  Epoch  1000 | Loss: 2.1030e+05 | PDE: 2.1009e+05 | BC: 2.1666e+02 | L2: 1.6590e+01
  Epoch  2000 | Loss: 2.0590e+05 | PDE: 2.0545e+05 | BC: 4.5234e+02 | L2: 2.4817e+01
  Epoch  3000 | Loss: 2.0309e+05 | PDE: 2.0248e+05 | BC: 6.1646e+02 | L2: 2.9727e+01
  Epoch  4000 | Loss: 2.0177e+05 | PDE: 2.0116e+05 | BC: 6.1200e+02 | L2: 2.9305e+01
  Epoch  5000 | Loss: 2.0078e+05 | PDE: 2.0023e+05 | BC: 5.5315e+02 | L2: 2.7271e+01
  Epoch  6000 | Loss: 1.9976e+05 | PDE: 1.9927e+05 | BC: 4.9286e+02 | L2: 2.5087e+01
  Epoch  7000 | Loss: 1.9883e+05 | PDE: 1.9840e+05 | BC: 4.2951e+02 | L2: 2.2878e+01
  Epoch  8000 | Loss: 1.9792e+05 | PDE: 1.9756e+05 | BC: 3.6421e+02 | L2: 2.0622e+01
  Epoch  9000 | Loss: 1.9728e+05 | PDE: 1.9698e+05 | BC: 3.0329e+02 | L2: 1.8569e+01
  Training time: 14.7s (1.47 ms/epoch)
  Best L2 error: 1.0851e+00
[abl] case7 strat=S2_two scale=0.6 seed=0: best_l2=1.0851e+00 params=1944 t=14.7s
[172/243] case7 S2_two x0.6 s0: ran
  PDE collocation points after hole rejection: 20000

============================================================
Training SV-SNN (ACCELERATED)
  Analytic X_n''/Y_n'', vectorized, grid + multi-hole mask
============================================================
  Parameters: 1,944
  Epoch  1000 | Loss: 2.0993e+05 | PDE: 2.0972e+05 | BC: 2.1782e+02 | L2: 1.5852e+01
  Epoch  2000 | Loss: 2.0393e+05 | PDE: 2.0342e+05 | BC: 5.0856e+02 | L2: 2.6568e+01
  Epoch  3000 | Loss: 2.0168e+05 | PDE: 2.0117e+05 | BC: 5.1394e+02 | L2: 2.6963e+01
  Epoch  4000 | Loss: 1.9990e+05 | PDE: 1.9950e+05 | BC: 3.9660e+02 | L2: 2.3009e+01
  Epoch  5000 | Loss: 1.9840e+05 | PDE: 1.9813e+05 | BC: 2.7017e+02 | L2: 1.8102e+01
  Epoch  6000 | Loss: 1.9730e+05 | PDE: 1.9709e+05 | BC: 2.1610e+02 | L2: 1.5286e+01
  Epoch  7000 | Loss: 1.9641e+05 | PDE: 1.9621e+05 | BC: 2.0643e+02 | L2: 1.4474e+01
  Epoch  8000 | Loss: 1.9574e+05 | PDE: 1.9553e+05 | BC: 2.1174e+02 | L2: 1.4725e+01
  Epoch  9000 | Loss: 1.9532e+05 | PDE: 1.9511e+05 | BC: 2.1713e+02 | L2: 1.5033e+01
  Training time: 15.3s (1.53 ms/epoch)
  Best L2 error: 1.0792e+00
[abl] case7 strat=S2_two scale=0.6 seed=1: best_l2=1.0792e+00 params=1944 t=15.3s
[173/243] case7 S2_two x0.6 s1: ran
  PDE collocation points after hole rejection: 20000

============================================================
Training SV-SNN (ACCELERATED)
  Analytic X_n''/Y_n'', vectorized, grid + multi-hole mask
============================================================
  Parameters: 1,944
  Epoch  1000 | Loss: 2.1109e+05 | PDE: 2.1072e+05 | BC: 3.7085e+02 | L2: 2.2921e+01
  Epoch  2000 | Loss: 2.0691e+05 | PDE: 2.0654e+05 | BC: 3.7569e+02 | L2: 2.2662e+01
  Epoch  3000 | Loss: 2.0443e+05 | PDE: 2.0408e+05 | BC: 3.5646e+02 | L2: 2.1655e+01
  Epoch  4000 | Loss: 2.0273e+05 | PDE: 2.0239e+05 | BC: 3.3535e+02 | L2: 2.0847e+01
  Epoch  5000 | Loss: 2.0170e+05 | PDE: 2.0139e+05 | BC: 3.1388e+02 | L2: 2.0306e+01
  Epoch  6000 | Loss: 2.0083e+05 | PDE: 2.0054e+05 | BC: 2.8590e+02 | L2: 1.9430e+01
  Epoch  7000 | Loss: 2.0019e+05 | PDE: 1.9994e+05 | BC: 2.5359e+02 | L2: 1.8074e+01
  Epoch  8000 | Loss: 1.9945e+05 | PDE: 1.9923e+05 | BC: 2.2215e+02 | L2: 1.6581e+01
  Epoch  9000 | Loss: 1.9881e+05 | PDE: 1.9861e+05 | BC: 1.9952e+02 | L2: 1.5367e+01
  Training time: 15.3s (1.53 ms/epoch)
  Best L2 error: 1.1564e+00
[abl] case7 strat=S2_two scale=0.6 seed=2: best_l2=1.1564e+00 params=1944 t=15.3s
[174/243] case7 S2_two x0.6 s2: ran
  PDE collocation points after hole rejection: 20000

============================================================
Training SV-SNN (ACCELERATED)
  Analytic X_n''/Y_n'', vectorized, grid + multi-hole mask
============================================================
  Parameters: 1,944
  Epoch  1000 | Loss: 7.0282e+01 | PDE: 7.0231e+01 | BC: 5.0321e-02 | L2: 1.9112e-01
  Epoch  2000 | Loss: 1.7540e+01 | PDE: 1.7509e+01 | BC: 3.1011e-02 | L2: 1.5100e-01
  Epoch  3000 | Loss: 8.8363e+00 | PDE: 8.8134e+00 | BC: 2.2904e-02 | L2: 1.3040e-01
  Epoch  4000 | Loss: 5.7879e+00 | PDE: 5.7698e+00 | BC: 1.8118e-02 | L2: 1.1641e-01
  Epoch  5000 | Loss: 3.9130e+00 | PDE: 3.8986e+00 | BC: 1.4397e-02 | L2: 1.0373e-01
  Epoch  6000 | Loss: 2.8294e+00 | PDE: 2.8181e+00 | BC: 1.1336e-02 | L2: 9.1970e-02
  Epoch  7000 | Loss: 2.2055e+00 | PDE: 2.1968e+00 | BC: 8.7092e-03 | L2: 8.0516e-02
  Epoch  8000 | Loss: 1.4980e+00 | PDE: 1.4916e+00 | BC: 6.4102e-03 | L2: 6.9015e-02
  Epoch  9000 | Loss: 1.1763e+00 | PDE: 1.1717e+00 | BC: 4.5535e-03 | L2: 5.8187e-02
  Training time: 15.5s (1.55 ms/epoch)
  Best L2 error: 4.8558e-02
[abl] case7 strat=S2_two scale=1.5 seed=0: best_l2=4.8558e-02 params=1944 t=15.5s
[178/243] case7 S2_two x1.5 s0: ran
  PDE collocation points after hole rejection: 20000

============================================================
Training SV-SNN (ACCELERATED)
  Analytic X_n''/Y_n'', vectorized, grid + multi-hole mask
============================================================
  Parameters: 1,944
  Epoch  1000 | Loss: 8.4453e+01 | PDE: 8.4374e+01 | BC: 7.9128e-02 | L2: 2.3295e-01
  Epoch  2000 | Loss: 2.3888e+01 | PDE: 2.3837e+01 | BC: 5.1004e-02 | L2: 1.9519e-01
  Epoch  3000 | Loss: 1.2141e+01 | PDE: 1.2105e+01 | BC: 3.5856e-02 | L2: 1.6728e-01
  Epoch  4000 | Loss: 6.8446e+00 | PDE: 6.8202e+00 | BC: 2.4407e-02 | L2: 1.3899e-01
  Epoch  5000 | Loss: 4.0337e+00 | PDE: 4.0170e+00 | BC: 1.6698e-02 | L2: 1.1445e-01
  Epoch  6000 | Loss: 2.3296e+00 | PDE: 2.3172e+00 | BC: 1.2380e-02 | L2: 9.7674e-02
  Epoch  7000 | Loss: 2.6816e+00 | PDE: 2.6719e+00 | BC: 9.7396e-03 | L2: 8.6219e-02
  Epoch  8000 | Loss: 1.9839e+00 | PDE: 1.9761e+00 | BC: 7.8482e-03 | L2: 7.7138e-02
  Epoch  9000 | Loss: 1.1366e+00 | PDE: 1.1302e+00 | BC: 6.4014e-03 | L2: 6.9137e-02
  Training time: 16.1s (1.61 ms/epoch)
  Best L2 error: 6.2292e-02
[abl] case7 strat=S2_two scale=1.5 seed=1: best_l2=6.2292e-02 params=1944 t=16.1s
[179/243] case7 S2_two x1.5 s1: ran
  PDE collocation points after hole rejection: 20000

============================================================
Training SV-SNN (ACCELERATED)
  Analytic X_n''/Y_n'', vectorized, grid + multi-hole mask
============================================================
  Parameters: 1,944
  Epoch  1000 | Loss: 7.1035e+01 | PDE: 7.0988e+01 | BC: 4.6497e-02 | L2: 1.8202e-01
  Epoch  2000 | Loss: 2.0978e+01 | PDE: 2.0948e+01 | BC: 2.9262e-02 | L2: 1.4753e-01
  Epoch  3000 | Loss: 1.0190e+01 | PDE: 1.0169e+01 | BC: 2.0756e-02 | L2: 1.2587e-01
  Epoch  4000 | Loss: 5.6655e+00 | PDE: 5.6499e+00 | BC: 1.5550e-02 | L2: 1.0930e-01
  Epoch  5000 | Loss: 3.6037e+00 | PDE: 3.5914e+00 | BC: 1.2281e-02 | L2: 9.6968e-02
  Epoch  6000 | Loss: 2.2586e+00 | PDE: 2.2486e+00 | BC: 9.9881e-03 | L2: 8.7161e-02
  Epoch  7000 | Loss: 2.7901e+00 | PDE: 2.7819e+00 | BC: 8.1076e-03 | L2: 7.8202e-02
  Epoch  8000 | Loss: 1.6166e+00 | PDE: 1.6101e+00 | BC: 6.4933e-03 | L2: 6.9701e-02
  Epoch  9000 | Loss: 9.3495e-01 | PDE: 9.2981e-01 | BC: 5.1466e-03 | L2: 6.1713e-02
  Training time: 15.1s (1.51 ms/epoch)
  Best L2 error: 5.4406e-02
[abl] case7 strat=S2_two scale=1.5 seed=2: best_l2=5.4406e-02 params=1944 t=15.1s
[180/243] case7 S2_two x1.5 s2: ran
  PDE collocation points after hole rejection: 20000

============================================================
Training SV-SNN (ACCELERATED)
  Analytic X_n''/Y_n'', vectorized, grid + multi-hole mask
============================================================
  Parameters: 1,944
  Epoch  1000 | Loss: 2.2917e+05 | PDE: 2.2917e+05 | BC: 1.4630e-01 | L2: 1.0007e+00
  Epoch  2000 | Loss: 2.2917e+05 | PDE: 2.2917e+05 | BC: 1.4622e-01 | L2: 1.0007e+00
  Epoch  3000 | Loss: 2.2917e+05 | PDE: 2.2917e+05 | BC: 1.4612e-01 | L2: 1.0007e+00
  Epoch  4000 | Loss: 2.2917e+05 | PDE: 2.2917e+05 | BC: 1.4593e-01 | L2: 1.0007e+00
  Epoch  5000 | Loss: 2.2917e+05 | PDE: 2.2917e+05 | BC: 1.4565e-01 | L2: 1.0007e+00
  Epoch  6000 | Loss: 2.2917e+05 | PDE: 2.2917e+05 | BC: 1.4542e-01 | L2: 1.0007e+00
  Epoch  7000 | Loss: 2.2917e+05 | PDE: 2.2917e+05 | BC: 1.4522e-01 | L2: 1.0007e+00
  Epoch  8000 | Loss: 2.2917e+05 | PDE: 2.2917e+05 | BC: 1.4494e-01 | L2: 1.0008e+00
  Epoch  9000 | Loss: 2.2917e+05 | PDE: 2.2917e+05 | BC: 1.4452e-01 | L2: 1.0009e+00
  Training time: 17.4s (1.74 ms/epoch)
  Best L2 error: 1.0001e+00
[abl] case7 strat=S1_single scale=0.6 seed=0: best_l2=1.0001e+00 params=1944 t=17.4s
[181/243] case7 S1_single x0.6 s0: ran
  PDE collocation points after hole rejection: 20000

============================================================
Training SV-SNN (ACCELERATED)
  Analytic X_n''/Y_n'', vectorized, grid + multi-hole mask
============================================================
  Parameters: 1,944
  Epoch  1000 | Loss: 2.2917e+05 | PDE: 2.2917e+05 | BC: 1.4626e-01 | L2: 1.0007e+00
  Epoch  2000 | Loss: 2.2917e+05 | PDE: 2.2917e+05 | BC: 1.4616e-01 | L2: 1.0007e+00
  Epoch  3000 | Loss: 2.2917e+05 | PDE: 2.2917e+05 | BC: 1.4600e-01 | L2: 1.0007e+00
  Epoch  4000 | Loss: 2.2917e+05 | PDE: 2.2917e+05 | BC: 1.4576e-01 | L2: 1.0007e+00
  Epoch  5000 | Loss: 2.2917e+05 | PDE: 2.2917e+05 | BC: 1.4545e-01 | L2: 1.0007e+00
  Epoch  6000 | Loss: 2.2917e+05 | PDE: 2.2917e+05 | BC: 1.4474e-01 | L2: 1.0008e+00
  Epoch  7000 | Loss: 2.2917e+05 | PDE: 2.2917e+05 | BC: 1.4261e-01 | L2: 1.0025e+00
  Epoch  8000 | Loss: 2.2917e+05 | PDE: 2.2917e+05 | BC: 1.4140e-01 | L2: 1.0063e+00
  Epoch  9000 | Loss: 2.2917e+05 | PDE: 2.2917e+05 | BC: 1.4123e-01 | L2: 1.0077e+00
  Training time: 16.7s (1.67 ms/epoch)
  Best L2 error: 1.0002e+00
[abl] case7 strat=S1_single scale=0.6 seed=1: best_l2=1.0002e+00 params=1944 t=16.7s
[182/243] case7 S1_single x0.6 s1: ran
  PDE collocation points after hole rejection: 20000

============================================================
Training SV-SNN (ACCELERATED)
  Analytic X_n''/Y_n'', vectorized, grid + multi-hole mask
============================================================
  Parameters: 1,944
  Epoch  1000 | Loss: 2.2917e+05 | PDE: 2.2917e+05 | BC: 1.4631e-01 | L2: 1.0007e+00
  Epoch  2000 | Loss: 2.2917e+05 | PDE: 2.2917e+05 | BC: 1.4625e-01 | L2: 1.0007e+00
  Epoch  3000 | Loss: 2.2917e+05 | PDE: 2.2917e+05 | BC: 1.4614e-01 | L2: 1.0007e+00
  Epoch  4000 | Loss: 2.2917e+05 | PDE: 2.2917e+05 | BC: 1.4599e-01 | L2: 1.0007e+00
  Epoch  5000 | Loss: 2.2917e+05 | PDE: 2.2917e+05 | BC: 1.4579e-01 | L2: 1.0007e+00
  Epoch  6000 | Loss: 2.2917e+05 | PDE: 2.2917e+05 | BC: 1.4556e-01 | L2: 1.0007e+00
  Epoch  7000 | Loss: 2.2917e+05 | PDE: 2.2917e+05 | BC: 1.4528e-01 | L2: 1.0007e+00
  Epoch  8000 | Loss: 2.2917e+05 | PDE: 2.2917e+05 | BC: 1.4489e-01 | L2: 1.0008e+00
  Epoch  9000 | Loss: 2.2917e+05 | PDE: 2.2917e+05 | BC: 1.4433e-01 | L2: 1.0009e+00
  Training time: 17.4s (1.74 ms/epoch)
  Best L2 error: 1.0003e+00
[abl] case7 strat=S1_single scale=0.6 seed=2: best_l2=1.0003e+00 params=1944 t=17.4s
[183/243] case7 S1_single x0.6 s2: ran
  PDE collocation points after hole rejection: 20000

============================================================
Training SV-SNN (ACCELERATED)
  Analytic X_n''/Y_n'', vectorized, grid + multi-hole mask
============================================================
  Parameters: 1,944
  Epoch  1000 | Loss: 2.2914e+05 | PDE: 2.2914e+05 | BC: 1.4953e-01 | L2: 9.9989e-01
  Epoch  2000 | Loss: 2.2914e+05 | PDE: 2.2914e+05 | BC: 1.4953e-01 | L2: 9.9989e-01
  Epoch  3000 | Loss: 2.2914e+05 | PDE: 2.2914e+05 | BC: 1.4953e-01 | L2: 9.9989e-01
  Epoch  4000 | Loss: 2.2914e+05 | PDE: 2.2914e+05 | BC: 1.4953e-01 | L2: 9.9989e-01
  Epoch  5000 | Loss: 2.2914e+05 | PDE: 2.2914e+05 | BC: 1.4953e-01 | L2: 9.9989e-01
  Epoch  6000 | Loss: 2.2914e+05 | PDE: 2.2914e+05 | BC: 1.4954e-01 | L2: 9.9989e-01
  Epoch  7000 | Loss: 2.2914e+05 | PDE: 2.2914e+05 | BC: 1.4954e-01 | L2: 9.9989e-01
  Epoch  8000 | Loss: 2.2914e+05 | PDE: 2.2914e+05 | BC: 1.4950e-01 | L2: 9.9989e-01
  Epoch  9000 | Loss: 2.2914e+05 | PDE: 2.2914e+05 | BC: 1.4953e-01 | L2: 9.9989e-01
  Training time: 18.3s (1.83 ms/epoch)
  Best L2 error: 9.9989e-01
[abl] case7 strat=S1_single scale=1.5 seed=0: best_l2=9.9989e-01 params=1944 t=18.3s
[187/243] case7 S1_single x1.5 s0: ran
  PDE collocation points after hole rejection: 20000

============================================================
Training SV-SNN (ACCELERATED)
  Analytic X_n''/Y_n'', vectorized, grid + multi-hole mask
============================================================
  Parameters: 1,944
  Epoch  1000 | Loss: 2.2914e+05 | PDE: 2.2914e+05 | BC: 1.4949e-01 | L2: 9.9989e-01
  Epoch  2000 | Loss: 2.2914e+05 | PDE: 2.2914e+05 | BC: 1.4949e-01 | L2: 9.9989e-01
  Epoch  3000 | Loss: 2.2914e+05 | PDE: 2.2914e+05 | BC: 1.4949e-01 | L2: 9.9989e-01
  Epoch  4000 | Loss: 2.2914e+05 | PDE: 2.2914e+05 | BC: 1.4949e-01 | L2: 9.9989e-01
  Epoch  5000 | Loss: 2.2914e+05 | PDE: 2.2914e+05 | BC: 1.4949e-01 | L2: 9.9989e-01
  Epoch  6000 | Loss: 2.2914e+05 | PDE: 2.2914e+05 | BC: 1.4947e-01 | L2: 9.9989e-01
  Epoch  7000 | Loss: 2.2914e+05 | PDE: 2.2914e+05 | BC: 1.4947e-01 | L2: 9.9989e-01
  Epoch  8000 | Loss: 2.2914e+05 | PDE: 2.2914e+05 | BC: 1.4944e-01 | L2: 9.9988e-01
  Epoch  9000 | Loss: 2.2914e+05 | PDE: 2.2914e+05 | BC: 1.4947e-01 | L2: 9.9988e-01
  Training time: 17.6s (1.76 ms/epoch)
  Best L2 error: 9.9988e-01
[abl] case7 strat=S1_single scale=1.5 seed=1: best_l2=9.9988e-01 params=1944 t=17.6s
[188/243] case7 S1_single x1.5 s1: ran
  PDE collocation points after hole rejection: 20000

============================================================
Training SV-SNN (ACCELERATED)
  Analytic X_n''/Y_n'', vectorized, grid + multi-hole mask
============================================================
  Parameters: 1,944
  Epoch  1000 | Loss: 2.2914e+05 | PDE: 2.2914e+05 | BC: 1.4952e-01 | L2: 9.9989e-01
  Epoch  2000 | Loss: 2.2914e+05 | PDE: 2.2914e+05 | BC: 1.4952e-01 | L2: 9.9989e-01
  Epoch  3000 | Loss: 2.2914e+05 | PDE: 2.2914e+05 | BC: 1.4952e-01 | L2: 9.9989e-01
  Epoch  4000 | Loss: 2.2914e+05 | PDE: 2.2914e+05 | BC: 1.4952e-01 | L2: 9.9989e-01
  Epoch  5000 | Loss: 2.2914e+05 | PDE: 2.2914e+05 | BC: 1.4952e-01 | L2: 9.9989e-01
  Epoch  6000 | Loss: 2.2914e+05 | PDE: 2.2914e+05 | BC: 1.4952e-01 | L2: 9.9989e-01
  Epoch  7000 | Loss: 2.2914e+05 | PDE: 2.2914e+05 | BC: 1.4947e-01 | L2: 9.9989e-01
  Epoch  8000 | Loss: 2.2914e+05 | PDE: 2.2914e+05 | BC: 1.4950e-01 | L2: 9.9989e-01
  Epoch  9000 | Loss: 2.2914e+05 | PDE: 2.2914e+05 | BC: 1.4948e-01 | L2: 9.9989e-01
  Training time: 18.2s (1.82 ms/epoch)
  Best L2 error: 9.9988e-01
[abl] case7 strat=S1_single scale=1.5 seed=2: best_l2=9.9988e-01 params=1944 t=18.2s
[189/243] case7 S1_single x1.5 s2: ran

============================================================
Training SV-SNN (ACCELERATED)
  Analytic spatial derivs, manual T_n', vectorized modes, grid eval
============================================================
  Parameters: 2,688
  Epoch   100 | Loss: 4.0583e-01 | PDE: 5.5702e-02 | IC: 3.5013e-01 | L2avg: 8.7107e-01
  Epoch  1000 | Loss: 9.6589e-04 | PDE: 9.2534e-04 | IC: 4.0554e-05 | L2avg: 1.1103e-02
  Epoch  2000 | Loss: 4.7461e-04 | PDE: 4.5914e-04 | IC: 1.5474e-05 | L2avg: 8.3529e-03
  Epoch  3000 | Loss: 4.0771e-04 | PDE: 3.9308e-04 | IC: 1.4626e-05 | L2avg: 7.7657e-03
  Epoch  4000 | Loss: 3.3846e-04 | PDE: 3.2885e-04 | IC: 9.6061e-06 | L2avg: 8.1275e-03
  Epoch  5000 | Loss: 3.9505e-04 | PDE: 3.7514e-04 | IC: 1.9909e-05 | L2avg: 1.1306e-02
  Epoch  6000 | Loss: 2.7689e-04 | PDE: 2.6761e-04 | IC: 9.2762e-06 | L2avg: 9.9208e-03
  Epoch  7000 | Loss: 2.4849e-04 | PDE: 2.4056e-04 | IC: 7.9286e-06 | L2avg: 8.6113e-03
  Epoch  8000 | Loss: 2.9624e-04 | PDE: 2.7835e-04 | IC: 1.7890e-05 | L2avg: 7.2366e-03
  Epoch  9000 | Loss: 4.1871e-04 | PDE: 3.9705e-04 | IC: 2.1658e-05 | L2avg: 1.2390e-02
  Epoch 10000 | Loss: 4.3860e-04 | PDE: 3.9887e-04 | IC: 3.9730e-05 | L2avg: 8.7831e-03
  Time: 33.6s | Best L2: 6.0735e-03
[abl] case8 strat=S2_two scale=0.6 seed=0: best_l2=6.0735e-03 params=2688 t=33.6s
[199/243] case8 S2_two x0.6 s0: ran

============================================================
Training SV-SNN (ACCELERATED)
  Analytic spatial derivs, manual T_n', vectorized modes, grid eval
============================================================
  Parameters: 2,688
  Epoch   100 | Loss: 4.0195e-01 | PDE: 6.4766e-02 | IC: 3.3719e-01 | L2avg: 8.7828e-01
  Epoch  1000 | Loss: 4.8751e-04 | PDE: 4.4737e-04 | IC: 4.0141e-05 | L2avg: 9.7923e-03
  Epoch  2000 | Loss: 1.5858e-04 | PDE: 1.4281e-04 | IC: 1.5769e-05 | L2avg: 6.4356e-03
  Epoch  3000 | Loss: 8.2627e-05 | PDE: 7.4881e-05 | IC: 7.7455e-06 | L2avg: 4.7889e-03
  Epoch  4000 | Loss: 5.0244e-05 | PDE: 4.5872e-05 | IC: 4.3717e-06 | L2avg: 3.8249e-03
  Epoch  5000 | Loss: 4.6741e-05 | PDE: 4.4231e-05 | IC: 2.5105e-06 | L2avg: 3.2663e-03
  Epoch  6000 | Loss: 1.0639e-04 | PDE: 1.0162e-04 | IC: 4.7641e-06 | L2avg: 3.2592e-03
  Epoch  7000 | Loss: 3.0032e-05 | PDE: 2.8398e-05 | IC: 1.6346e-06 | L2avg: 2.3150e-03
  Epoch  8000 | Loss: 9.6208e-06 | PDE: 8.9295e-06 | IC: 6.9130e-07 | L2avg: 1.6328e-03
  Epoch  9000 | Loss: 2.7739e-05 | PDE: 2.6276e-05 | IC: 1.4621e-06 | L2avg: 2.1788e-03
  Epoch 10000 | Loss: 2.6424e-05 | PDE: 2.5212e-05 | IC: 1.2113e-06 | L2avg: 1.7945e-03
  Time: 38.2s | Best L2: 1.3189e-03
[abl] case8 strat=S2_two scale=0.6 seed=1: best_l2=1.3189e-03 params=2688 t=38.2s
[200/243] case8 S2_two x0.6 s1: ran

============================================================
Training SV-SNN (ACCELERATED)
  Analytic spatial derivs, manual T_n', vectorized modes, grid eval
============================================================
  Parameters: 2,688
  Epoch   100 | Loss: 4.8612e-01 | PDE: 4.6556e-02 | IC: 4.3956e-01 | L2avg: 9.5265e-01
  Epoch  1000 | Loss: 1.7094e-03 | PDE: 1.3634e-03 | IC: 3.4597e-04 | L2avg: 9.7208e-02
  Epoch  2000 | Loss: 8.2470e-04 | PDE: 6.8349e-04 | IC: 1.4121e-04 | L2avg: 6.5128e-02
  Epoch  3000 | Loss: 4.9141e-04 | PDE: 4.1139e-04 | IC: 8.0021e-05 | L2avg: 2.9262e-02
  Epoch  4000 | Loss: 4.7173e-04 | PDE: 3.9936e-04 | IC: 7.2365e-05 | L2avg: 2.7799e-02
  Epoch  5000 | Loss: 3.2891e-04 | PDE: 2.8409e-04 | IC: 4.4815e-05 | L2avg: 2.6562e-02
  Epoch  6000 | Loss: 6.0426e-04 | PDE: 5.0298e-04 | IC: 1.0127e-04 | L2avg: 2.4238e-02
  Epoch  7000 | Loss: 3.2871e-04 | PDE: 2.8709e-04 | IC: 4.1623e-05 | L2avg: 2.6803e-02
  Epoch  8000 | Loss: 2.5566e-04 | PDE: 2.1846e-04 | IC: 3.7195e-05 | L2avg: 2.4564e-02
  Epoch  9000 | Loss: 3.6862e-04 | PDE: 3.1464e-04 | IC: 5.3978e-05 | L2avg: 2.7079e-02
  Epoch 10000 | Loss: 6.9316e-04 | PDE: 6.2739e-04 | IC: 6.5766e-05 | L2avg: 2.6263e-02
  Time: 34.5s | Best L2: 1.8311e-02
[abl] case8 strat=S2_two scale=0.6 seed=2: best_l2=1.8311e-02 params=2688 t=34.5s
[201/243] case8 S2_two x0.6 s2: ran

============================================================
Training SV-SNN (ACCELERATED)
  Analytic spatial derivs, manual T_n', vectorized modes, grid eval
============================================================
  Parameters: 2,688
  Epoch   100 | Loss: 4.0583e-01 | PDE: 5.5703e-02 | IC: 3.5013e-01 | L2avg: 8.7107e-01
  Epoch  1000 | Loss: 9.8278e-04 | PDE: 9.4170e-04 | IC: 4.1085e-05 | L2avg: 1.0762e-02
  Epoch  2000 | Loss: 4.8653e-04 | PDE: 4.7078e-04 | IC: 1.5753e-05 | L2avg: 9.7558e-03
  Epoch  3000 | Loss: 3.9255e-04 | PDE: 3.7834e-04 | IC: 1.4215e-05 | L2avg: 7.7183e-03
  Epoch  4000 | Loss: 3.1413e-04 | PDE: 3.0541e-04 | IC: 8.7180e-06 | L2avg: 8.6374e-03
  Epoch  5000 | Loss: 2.9471e-04 | PDE: 2.8439e-04 | IC: 1.0316e-05 | L2avg: 9.3327e-03
  Epoch  6000 | Loss: 2.7491e-04 | PDE: 2.6465e-04 | IC: 1.0258e-05 | L2avg: 8.7890e-03
  Epoch  7000 | Loss: 3.5316e-04 | PDE: 3.3344e-04 | IC: 1.9717e-05 | L2avg: 9.9201e-03
  Epoch  8000 | Loss: 3.3934e-04 | PDE: 3.1726e-04 | IC: 2.2083e-05 | L2avg: 8.5286e-03
  Epoch  9000 | Loss: 2.9004e-04 | PDE: 2.7093e-04 | IC: 1.9110e-05 | L2avg: 1.1975e-02
  Epoch 10000 | Loss: 4.5777e-04 | PDE: 4.2781e-04 | IC: 2.9965e-05 | L2avg: 8.9039e-03
  Time: 35.9s | Best L2: 5.8881e-03
[abl] case8 strat=S2_two scale=1.5 seed=0: best_l2=5.8881e-03 params=2688 t=35.9s
[205/243] case8 S2_two x1.5 s0: ran

============================================================
Training SV-SNN (ACCELERATED)
  Analytic spatial derivs, manual T_n', vectorized modes, grid eval
============================================================
  Parameters: 2,688
  Epoch   100 | Loss: 4.0195e-01 | PDE: 6.4763e-02 | IC: 3.3719e-01 | L2avg: 8.7828e-01
  Epoch  1000 | Loss: 4.9108e-04 | PDE: 4.4967e-04 | IC: 4.1404e-05 | L2avg: 9.8219e-03
  Epoch  2000 | Loss: 1.2550e-04 | PDE: 1.1115e-04 | IC: 1.4349e-05 | L2avg: 5.9764e-03
  Epoch  3000 | Loss: 6.3141e-05 | PDE: 5.6220e-05 | IC: 6.9216e-06 | L2avg: 4.5944e-03
  Epoch  4000 | Loss: 5.4925e-05 | PDE: 5.0078e-05 | IC: 4.8474e-06 | L2avg: 3.8526e-03
  Epoch  5000 | Loss: 3.0621e-05 | PDE: 2.7941e-05 | IC: 2.6800e-06 | L2avg: 3.1604e-03
  Epoch  6000 | Loss: 3.1397e-05 | PDE: 2.9402e-05 | IC: 1.9956e-06 | L2avg: 2.6685e-03
  Epoch  7000 | Loss: 3.1058e-05 | PDE: 2.9496e-05 | IC: 1.5614e-06 | L2avg: 2.2518e-03
  Epoch  8000 | Loss: 1.6984e-05 | PDE: 1.5900e-05 | IC: 1.0840e-06 | L2avg: 1.8248e-03
  Epoch  9000 | Loss: 6.8341e-05 | PDE: 6.5316e-05 | IC: 3.0254e-06 | L2avg: 2.4519e-03
  Epoch 10000 | Loss: 9.9810e-06 | PDE: 9.4277e-06 | IC: 5.5332e-07 | L2avg: 1.1913e-03
  Time: 35.3s | Best L2: 1.1913e-03
[abl] case8 strat=S2_two scale=1.5 seed=1: best_l2=1.1913e-03 params=2688 t=35.3s
[206/243] case8 S2_two x1.5 s1: ran

============================================================
Training SV-SNN (ACCELERATED)
  Analytic spatial derivs, manual T_n', vectorized modes, grid eval
============================================================
  Parameters: 2,688
  Epoch   100 | Loss: 4.8612e-01 | PDE: 4.6556e-02 | IC: 4.3956e-01 | L2avg: 9.5265e-01
  Epoch  1000 | Loss: 1.6125e-03 | PDE: 1.2757e-03 | IC: 3.3677e-04 | L2avg: 9.4838e-02
  Epoch  2000 | Loss: 7.3314e-04 | PDE: 6.1387e-04 | IC: 1.1927e-04 | L2avg: 6.8518e-02
  Epoch  3000 | Loss: 6.3155e-04 | PDE: 5.1926e-04 | IC: 1.1228e-04 | L2avg: 2.6185e-02
  Epoch  4000 | Loss: 4.5457e-04 | PDE: 3.8015e-04 | IC: 7.4423e-05 | L2avg: 2.8364e-02
  Epoch  5000 | Loss: 3.6714e-04 | PDE: 3.1448e-04 | IC: 5.2663e-05 | L2avg: 2.7602e-02
  Epoch  6000 | Loss: 3.7528e-04 | PDE: 3.2030e-04 | IC: 5.4979e-05 | L2avg: 2.7678e-02
  Epoch  7000 | Loss: 5.6611e-04 | PDE: 4.8416e-04 | IC: 8.1944e-05 | L2avg: 3.0233e-02
  Epoch  8000 | Loss: 2.3323e-04 | PDE: 1.9738e-04 | IC: 3.5846e-05 | L2avg: 2.7579e-02
  Epoch  9000 | Loss: 2.3674e-04 | PDE: 2.0289e-04 | IC: 3.3857e-05 | L2avg: 2.4026e-02
  Epoch 10000 | Loss: 2.2790e-04 | PDE: 1.9376e-04 | IC: 3.4138e-05 | L2avg: 2.5662e-02
  Time: 37.8s | Best L2: 2.2737e-02
[abl] case8 strat=S2_two scale=1.5 seed=2: best_l2=2.2737e-02 params=2688 t=37.8s
[207/243] case8 S2_two x1.5 s2: ran

============================================================
Training SV-SNN (ACCELERATED)
  Analytic spatial derivs, manual T_n', vectorized modes, grid eval
============================================================
  Parameters: 2,688
  Epoch   100 | Loss: 4.0583e-01 | PDE: 5.5703e-02 | IC: 3.5013e-01 | L2avg: 8.7107e-01
  Epoch  1000 | Loss: 1.0201e-03 | PDE: 9.7715e-04 | IC: 4.2985e-05 | L2avg: 1.1676e-02
  Epoch  2000 | Loss: 4.8654e-04 | PDE: 4.7086e-04 | IC: 1.5680e-05 | L2avg: 8.0828e-03
  Epoch  3000 | Loss: 3.7332e-04 | PDE: 3.6074e-04 | IC: 1.2574e-05 | L2avg: 9.2906e-03
  Epoch  4000 | Loss: 3.7130e-04 | PDE: 3.5518e-04 | IC: 1.6115e-05 | L2avg: 1.1910e-02
  Epoch  5000 | Loss: 3.1488e-04 | PDE: 3.0471e-04 | IC: 1.0171e-05 | L2avg: 9.5451e-03
  Epoch  6000 | Loss: 2.4827e-04 | PDE: 2.4171e-04 | IC: 6.5543e-06 | L2avg: 9.5017e-03
  Epoch  7000 | Loss: 2.7764e-04 | PDE: 2.6588e-04 | IC: 1.1764e-05 | L2avg: 6.6847e-03
  Epoch  8000 | Loss: 2.5985e-04 | PDE: 2.4739e-04 | IC: 1.2459e-05 | L2avg: 6.5986e-03
  Epoch  9000 | Loss: 2.9781e-04 | PDE: 2.7863e-04 | IC: 1.9180e-05 | L2avg: 8.7529e-03
  Epoch 10000 | Loss: 2.4632e-04 | PDE: 2.3631e-04 | IC: 1.0004e-05 | L2avg: 6.2857e-03
  Time: 34.3s | Best L2: 6.2857e-03
[abl] case8 strat=S1_single scale=0.6 seed=0: best_l2=6.2857e-03 params=2688 t=34.3s
[208/243] case8 S1_single x0.6 s0: ran

============================================================
Training SV-SNN (ACCELERATED)
  Analytic spatial derivs, manual T_n', vectorized modes, grid eval
============================================================
  Parameters: 2,688
  Epoch   100 | Loss: 4.0195e-01 | PDE: 6.4764e-02 | IC: 3.3719e-01 | L2avg: 8.7828e-01
  Epoch  1000 | Loss: 4.7289e-04 | PDE: 4.3101e-04 | IC: 4.1877e-05 | L2avg: 9.8790e-03
  Epoch  2000 | Loss: 1.3436e-04 | PDE: 1.2000e-04 | IC: 1.4362e-05 | L2avg: 6.0849e-03
  Epoch  3000 | Loss: 8.3109e-05 | PDE: 7.6034e-05 | IC: 7.0746e-06 | L2avg: 4.6957e-03
  Epoch  4000 | Loss: 5.8621e-05 | PDE: 5.4265e-05 | IC: 4.3555e-06 | L2avg: 3.8619e-03
  Epoch  5000 | Loss: 4.7625e-05 | PDE: 4.4271e-05 | IC: 3.3541e-06 | L2avg: 3.2894e-03
  Epoch  6000 | Loss: 4.7596e-05 | PDE: 4.4741e-05 | IC: 2.8555e-06 | L2avg: 3.2607e-03
  Epoch  7000 | Loss: 1.4216e-05 | PDE: 1.3125e-05 | IC: 1.0915e-06 | L2avg: 1.9633e-03
  Epoch  8000 | Loss: 1.0871e-05 | PDE: 1.0127e-05 | IC: 7.4340e-07 | L2avg: 1.7327e-03
  Epoch  9000 | Loss: 1.5280e-05 | PDE: 1.4385e-05 | IC: 8.9528e-07 | L2avg: 1.6015e-03
  Epoch 10000 | Loss: 7.4470e-06 | PDE: 7.0243e-06 | IC: 4.2267e-07 | L2avg: 1.1684e-03
  Time: 36.5s | Best L2: 1.1684e-03
[abl] case8 strat=S1_single scale=0.6 seed=1: best_l2=1.1684e-03 params=2688 t=36.5s
[209/243] case8 S1_single x0.6 s1: ran

============================================================
Training SV-SNN (ACCELERATED)
  Analytic spatial derivs, manual T_n', vectorized modes, grid eval
============================================================
  Parameters: 2,688
  Epoch   100 | Loss: 4.8612e-01 | PDE: 4.6554e-02 | IC: 4.3956e-01 | L2avg: 9.5265e-01
  Epoch  1000 | Loss: 1.5340e-03 | PDE: 1.2082e-03 | IC: 3.2586e-04 | L2avg: 9.8658e-02
  Epoch  2000 | Loss: 1.0731e-03 | PDE: 8.9940e-04 | IC: 1.7373e-04 | L2avg: 6.7717e-02
  Epoch  3000 | Loss: 4.7441e-04 | PDE: 4.0050e-04 | IC: 7.3912e-05 | L2avg: 2.7870e-02
  Epoch  4000 | Loss: 5.7357e-04 | PDE: 5.0385e-04 | IC: 6.9716e-05 | L2avg: 2.6162e-02
  Epoch  5000 | Loss: 5.0256e-04 | PDE: 4.1860e-04 | IC: 8.3954e-05 | L2avg: 2.3624e-02
  Epoch  6000 | Loss: 3.1311e-04 | PDE: 2.6506e-04 | IC: 4.8051e-05 | L2avg: 2.6195e-02
  Epoch  7000 | Loss: 3.0418e-04 | PDE: 2.5683e-04 | IC: 4.7353e-05 | L2avg: 2.4520e-02
  Epoch  8000 | Loss: 4.0710e-04 | PDE: 3.4372e-04 | IC: 6.3386e-05 | L2avg: 2.8529e-02
  Epoch  9000 | Loss: 2.5005e-04 | PDE: 2.0951e-04 | IC: 4.0542e-05 | L2avg: 2.1817e-02
  Epoch 10000 | Loss: 2.8178e-04 | PDE: 2.3097e-04 | IC: 5.0810e-05 | L2avg: 2.7784e-02
  Time: 35.7s | Best L2: 2.1126e-02
[abl] case8 strat=S1_single scale=0.6 seed=2: best_l2=2.1126e-02 params=2688 t=35.7s
[210/243] case8 S1_single x0.6 s2: ran

============================================================
Training SV-SNN (ACCELERATED)
  Analytic spatial derivs, manual T_n', vectorized modes, grid eval
============================================================
  Parameters: 2,688
  Epoch   100 | Loss: 4.0583e-01 | PDE: 5.5702e-02 | IC: 3.5013e-01 | L2avg: 8.7107e-01
  Epoch  1000 | Loss: 9.6295e-04 | PDE: 9.2110e-04 | IC: 4.1848e-05 | L2avg: 1.1219e-02
  Epoch  2000 | Loss: 5.0063e-04 | PDE: 4.8283e-04 | IC: 1.7801e-05 | L2avg: 8.9637e-03
  Epoch  3000 | Loss: 3.8827e-04 | PDE: 3.7593e-04 | IC: 1.2339e-05 | L2avg: 8.3907e-03
  Epoch  4000 | Loss: 4.1772e-04 | PDE: 3.9649e-04 | IC: 2.1230e-05 | L2avg: 1.1759e-02
  Epoch  5000 | Loss: 4.1569e-04 | PDE: 3.9089e-04 | IC: 2.4795e-05 | L2avg: 1.2901e-02
  Epoch  6000 | Loss: 2.9993e-04 | PDE: 2.8675e-04 | IC: 1.3182e-05 | L2avg: 9.7639e-03
  Epoch  7000 | Loss: 2.3545e-04 | PDE: 2.2806e-04 | IC: 7.3843e-06 | L2avg: 8.6833e-03
  Epoch  8000 | Loss: 2.9080e-04 | PDE: 2.8068e-04 | IC: 1.0121e-05 | L2avg: 8.4981e-03
  Epoch  9000 | Loss: 2.4633e-04 | PDE: 2.3704e-04 | IC: 9.2942e-06 | L2avg: 7.2969e-03
  Epoch 10000 | Loss: 1.9525e-04 | PDE: 1.9021e-04 | IC: 5.0414e-06 | L2avg: 6.6617e-03
  Time: 34.6s | Best L2: 6.6617e-03
[abl] case8 strat=S1_single scale=1.5 seed=0: best_l2=6.6617e-03 params=2688 t=34.6s
[214/243] case8 S1_single x1.5 s0: ran

============================================================
Training SV-SNN (ACCELERATED)
  Analytic spatial derivs, manual T_n', vectorized modes, grid eval
============================================================
  Parameters: 2,688
  Epoch   100 | Loss: 4.0195e-01 | PDE: 6.4765e-02 | IC: 3.3718e-01 | L2avg: 8.7828e-01
  Epoch  1000 | Loss: 4.5488e-04 | PDE: 4.1502e-04 | IC: 3.9857e-05 | L2avg: 9.6636e-03
  Epoch  2000 | Loss: 2.2373e-04 | PDE: 2.0591e-04 | IC: 1.7822e-05 | L2avg: 6.6921e-03
  Epoch  3000 | Loss: 6.0548e-05 | PDE: 5.4243e-05 | IC: 6.3047e-06 | L2avg: 4.4818e-03
  Epoch  4000 | Loss: 5.0957e-05 | PDE: 4.6566e-05 | IC: 4.3913e-06 | L2avg: 3.7803e-03
  Epoch  5000 | Loss: 3.5981e-05 | PDE: 3.3306e-05 | IC: 2.6744e-06 | L2avg: 3.2001e-03
  Epoch  6000 | Loss: 7.8015e-05 | PDE: 7.3380e-05 | IC: 4.6348e-06 | L2avg: 3.4344e-03
  Epoch  7000 | Loss: 1.1703e-05 | PDE: 1.0729e-05 | IC: 9.7340e-07 | L2avg: 2.0383e-03
  Epoch  8000 | Loss: 1.4477e-05 | PDE: 1.3703e-05 | IC: 7.7393e-07 | L2avg: 1.7525e-03
  Epoch  9000 | Loss: 2.6198e-05 | PDE: 2.4996e-05 | IC: 1.2014e-06 | L2avg: 1.8208e-03
  Epoch 10000 | Loss: 1.3684e-05 | PDE: 1.2857e-05 | IC: 8.2760e-07 | L2avg: 1.4767e-03
  Time: 34.3s | Best L2: 1.2447e-03
[abl] case8 strat=S1_single scale=1.5 seed=1: best_l2=1.2447e-03 params=2688 t=34.3s
[215/243] case8 S1_single x1.5 s1: ran

============================================================
Training SV-SNN (ACCELERATED)
  Analytic spatial derivs, manual T_n', vectorized modes, grid eval
============================================================
  Parameters: 2,688
  Epoch   100 | Loss: 4.8612e-01 | PDE: 4.6556e-02 | IC: 4.3956e-01 | L2avg: 9.5265e-01
  Epoch  1000 | Loss: 1.7087e-03 | PDE: 1.3647e-03 | IC: 3.4397e-04 | L2avg: 1.0208e-01
  Epoch  2000 | Loss: 8.6157e-04 | PDE: 7.1426e-04 | IC: 1.4731e-04 | L2avg: 6.4943e-02
  Epoch  3000 | Loss: 8.1014e-04 | PDE: 6.6955e-04 | IC: 1.4059e-04 | L2avg: 2.8485e-02
  Epoch  4000 | Loss: 4.1671e-04 | PDE: 3.6094e-04 | IC: 5.5764e-05 | L2avg: 2.4935e-02
  Epoch  5000 | Loss: 5.1369e-04 | PDE: 4.2407e-04 | IC: 8.9616e-05 | L2avg: 3.6090e-02
  Epoch  6000 | Loss: 7.3655e-04 | PDE: 6.1343e-04 | IC: 1.2312e-04 | L2avg: 3.5848e-02
  Epoch  7000 | Loss: 3.2258e-04 | PDE: 2.6730e-04 | IC: 5.5284e-05 | L2avg: 2.5611e-02
  Epoch  8000 | Loss: 3.1336e-04 | PDE: 2.6786e-04 | IC: 4.5496e-05 | L2avg: 2.4245e-02
  Epoch  9000 | Loss: 2.3072e-04 | PDE: 1.9606e-04 | IC: 3.4667e-05 | L2avg: 2.7723e-02
  Epoch 10000 | Loss: 3.9296e-04 | PDE: 3.3738e-04 | IC: 5.5572e-05 | L2avg: 2.9358e-02
  Time: 34.2s | Best L2: 2.0718e-02
[abl] case8 strat=S1_single scale=1.5 seed=2: best_l2=2.0718e-02 params=2688 t=34.2s
[216/243] case8 S1_single x1.5 s2: ran

======================================================================
  SV-SNN (ACCELERATED)
  Analytic spatial 1st+2nd derivs, vectorized, grid + mask
======================================================================
  Parameters: 407
  Epoch   100 | Loss 1.6943e+01 | PDE 1.6388e+01 | BC 5.5516e-01 | L2 7.9755e-01
  Epoch  1000 | Loss 1.0228e+00 | PDE 8.6434e-01 | BC 1.5848e-01 | L2 4.9878e-01
  Epoch  2000 | Loss 8.8694e-01 | PDE 7.6056e-01 | BC 1.2638e-01 | L2 4.5226e-01
  Epoch  3000 | Loss 8.2659e-01 | PDE 7.0756e-01 | BC 1.1903e-01 | L2 4.4871e-01
  Epoch  4000 | Loss 2.4551e-02 | PDE 2.2723e-02 | BC 1.8282e-03 | L2 5.8009e-02
  Epoch  5000 | Loss 6.5385e-04 | PDE 6.4029e-04 | BC 1.3560e-05 | L2 1.9065e-03
  Epoch  6000 | Loss 4.2188e-04 | PDE 4.1805e-04 | BC 3.8383e-06 | L2 1.0083e-03
  Epoch  7000 | Loss 3.5096e-04 | PDE 3.4845e-04 | BC 2.5093e-06 | L2 8.3991e-04
  Epoch  8000 | Loss 2.8292e-04 | PDE 2.8142e-04 | BC 1.4969e-06 | L2 6.6703e-04
  Epoch  9000 | Loss 2.4830e-04 | PDE 2.4736e-04 | BC 9.4151e-07 | L2 5.4858e-04
  Epoch 10000 | Loss 1.7692e-04 | PDE 1.7641e-04 | BC 5.1086e-07 | L2 6.8251e-04
  Epoch 11000 | Loss 1.3948e-04 | PDE 1.3910e-04 | BC 3.7576e-07 | L2 5.1343e-04
  Epoch 12000 | Loss 1.3997e-04 | PDE 1.3959e-04 | BC 3.8342e-07 | L2 4.4231e-04
  Epoch 13000 | Loss 9.1119e-05 | PDE 9.0950e-05 | BC 1.6975e-07 | L2 4.8673e-04
  Epoch 14000 | Loss 8.4371e-05 | PDE 8.4144e-05 | BC 2.2686e-07 | L2 4.5598e-04
  Epoch 15000 | Loss 7.7406e-05 | PDE 7.7276e-05 | BC 1.3050e-07 | L2 3.6388e-04
  Done: 19.9s | Params: 407 | Best L2: 3.1751e-04 | Final L2: 3.6388e-04
[abl] case9 strat=S2_two scale=0.6 seed=0: best_l2=3.1751e-04 params=407 t=19.9s
[226/243] case9 S2_two x0.6 s0: ran

======================================================================
  SV-SNN (ACCELERATED)
  Analytic spatial 1st+2nd derivs, vectorized, grid + mask
======================================================================
  Parameters: 407
  Epoch   100 | Loss 3.0488e+01 | PDE 2.9733e+01 | BC 7.5518e-01 | L2 9.4383e-01
  Epoch  1000 | Loss 1.1262e+00 | PDE 9.3624e-01 | BC 1.8996e-01 | L2 4.8870e-01
  Epoch  2000 | Loss 8.9727e-01 | PDE 7.7392e-01 | BC 1.2335e-01 | L2 4.4962e-01
  Epoch  3000 | Loss 8.8391e-01 | PDE 7.6457e-01 | BC 1.1934e-01 | L2 4.4961e-01
  Epoch  4000 | Loss 8.2076e-01 | PDE 7.0139e-01 | BC 1.1937e-01 | L2 4.4817e-01
  Epoch  5000 | Loss 7.7232e-01 | PDE 6.6121e-01 | BC 1.1110e-01 | L2 4.3494e-01
  Epoch  6000 | Loss 5.6723e-04 | PDE 5.6117e-04 | BC 6.0592e-06 | L2 1.6009e-03
  Epoch  7000 | Loss 4.1071e-04 | PDE 4.0884e-04 | BC 1.8677e-06 | L2 9.5342e-04
  Epoch  8000 | Loss 3.2968e-04 | PDE 3.2838e-04 | BC 1.3011e-06 | L2 7.6963e-04
  Epoch  9000 | Loss 2.6193e-04 | PDE 2.6084e-04 | BC 1.0980e-06 | L2 6.9933e-04
  Epoch 10000 | Loss 2.0443e-04 | PDE 2.0358e-04 | BC 8.5576e-07 | L2 5.8772e-04
  Epoch 11000 | Loss 1.6939e-04 | PDE 1.6894e-04 | BC 4.5410e-07 | L2 8.0698e-04
  Epoch 12000 | Loss 1.3211e-04 | PDE 1.3179e-04 | BC 3.2402e-07 | L2 5.7388e-04
  Epoch 13000 | Loss 1.1200e-04 | PDE 1.1153e-04 | BC 4.6899e-07 | L2 5.0381e-04
  Epoch 14000 | Loss 9.5450e-05 | PDE 9.5151e-05 | BC 2.9912e-07 | L2 5.5414e-04
  Epoch 15000 | Loss 6.8616e-05 | PDE 6.8351e-05 | BC 2.6485e-07 | L2 5.2967e-04
  Done: 20.5s | Params: 407 | Best L2: 3.5032e-04 | Final L2: 5.2967e-04
[abl] case9 strat=S2_two scale=0.6 seed=1: best_l2=3.5032e-04 params=407 t=20.5s
[227/243] case9 S2_two x0.6 s1: ran

======================================================================
  SV-SNN (ACCELERATED)
  Analytic spatial 1st+2nd derivs, vectorized, grid + mask
======================================================================
  Parameters: 407
  Epoch   100 | Loss 2.7673e+01 | PDE 2.6977e+01 | BC 6.9596e-01 | L2 9.2750e-01
  Epoch  1000 | Loss 1.0584e+00 | PDE 8.6096e-01 | BC 1.9745e-01 | L2 4.7267e-01
  Epoch  2000 | Loss 4.1190e-01 | PDE 3.3809e-01 | BC 7.3817e-02 | L2 3.1359e-01
  Epoch  3000 | Loss 2.4544e-02 | PDE 1.9698e-02 | BC 4.8459e-03 | L2 4.6753e-02
  Epoch  4000 | Loss 7.2956e-03 | PDE 6.9243e-03 | BC 3.7131e-04 | L2 9.0078e-03
  Epoch  5000 | Loss 5.5218e-03 | PDE 5.2753e-03 | BC 2.4645e-04 | L2 7.2785e-03
  Epoch  6000 | Loss 3.4431e-03 | PDE 3.3016e-03 | BC 1.4158e-04 | L2 5.5311e-03
  Epoch  7000 | Loss 1.4750e-03 | PDE 1.4307e-03 | BC 4.4335e-05 | L2 3.1377e-03
  Epoch  8000 | Loss 4.5841e-04 | PDE 4.5457e-04 | BC 3.8385e-06 | L2 1.0411e-03
  Epoch  9000 | Loss 2.9431e-04 | PDE 2.9400e-04 | BC 3.0959e-07 | L2 5.1815e-04
  Epoch 10000 | Loss 2.8690e-04 | PDE 2.8662e-04 | BC 2.7521e-07 | L2 4.7729e-04
  Epoch 11000 | Loss 2.4894e-04 | PDE 2.4854e-04 | BC 4.0684e-07 | L2 5.6919e-04
  Epoch 12000 | Loss 2.3236e-04 | PDE 2.3221e-04 | BC 1.5384e-07 | L2 4.7362e-04
  Epoch 13000 | Loss 1.9788e-04 | PDE 1.9764e-04 | BC 2.4012e-07 | L2 4.2004e-04
  Epoch 14000 | Loss 2.0998e-04 | PDE 2.0954e-04 | BC 4.4443e-07 | L2 4.7823e-04
  Epoch 15000 | Loss 1.7840e-04 | PDE 1.7802e-04 | BC 3.8508e-07 | L2 4.4710e-04
  Done: 20.7s | Params: 407 | Best L2: 3.5777e-04 | Final L2: 4.4710e-04
[abl] case9 strat=S2_two scale=0.6 seed=2: best_l2=3.5777e-04 params=407 t=20.7s
[228/243] case9 S2_two x0.6 s2: ran

======================================================================
  SV-SNN (ACCELERATED)
  Analytic spatial 1st+2nd derivs, vectorized, grid + mask
======================================================================
  Parameters: 407
  Epoch   100 | Loss 1.6943e+01 | PDE 1.6388e+01 | BC 5.5516e-01 | L2 7.9755e-01
  Epoch  1000 | Loss 1.0228e+00 | PDE 8.6434e-01 | BC 1.5848e-01 | L2 4.9878e-01
  Epoch  2000 | Loss 8.8694e-01 | PDE 7.6056e-01 | BC 1.2638e-01 | L2 4.5226e-01
  Epoch  3000 | Loss 8.2659e-01 | PDE 7.0756e-01 | BC 1.1903e-01 | L2 4.4871e-01
  Epoch  4000 | Loss 2.4551e-02 | PDE 2.2723e-02 | BC 1.8282e-03 | L2 5.8009e-02
  Epoch  5000 | Loss 6.5385e-04 | PDE 6.4029e-04 | BC 1.3560e-05 | L2 1.9065e-03
  Epoch  6000 | Loss 4.2188e-04 | PDE 4.1805e-04 | BC 3.8383e-06 | L2 1.0083e-03
  Epoch  7000 | Loss 3.5096e-04 | PDE 3.4845e-04 | BC 2.5093e-06 | L2 8.3991e-04
  Epoch  8000 | Loss 2.8292e-04 | PDE 2.8142e-04 | BC 1.4969e-06 | L2 6.6703e-04
  Epoch  9000 | Loss 2.4830e-04 | PDE 2.4736e-04 | BC 9.4151e-07 | L2 5.4858e-04
  Epoch 10000 | Loss 1.7692e-04 | PDE 1.7641e-04 | BC 5.1086e-07 | L2 6.8251e-04
  Epoch 11000 | Loss 1.3948e-04 | PDE 1.3910e-04 | BC 3.7576e-07 | L2 5.1343e-04
  Epoch 12000 | Loss 1.3997e-04 | PDE 1.3959e-04 | BC 3.8342e-07 | L2 4.4231e-04
  Epoch 13000 | Loss 9.1119e-05 | PDE 9.0950e-05 | BC 1.6975e-07 | L2 4.8673e-04
  Epoch 14000 | Loss 8.4371e-05 | PDE 8.4144e-05 | BC 2.2686e-07 | L2 4.5598e-04
  Epoch 15000 | Loss 7.7406e-05 | PDE 7.7276e-05 | BC 1.3050e-07 | L2 3.6388e-04
  Done: 20.3s | Params: 407 | Best L2: 3.1751e-04 | Final L2: 3.6388e-04
[abl] case9 strat=S2_two scale=1.5 seed=0: best_l2=3.1751e-04 params=407 t=20.3s
[232/243] case9 S2_two x1.5 s0: ran

======================================================================
  SV-SNN (ACCELERATED)
  Analytic spatial 1st+2nd derivs, vectorized, grid + mask
======================================================================
  Parameters: 407
  Epoch   100 | Loss 3.0488e+01 | PDE 2.9733e+01 | BC 7.5518e-01 | L2 9.4383e-01
  Epoch  1000 | Loss 1.1262e+00 | PDE 9.3624e-01 | BC 1.8996e-01 | L2 4.8870e-01
  Epoch  2000 | Loss 8.9727e-01 | PDE 7.7392e-01 | BC 1.2335e-01 | L2 4.4962e-01
  Epoch  3000 | Loss 8.8391e-01 | PDE 7.6457e-01 | BC 1.1934e-01 | L2 4.4961e-01
  Epoch  4000 | Loss 8.2076e-01 | PDE 7.0139e-01 | BC 1.1937e-01 | L2 4.4817e-01
  Epoch  5000 | Loss 7.7232e-01 | PDE 6.6121e-01 | BC 1.1110e-01 | L2 4.3494e-01
  Epoch  6000 | Loss 5.6723e-04 | PDE 5.6117e-04 | BC 6.0592e-06 | L2 1.6009e-03
  Epoch  7000 | Loss 4.1071e-04 | PDE 4.0884e-04 | BC 1.8677e-06 | L2 9.5342e-04
  Epoch  8000 | Loss 3.2968e-04 | PDE 3.2838e-04 | BC 1.3011e-06 | L2 7.6963e-04
  Epoch  9000 | Loss 2.6193e-04 | PDE 2.6084e-04 | BC 1.0980e-06 | L2 6.9934e-04
  Epoch 10000 | Loss 2.0443e-04 | PDE 2.0358e-04 | BC 8.5576e-07 | L2 5.8772e-04
  Epoch 11000 | Loss 1.6939e-04 | PDE 1.6894e-04 | BC 4.5410e-07 | L2 8.0698e-04
  Epoch 12000 | Loss 1.3211e-04 | PDE 1.3179e-04 | BC 3.2402e-07 | L2 5.7388e-04
  Epoch 13000 | Loss 1.1200e-04 | PDE 1.1153e-04 | BC 4.6899e-07 | L2 5.0381e-04
  Epoch 14000 | Loss 9.5450e-05 | PDE 9.5151e-05 | BC 2.9912e-07 | L2 5.5414e-04
  Epoch 15000 | Loss 6.8616e-05 | PDE 6.8351e-05 | BC 2.6485e-07 | L2 5.2967e-04
  Done: 18.4s | Params: 407 | Best L2: 3.5032e-04 | Final L2: 5.2967e-04
[abl] case9 strat=S2_two scale=1.5 seed=1: best_l2=3.5032e-04 params=407 t=18.4s
[233/243] case9 S2_two x1.5 s1: ran

======================================================================
  SV-SNN (ACCELERATED)
  Analytic spatial 1st+2nd derivs, vectorized, grid + mask
======================================================================
  Parameters: 407
  Epoch   100 | Loss 2.7673e+01 | PDE 2.6977e+01 | BC 6.9596e-01 | L2 9.2750e-01
  Epoch  1000 | Loss 1.0584e+00 | PDE 8.6096e-01 | BC 1.9745e-01 | L2 4.7267e-01
  Epoch  2000 | Loss 4.1190e-01 | PDE 3.3809e-01 | BC 7.3817e-02 | L2 3.1359e-01
  Epoch  3000 | Loss 2.4544e-02 | PDE 1.9698e-02 | BC 4.8459e-03 | L2 4.6753e-02
  Epoch  4000 | Loss 7.2956e-03 | PDE 6.9243e-03 | BC 3.7131e-04 | L2 9.0078e-03
  Epoch  5000 | Loss 5.5218e-03 | PDE 5.2753e-03 | BC 2.4645e-04 | L2 7.2785e-03
  Epoch  6000 | Loss 3.4431e-03 | PDE 3.3016e-03 | BC 1.4158e-04 | L2 5.5311e-03
  Epoch  7000 | Loss 1.4750e-03 | PDE 1.4307e-03 | BC 4.4335e-05 | L2 3.1377e-03
  Epoch  8000 | Loss 4.5841e-04 | PDE 4.5457e-04 | BC 3.8385e-06 | L2 1.0411e-03
  Epoch  9000 | Loss 2.9431e-04 | PDE 2.9400e-04 | BC 3.0959e-07 | L2 5.1815e-04
  Epoch 10000 | Loss 2.8690e-04 | PDE 2.8662e-04 | BC 2.7521e-07 | L2 4.7729e-04
  Epoch 11000 | Loss 2.4894e-04 | PDE 2.4854e-04 | BC 4.0684e-07 | L2 5.6919e-04
  Epoch 12000 | Loss 2.3236e-04 | PDE 2.3221e-04 | BC 1.5384e-07 | L2 4.7362e-04
  Epoch 13000 | Loss 1.9788e-04 | PDE 1.9764e-04 | BC 2.4012e-07 | L2 4.2004e-04
  Epoch 14000 | Loss 2.0998e-04 | PDE 2.0954e-04 | BC 4.4443e-07 | L2 4.7823e-04
  Epoch 15000 | Loss 1.7840e-04 | PDE 1.7802e-04 | BC 3.8508e-07 | L2 4.4710e-04
  Done: 18.9s | Params: 407 | Best L2: 3.5777e-04 | Final L2: 4.4710e-04
[abl] case9 strat=S2_two scale=1.5 seed=2: best_l2=3.5777e-04 params=407 t=18.9s
[234/243] case9 S2_two x1.5 s2: ran

======================================================================
  SV-SNN (ACCELERATED)
  Analytic spatial 1st+2nd derivs, vectorized, grid + mask
======================================================================
  Parameters: 407
  Epoch   100 | Loss 1.6943e+01 | PDE 1.6388e+01 | BC 5.5516e-01 | L2 7.9755e-01
  Epoch  1000 | Loss 1.0228e+00 | PDE 8.6434e-01 | BC 1.5848e-01 | L2 4.9878e-01
  Epoch  2000 | Loss 8.8694e-01 | PDE 7.6056e-01 | BC 1.2638e-01 | L2 4.5226e-01
  Epoch  3000 | Loss 8.2659e-01 | PDE 7.0756e-01 | BC 1.1903e-01 | L2 4.4871e-01
  Epoch  4000 | Loss 2.4551e-02 | PDE 2.2723e-02 | BC 1.8282e-03 | L2 5.8009e-02
  Epoch  5000 | Loss 6.5385e-04 | PDE 6.4029e-04 | BC 1.3560e-05 | L2 1.9065e-03
  Epoch  6000 | Loss 4.2188e-04 | PDE 4.1805e-04 | BC 3.8383e-06 | L2 1.0083e-03
  Epoch  7000 | Loss 3.5096e-04 | PDE 3.4845e-04 | BC 2.5093e-06 | L2 8.3992e-04
  Epoch  8000 | Loss 2.8292e-04 | PDE 2.8142e-04 | BC 1.4969e-06 | L2 6.6703e-04
  Epoch  9000 | Loss 2.4830e-04 | PDE 2.4736e-04 | BC 9.4151e-07 | L2 5.4858e-04
  Epoch 10000 | Loss 1.7692e-04 | PDE 1.7641e-04 | BC 5.1086e-07 | L2 6.8251e-04
  Epoch 11000 | Loss 1.3948e-04 | PDE 1.3910e-04 | BC 3.7576e-07 | L2 5.1343e-04
  Epoch 12000 | Loss 1.3997e-04 | PDE 1.3959e-04 | BC 3.8342e-07 | L2 4.4231e-04
  Epoch 13000 | Loss 9.1119e-05 | PDE 9.0950e-05 | BC 1.6975e-07 | L2 4.8673e-04
  Epoch 14000 | Loss 8.4371e-05 | PDE 8.4144e-05 | BC 2.2686e-07 | L2 4.5598e-04
  Epoch 15000 | Loss 7.7406e-05 | PDE 7.7276e-05 | BC 1.3050e-07 | L2 3.6388e-04
  Done: 20.0s | Params: 407 | Best L2: 3.1751e-04 | Final L2: 3.6388e-04
[abl] case9 strat=S1_single scale=0.6 seed=0: best_l2=3.1751e-04 params=407 t=20.0s
[235/243] case9 S1_single x0.6 s0: ran

======================================================================
  SV-SNN (ACCELERATED)
  Analytic spatial 1st+2nd derivs, vectorized, grid + mask
======================================================================
  Parameters: 407
  Epoch   100 | Loss 3.0488e+01 | PDE 2.9733e+01 | BC 7.5518e-01 | L2 9.4383e-01
  Epoch  1000 | Loss 1.1262e+00 | PDE 9.3624e-01 | BC 1.8996e-01 | L2 4.8870e-01
  Epoch  2000 | Loss 8.9727e-01 | PDE 7.7392e-01 | BC 1.2335e-01 | L2 4.4962e-01
  Epoch  3000 | Loss 8.8391e-01 | PDE 7.6457e-01 | BC 1.1934e-01 | L2 4.4961e-01
  Epoch  4000 | Loss 8.2076e-01 | PDE 7.0139e-01 | BC 1.1937e-01 | L2 4.4817e-01
  Epoch  5000 | Loss 7.7232e-01 | PDE 6.6121e-01 | BC 1.1110e-01 | L2 4.3494e-01
  Epoch  6000 | Loss 5.6723e-04 | PDE 5.6117e-04 | BC 6.0592e-06 | L2 1.6009e-03
  Epoch  7000 | Loss 4.1071e-04 | PDE 4.0884e-04 | BC 1.8677e-06 | L2 9.5342e-04
  Epoch  8000 | Loss 3.2968e-04 | PDE 3.2838e-04 | BC 1.3011e-06 | L2 7.6963e-04
  Epoch  9000 | Loss 2.6193e-04 | PDE 2.6084e-04 | BC 1.0980e-06 | L2 6.9934e-04
  Epoch 10000 | Loss 2.0443e-04 | PDE 2.0358e-04 | BC 8.5576e-07 | L2 5.8772e-04
  Epoch 11000 | Loss 1.6939e-04 | PDE 1.6894e-04 | BC 4.5410e-07 | L2 8.0698e-04
  Epoch 12000 | Loss 1.3211e-04 | PDE 1.3179e-04 | BC 3.2402e-07 | L2 5.7388e-04
  Epoch 13000 | Loss 1.1200e-04 | PDE 1.1153e-04 | BC 4.6899e-07 | L2 5.0381e-04
  Epoch 14000 | Loss 9.5450e-05 | PDE 9.5151e-05 | BC 2.9912e-07 | L2 5.5414e-04
  Epoch 15000 | Loss 6.8616e-05 | PDE 6.8351e-05 | BC 2.6485e-07 | L2 5.2967e-04
  Done: 19.6s | Params: 407 | Best L2: 3.5032e-04 | Final L2: 5.2967e-04
[abl] case9 strat=S1_single scale=0.6 seed=1: best_l2=3.5032e-04 params=407 t=19.6s
[236/243] case9 S1_single x0.6 s1: ran

======================================================================
  SV-SNN (ACCELERATED)
  Analytic spatial 1st+2nd derivs, vectorized, grid + mask
======================================================================
  Parameters: 407
  Epoch   100 | Loss 2.7673e+01 | PDE 2.6977e+01 | BC 6.9596e-01 | L2 9.2750e-01
  Epoch  1000 | Loss 1.0584e+00 | PDE 8.6096e-01 | BC 1.9745e-01 | L2 4.7267e-01
  Epoch  2000 | Loss 4.1190e-01 | PDE 3.3809e-01 | BC 7.3817e-02 | L2 3.1359e-01
  Epoch  3000 | Loss 2.4544e-02 | PDE 1.9698e-02 | BC 4.8459e-03 | L2 4.6753e-02
  Epoch  4000 | Loss 7.2956e-03 | PDE 6.9243e-03 | BC 3.7131e-04 | L2 9.0078e-03
  Epoch  5000 | Loss 5.5218e-03 | PDE 5.2753e-03 | BC 2.4645e-04 | L2 7.2785e-03
  Epoch  6000 | Loss 3.4431e-03 | PDE 3.3016e-03 | BC 1.4158e-04 | L2 5.5311e-03
  Epoch  7000 | Loss 1.4750e-03 | PDE 1.4307e-03 | BC 4.4335e-05 | L2 3.1377e-03
  Epoch  8000 | Loss 4.5841e-04 | PDE 4.5457e-04 | BC 3.8385e-06 | L2 1.0411e-03
  Epoch  9000 | Loss 2.9431e-04 | PDE 2.9400e-04 | BC 3.0959e-07 | L2 5.1815e-04
  Epoch 10000 | Loss 2.8690e-04 | PDE 2.8662e-04 | BC 2.7521e-07 | L2 4.7729e-04
  Epoch 11000 | Loss 2.4894e-04 | PDE 2.4854e-04 | BC 4.0684e-07 | L2 5.6919e-04
  Epoch 12000 | Loss 2.3236e-04 | PDE 2.3221e-04 | BC 1.5384e-07 | L2 4.7362e-04
  Epoch 13000 | Loss 1.9788e-04 | PDE 1.9764e-04 | BC 2.4012e-07 | L2 4.2004e-04
  Epoch 14000 | Loss 2.0998e-04 | PDE 2.0954e-04 | BC 4.4443e-07 | L2 4.7823e-04
  Epoch 15000 | Loss 1.7840e-04 | PDE 1.7802e-04 | BC 3.8508e-07 | L2 4.4710e-04
  Done: 19.3s | Params: 407 | Best L2: 3.5777e-04 | Final L2: 4.4710e-04
[abl] case9 strat=S1_single scale=0.6 seed=2: best_l2=3.5777e-04 params=407 t=19.3s
[237/243] case9 S1_single x0.6 s2: ran

======================================================================
  SV-SNN (ACCELERATED)
  Analytic spatial 1st+2nd derivs, vectorized, grid + mask
======================================================================
  Parameters: 407
  Epoch   100 | Loss 1.6943e+01 | PDE 1.6388e+01 | BC 5.5516e-01 | L2 7.9755e-01
  Epoch  1000 | Loss 1.0228e+00 | PDE 8.6432e-01 | BC 1.5848e-01 | L2 4.9878e-01
  Epoch  2000 | Loss 8.8694e-01 | PDE 7.6056e-01 | BC 1.2638e-01 | L2 4.5226e-01
  Epoch  3000 | Loss 8.2659e-01 | PDE 7.0756e-01 | BC 1.1903e-01 | L2 4.4870e-01
  Epoch  4000 | Loss 2.4540e-02 | PDE 2.2707e-02 | BC 1.8327e-03 | L2 5.8016e-02
  Epoch  5000 | Loss 6.5857e-04 | PDE 6.4464e-04 | BC 1.3936e-05 | L2 1.9182e-03
  Epoch  6000 | Loss 4.6221e-04 | PDE 4.5840e-04 | BC 3.8141e-06 | L2 1.0068e-03
  Epoch  7000 | Loss 3.5298e-04 | PDE 3.5049e-04 | BC 2.4883e-06 | L2 8.3340e-04
  Epoch  8000 | Loss 2.9052e-04 | PDE 2.8908e-04 | BC 1.4390e-06 | L2 6.8932e-04
  Epoch  9000 | Loss 2.3061e-04 | PDE 2.2982e-04 | BC 7.8864e-07 | L2 5.3209e-04
  Epoch 10000 | Loss 1.8969e-04 | PDE 1.8917e-04 | BC 5.2653e-07 | L2 5.3638e-04
  Epoch 11000 | Loss 1.3578e-04 | PDE 1.3539e-04 | BC 3.9154e-07 | L2 5.8415e-04
  Epoch 12000 | Loss 1.1034e-04 | PDE 1.1008e-04 | BC 2.6528e-07 | L2 3.7278e-04
  Epoch 13000 | Loss 9.9216e-05 | PDE 9.8917e-05 | BC 2.9956e-07 | L2 5.0260e-04
  Epoch 14000 | Loss 8.2070e-05 | PDE 8.1912e-05 | BC 1.5830e-07 | L2 4.6605e-04
  Epoch 15000 | Loss 8.2167e-05 | PDE 8.1944e-05 | BC 2.2248e-07 | L2 5.1744e-04
  Done: 19.9s | Params: 407 | Best L2: 3.0937e-04 | Final L2: 5.1744e-04
[abl] case9 strat=S1_single scale=1.5 seed=0: best_l2=3.0937e-04 params=407 t=19.9s
[241/243] case9 S1_single x1.5 s0: ran

======================================================================
  SV-SNN (ACCELERATED)
  Analytic spatial 1st+2nd derivs, vectorized, grid + mask
======================================================================
  Parameters: 407
  Epoch   100 | Loss 3.0488e+01 | PDE 2.9733e+01 | BC 7.5518e-01 | L2 9.4383e-01
  Epoch  1000 | Loss 1.1262e+00 | PDE 9.3624e-01 | BC 1.8996e-01 | L2 4.8870e-01
  Epoch  2000 | Loss 8.9727e-01 | PDE 7.7392e-01 | BC 1.2335e-01 | L2 4.4962e-01
  Epoch  3000 | Loss 8.8391e-01 | PDE 7.6457e-01 | BC 1.1934e-01 | L2 4.4961e-01
  Epoch  4000 | Loss 8.2076e-01 | PDE 7.0139e-01 | BC 1.1937e-01 | L2 4.4817e-01
  Epoch  5000 | Loss 7.7232e-01 | PDE 6.6121e-01 | BC 1.1110e-01 | L2 4.3494e-01
  Epoch  6000 | Loss 5.6723e-04 | PDE 5.6117e-04 | BC 6.0592e-06 | L2 1.6009e-03
  Epoch  7000 | Loss 4.1071e-04 | PDE 4.0884e-04 | BC 1.8677e-06 | L2 9.5342e-04
  Epoch  8000 | Loss 3.2968e-04 | PDE 3.2838e-04 | BC 1.3011e-06 | L2 7.6963e-04
  Epoch  9000 | Loss 2.6193e-04 | PDE 2.6084e-04 | BC 1.0980e-06 | L2 6.9933e-04
  Epoch 10000 | Loss 2.0443e-04 | PDE 2.0358e-04 | BC 8.5576e-07 | L2 5.8772e-04
  Epoch 11000 | Loss 1.6939e-04 | PDE 1.6894e-04 | BC 4.5410e-07 | L2 8.0698e-04
  Epoch 12000 | Loss 1.3211e-04 | PDE 1.3179e-04 | BC 3.2402e-07 | L2 5.7388e-04
  Epoch 13000 | Loss 1.1200e-04 | PDE 1.1153e-04 | BC 4.6899e-07 | L2 5.0381e-04
  Epoch 14000 | Loss 9.5450e-05 | PDE 9.5151e-05 | BC 2.9912e-07 | L2 5.5414e-04
  Epoch 15000 | Loss 6.8616e-05 | PDE 6.8351e-05 | BC 2.6485e-07 | L2 5.2967e-04
  Done: 19.5s | Params: 407 | Best L2: 3.5032e-04 | Final L2: 5.2967e-04
[abl] case9 strat=S1_single scale=1.5 seed=1: best_l2=3.5032e-04 params=407 t=19.5s
[242/243] case9 S1_single x1.5 s1: ran

======================================================================
  SV-SNN (ACCELERATED)
  Analytic spatial 1st+2nd derivs, vectorized, grid + mask
======================================================================
  Parameters: 407
  Epoch   100 | Loss 2.7673e+01 | PDE 2.6977e+01 | BC 6.9596e-01 | L2 9.2750e-01
  Epoch  1000 | Loss 1.0584e+00 | PDE 8.6099e-01 | BC 1.9745e-01 | L2 4.7267e-01
  Epoch  2000 | Loss 4.1190e-01 | PDE 3.3808e-01 | BC 7.3818e-02 | L2 3.1359e-01
  Epoch  3000 | Loss 2.4542e-02 | PDE 1.9696e-02 | BC 4.8458e-03 | L2 4.6751e-02
  Epoch  4000 | Loss 7.3275e-03 | PDE 6.9556e-03 | BC 3.7192e-04 | L2 9.0216e-03
  Epoch  5000 | Loss 5.5154e-03 | PDE 5.2684e-03 | BC 2.4700e-04 | L2 7.2790e-03
  Epoch  6000 | Loss 3.4548e-03 | PDE 3.3132e-03 | BC 1.4162e-04 | L2 5.5456e-03
  Epoch  7000 | Loss 1.4735e-03 | PDE 1.4293e-03 | BC 4.4171e-05 | L2 3.1244e-03
  Epoch  8000 | Loss 4.6753e-04 | PDE 4.6362e-04 | BC 3.9083e-06 | L2 1.0552e-03
  Epoch  9000 | Loss 3.0585e-04 | PDE 3.0550e-04 | BC 3.4413e-07 | L2 4.8394e-04
  Epoch 10000 | Loss 2.5941e-04 | PDE 2.5918e-04 | BC 2.2502e-07 | L2 4.2467e-04
  Epoch 11000 | Loss 3.0005e-04 | PDE 2.9948e-04 | BC 5.6934e-07 | L2 7.4019e-04
  Epoch 12000 | Loss 2.3087e-04 | PDE 2.3056e-04 | BC 3.0446e-07 | L2 5.1586e-04
  Epoch 13000 | Loss 1.9347e-04 | PDE 1.9327e-04 | BC 1.9927e-07 | L2 4.5565e-04
  Epoch 14000 | Loss 1.9853e-04 | PDE 1.9827e-04 | BC 2.6238e-07 | L2 4.9192e-04
  Epoch 15000 | Loss 2.1315e-04 | PDE 2.1271e-04 | BC 4.3659e-07 | L2 5.1885e-04
  Done: 19.2s | Params: 407 | Best L2: 3.6029e-04 | Final L2: 5.1885e-04
[abl] case9 strat=S1_single scale=1.5 seed=2: best_l2=3.6029e-04 params=407 t=19.2s
[243/243] case9 S1_single x1.5 s2: ran
build summary: {'cached': 136, 'reused': 0, 'ran': 107, 'missing': 0, 'FAILED': 0}
wrote /root/autodl-tmp/rebuttal_experiments/E22_freq_init_innovation/saved_data/E22_summary.csv (81 rows)
