# t  x  u_exact  u_pred  abs_error
0.000000e+00 0.000000e+00 0.000000e+00 -5.176783e-03 5.176783e-03
1.010101e-02 0.000000e+00 0.000000e+00 -5.182654e-03 5.182654e-03
2.020202e-02 0.000000e+00 0.000000e+00 -5.181998e-03 5.181998e-03
3.030303e-02 0.000000e+00 0.000000e+00 -5.176961e-03 5.176961e-03
4.040404e-02 0.000000e+00 0.000000e+00 -5.173147e-03 5.173147e-03
5.050505e-02 0.000000e+00 0.000000e+00 -5.170971e-03 5.170971e-03
6.060606e-02 0.000000e+00 0.000000e+00 -5.180776e-03 5.180776e-03
7.070707e-02 0.000000e+00 0.000000e+00 -5.171925e-03 5.171925e-03
8.080808e-02 0.000000e+00 0.000000e+00 -5.183578e-03 5.183578e-03
9.090909e-02 0.000000e+00 0.000000e+00 -5.181551e-03 5.181551e-03
1.010101e-01 0.000000e+00 0.000000e+00 -5.179286e-03 5.179286e-03
1.111111e-01 0.000000e+00 0.000000e+00 -5.177647e-03 5.177647e-03
1.212121e-01 0.000000e+00 0.000000e+00 -5.175650e-03 5.175650e-03
1.313131e-01 0.000000e+00 0.000000e+00 -5.177498e-03 5.177498e-03
1.414141e-01 0.000000e+00 0.000000e+00 -5.174637e-03 5.174637e-03
1.515152e-01 0.000000e+00 0.000000e+00 -5.174667e-03 5.174667e-03
1.616162e-01 0.000000e+00 0.000000e+00 -5.177021e-03 5.177021e-03
1.717172e-01 0.000000e+00 0.000000e+00 -5.180210e-03 5.180210e-03
1.818182e-01 0.000000e+00 0.000000e+00 -5.175591e-03 5.175591e-03
1.919192e-01 0.000000e+00 0.000000e+00 -5.177647e-03 5.177647e-03
2.020202e-01 0.000000e+00 0.000000e+00 -5.177766e-03 5.177766e-03
2.121212e-01 0.000000e+00 0.000000e+00 -5.179107e-03 5.179107e-03
2.222222e-01 0.000000e+00 0.000000e+00 -5.178154e-03 5.178154e-03
2.323232e-01 0.000000e+00 0.000000e+00 -5.174756e-03 5.174756e-03
2.424242e-01 0.000000e+00 0.000000e+00 -5.171448e-03 5.171448e-03
2.525253e-01 0.000000e+00 0.000000e+00 -5.177051e-03 5.177051e-03
2.626263e-01 0.000000e+00 0.000000e+00 -5.182803e-03 5.182803e-03
2.727273e-01 0.000000e+00 0.000000e+00 -5.175114e-03 5.175114e-03
2.828283e-01 0.000000e+00 0.000000e+00 -5.181223e-03 5.181223e-03
2.929293e-01 0.000000e+00 0.000000e+00 -5.172253e-03 5.172253e-03
3.030303e-01 0.000000e+00 0.000000e+00 -5.176902e-03 5.176902e-03
3.131313e-01 0.000000e+00 0.000000e+00 -5.176604e-03 5.176604e-03
3.232323e-01 0.000000e+00 0.000000e+00 -5.178303e-03 5.178303e-03
3.333333e-01 0.000000e+00 0.000000e+00 -5.178005e-03 5.178005e-03
3.434343e-01 0.000000e+00 0.000000e+00 -5.185843e-03 5.185843e-03
3.535354e-01 0.000000e+00 0.000000e+00 -5.174607e-03 5.174607e-03
3.636364e-01 0.000000e+00 0.000000e+00 -5.173296e-03 5.173296e-03
3.737374e-01 0.000000e+00 0.000000e+00 -5.173385e-03 5.173385e-03
3.838384e-01 0.000000e+00 0.000000e+00 -5.182296e-03 5.182296e-03
3.939394e-01 0.000000e+00 0.000000e+00 -5.182207e-03 5.182207e-03
4.040404e-01 0.000000e+00 0.000000e+00 -5.178154e-03 5.178154e-03
4.141414e-01 0.000000e+00 0.000000e+00 -5.172849e-03 5.172849e-03
4.242424e-01 0.000000e+00 0.000000e+00 -5.171388e-03 5.171388e-03
4.343434e-01 0.000000e+00 0.000000e+00 -5.182922e-03 5.182922e-03
4.444444e-01 0.000000e+00 0.000000e+00 -5.181432e-03 5.181432e-03
4.545455e-01 0.000000e+00 0.000000e+00 -5.184680e-03 5.184680e-03
4.646465e-01 0.000000e+00 0.000000e+00 -5.171359e-03 5.171359e-03
4.747475e-01 0.000000e+00 0.000000e+00 -5.178750e-03 5.178750e-03
4.848485e-01 0.000000e+00 0.000000e+00 -5.170822e-03 5.170822e-03
4.949495e-01 0.000000e+00 0.000000e+00 -5.182326e-03 5.182326e-03
5.050505e-01 0.000000e+00 0.000000e+00 -5.172193e-03 5.172193e-03
5.151515e-01 0.000000e+00 0.000000e+00 -5.177200e-03 5.177200e-03
5.252525e-01 0.000000e+00 0.000000e+00 -5.173922e-03 5.173922e-03
5.353535e-01 0.000000e+00 0.000000e+00 -5.174041e-03 5.174041e-03
5.454545e-01 0.000000e+00 0.000000e+00 -5.183339e-03 5.183339e-03
5.555556e-01 0.000000e+00 0.000000e+00 -5.176902e-03 5.176902e-03
5.656566e-01 0.000000e+00 0.000000e+00 -5.179644e-03 5.179644e-03
5.757576e-01 0.000000e+00 0.000000e+00 -5.175769e-03 5.175769e-03
5.858586e-01 0.000000e+00 0.000000e+00 -5.177557e-03 5.177557e-03
5.959596e-01 0.000000e+00 0.000000e+00 -5.174577e-03 5.174577e-03
6.060606e-01 0.000000e+00 0.000000e+00 -5.178988e-03 5.178988e-03
6.161616e-01 0.000000e+00 0.000000e+00 -5.176306e-03 5.176306e-03
6.262626e-01 0.000000e+00 0.000000e+00 -5.177557e-03 5.177557e-03
6.363636e-01 0.000000e+00 0.000000e+00 -5.177855e-03 5.177855e-03
6.464646e-01 0.000000e+00 0.000000e+00 -5.173683e-03 5.173683e-03
6.565657e-01 0.000000e+00 0.000000e+00 -5.172729e-03 5.172729e-03
6.666667e-01 0.000000e+00 0.000000e+00 -5.171537e-03 5.171537e-03
6.767677e-01 0.000000e+00 0.000000e+00 -5.179882e-03 5.179882e-03
6.868687e-01 0.000000e+00 0.000000e+00 -5.176663e-03 5.176663e-03
6.969697e-01 0.000000e+00 0.000000e+00 -5.177975e-03 5.177975e-03
7.070707e-01 0.000000e+00 0.000000e+00 -5.173266e-03 5.173266e-03
7.171717e-01 0.000000e+00 0.000000e+00 -5.174309e-03 5.174309e-03
7.272727e-01 0.000000e+00 0.000000e+00 -5.176395e-03 5.176395e-03
7.373737e-01 0.000000e+00 0.000000e+00 -5.175054e-03 5.175054e-03
7.474747e-01 0.000000e+00 0.000000e+00 -5.178183e-03 5.178183e-03
7.575758e-01 0.000000e+00 0.000000e+00 -5.172729e-03 5.172729e-03
7.676768e-01 0.000000e+00 0.000000e+00 -5.177021e-03 5.177021e-03
7.777778e-01 0.000000e+00 0.000000e+00 -5.166113e-03 5.166113e-03
7.878788e-01 0.000000e+00 0.000000e+00 -5.174637e-03 5.174637e-03
7.979798e-01 0.000000e+00 0.000000e+00 -5.174160e-03 5.174160e-03
8.080808e-01 0.000000e+00 0.000000e+00 -5.177766e-03 5.177766e-03
8.181818e-01 0.000000e+00 0.000000e+00 -5.175561e-03 5.175561e-03
8.282828e-01 0.000000e+00 0.000000e+00 -5.175173e-03 5.175173e-03
8.383838e-01 0.000000e+00 0.000000e+00 -5.173266e-03 5.173266e-03
8.484848e-01 0.000000e+00 0.000000e+00 -5.172342e-03 5.172342e-03
8.585859e-01 0.000000e+00 0.000000e+00 -5.181134e-03 5.181134e-03
8.686869e-01 0.000000e+00 0.000000e+00 -5.182505e-03 5.182505e-03
8.787879e-01 0.000000e+00 0.000000e+00 -5.176663e-03 5.176663e-03
8.888889e-01 0.000000e+00 0.000000e+00 -5.183101e-03 5.183101e-03
8.989899e-01 0.000000e+00 0.000000e+00 -5.178809e-03 5.178809e-03
9.090909e-01 0.000000e+00 0.000000e+00 -5.177408e-03 5.177408e-03
9.191919e-01 0.000000e+00 0.000000e+00 -5.174816e-03 5.174816e-03
9.292929e-01 0.000000e+00 0.000000e+00 -5.182683e-03 5.182683e-03
9.393939e-01 0.000000e+00 0.000000e+00 -5.177498e-03 5.177498e-03
9.494949e-01 0.000000e+00 0.000000e+00 -5.175769e-03 5.175769e-03
9.595960e-01 0.000000e+00 0.000000e+00 -5.177051e-03 5.177051e-03
9.696970e-01 0.000000e+00 0.000000e+00 -5.176157e-03 5.176157e-03
9.797980e-01 0.000000e+00 0.000000e+00 -5.174279e-03 5.174279e-03
9.898990e-01 0.000000e+00 0.000000e+00 -5.179644e-03 5.179644e-03
1.000000e+00 0.000000e+00 0.000000e+00 -5.176544e-03 5.176544e-03
0.000000e+00 1.010101e-02 -1.580014e-01 -5.174041e-03 1.528274e-01
1.010101e-02 1.010101e-02 -1.564135e-01 -5.177379e-03 1.512361e-01
2.020202e-02 1.010101e-02 -1.548415e-01 -5.177557e-03 1.496639e-01
3.030303e-02 1.010101e-02 -1.532853e-01 -5.180120e-03 1.481052e-01
4.040404e-02 1.010101e-02 -1.517447e-01 -5.178720e-03 1.465660e-01
5.050505e-02 1.010101e-02 -1.502197e-01 -5.175769e-03 1.450439e-01
6.060606e-02 1.010101e-02 -1.487100e-01 -5.172729e-03 1.435372e-01
7.070707e-02 1.010101e-02 -1.472154e-01 -5.172968e-03 1.420424e-01
8.080808e-02 1.010101e-02 -1.457359e-01 -5.180448e-03 1.405554e-01
9.090909e-02 1.010101e-02 -1.442712e-01 -5.184054e-03 1.390871e-01
1.010101e-01 1.010101e-02 -1.428212e-01 -5.180418e-03 1.376408e-01
1.111111e-01 1.010101e-02 -1.413859e-01 -5.181342e-03 1.362045e-01
1.212121e-01 1.010101e-02 -1.399649e-01 -5.183220e-03 1.347817e-01
1.313131e-01 1.010101e-02 -1.385582e-01 -5.174696e-03 1.333835e-01
1.414141e-01 1.010101e-02 -1.371657e-01 -5.173087e-03 1.319926e-01
1.515152e-01 1.010101e-02 -1.357872e-01 -5.175143e-03 1.306120e-01
1.616162e-01 1.010101e-02 -1.344225e-01 -5.181879e-03 1.292406e-01
1.717172e-01 1.010101e-02 -1.330715e-01 -5.182207e-03 1.278893e-01
1.818182e-01 1.010101e-02 -1.317341e-01 -5.182445e-03 1.265517e-01
1.919192e-01 1.010101e-02 -1.304102e-01 -5.178303e-03 1.252319e-01
2.020202e-01 1.010101e-02 -1.290995e-01 -5.171508e-03 1.239280e-01
2.121212e-01 1.010101e-02 -1.278021e-01 -5.175710e-03 1.226263e-01
2.222222e-01 1.010101e-02 -1.265176e-01 -5.174518e-03 1.213431e-01
2.323232e-01 1.010101e-02 -1.252461e-01 -5.174756e-03 1.200713e-01
2.424242e-01 1.010101e-02 -1.239874e-01 -5.180538e-03 1.188068e-01
2.525253e-01 1.010101e-02 -1.227413e-01 -5.181551e-03 1.175597e-01
2.626263e-01 1.010101e-02 -1.215077e-01 -5.176097e-03 1.163316e-01
2.727273e-01 1.010101e-02 -1.202865e-01 -5.175024e-03 1.151115e-01
2.828283e-01 1.010101e-02 -1.190776e-01 -5.173624e-03 1.139040e-01
2.929293e-01 1.010101e-02 -1.178809e-01 -5.184531e-03 1.126963e-01
3.030303e-01 1.010101e-02 -1.166962e-01 -5.174518e-03 1.115216e-01
3.131313e-01 1.010101e-02 -1.155233e-01 -5.175471e-03 1.103479e-01
3.232323e-01 1.010101e-02 -1.143623e-01 -5.180806e-03 1.091815e-01
3.333333e-01 1.010101e-02 -1.132129e-01 -5.172074e-03 1.080409e-01
3.434343e-01 1.010101e-02 -1.120751e-01 -5.183548e-03 1.068916e-01
3.535354e-01 1.010101e-02 -1.109488e-01 -5.174279e-03 1.057745e-01
3.636364e-01 1.010101e-02 -1.098337e-01 -5.175680e-03 1.046580e-01
3.737374e-01 1.010101e-02 -1.087299e-01 -5.175978e-03 1.035539e-01
3.838384e-01 1.010101e-02 -1.076371e-01 -5.175650e-03 1.024615e-01
3.939394e-01 1.010101e-02 -1.065553e-01 -5.176455e-03 1.013789e-01
4.040404e-01 1.010101e-02 -1.054844e-01 -5.179733e-03 1.003047e-01
4.141414e-01 1.010101e-02 -1.044243e-01 -5.176842e-03 9.924746e-02
4.242424e-01 1.010101e-02 -1.033748e-01 -5.173266e-03 9.820156e-02
4.343434e-01 1.010101e-02 -1.023359e-01 -5.177379e-03 9.715851e-02
4.444444e-01 1.010101e-02 -1.013074e-01 -5.174994e-03 9.613240e-02
4.545455e-01 1.010101e-02 -1.002892e-01 -5.181253e-03 9.510799e-02
4.646465e-01 1.010101e-02 -9.928132e-02 -5.180627e-03 9.410069e-02
4.747475e-01 1.010101e-02 -9.828352e-02 -5.176812e-03 9.310671e-02
4.848485e-01 1.010101e-02 -9.729576e-02 -5.178988e-03 9.211677e-02
4.949495e-01 1.010101e-02 -9.631792e-02 -5.172580e-03 9.114534e-02
5.050505e-01 1.010101e-02 -9.534991e-02 -5.177975e-03 9.017193e-02
5.151515e-01 1.010101e-02 -9.439163e-02 -5.177796e-03 8.921383e-02
5.252525e-01 1.010101e-02 -9.344297e-02 -5.171448e-03 8.827153e-02
5.353535e-01 1.010101e-02 -9.250386e-02 -5.171716e-03 8.733214e-02
5.454545e-01 1.010101e-02 -9.157418e-02 -5.175740e-03 8.639844e-02
5.555556e-01 1.010101e-02 -9.065384e-02 -5.180955e-03 8.547289e-02
5.656566e-01 1.010101e-02 -8.974276e-02 -5.181611e-03 8.456114e-02
5.757576e-01 1.010101e-02 -8.884083e-02 -5.178869e-03 8.366196e-02
5.858586e-01 1.010101e-02 -8.794796e-02 -5.182773e-03 8.276519e-02
5.959596e-01 1.010101e-02 -8.706407e-02 -5.181670e-03 8.188240e-02
6.060606e-01 1.010101e-02 -8.618906e-02 -5.174577e-03 8.101448e-02
6.161616e-01 1.010101e-02 -8.532285e-02 -5.174816e-03 8.014803e-02
6.262626e-01 1.010101e-02 -8.446534e-02 -5.184352e-03 7.928099e-02
6.363636e-01 1.010101e-02 -8.361645e-02 -5.181193e-03 7.843525e-02
6.464646e-01 1.010101e-02 -8.277609e-02 -5.175382e-03 7.760071e-02
6.565657e-01 1.010101e-02 -8.194417e-02 -5.183011e-03 7.676116e-02
6.666667e-01 1.010101e-02 -8.112062e-02 -5.172431e-03 7.594819e-02
6.767677e-01 1.010101e-02 -8.030535e-02 -5.174100e-03 7.513125e-02
6.868687e-01 1.010101e-02 -7.949826e-02 -5.178273e-03 7.431999e-02
6.969697e-01 1.010101e-02 -7.869929e-02 -5.173743e-03 7.352555e-02
7.070707e-01 1.010101e-02 -7.790835e-02 -5.178064e-03 7.273029e-02
7.171717e-01 1.010101e-02 -7.712536e-02 -5.188406e-03 7.193695e-02
7.272727e-01 1.010101e-02 -7.635024e-02 -5.181432e-03 7.116881e-02
7.373737e-01 1.010101e-02 -7.558290e-02 -5.172938e-03 7.040997e-02
7.474747e-01 1.010101e-02 -7.482328e-02 -5.174518e-03 6.964877e-02
7.575758e-01 1.010101e-02 -7.407130e-02 -5.176425e-03 6.889487e-02
7.676768e-01 1.010101e-02 -7.332687e-02 -5.181760e-03 6.814511e-02
7.777778e-01 1.010101e-02 -7.258992e-02 -5.177557e-03 6.741236e-02
7.878788e-01 1.010101e-02 -7.186038e-02 -5.173862e-03 6.668652e-02
7.979798e-01 1.010101e-02 -7.113817e-02 -5.183846e-03 6.595433e-02
8.080808e-01 1.010101e-02 -7.042322e-02 -5.172551e-03 6.525067e-02
8.181818e-01 1.010101e-02 -6.971546e-02 -5.180717e-03 6.453474e-02
8.282828e-01 1.010101e-02 -6.901480e-02 -5.175352e-03 6.383945e-02
8.383838e-01 1.010101e-02 -6.832119e-02 -5.176187e-03 6.314501e-02
8.484848e-01 1.010101e-02 -6.763455e-02 -5.174756e-03 6.245980e-02
8.585859e-01 1.010101e-02 -6.695482e-02 -5.175263e-03 6.177955e-02
8.686869e-01 1.010101e-02 -6.628191e-02 -5.177796e-03 6.110411e-02
8.787879e-01 1.010101e-02 -6.561577e-02 -5.177408e-03 6.043836e-02
8.888889e-01 1.010101e-02 -6.495632e-02 -5.182266e-03 5.977405e-02
8.989899e-01 1.010101e-02 -6.430349e-02 -5.178571e-03 5.912492e-02
9.090909e-01 1.010101e-02 -6.365723e-02 -5.167902e-03 5.848933e-02
9.191919e-01 1.010101e-02 -6.301747e-02 -5.174518e-03 5.784295e-02
9.292929e-01 1.010101e-02 -6.238413e-02 -5.175978e-03 5.720815e-02
9.393939e-01 1.010101e-02 -6.175716e-02 -5.179554e-03 5.657761e-02
9.494949e-01 1.010101e-02 -6.113649e-02 -5.174875e-03 5.596162e-02
9.595960e-01 1.010101e-02 -6.052206e-02 -5.176812e-03 5.534525e-02
9.696970e-01 1.010101e-02 -5.991380e-02 -5.177855e-03 5.473595e-02
9.797980e-01 1.010101e-02 -5.931166e-02 -5.171537e-03 5.414012e-02
9.898990e-01 1.010101e-02 -5.871557e-02 -5.177647e-03 5.353792e-02
1.000000e+00 1.010101e-02 -5.812547e-02 -5.179584e-03 5.294588e-02
0.000000e+00 2.020202e-02 3.120334e-01 -5.183309e-03 3.172168e-01
1.010101e-02 2.020202e-02 3.088975e-01 -5.175710e-03 3.140732e-01
2.020202e-02 2.020202e-02 3.057930e-01 -5.177081e-03 3.109701e-01
3.030303e-02 2.020202e-02 3.027197e-01 -5.180955e-03 3.079007e-01
4.040404e-02 2.020202e-02 2.996773e-01 -5.173862e-03 3.048512e-01
5.050505e-02 2.020202e-02 2.966655e-01 -5.182326e-03 3.018479e-01
6.060606e-02 2.020202e-02 2.936840e-01 -5.177081e-03 2.988611e-01
7.070707e-02 2.020202e-02 2.907324e-01 -5.175501e-03 2.959079e-01
8.080808e-02 2.020202e-02 2.878105e-01 -5.179584e-03 2.929901e-01
9.090909e-02 2.020202e-02 2.849180e-01 -5.180895e-03 2.900989e-01
1.010101e-01 2.020202e-02 2.820545e-01 -5.184799e-03 2.872393e-01
1.111111e-01 2.020202e-02 2.792198e-01 -5.172133e-03 2.843919e-01
1.212121e-01 2.020202e-02 2.764136e-01 -5.178511e-03 2.815921e-01
1.313131e-01 2.020202e-02 2.736356e-01 -5.173236e-03 2.788088e-01
1.414141e-01 2.020202e-02 2.708855e-01 -5.180120e-03 2.760656e-01
1.515152e-01 2.020202e-02 2.681631e-01 -5.173802e-03 2.733369e-01
1.616162e-01 2.020202e-02 2.654680e-01 -5.185008e-03 2.706530e-01
1.717172e-01 2.020202e-02 2.628000e-01 -5.171895e-03 2.679719e-01
1.818182e-01 2.020202e-02 2.601588e-01 -5.179942e-03 2.653387e-01
1.919192e-01 2.020202e-02 2.575442e-01 -5.175531e-03 2.627197e-01
2.020202e-01 2.020202e-02 2.549558e-01 -5.174518e-03 2.601303e-01
2.121212e-01 2.020202e-02 2.523934e-01 -5.176336e-03 2.575698e-01
2.222222e-01 2.020202e-02 2.498569e-01 -5.174100e-03 2.550310e-01
2.323232e-01 2.020202e-02 2.473457e-01 -5.179048e-03 2.525248e-01
2.424242e-01 2.020202e-02 2.448599e-01 -5.181283e-03 2.500412e-01
2.525253e-01 2.020202e-02 2.423990e-01 -5.179614e-03 2.475786e-01
2.626263e-01 2.020202e-02 2.399628e-01 -5.172759e-03 2.451356e-01
2.727273e-01 2.020202e-02 2.375512e-01 -5.177498e-03 2.427287e-01
2.828283e-01 2.020202e-02 2.351638e-01 -5.176365e-03 2.403401e-01
2.929293e-01 2.020202e-02 2.328003e-01 -5.174041e-03 2.379744e-01
3.030303e-01 2.020202e-02 2.304606e-01 -5.180985e-03 2.356416e-01
3.131313e-01 2.020202e-02 2.281445e-01 -5.180895e-03 2.333254e-01
3.232323e-01 2.020202e-02 2.258516e-01 -5.178630e-03 2.310302e-01
3.333333e-01 2.020202e-02 2.235817e-01 -5.179584e-03 2.287613e-01
3.434343e-01 2.020202e-02 2.213347e-01 -5.175352e-03 2.265101e-01
3.535354e-01 2.020202e-02 2.191102e-01 -5.175203e-03 2.242855e-01
3.636364e-01 2.020202e-02 2.169082e-01 -5.180031e-03 2.220882e-01
3.737374e-01 2.020202e-02 2.147282e-01 -5.174756e-03 2.199029e-01
3.838384e-01 2.020202e-02 2.125701e-01 -5.178273e-03 2.177484e-01
3.939394e-01 2.020202e-02 2.104338e-01 -5.173743e-03 2.156075e-01
4.040404e-01 2.020202e-02 2.083189e-01 -5.177319e-03 2.134962e-01
4.141414e-01 2.020202e-02 2.062252e-01 -5.186319e-03 2.114116e-01
4.242424e-01 2.020202e-02 2.041526e-01 -5.177557e-03 2.093302e-01
4.343434e-01 2.020202e-02 2.021009e-01 -5.177319e-03 2.072782e-01
4.444444e-01 2.020202e-02 2.000697e-01 -5.178273e-03 2.052480e-01
4.545455e-01 2.020202e-02 1.980590e-01 -5.171895e-03 2.032309e-01
4.646465e-01 2.020202e-02 1.960685e-01 -5.181521e-03 2.012500e-01
4.747475e-01 2.020202e-02 1.940979e-01 -5.182773e-03 1.992807e-01
4.848485e-01 2.020202e-02 1.921472e-01 -5.176514e-03 1.973237e-01
4.949495e-01 2.020202e-02 1.902161e-01 -5.183071e-03 1.953992e-01
5.050505e-01 2.020202e-02 1.883044e-01 -5.174220e-03 1.934786e-01
5.151515e-01 2.020202e-02 1.864119e-01 -5.169779e-03 1.915817e-01
5.252525e-01 2.020202e-02 1.845385e-01 -5.176246e-03 1.897147e-01
5.353535e-01 2.020202e-02 1.826838e-01 -5.176008e-03 1.878598e-01
5.454545e-01 2.020202e-02 1.808478e-01 -5.185574e-03 1.860334e-01
5.555556e-01 2.020202e-02 1.790303e-01 -5.177468e-03 1.842077e-01
5.656566e-01 2.020202e-02 1.772310e-01 -5.174816e-03 1.824058e-01
5.757576e-01 2.020202e-02 1.754498e-01 -5.176842e-03 1.806266e-01
5.858586e-01 2.020202e-02 1.736865e-01 -5.179644e-03 1.788661e-01
5.959596e-01 2.020202e-02 1.719409e-01 -5.179703e-03 1.771206e-01
6.060606e-01 2.020202e-02 1.702129e-01 -5.175471e-03 1.753883e-01
6.161616e-01 2.020202e-02 1.685022e-01 -5.179733e-03 1.736819e-01
6.262626e-01 2.020202e-02 1.668087e-01 -5.180806e-03 1.719895e-01
6.363636e-01 2.020202e-02 1.651323e-01 -5.184650e-03 1.703169e-01
6.464646e-01 2.020202e-02 1.634727e-01 -5.176008e-03 1.686487e-01
6.565657e-01 2.020202e-02 1.618297e-01 -5.183071e-03 1.670128e-01
6.666667e-01 2.020202e-02 1.602033e-01 -5.177349e-03 1.653807e-01
6.767677e-01 2.020202e-02 1.585932e-01 -5.177438e-03 1.637707e-01
6.868687e-01 2.020202e-02 1.569994e-01 -5.180091e-03 1.621794e-01
6.969697e-01 2.020202e-02 1.554215e-01 -5.179346e-03 1.606008e-01
7.070707e-01 2.020202e-02 1.538595e-01 -5.178273e-03 1.590377e-01
7.171717e-01 2.020202e-02 1.523132e-01 -5.185068e-03 1.574982e-01
7.272727e-01 2.020202e-02 1.507824e-01 -5.178034e-03 1.559604e-01
7.373737e-01 2.020202e-02 1.492670e-01 -5.176663e-03 1.544437e-01
7.474747e-01 2.020202e-02 1.477668e-01 -5.180955e-03 1.529478e-01
7.575758e-01 2.020202e-02 1.462818e-01 -5.172968e-03 1.514547e-01
7.676768e-01 2.020202e-02 1.448116e-01 -5.177140e-03 1.499887e-01
7.777778e-01 2.020202e-02 1.433562e-01 -5.179465e-03 1.485357e-01
7.878788e-01 2.020202e-02 1.419155e-01 -5.179882e-03 1.470954e-01
7.979798e-01 2.020202e-02 1.404892e-01 -5.180091e-03 1.456693e-01
8.080808e-01 2.020202e-02 1.390773e-01 -5.180687e-03 1.442579e-01
8.181818e-01 2.020202e-02 1.376795e-01 -5.179405e-03 1.428589e-01
8.282828e-01 2.020202e-02 1.362958e-01 -5.180925e-03 1.414767e-01
8.383838e-01 2.020202e-02 1.349260e-01 -5.176485e-03 1.401025e-01
8.484848e-01 2.020202e-02 1.335700e-01 -5.174100e-03 1.387441e-01
8.585859e-01 2.020202e-02 1.322276e-01 -5.179524e-03 1.374071e-01
8.686869e-01 2.020202e-02 1.308987e-01 -5.177408e-03 1.360761e-01
8.787879e-01 2.020202e-02 1.295831e-01 -5.182981e-03 1.347661e-01
8.888889e-01 2.020202e-02 1.282808e-01 -5.185872e-03 1.334667e-01
8.989899e-01 2.020202e-02 1.269915e-01 -5.175233e-03 1.321668e-01
9.090909e-01 2.020202e-02 1.257153e-01 -5.174637e-03 1.308899e-01
9.191919e-01 2.020202e-02 1.244518e-01 -5.174756e-03 1.296266e-01
9.292929e-01 2.020202e-02 1.232010e-01 -5.172998e-03 1.283740e-01
9.393939e-01 2.020202e-02 1.219628e-01 -5.176067e-03 1.271389e-01
9.494949e-01 2.020202e-02 1.207371e-01 -5.183548e-03 1.259206e-01
9.595960e-01 2.020202e-02 1.195237e-01 -5.182028e-03 1.247057e-01
9.696970e-01 2.020202e-02 1.183224e-01 -5.178243e-03 1.235007e-01
9.797980e-01 2.020202e-02 1.171333e-01 -5.173802e-03 1.223071e-01
9.898990e-01 2.020202e-02 1.159561e-01 -5.174309e-03 1.211304e-01
1.000000e+00 2.020202e-02 1.147907e-01 -5.182087e-03 1.199728e-01
0.000000e+00 3.030303e-02 -4.582265e-01 -5.182475e-03 4.530440e-01
1.010101e-02 3.030303e-02 -4.536213e-01 -5.177975e-03 4.484433e-01
2.020202e-02 3.030303e-02 -4.490623e-01 -5.176991e-03 4.438853e-01
3.030303e-02 3.030303e-02 -4.445491e-01 -5.180478e-03 4.393687e-01
4.040404e-02 3.030303e-02 -4.400814e-01 -5.172014e-03 4.349093e-01
5.050505e-02 3.030303e-02 -4.356585e-01 -5.180448e-03 4.304780e-01
6.060606e-02 3.030303e-02 -4.312800e-01 -5.180240e-03 4.260998e-01
7.070707e-02 3.030303e-02 -4.269456e-01 -5.182207e-03 4.217634e-01
8.080808e-02 3.030303e-02 -4.226547e-01 -5.178154e-03 4.174766e-01
9.090909e-02 3.030303e-02 -4.184070e-01 -5.174696e-03 4.132323e-01
1.010101e-01 3.030303e-02 -4.142019e-01 -5.173057e-03 4.090288e-01
1.111111e-01 3.030303e-02 -4.100391e-01 -5.176961e-03 4.048621e-01
1.212121e-01 3.030303e-02 -4.059181e-01 -5.177915e-03 4.007402e-01
1.313131e-01 3.030303e-02 -4.018386e-01 -5.174011e-03 3.966646e-01
1.414141e-01 3.030303e-02 -3.978001e-01 -5.176455e-03 3.926236e-01
1.515152e-01 3.030303e-02 -3.938021e-01 -5.176604e-03 3.886255e-01
1.616162e-01 3.030303e-02 -3.898443e-01 -5.176455e-03 3.846679e-01
1.717172e-01 3.030303e-02 -3.859263e-01 -5.173117e-03 3.807532e-01
1.818182e-01 3.030303e-02 -3.820477e-01 -5.180359e-03 3.768673e-01
1.919192e-01 3.030303e-02 -3.782081e-01 -5.179644e-03 3.730284e-01
2.020202e-01 3.030303e-02 -3.744070e-01 -5.178571e-03 3.692284e-01
2.121212e-01 3.030303e-02 -3.706442e-01 -5.172700e-03 3.654715e-01
2.222222e-01 3.030303e-02 -3.669191e-01 -5.175054e-03 3.617441e-01
2.323232e-01 3.030303e-02 -3.632315e-01 -5.174369e-03 3.580571e-01
2.424242e-01 3.030303e-02 -3.595810e-01 -5.173475e-03 3.544075e-01
2.525253e-01 3.030303e-02 -3.559671e-01 -5.186349e-03 3.507808e-01
2.626263e-01 3.030303e-02 -3.523896e-01 -5.172551e-03 3.472171e-01
2.727273e-01 3.030303e-02 -3.488480e-01 -5.177140e-03 3.436709e-01
2.828283e-01 3.030303e-02 -3.453420e-01 -5.174994e-03 3.401671e-01
2.929293e-01 3.030303e-02 -3.418713e-01 -5.171031e-03 3.367003e-01
3.030303e-01 3.030303e-02 -3.384354e-01 -5.181015e-03 3.332544e-01
3.131313e-01 3.030303e-02 -3.350341e-01 -5.184531e-03 3.298496e-01
3.232323e-01 3.030303e-02 -3.316670e-01 -5.177647e-03 3.264893e-01
3.333333e-01 3.030303e-02 -3.283337e-01 -5.173862e-03 3.231598e-01
3.434343e-01 3.030303e-02 -3.250338e-01 -5.169302e-03 3.198645e-01
3.535354e-01 3.030303e-02 -3.217672e-01 -5.178660e-03 3.165885e-01
3.636364e-01 3.030303e-02 -3.185334e-01 -5.182356e-03 3.133510e-01
3.737374e-01 3.030303e-02 -3.153321e-01 -5.179048e-03 3.101530e-01
3.838384e-01 3.030303e-02 -3.121629e-01 -5.176485e-03 3.069864e-01
3.939394e-01 3.030303e-02 -3.090256e-01 -5.173504e-03 3.038521e-01
4.040404e-01 3.030303e-02 -3.059199e-01 -5.177379e-03 3.007425e-01
4.141414e-01 3.030303e-02 -3.028453e-01 -5.178809e-03 2.976665e-01
4.242424e-01 3.030303e-02 -2.998017e-01 -5.179405e-03 2.946223e-01
4.343434e-01 3.030303e-02 -2.967886e-01 -5.175799e-03 2.916128e-01
4.444444e-01 3.030303e-02 -2.938059e-01 -5.177975e-03 2.886279e-01
4.545455e-01 3.030303e-02 -2.908531e-01 -5.181611e-03 2.856715e-01
4.646465e-01 3.030303e-02 -2.879299e-01 -5.177647e-03 2.827523e-01
4.747475e-01 3.030303e-02 -2.850362e-01 -5.176783e-03 2.798594e-01
4.848485e-01 3.030303e-02 -2.821715e-01 -5.176246e-03 2.769953e-01
4.949495e-01 3.030303e-02 -2.793357e-01 -5.178064e-03 2.741576e-01
5.050505e-01 3.030303e-02 -2.765283e-01 -5.180180e-03 2.713481e-01
5.151515e-01 3.030303e-02 -2.737491e-01 -5.174905e-03 2.685742e-01
5.252525e-01 3.030303e-02 -2.709979e-01 -5.179793e-03 2.658181e-01
5.353535e-01 3.030303e-02 -2.682743e-01 -5.174875e-03 2.630995e-01
5.454545e-01 3.030303e-02 -2.655781e-01 -5.177617e-03 2.604005e-01
5.555556e-01 3.030303e-02 -2.629090e-01 -5.177855e-03 2.577312e-01
5.656566e-01 3.030303e-02 -2.602668e-01 -5.178928e-03 2.550878e-01
5.757576e-01 3.030303e-02 -2.576510e-01 -5.172968e-03 2.524781e-01
5.858586e-01 3.030303e-02 -2.550616e-01 -5.179048e-03 2.498825e-01
5.959596e-01 3.030303e-02 -2.524982e-01 -5.173683e-03 2.473245e-01
6.060606e-01 3.030303e-02 -2.499605e-01 -5.176932e-03 2.447836e-01
6.161616e-01 3.030303e-02 -2.474484e-01 -5.179435e-03 2.422690e-01
6.262626e-01 3.030303e-02 -2.449615e-01 -5.176932e-03 2.397846e-01
6.363636e-01 3.030303e-02 -2.424996e-01 -5.180061e-03 2.373195e-01
6.464646e-01 3.030303e-02 -2.400624e-01 -5.177140e-03 2.348853e-01
6.565657e-01 3.030303e-02 -2.376498e-01 -5.176902e-03 2.324729e-01
6.666667e-01 3.030303e-02 -2.352613e-01 -5.177349e-03 2.300840e-01
6.767677e-01 3.030303e-02 -2.328969e-01 -5.174786e-03 2.277221e-01
6.868687e-01 3.030303e-02 -2.305563e-01 -5.174845e-03 2.253814e-01
6.969697e-01 3.030303e-02 -2.282391e-01 -5.178779e-03 2.230604e-01
7.070707e-01 3.030303e-02 -2.259453e-01 -5.166769e-03 2.207785e-01
7.171717e-01 3.030303e-02 -2.236745e-01 -5.180359e-03 2.184942e-01
7.272727e-01 3.030303e-02 -2.214265e-01 -5.179495e-03 2.162471e-01
7.373737e-01 3.030303e-02 -2.192012e-01 -5.174220e-03 2.140270e-01
7.474747e-01 3.030303e-02 -2.169982e-01 -5.173683e-03 2.118245e-01
7.575758e-01 3.030303e-02 -2.148173e-01 -5.177319e-03 2.096400e-01
7.676768e-01 3.030303e-02 -2.126583e-01 -5.175292e-03 2.074831e-01
7.777778e-01 3.030303e-02 -2.105211e-01 -5.176455e-03 2.053446e-01
7.878788e-01 3.030303e-02 -2.084053e-01 -5.184591e-03 2.032207e-01
7.979798e-01 3.030303e-02 -2.063108e-01 -5.179971e-03 2.011308e-01
8.080808e-01 3.030303e-02 -2.042374e-01 -5.178481e-03 1.990589e-01
8.181818e-01 3.030303e-02 -2.021847e-01 -5.171031e-03 1.970137e-01
8.282828e-01 3.030303e-02 -2.001527e-01 -5.178720e-03 1.949740e-01
8.383838e-01 3.030303e-02 -1.981412e-01 -5.174845e-03 1.929663e-01
8.484848e-01 3.030303e-02 -1.961498e-01 -5.183935e-03 1.909659e-01
8.585859e-01 3.030303e-02 -1.941785e-01 -5.178809e-03 1.889997e-01
8.686869e-01 3.030303e-02 -1.922270e-01 -5.177796e-03 1.870492e-01
8.787879e-01 3.030303e-02 -1.902951e-01 -5.170673e-03 1.851244e-01
8.888889e-01 3.030303e-02 -1.883826e-01 -5.173266e-03 1.832093e-01
8.989899e-01 3.030303e-02 -1.864893e-01 -5.180359e-03 1.813089e-01
9.090909e-01 3.030303e-02 -1.846150e-01 -5.175173e-03 1.794399e-01
9.191919e-01 3.030303e-02 -1.827596e-01 -5.185097e-03 1.775745e-01
9.292929e-01 3.030303e-02 -1.809229e-01 -5.178571e-03 1.757443e-01
9.393939e-01 3.030303e-02 -1.791045e-01 -5.171239e-03 1.739333e-01
9.494949e-01 3.030303e-02 -1.773045e-01 -5.178213e-03 1.721263e-01
9.595960e-01 3.030303e-02 -1.755226e-01 -5.172253e-03 1.703503e-01
9.696970e-01 3.030303e-02 -1.737585e-01 -5.179286e-03 1.685793e-01
9.797980e-01 3.030303e-02 -1.720122e-01 -5.176216e-03 1.668360e-01
9.898990e-01 3.030303e-02 -1.702835e-01 -5.172998e-03 1.651105e-01
1.000000e+00 3.030303e-02 -1.685721e-01 -5.181998e-03 1.633901e-01
0.000000e+00 4.040404e-02 5.929079e-01 -5.180448e-03 5.980884e-01
1.010101e-02 4.040404e-02 5.869491e-01 -5.181909e-03 5.921310e-01
2.020202e-02 4.040404e-02 5.810502e-01 -5.181909e-03 5.862321e-01
3.030303e-02 4.040404e-02 5.752105e-01 -5.179226e-03 5.803897e-01
4.040404e-02 4.040404e-02 5.694296e-01 -5.165696e-03 5.745953e-01
5.050505e-02 4.040404e-02 5.637067e-01 -5.180150e-03 5.688868e-01
6.060606e-02 4.040404e-02 5.580413e-01 -5.173117e-03 5.632145e-01
7.070707e-02 4.040404e-02 5.524329e-01 -5.174249e-03 5.576072e-01
8.080808e-02 4.040404e-02 5.468809e-01 -5.178988e-03 5.520599e-01
9.090909e-02 4.040404e-02 5.413847e-01 -5.177796e-03 5.465625e-01
1.010101e-01 4.040404e-02 5.359436e-01 -5.181611e-03 5.411253e-01
1.111111e-01 4.040404e-02 5.305573e-01 -5.177170e-03 5.357345e-01
1.212121e-01 4.040404e-02 5.252251e-01 -5.174041e-03 5.303992e-01
1.313131e-01 4.040404e-02 5.199465e-01 -5.169332e-03 5.251159e-01
1.414141e-01 4.040404e-02 5.147210e-01 -5.180418e-03 5.199014e-01
1.515152e-01 4.040404e-02 5.095480e-01 -5.183429e-03 5.147314e-01
1.616162e-01 4.040404e-02 5.044269e-01 -5.173326e-03 5.096002e-01
1.717172e-01 4.040404e-02 4.993573e-01 -5.178988e-03 5.045363e-01
1.818182e-01 4.040404e-02 4.943387e-01 -5.176753e-03 4.995155e-01
1.919192e-01 4.040404e-02 4.893705e-01 -5.178362e-03 4.945489e-01
2.020202e-01 4.040404e-02 4.844523e-01 -5.177975e-03 4.896302e-01
2.121212e-01 4.040404e-02 4.795834e-01 -5.177140e-03 4.847606e-01
2.222222e-01 4.040404e-02 4.747636e-01 -5.177587e-03 4.799411e-01
2.323232e-01 4.040404e-02 4.699921e-01 -5.177677e-03 4.751698e-01
2.424242e-01 4.040404e-02 4.652686e-01 -5.175769e-03 4.704444e-01
2.525253e-01 4.040404e-02 4.605926e-01 -5.173504e-03 4.657661e-01
2.626263e-01 4.040404e-02 4.559635e-01 -5.179226e-03 4.611428e-01
2.727273e-01 4.040404e-02 4.513810e-01 -5.179226e-03 4.565603e-01
2.828283e-01 4.040404e-02 4.468446e-01 -5.180866e-03 4.520254e-01
2.929293e-01 4.040404e-02 4.423537e-01 -5.170941e-03 4.475247e-01
3.030303e-01 4.040404e-02 4.379080e-01 -5.178392e-03 4.430864e-01
3.131313e-01 4.040404e-02 4.335069e-01 -5.181611e-03 4.386886e-01
3.232323e-01 4.040404e-02 4.291501e-01 -5.179286e-03 4.343294e-01
3.333333e-01 4.040404e-02 4.248371e-01 -5.177826e-03 4.300149e-01
3.434343e-01 4.040404e-02 4.205674e-01 -5.174339e-03 4.257418e-01
3.535354e-01 4.040404e-02 4.163406e-01 -5.175561e-03 4.215162e-01
3.636364e-01 4.040404e-02 4.121563e-01 -5.182356e-03 4.173387e-01
3.737374e-01 4.040404e-02 4.080141e-01 -5.178928e-03 4.131930e-01
3.838384e-01 4.040404e-02 4.039135e-01 -5.177349e-03 4.090908e-01
3.939394e-01 4.040404e-02 3.998541e-01 -5.177498e-03 4.050316e-01
4.040404e-01 4.040404e-02 3.958355e-01 -5.166620e-03 4.010021e-01
4.141414e-01 4.040404e-02 3.918573e-01 -5.174935e-03 3.970322e-01
4.242424e-01 4.040404e-02 3.879191e-01 -5.177915e-03 3.930970e-01
4.343434e-01 4.040404e-02 3.840204e-01 -5.183369e-03 3.892038e-01
4.444444e-01 4.040404e-02 3.801609e-01 -5.176455e-03 3.853374e-01
4.545455e-01 4.040404e-02 3.763403e-01 -5.180180e-03 3.815204e-01
4.646465e-01 4.040404e-02 3.725580e-01 -5.173266e-03 3.777312e-01
4.747475e-01 4.040404e-02 3.688137e-01 -5.178958e-03 3.739927e-01
4.848485e-01 4.040404e-02 3.651071e-01 -5.181700e-03 3.702888e-01
4.949495e-01 4.040404e-02 3.614377e-01 -5.178303e-03 3.666160e-01
5.050505e-01 4.040404e-02 3.578052e-01 -5.175471e-03 3.629806e-01
5.151515e-01 4.040404e-02 3.542092e-01 -5.180448e-03 3.593896e-01
5.252525e-01 4.040404e-02 3.506493e-01 -5.178571e-03 3.558279e-01
5.353535e-01 4.040404e-02 3.471252e-01 -5.178273e-03 3.523035e-01
5.454545e-01 4.040404e-02 3.436366e-01 -5.175561e-03 3.488121e-01
5.555556e-01 4.040404e-02 3.401830e-01 -5.179882e-03 3.453628e-01
5.656566e-01 4.040404e-02 3.367641e-01 -5.177587e-03 3.419416e-01
5.757576e-01 4.040404e-02 3.333795e-01 -5.183667e-03 3.385632e-01
5.858586e-01 4.040404e-02 3.300290e-01 -5.174965e-03 3.352040e-01
5.959596e-01 4.040404e-02 3.267122e-01 -5.171239e-03 3.318834e-01
6.060606e-01 4.040404e-02 3.234286e-01 -5.175650e-03 3.286043e-01
6.161616e-01 4.040404e-02 3.201781e-01 -5.180418e-03 3.253586e-01
6.262626e-01 4.040404e-02 3.169603e-01 -5.183339e-03 3.221436e-01
6.363636e-01 4.040404e-02 3.137748e-01 -5.177528e-03 3.189523e-01
6.464646e-01 4.040404e-02 3.106213e-01 -5.181760e-03 3.158031e-01
6.565657e-01 4.040404e-02 3.074995e-01 -5.173743e-03 3.126732e-01
6.666667e-01 4.040404e-02 3.044091e-01 -5.171061e-03 3.095801e-01
6.767677e-01 4.040404e-02 3.013497e-01 -5.185932e-03 3.065357e-01
6.868687e-01 4.040404e-02 2.983211e-01 -5.178183e-03 3.034993e-01
6.969697e-01 4.040404e-02 2.953229e-01 -5.183011e-03 3.005059e-01
7.070707e-01 4.040404e-02 2.923549e-01 -5.177468e-03 2.975324e-01
7.171717e-01 4.040404e-02 2.894167e-01 -5.170941e-03 2.945876e-01
7.272727e-01 4.040404e-02 2.865080e-01 -5.177319e-03 2.916853e-01
7.373737e-01 4.040404e-02 2.836285e-01 -5.180359e-03 2.888089e-01
7.474747e-01 4.040404e-02 2.807780e-01 -5.181074e-03 2.859591e-01
7.575758e-01 4.040404e-02 2.779561e-01 -5.182952e-03 2.831391e-01
7.676768e-01 4.040404e-02 2.751626e-01 -5.176485e-03 2.803391e-01
7.777778e-01 4.040404e-02 2.723972e-01 -5.172908e-03 2.775701e-01
7.878788e-01 4.040404e-02 2.696596e-01 -5.174994e-03 2.748346e-01
7.979798e-01 4.040404e-02 2.669495e-01 -5.179435e-03 2.721289e-01
8.080808e-01 4.040404e-02 2.642666e-01 -5.178452e-03 2.694450e-01
8.181818e-01 4.040404e-02 2.616106e-01 -5.174071e-03 2.667847e-01
8.282828e-01 4.040404e-02 2.589814e-01 -5.171627e-03 2.641530e-01
8.383838e-01 4.040404e-02 2.563786e-01 -5.176514e-03 2.615551e-01
8.484848e-01 4.040404e-02 2.538020e-01 -5.176097e-03 2.589781e-01
8.585859e-01 4.040404e-02 2.512512e-01 -5.181372e-03 2.564326e-01
8.686869e-01 4.040404e-02 2.487261e-01 -5.178332e-03 2.539044e-01
8.787879e-01 4.040404e-02 2.462264e-01 -5.177498e-03 2.514039e-01
8.888889e-01 4.040404e-02 2.437517e-01 -5.176246e-03 2.489280e-01
8.989899e-01 4.040404e-02 2.413020e-01 -5.175442e-03 2.464774e-01
9.090909e-01 4.040404e-02 2.388769e-01 -5.174220e-03 2.440511e-01
9.191919e-01 4.040404e-02 2.364761e-01 -5.180120e-03 2.416562e-01
9.292929e-01 4.040404e-02 2.340995e-01 -5.178928e-03 2.392784e-01
9.393939e-01 4.040404e-02 2.317468e-01 -5.173177e-03 2.369199e-01
9.494949e-01 4.040404e-02 2.294177e-01 -5.177498e-03 2.345952e-01
9.595960e-01 4.040404e-02 2.271120e-01 -5.178511e-03 2.322905e-01
9.696970e-01 4.040404e-02 2.248295e-01 -5.173832e-03 2.300033e-01
9.797980e-01 4.040404e-02 2.225699e-01 -5.174041e-03 2.277439e-01
9.898990e-01 4.040404e-02 2.203330e-01 -5.178660e-03 2.255117e-01
1.000000e+00 4.040404e-02 2.181186e-01 -5.175263e-03 2.232939e-01
0.000000e+00 5.050505e-02 -7.126942e-01 -5.171269e-03 7.075229e-01
1.010101e-02 5.050505e-02 -7.055315e-01 -5.182803e-03 7.003487e-01
2.020202e-02 5.050505e-02 -6.984408e-01 -5.180359e-03 6.932604e-01
3.030303e-02 5.050505e-02 -6.914213e-01 -5.173504e-03 6.862478e-01
4.040404e-02 5.050505e-02 -6.844724e-01 -5.179644e-03 6.792928e-01
5.050505e-02 5.050505e-02 -6.775934e-01 -5.179346e-03 6.724140e-01
6.060606e-02 5.050505e-02 -6.707834e-01 -5.181819e-03 6.656016e-01
7.070707e-02 5.050505e-02 -6.640420e-01 -5.173117e-03 6.588688e-01
8.080808e-02 5.050505e-02 -6.573682e-01 -5.175173e-03 6.521930e-01
9.090909e-02 5.050505e-02 -6.507616e-01 -5.177915e-03 6.455836e-01
1.010101e-01 5.050505e-02 -6.442213e-01 -5.173564e-03 6.390477e-01
1.111111e-01 5.050505e-02 -6.377468e-01 -5.177259e-03 6.325695e-01
1.212121e-01 5.050505e-02 -6.313373e-01 -5.177557e-03 6.261597e-01
1.313131e-01 5.050505e-02 -6.249923e-01 -5.174130e-03 6.198181e-01
1.414141e-01 5.050505e-02 -6.187110e-01 -5.174607e-03 6.135364e-01
1.515152e-01 5.050505e-02 -6.124928e-01 -5.178034e-03 6.073148e-01
1.616162e-01 5.050505e-02 -6.063372e-01 -5.173117e-03 6.011641e-01
1.717172e-01 5.050505e-02 -6.002434e-01 -5.182743e-03 5.950606e-01
1.818182e-01 5.050505e-02 -5.942108e-01 -5.175442e-03 5.890354e-01
1.919192e-01 5.050505e-02 -5.882389e-01 -5.173743e-03 5.830652e-01
2.020202e-01 5.050505e-02 -5.823270e-01 -5.178690e-03 5.771483e-01
2.121212e-01 5.050505e-02 -5.764745e-01 -5.178630e-03 5.712959e-01
2.222222e-01 5.050505e-02 -5.706809e-01 -5.179793e-03 5.655011e-01
2.323232e-01 5.050505e-02 -5.649454e-01 -5.177438e-03 5.597680e-01
2.424242e-01 5.050505e-02 -5.592676e-01 -5.168676e-03 5.540990e-01
2.525253e-01 5.050505e-02 -5.536469e-01 -5.176365e-03 5.484705e-01
2.626263e-01 5.050505e-02 -5.480827e-01 -5.178452e-03 5.429042e-01
2.727273e-01 5.050505e-02 -5.425743e-01 -5.179673e-03 5.373947e-01
2.828283e-01 5.050505e-02 -5.371214e-01 -5.180895e-03 5.319405e-01
2.929293e-01 5.050505e-02 -5.317232e-01 -5.175352e-03 5.265479e-01
3.030303e-01 5.050505e-02 -5.263793e-01 -5.175203e-03 5.212041e-01
3.131313e-01 5.050505e-02 -5.210891e-01 -5.174696e-03 5.159144e-01
3.232323e-01 5.050505e-02 -5.158521e-01 -5.183905e-03 5.106682e-01
3.333333e-01 5.050505e-02 -5.106677e-01 -5.181700e-03 5.054860e-01
3.434343e-01 5.050505e-02 -5.055354e-01 -5.180329e-03 5.003551e-01
3.535354e-01 5.050505e-02 -5.004547e-01 -5.174816e-03 4.952799e-01
3.636364e-01 5.050505e-02 -4.954250e-01 -5.176634e-03 4.902484e-01
3.737374e-01 5.050505e-02 -4.904459e-01 -5.173892e-03 4.852720e-01
3.838384e-01 5.050505e-02 -4.855169e-01 -5.178839e-03 4.803380e-01
3.939394e-01 5.050505e-02 -4.806373e-01 -5.183041e-03 4.754543e-01
4.040404e-01 5.050505e-02 -4.758068e-01 -5.181938e-03 4.706249e-01
4.141414e-01 5.050505e-02 -4.710249e-01 -5.170584e-03 4.658543e-01
4.242424e-01 5.050505e-02 -4.662910e-01 -5.175769e-03 4.611153e-01
4.343434e-01 5.050505e-02 -4.616047e-01 -5.177259e-03 4.564275e-01
4.444444e-01 5.050505e-02 -4.569655e-01 -5.170912e-03 4.517946e-01
4.545455e-01 5.050505e-02 -4.523729e-01 -5.183339e-03 4.471896e-01
4.646465e-01 5.050505e-02 -4.478265e-01 -5.177140e-03 4.426494e-01
4.747475e-01 5.050505e-02 -4.433258e-01 -5.173802e-03 4.381520e-01
4.848485e-01 5.050505e-02 -4.388703e-01 -5.177200e-03 4.336931e-01
4.949495e-01 5.050505e-02 -4.344596e-01 -5.174488e-03 4.292851e-01
5.050505e-01 5.050505e-02 -4.300932e-01 -5.176663e-03 4.249165e-01
5.151515e-01 5.050505e-02 -4.257707e-01 -5.178750e-03 4.205919e-01
5.252525e-01 5.050505e-02 -4.214916e-01 -5.171984e-03 4.163196e-01
5.353535e-01 5.050505e-02 -4.172555e-01 -5.179405e-03 4.120761e-01
5.454545e-01 5.050505e-02 -4.130621e-01 -5.177826e-03 4.078842e-01
5.555556e-01 5.050505e-02 -4.089107e-01 -5.178481e-03 4.037322e-01
5.656566e-01 5.050505e-02 -4.048011e-01 -5.187273e-03 3.996138e-01
5.757576e-01 5.050505e-02 -4.007328e-01 -5.172551e-03 3.955602e-01
5.858586e-01 5.050505e-02 -3.967053e-01 -5.185127e-03 3.915202e-01
5.959596e-01 5.050505e-02 -3.927184e-01 -5.175740e-03 3.875427e-01
6.060606e-01 5.050505e-02 -3.887715e-01 -5.180031e-03 3.835915e-01
6.161616e-01 5.050505e-02 -3.848643e-01 -5.176455e-03 3.796878e-01
6.262626e-01 5.050505e-02 -3.809963e-01 -5.169690e-03 3.758267e-01
6.363636e-01 5.050505e-02 -3.771673e-01 -5.179912e-03 3.719874e-01
6.464646e-01 5.050505e-02 -3.733767e-01 -5.175382e-03 3.682013e-01
6.565657e-01 5.050505e-02 -3.696242e-01 -5.181372e-03 3.644428e-01
6.666667e-01 5.050505e-02 -3.659094e-01 -5.174279e-03 3.607351e-01
6.767677e-01 5.050505e-02 -3.622319e-01 -5.174100e-03 3.570578e-01
6.868687e-01 5.050505e-02 -3.585914e-01 -5.177736e-03 3.534137e-01
6.969697e-01 5.050505e-02 -3.549875e-01 -5.178601e-03 3.498089e-01
7.070707e-01 5.050505e-02 -3.514199e-01 -5.176902e-03 3.462430e-01
7.171717e-01 5.050505e-02 -3.478880e-01 -5.175114e-03 3.427129e-01
7.272727e-01 5.050505e-02 -3.443917e-01 -5.177230e-03 3.392145e-01
7.373737e-01 5.050505e-02 -3.409305e-01 -5.177379e-03 3.357531e-01
7.474747e-01 5.050505e-02 -3.375041e-01 -5.179733e-03 3.323244e-01
7.575758e-01 5.050505e-02 -3.341121e-01 -5.182981e-03 3.289291e-01
7.676768e-01 5.050505e-02 -3.307542e-01 -5.177081e-03 3.255772e-01
7.777778e-01 5.050505e-02 -3.274301e-01 -5.173326e-03 3.222568e-01
7.878788e-01 5.050505e-02 -3.241394e-01 -5.177915e-03 3.189615e-01
7.979798e-01 5.050505e-02 -3.208817e-01 -5.173534e-03 3.157082e-01
8.080808e-01 5.050505e-02 -3.176568e-01 -5.179346e-03 3.124775e-01
8.181818e-01 5.050505e-02 -3.144643e-01 -5.179793e-03 3.092845e-01
8.282828e-01 5.050505e-02 -3.113039e-01 -5.176961e-03 3.061269e-01
8.383838e-01 5.050505e-02 -3.081752e-01 -5.176634e-03 3.029986e-01
8.484848e-01 5.050505e-02 -3.050780e-01 -5.173773e-03 2.999042e-01
8.585859e-01 5.050505e-02 -3.020119e-01 -5.179822e-03 2.968321e-01
8.686869e-01 5.050505e-02 -2.989767e-01 -5.182028e-03 2.937946e-01
8.787879e-01 5.050505e-02 -2.959719e-01 -5.183160e-03 2.907887e-01
8.888889e-01 5.050505e-02 -2.929973e-01 -5.174279e-03 2.878231e-01
8.989899e-01 5.050505e-02 -2.900527e-01 -5.170941e-03 2.848817e-01
9.090909e-01 5.050505e-02 -2.871376e-01 -5.175173e-03 2.819624e-01
9.191919e-01 5.050505e-02 -2.842518e-01 -5.178064e-03 2.790737e-01
9.292929e-01 5.050505e-02 -2.813950e-01 -5.184233e-03 2.762108e-01
9.393939e-01 5.050505e-02 -2.785670e-01 -5.174339e-03 2.733926e-01
9.494949e-01 5.050505e-02 -2.757673e-01 -5.176425e-03 2.705909e-01
9.595960e-01 5.050505e-02 -2.729958e-01 -5.174160e-03 2.678216e-01
9.696970e-01 5.050505e-02 -2.702522e-01 -5.174935e-03 2.650772e-01
9.797980e-01 5.050505e-02 -2.675361e-01 -5.179137e-03 2.623569e-01
9.898990e-01 5.050505e-02 -2.648473e-01 -5.178720e-03 2.596686e-01
1.000000e+00 5.050505e-02 -2.621855e-01 -5.176842e-03 2.570087e-01
0.000000e+00 6.060606e-02 8.145760e-01 -5.174816e-03 8.197508e-01
1.010101e-02 6.060606e-02 8.063893e-01 -5.180955e-03 8.115703e-01
2.020202e-02 6.060606e-02 7.982850e-01 -5.179405e-03 8.034644e-01
3.030303e-02 6.060606e-02 7.902621e-01 -5.179524e-03 7.954416e-01
4.040404e-02 6.060606e-02 7.823198e-01 -5.183667e-03 7.875035e-01
5.050505e-02 6.060606e-02 7.744574e-01 -5.178630e-03 7.796360e-01
6.060606e-02 6.060606e-02 7.666739e-01 -5.176067e-03 7.718500e-01
7.070707e-02 6.060606e-02 7.589687e-01 -5.172223e-03 7.641410e-01
8.080808e-02 6.060606e-02 7.513410e-01 -5.174220e-03 7.565152e-01
9.090909e-02 6.060606e-02 7.437899e-01 -5.179793e-03 7.489697e-01
1.010101e-01 6.060606e-02 7.363147e-01 -5.177468e-03 7.414921e-01
1.111111e-01 6.060606e-02 7.289146e-01 -5.178452e-03 7.340930e-01
1.212121e-01 6.060606e-02 7.215889e-01 -5.174816e-03 7.267637e-01
1.313131e-01 6.060606e-02 7.143368e-01 -5.179077e-03 7.195159e-01
1.414141e-01 6.060606e-02 7.071576e-01 -5.176127e-03 7.123337e-01
1.515152e-01 6.060606e-02 7.000505e-01 -5.174845e-03 7.052254e-01
1.616162e-01 6.060606e-02 6.930149e-01 -5.180329e-03 6.981952e-01
1.717172e-01 6.060606e-02 6.860500e-01 -5.179554e-03 6.912295e-01
1.818182e-01 6.060606e-02 6.791551e-01 -5.182534e-03 6.843376e-01
1.919192e-01 6.060606e-02 6.723295e-01 -5.177379e-03 6.775068e-01
2.020202e-01 6.060606e-02 6.655724e-01 -5.173564e-03 6.707460e-01
2.121212e-01 6.060606e-02 6.588833e-01 -5.177528e-03 6.640608e-01
2.222222e-01 6.060606e-02 6.522614e-01 -5.180061e-03 6.574415e-01
2.323232e-01 6.060606e-02 6.457061e-01 -5.178690e-03 6.508848e-01
2.424242e-01 6.060606e-02 6.392166e-01 -5.180717e-03 6.443974e-01
2.525253e-01 6.060606e-02 6.327924e-01 -5.175978e-03 6.379684e-01
2.626263e-01 6.060606e-02 6.264327e-01 -5.172372e-03 6.316051e-01
2.727273e-01 6.060606e-02 6.201370e-01 -5.176187e-03 6.253132e-01
2.828283e-01 6.060606e-02 6.139045e-01 -5.174488e-03 6.190790e-01
2.929293e-01 6.060606e-02 6.077347e-01 -5.170017e-03 6.129047e-01
3.030303e-01 6.060606e-02 6.016268e-01 -5.174369e-03 6.068012e-01
3.131313e-01 6.060606e-02 5.955804e-01 -5.177617e-03 6.007580e-01
3.232323e-01 6.060606e-02 5.895947e-01 -5.176544e-03 5.947712e-01
3.333333e-01 6.060606e-02 5.836692e-01 -5.175382e-03 5.888446e-01
3.434343e-01 6.060606e-02 5.778032e-01 -5.182743e-03 5.829859e-01
3.535354e-01 6.060606e-02 5.719962e-01 -5.173832e-03 5.771700e-01
3.636364e-01 6.060606e-02 5.662475e-01 -5.178869e-03 5.714264e-01
3.737374e-01 6.060606e-02 5.605566e-01 -5.177617e-03 5.657343e-01
3.838384e-01 6.060606e-02 5.549230e-01 -5.176336e-03 5.600993e-01
3.939394e-01 6.060606e-02 5.493459e-01 -5.172908e-03 5.545188e-01
4.040404e-01 6.060606e-02 5.438249e-01 -5.176604e-03 5.490015e-01
4.141414e-01 6.060606e-02 5.383593e-01 -5.175889e-03 5.435352e-01
4.242424e-01 6.060606e-02 5.329487e-01 -5.182654e-03 5.381314e-01
4.343434e-01 6.060606e-02 5.275925e-01 -5.173504e-03 5.327660e-01
4.444444e-01 6.060606e-02 5.222901e-01 -5.178362e-03 5.274685e-01
4.545455e-01 6.060606e-02 5.170410e-01 -5.175292e-03 5.222163e-01
4.646465e-01 6.060606e-02 5.118447e-01 -5.176723e-03 5.170214e-01
4.747475e-01 6.060606e-02 5.067006e-01 -5.178511e-03 5.118791e-01
4.848485e-01 6.060606e-02 5.016081e-01 -5.174369e-03 5.067825e-01
4.949495e-01 6.060606e-02 4.965669e-01 -5.182445e-03 5.017493e-01
5.050505e-01 6.060606e-02 4.915763e-01 -5.176395e-03 4.967527e-01
5.151515e-01 6.060606e-02 4.866359e-01 -5.165547e-03 4.918014e-01
5.252525e-01 6.060606e-02 4.817451e-01 -5.180985e-03 4.869261e-01
5.353535e-01 6.060606e-02 4.769035e-01 -5.175412e-03 4.820789e-01
5.454545e-01 6.060606e-02 4.721105e-01 -5.177230e-03 4.772878e-01
5.555556e-01 6.060606e-02 4.673657e-01 -5.181432e-03 4.725472e-01
5.656566e-01 6.060606e-02 4.626686e-01 -5.180091e-03 4.678487e-01
5.757576e-01 6.060606e-02 4.580187e-01 -5.178094e-03 4.631968e-01
5.858586e-01 6.060606e-02 4.534156e-01 -5.180866e-03 4.585964e-01
5.959596e-01 6.060606e-02 4.488587e-01 -5.175203e-03 4.540339e-01
6.060606e-01 6.060606e-02 4.443476e-01 -5.181164e-03 4.495287e-01
6.161616e-01 6.060606e-02 4.398818e-01 -5.167693e-03 4.450495e-01
6.262626e-01 6.060606e-02 4.354609e-01 -5.176097e-03 4.406370e-01
6.363636e-01 6.060606e-02 4.310845e-01 -5.180359e-03 4.362648e-01
6.464646e-01 6.060606e-02 4.267520e-01 -5.170614e-03 4.319226e-01
6.565657e-01 6.060606e-02 4.224631e-01 -5.181670e-03 4.276447e-01
6.666667e-01 6.060606e-02 4.182172e-01 -5.175054e-03 4.233923e-01
6.767677e-01 6.060606e-02 4.140141e-01 -5.174339e-03 4.191884e-01
6.868687e-01 6.060606e-02 4.098532e-01 -5.177438e-03 4.150306e-01
6.969697e-01 6.060606e-02 4.057341e-01 -5.178690e-03 4.109128e-01
7.070707e-01 6.060606e-02 4.016564e-01 -5.182564e-03 4.068390e-01
7.171717e-01 6.060606e-02 3.976197e-01 -5.179226e-03 4.027989e-01
7.272727e-01 6.060606e-02 3.936235e-01 -5.181074e-03 3.988046e-01
7.373737e-01 6.060606e-02 3.896675e-01 -5.175352e-03 3.948429e-01
7.474747e-01 6.060606e-02 3.857513e-01 -5.173266e-03 3.909246e-01
7.575758e-01 6.060606e-02 3.818745e-01 -5.175233e-03 3.870497e-01
7.676768e-01 6.060606e-02 3.780366e-01 -5.180478e-03 3.832170e-01
7.777778e-01 6.060606e-02 3.742372e-01 -5.178630e-03 3.794159e-01
7.878788e-01 6.060606e-02 3.704761e-01 -5.178332e-03 3.756544e-01
7.979798e-01 6.060606e-02 3.667527e-01 -5.175382e-03 3.719281e-01
8.080808e-01 6.060606e-02 3.630668e-01 -5.174816e-03 3.682416e-01
8.181818e-01 6.060606e-02 3.594179e-01 -5.178154e-03 3.645961e-01
8.282828e-01 6.060606e-02 3.558057e-01 -5.178303e-03 3.609840e-01
8.383838e-01 6.060606e-02 3.522298e-01 -5.187750e-03 3.574176e-01
8.484848e-01 6.060606e-02 3.486898e-01 -5.173713e-03 3.538636e-01
8.585859e-01 6.060606e-02 3.451855e-01 -5.175680e-03 3.503611e-01
8.686869e-01 6.060606e-02 3.417163e-01 -5.170137e-03 3.468864e-01
8.787879e-01 6.060606e-02 3.382820e-01 -5.179733e-03 3.434617e-01
8.888889e-01 6.060606e-02 3.348822e-01 -5.182594e-03 3.400648e-01
8.989899e-01 6.060606e-02 3.315166e-01 -5.177051e-03 3.366936e-01
9.090909e-01 6.060606e-02 3.281848e-01 -5.175173e-03 3.333599e-01
9.191919e-01 6.060606e-02 3.248865e-01 -5.179644e-03 3.300661e-01
9.292929e-01 6.060606e-02 3.216213e-01 -5.172163e-03 3.267935e-01
9.393939e-01 6.060606e-02 3.183889e-01 -5.178630e-03 3.235676e-01
9.494949e-01 6.060606e-02 3.151891e-01 -5.180806e-03 3.203699e-01
9.595960e-01 6.060606e-02 3.120214e-01 -5.176365e-03 3.171977e-01
9.696970e-01 6.060606e-02 3.088855e-01 -5.181104e-03 3.140666e-01
9.797980e-01 6.060606e-02 3.057812e-01 -5.174398e-03 3.109556e-01
9.898990e-01 6.060606e-02 3.027080e-01 -5.182713e-03 3.078907e-01
1.000000e+00 6.060606e-02 2.996657e-01 -5.172968e-03 3.048387e-01
0.000000e+00 7.070707e-02 -8.959938e-01 -5.181849e-03 8.908119e-01
1.010101e-02 7.070707e-02 -8.869889e-01 -5.178690e-03 8.818102e-01
2.020202e-02 7.070707e-02 -8.780745e-01 -5.180299e-03 8.728942e-01
3.030303e-02 7.070707e-02 -8.692497e-01 -5.174577e-03 8.640751e-01
4.040404e-02 7.070707e-02 -8.605136e-01 -5.173832e-03 8.553398e-01
5.050505e-02 7.070707e-02 -8.518653e-01 -5.179286e-03 8.466860e-01
6.060606e-02 7.070707e-02 -8.433039e-01 -5.182654e-03 8.381213e-01
7.070707e-02 7.070707e-02 -8.348286e-01 -5.182981e-03 8.296456e-01
8.080808e-02 7.070707e-02 -8.264384e-01 -5.174547e-03 8.212639e-01
9.090909e-02 7.070707e-02 -8.181326e-01 -5.177736e-03 8.129548e-01
1.010101e-01 7.070707e-02 -8.099102e-01 -5.174518e-03 8.047357e-01
1.111111e-01 7.070707e-02 -8.017705e-01 -5.178779e-03 7.965917e-01
1.212121e-01 7.070707e-02 -7.937125e-01 -5.180269e-03 7.885323e-01
1.313131e-01 7.070707e-02 -7.857356e-01 -5.175948e-03 7.805596e-01
1.414141e-01 7.070707e-02 -7.778388e-01 -5.180001e-03 7.726588e-01
1.515152e-01 7.070707e-02 -7.700214e-01 -5.176663e-03 7.648447e-01
1.616162e-01 7.070707e-02 -7.622826e-01 -5.181909e-03 7.571007e-01
1.717172e-01 7.070707e-02 -7.546215e-01 -5.178511e-03 7.494430e-01
1.818182e-01 7.070707e-02 -7.470374e-01 -5.176842e-03 7.418606e-01
1.919192e-01 7.070707e-02 -7.395296e-01 -5.180091e-03 7.343495e-01
2.020202e-01 7.070707e-02 -7.320972e-01 -5.174726e-03 7.269225e-01
2.121212e-01 7.070707e-02 -7.247395e-01 -5.177230e-03 7.195623e-01
2.222222e-01 7.070707e-02 -7.174557e-01 -5.178571e-03 7.122772e-01
2.323232e-01 7.070707e-02 -7.102452e-01 -5.172223e-03 7.050730e-01
2.424242e-01 7.070707e-02 -7.031071e-01 -5.176187e-03 6.979309e-01
2.525253e-01 7.070707e-02 -6.960408e-01 -5.185336e-03 6.908554e-01
2.626263e-01 7.070707e-02 -6.890454e-01 -5.171031e-03 6.838744e-01
2.727273e-01 7.070707e-02 -6.821204e-01 -5.176961e-03 6.769434e-01
2.828283e-01 7.070707e-02 -6.752650e-01 -5.179495e-03 6.700855e-01
2.929293e-01 7.070707e-02 -6.684785e-01 -5.177081e-03 6.633014e-01
3.030303e-01 7.070707e-02 -6.617601e-01 -5.176246e-03 6.565839e-01
3.131313e-01 7.070707e-02 -6.551093e-01 -5.180657e-03 6.499287e-01
3.232323e-01 7.070707e-02 -6.485254e-01 -5.178094e-03 6.433473e-01
3.333333e-01 7.070707e-02 -6.420076e-01 -5.181521e-03 6.368261e-01
3.434343e-01 7.070707e-02 -6.355553e-01 -5.185634e-03 6.303697e-01
3.535354e-01 7.070707e-02 -6.291679e-01 -5.183101e-03 6.239848e-01
3.636364e-01 7.070707e-02 -6.228446e-01 -5.182803e-03 6.176618e-01
3.737374e-01 7.070707e-02 -6.165849e-01 -5.173385e-03 6.114116e-01
3.838384e-01 7.070707e-02 -6.103882e-01 -5.175620e-03 6.052125e-01
3.939394e-01 7.070707e-02 -6.042537e-01 -5.175471e-03 5.990782e-01
4.040404e-01 7.070707e-02 -5.981808e-01 -5.176663e-03 5.930041e-01
4.141414e-01 7.070707e-02 -5.921690e-01 -5.180299e-03 5.869887e-01
4.242424e-01 7.070707e-02 -5.862176e-01 -5.178928e-03 5.810387e-01
4.343434e-01 7.070707e-02 -5.803260e-01 -5.177498e-03 5.751485e-01
4.444444e-01 7.070707e-02 -5.744936e-01 -5.180657e-03 5.693130e-01
4.545455e-01 7.070707e-02 -5.687199e-01 -5.174726e-03 5.635452e-01
4.646465e-01 7.070707e-02 -5.630042e-01 -5.171329e-03 5.578328e-01
4.747475e-01 7.070707e-02 -5.573459e-01 -5.178779e-03 5.521671e-01
4.848485e-01 7.070707e-02 -5.517444e-01 -5.171418e-03 5.465730e-01
4.949495e-01 7.070707e-02 -5.461993e-01 -5.183816e-03 5.410155e-01
5.050505e-01 7.070707e-02 -5.407099e-01 -5.173743e-03 5.355362e-01
5.151515e-01 7.070707e-02 -5.352757e-01 -5.172729e-03 5.301030e-01
5.252525e-01 7.070707e-02 -5.298961e-01 -5.177498e-03 5.247186e-01
5.353535e-01 7.070707e-02 -5.245706e-01 -5.176544e-03 5.193940e-01
5.454545e-01 7.070707e-02 -5.192985e-01 -5.182832e-03 5.141157e-01
5.555556e-01 7.070707e-02 -5.140795e-01 -5.173147e-03 5.089063e-01
5.656566e-01 7.070707e-02 -5.089129e-01 -5.178750e-03 5.037342e-01
5.757576e-01 7.070707e-02 -5.037982e-01 -5.174994e-03 4.986233e-01
5.858586e-01 7.070707e-02 -4.987350e-01 -5.171657e-03 4.935633e-01
5.959596e-01 7.070707e-02 -4.937226e-01 -5.181551e-03 4.885411e-01
6.060606e-01 7.070707e-02 -4.887606e-01 -5.180478e-03 4.835802e-01
6.161616e-01 7.070707e-02 -4.838485e-01 -5.186260e-03 4.786622e-01
6.262626e-01 7.070707e-02 -4.789857e-01 -5.175352e-03 4.738104e-01
6.363636e-01 7.070707e-02 -4.741719e-01 -5.175620e-03 4.689962e-01
6.464646e-01 7.070707e-02 -4.694064e-01 -5.179316e-03 4.642270e-01
6.565657e-01 7.070707e-02 -4.646887e-01 -5.174160e-03 4.595146e-01
6.666667e-01 7.070707e-02 -4.600185e-01 -5.180031e-03 4.548385e-01
6.767677e-01 7.070707e-02 -4.553953e-01 -5.174994e-03 4.502203e-01
6.868687e-01 7.070707e-02 -4.508185e-01 -5.177081e-03 4.456414e-01
6.969697e-01 7.070707e-02 -4.462877e-01 -5.178571e-03 4.411091e-01
7.070707e-01 7.070707e-02 -4.418024e-01 -5.172729e-03 4.366297e-01
7.171717e-01 7.070707e-02 -4.373622e-01 -5.182385e-03 4.321798e-01
7.272727e-01 7.070707e-02 -4.329667e-01 -5.185366e-03 4.277813e-01
7.373737e-01 7.070707e-02 -4.286153e-01 -5.177855e-03 4.234374e-01
7.474747e-01 7.070707e-02 -4.243076e-01 -5.186439e-03 4.191212e-01
7.575758e-01 7.070707e-02 -4.200433e-01 -5.175173e-03 4.148681e-01
7.676768e-01 7.070707e-02 -4.158218e-01 -5.172789e-03 4.106490e-01
7.777778e-01 7.070707e-02 -4.116427e-01 -5.176574e-03 4.064661e-01
7.878788e-01 7.070707e-02 -4.075056e-01 -5.179882e-03 4.023257e-01
7.979798e-01 7.070707e-02 -4.034101e-01 -5.174398e-03 3.982357e-01
8.080808e-01 7.070707e-02 -3.993558e-01 -5.177587e-03 3.941782e-01
8.181818e-01 7.070707e-02 -3.953422e-01 -5.177110e-03 3.901651e-01
8.282828e-01 7.070707e-02 -3.913689e-01 -5.177021e-03 3.861919e-01
8.383838e-01 7.070707e-02 -3.874356e-01 -5.180031e-03 3.822556e-01
8.484848e-01 7.070707e-02 -3.835418e-01 -5.172998e-03 3.783688e-01
8.585859e-01 7.070707e-02 -3.796871e-01 -5.176097e-03 3.745110e-01
8.686869e-01 7.070707e-02 -3.758712e-01 -5.176634e-03 3.706946e-01
8.787879e-01 7.070707e-02 -3.720937e-01 -5.181193e-03 3.669125e-01
8.888889e-01 7.070707e-02 -3.683541e-01 -5.180210e-03 3.631738e-01
8.989899e-01 7.070707e-02 -3.646520e-01 -5.174071e-03 3.594780e-01
9.090909e-01 7.070707e-02 -3.609872e-01 -5.177379e-03 3.558098e-01
9.191919e-01 7.070707e-02 -3.573592e-01 -5.182177e-03 3.521771e-01
9.292929e-01 7.070707e-02 -3.537677e-01 -5.174518e-03 3.485932e-01
9.393939e-01 7.070707e-02 -3.502123e-01 -5.175412e-03 3.450369e-01
9.494949e-01 7.070707e-02 -3.466926e-01 -5.178511e-03 3.415141e-01
9.595960e-01 7.070707e-02 -3.432083e-01 -5.181015e-03 3.380273e-01
9.696970e-01 7.070707e-02 -3.397590e-01 -5.175114e-03 3.345839e-01
9.797980e-01 7.070707e-02 -3.363443e-01 -5.176723e-03 3.311676e-01
9.898990e-01 7.070707e-02 -3.329640e-01 -5.175769e-03 3.277883e-01
1.000000e+00 7.070707e-02 -3.296177e-01 -5.174607e-03 3.244431e-01
0.000000e+00 8.080808e-02 9.549022e-01 -5.179256e-03 9.600815e-01
1.010101e-02 8.080808e-02 9.453053e-01 -5.179346e-03 9.504847e-01
2.020202e-02 8.080808e-02 9.358048e-01 -5.176902e-03 9.409817e-01
3.030303e-02 8.080808e-02 9.263998e-01 -5.184472e-03 9.315843e-01
4.040404e-02 8.080808e-02 9.170894e-01 -5.172491e-03 9.222619e-01
5.050505e-02 8.080808e-02 9.078725e-01 -5.173624e-03 9.130461e-01
6.060606e-02 8.080808e-02 8.987482e-01 -5.176783e-03 9.039250e-01
7.070707e-02 8.080808e-02 8.897156e-01 -5.176812e-03 8.948924e-01
8.080808e-02 8.080808e-02 8.807738e-01 -5.175531e-03 8.859494e-01
9.090909e-02 8.080808e-02 8.719219e-01 -5.180776e-03 8.771027e-01
1.010101e-01 8.080808e-02 8.631590e-01 -5.172461e-03 8.683314e-01
1.111111e-01 8.080808e-02 8.544841e-01 -5.179286e-03 8.596634e-01
1.212121e-01 8.080808e-02 8.458964e-01 -5.177081e-03 8.510734e-01
1.313131e-01 8.080808e-02 8.373950e-01 -5.173922e-03 8.425689e-01
1.414141e-01 8.080808e-02 8.289790e-01 -5.178213e-03 8.341572e-01
1.515152e-01 8.080808e-02 8.206476e-01 -5.174845e-03 8.258225e-01
1.616162e-01 8.080808e-02 8.124000e-01 -5.180299e-03 8.175803e-01
1.717172e-01 8.080808e-02 8.042352e-01 -5.178630e-03 8.094139e-01
1.818182e-01 8.080808e-02 7.961525e-01 -5.179107e-03 8.013316e-01
1.919192e-01 8.080808e-02 7.881511e-01 -5.180687e-03 7.933318e-01
2.020202e-01 8.080808e-02 7.802300e-01 -5.176216e-03 7.854062e-01
2.121212e-01 8.080808e-02 7.723886e-01 -5.165964e-03 7.775545e-01
2.222222e-01 8.080808e-02 7.646259e-01 -5.174756e-03 7.698007e-01
2.323232e-01 8.080808e-02 7.569413e-01 -5.180091e-03 7.621214e-01
2.424242e-01 8.080808e-02 7.493339e-01 -5.177826e-03 7.545118e-01
2.525253e-01 8.080808e-02 7.418030e-01 -5.180806e-03 7.469838e-01
2.626263e-01 8.080808e-02 7.343478e-01 -5.175948e-03 7.395237e-01
2.727273e-01 8.080808e-02 7.269674e-01 -5.177379e-03 7.321448e-01
2.828283e-01 8.080808e-02 7.196613e-01 -5.175531e-03 7.248368e-01
2.929293e-01 8.080808e-02 7.124286e-01 -5.176783e-03 7.176054e-01
3.030303e-01 8.080808e-02 7.052686e-01 -5.175233e-03 7.104438e-01
3.131313e-01 8.080808e-02 6.981805e-01 -5.181879e-03 7.033624e-01
3.232323e-01 8.080808e-02 6.911637e-01 -5.177408e-03 6.963411e-01
3.333333e-01 8.080808e-02 6.842174e-01 -5.178332e-03 6.893957e-01
3.434343e-01 8.080808e-02 6.773409e-01 -5.178750e-03 6.825196e-01
3.535354e-01 8.080808e-02 6.705335e-01 -5.171686e-03 6.757052e-01
3.636364e-01 8.080808e-02 6.637945e-01 -5.179673e-03 6.689742e-01
3.737374e-01 8.080808e-02 6.571233e-01 -5.178779e-03 6.623020e-01
3.838384e-01 8.080808e-02 6.505191e-01 -5.175471e-03 6.556945e-01
3.939394e-01 8.080808e-02 6.439812e-01 -5.184829e-03 6.491661e-01
4.040404e-01 8.080808e-02 6.375091e-01 -5.175769e-03 6.426849e-01
4.141414e-01 8.080808e-02 6.311020e-01 -5.177647e-03 6.362797e-01
4.242424e-01 8.080808e-02 6.247594e-01 -5.179644e-03 6.299390e-01
4.343434e-01 8.080808e-02 6.184804e-01 -5.173117e-03 6.236535e-01
4.444444e-01 8.080808e-02 6.122646e-01 -5.181432e-03 6.174460e-01
4.545455e-01 8.080808e-02 6.061112e-01 -5.175352e-03 6.112866e-01
4.646465e-01 8.080808e-02 6.000197e-01 -5.172431e-03 6.051921e-01
4.747475e-01 8.080808e-02 5.939894e-01 -5.181521e-03 5.991709e-01
4.848485e-01 8.080808e-02 5.880197e-01 -5.173326e-03 5.931930e-01
4.949495e-01 8.080808e-02 5.821100e-01 -5.174071e-03 5.872841e-01
5.050505e-01 8.080808e-02 5.762597e-01 -5.179703e-03 5.814394e-01
5.151515e-01 8.080808e-02 5.704682e-01 -5.178899e-03 5.756471e-01
5.252525e-01 8.080808e-02 5.647349e-01 -5.180717e-03 5.699156e-01
5.353535e-01 8.080808e-02 5.590592e-01 -5.172342e-03 5.642316e-01
5.454545e-01 8.080808e-02 5.534406e-01 -5.172133e-03 5.586127e-01
5.555556e-01 8.080808e-02 5.478784e-01 -5.177706e-03 5.530561e-01
5.656566e-01 8.080808e-02 5.423722e-01 -5.183727e-03 5.475559e-01
5.757576e-01 8.080808e-02 5.369212e-01 -5.180657e-03 5.421019e-01
5.858586e-01 8.080808e-02 5.315251e-01 -5.172312e-03 5.366974e-01
5.959596e-01 8.080808e-02 5.261832e-01 -5.174130e-03 5.313573e-01
6.060606e-01 8.080808e-02 5.208949e-01 -5.172968e-03 5.260679e-01
6.161616e-01 8.080808e-02 5.156599e-01 -5.176961e-03 5.208368e-01
6.262626e-01 8.080808e-02 5.104774e-01 -5.179107e-03 5.156565e-01
6.363636e-01 8.080808e-02 5.053470e-01 -5.175203e-03 5.105222e-01
6.464646e-01 8.080808e-02 5.002682e-01 -5.177915e-03 5.054461e-01
6.565657e-01 8.080808e-02 4.952404e-01 -5.176872e-03 5.004173e-01
6.666667e-01 8.080808e-02 4.902632e-01 -5.176693e-03 4.954399e-01
6.767677e-01 8.080808e-02 4.853359e-01 -5.178452e-03 4.905144e-01
6.868687e-01 8.080808e-02 4.804582e-01 -5.173653e-03 4.856319e-01
6.969697e-01 8.080808e-02 4.756295e-01 -5.178601e-03 4.808081e-01
7.070707e-01 8.080808e-02 4.708494e-01 -5.176067e-03 4.760255e-01
7.171717e-01 8.080808e-02 4.661173e-01 -5.173385e-03 4.712907e-01
7.272727e-01 8.080808e-02 4.614327e-01 -5.185097e-03 4.666178e-01
7.373737e-01 8.080808e-02 4.567952e-01 -5.182147e-03 4.619774e-01
7.474747e-01 8.080808e-02 4.522044e-01 -5.173564e-03 4.573779e-01
7.575758e-01 8.080808e-02 4.476596e-01 -5.176246e-03 4.528359e-01
7.676768e-01 8.080808e-02 4.431606e-01 -5.172372e-03 4.483330e-01
7.777778e-01 8.080808e-02 4.387067e-01 -5.181104e-03 4.438879e-01
7.878788e-01 8.080808e-02 4.342977e-01 -5.182683e-03 4.394804e-01
7.979798e-01 8.080808e-02 4.299329e-01 -5.177170e-03 4.351101e-01
8.080808e-01 8.080808e-02 4.256120e-01 -5.178481e-03 4.307905e-01
8.181818e-01 8.080808e-02 4.213345e-01 -5.174816e-03 4.265094e-01
8.282828e-01 8.080808e-02 4.171001e-01 -5.185366e-03 4.222854e-01
8.383838e-01 8.080808e-02 4.129081e-01 -5.178332e-03 4.180865e-01
8.484848e-01 8.080808e-02 4.087583e-01 -5.176723e-03 4.139351e-01
8.585859e-01 8.080808e-02 4.046502e-01 -5.179763e-03 4.098300e-01
8.686869e-01 8.080808e-02 4.005834e-01 -5.182117e-03 4.057656e-01
8.787879e-01 8.080808e-02 3.965575e-01 -5.174309e-03 4.017318e-01
8.888889e-01 8.080808e-02 3.925720e-01 -5.177915e-03 3.977500e-01
8.989899e-01 8.080808e-02 3.886266e-01 -5.185962e-03 3.938126e-01
9.090909e-01 8.080808e-02 3.847209e-01 -5.172133e-03 3.898930e-01
9.191919e-01 8.080808e-02 3.808544e-01 -5.182117e-03 3.860365e-01
9.292929e-01 8.080808e-02 3.770267e-01 -5.177557e-03 3.822043e-01
9.393939e-01 8.080808e-02 3.732375e-01 -5.178720e-03 3.784163e-01
9.494949e-01 8.080808e-02 3.694864e-01 -5.179465e-03 3.746659e-01
9.595960e-01 8.080808e-02 3.657730e-01 -5.177796e-03 3.709508e-01
9.696970e-01 8.080808e-02 3.620970e-01 -5.175442e-03 3.672724e-01
9.797980e-01 8.080808e-02 3.584578e-01 -5.181760e-03 3.636396e-01
9.898990e-01 8.080808e-02 3.548553e-01 -5.173683e-03 3.600289e-01
1.000000e+00 8.080808e-02 3.512889e-01 -5.173355e-03 3.564623e-01
0.000000e+00 9.090909e-02 -9.898214e-01 -5.176485e-03 9.846450e-01
1.010101e-02 9.090909e-02 -9.798736e-01 -5.183399e-03 9.746902e-01
2.020202e-02 9.090909e-02 -9.700257e-01 -5.180120e-03 9.648456e-01
3.030303e-02 9.090909e-02 -9.602768e-01 -5.181223e-03 9.550955e-01
4.040404e-02 9.090909e-02 -9.506258e-01 -5.174100e-03 9.454517e-01
5.050505e-02 9.090909e-02 -9.410719e-01 -5.177677e-03 9.358942e-01
6.060606e-02 9.090909e-02 -9.316139e-01 -5.173028e-03 9.264409e-01
7.070707e-02 9.090909e-02 -9.222511e-01 -5.178183e-03 9.170729e-01
8.080808e-02 9.090909e-02 -9.129823e-01 -5.181015e-03 9.078013e-01
9.090909e-02 9.090909e-02 -9.038067e-01 -5.186915e-03 8.986198e-01
1.010101e-01 9.090909e-02 -8.947233e-01 -5.181849e-03 8.895414e-01
1.111111e-01 9.090909e-02 -8.857311e-01 -5.176991e-03 8.805542e-01
1.212121e-01 9.090909e-02 -8.768294e-01 -5.175740e-03 8.716537e-01
1.313131e-01 9.090909e-02 -8.680171e-01 -5.176067e-03 8.628410e-01
1.414141e-01 9.090909e-02 -8.592934e-01 -5.177200e-03 8.541162e-01
1.515152e-01 9.090909e-02 -8.506574e-01 -5.183369e-03 8.454740e-01
1.616162e-01 9.090909e-02 -8.421081e-01 -5.178094e-03 8.369300e-01
1.717172e-01 9.090909e-02 -8.336448e-01 -5.177259e-03 8.284675e-01
1.818182e-01 9.090909e-02 -8.252665e-01 -5.181134e-03 8.200854e-01
1.919192e-01 9.090909e-02 -8.169724e-01 -5.176634e-03 8.117958e-01
2.020202e-01 9.090909e-02 -8.087617e-01 -5.180955e-03 8.035808e-01
2.121212e-01 9.090909e-02 -8.006336e-01 -5.176663e-03 7.954569e-01
2.222222e-01 9.090909e-02 -7.925871e-01 -5.175829e-03 7.874112e-01
2.323232e-01 9.090909e-02 -7.846214e-01 -5.172312e-03 7.794491e-01
2.424242e-01 9.090909e-02 -7.767358e-01 -5.174458e-03 7.715614e-01
2.525253e-01 9.090909e-02 -7.689295e-01 -5.179733e-03 7.637498e-01
2.626263e-01 9.090909e-02 -7.612016e-01 -5.179048e-03 7.560226e-01
2.727273e-01 9.090909e-02 -7.535514e-01 -5.183339e-03 7.483681e-01
2.828283e-01 9.090909e-02 -7.459781e-01 -5.175948e-03 7.408022e-01
2.929293e-01 9.090909e-02 -7.384809e-01 -5.174398e-03 7.333065e-01
3.030303e-01 9.090909e-02 -7.310591e-01 -5.179822e-03 7.258792e-01
3.131313e-01 9.090909e-02 -7.237118e-01 -5.179107e-03 7.185327e-01
3.232323e-01 9.090909e-02 -7.164384e-01 -5.177170e-03 7.112612e-01
3.333333e-01 9.090909e-02 -7.092381e-01 -5.171716e-03 7.040663e-01
3.434343e-01 9.090909e-02 -7.021101e-01 -5.179793e-03 6.969303e-01
3.535354e-01 9.090909e-02 -6.950538e-01 -5.176961e-03 6.898768e-01
3.636364e-01 9.090909e-02 -6.880684e-01 -5.177438e-03 6.828909e-01
3.737374e-01 9.090909e-02 -6.811532e-01 -5.176902e-03 6.759763e-01
3.838384e-01 9.090909e-02 -6.743075e-01 -5.179048e-03 6.691284e-01
3.939394e-01 9.090909e-02 -6.675306e-01 -5.178183e-03 6.623524e-01
4.040404e-01 9.090909e-02 -6.608218e-01 -5.177647e-03 6.556441e-01
4.141414e-01 9.090909e-02 -6.541804e-01 -5.174875e-03 6.490055e-01
4.242424e-01 9.090909e-02 -6.476058e-01 -5.168080e-03 6.424377e-01
4.343434e-01 9.090909e-02 -6.410972e-01 -5.174488e-03 6.359227e-01
4.444444e-01 9.090909e-02 -6.346541e-01 -5.175799e-03 6.294783e-01
4.545455e-01 9.090909e-02 -6.282757e-01 -5.176604e-03 6.230991e-01
4.646465e-01 9.090909e-02 -6.219614e-01 -5.178511e-03 6.167829e-01
4.747475e-01 9.090909e-02 -6.157106e-01 -5.179495e-03 6.105311e-01
4.848485e-01 9.090909e-02 -6.095226e-01 -5.184472e-03 6.043382e-01
4.949495e-01 9.090909e-02 -6.033968e-01 -5.181462e-03 5.982154e-01
5.050505e-01 9.090909e-02 -5.973326e-01 -5.175531e-03 5.921571e-01
5.151515e-01 9.090909e-02 -5.913293e-01 -5.182564e-03 5.861467e-01
5.252525e-01 9.090909e-02 -5.853863e-01 -5.174249e-03 5.802121e-01
5.353535e-01 9.090909e-02 -5.795031e-01 -5.170822e-03 5.743323e-01
5.454545e-01 9.090909e-02 -5.736790e-01 -5.173206e-03 5.685058e-01
5.555556e-01 9.090909e-02 -5.679134e-01 -5.182564e-03 5.627309e-01
5.656566e-01 9.090909e-02 -5.622058e-01 -5.181551e-03 5.570243e-01
5.757576e-01 9.090909e-02 -5.565556e-01 -5.176157e-03 5.513794e-01
5.858586e-01 9.090909e-02 -5.509621e-01 -5.183280e-03 5.457788e-01
5.959596e-01 9.090909e-02 -5.454248e-01 -5.176723e-03 5.402481e-01
6.060606e-01 9.090909e-02 -5.399432e-01 -5.176604e-03 5.347666e-01
6.161616e-01 9.090909e-02 -5.345167e-01 -5.173385e-03 5.293433e-01
6.262626e-01 9.090909e-02 -5.291447e-01 -5.181909e-03 5.239628e-01
6.363636e-01 9.090909e-02 -5.238267e-01 -5.174458e-03 5.186523e-01
6.464646e-01 9.090909e-02 -5.185622e-01 -5.181462e-03 5.133807e-01
6.565657e-01 9.090909e-02 -5.133505e-01 -5.175471e-03 5.081751e-01
6.666667e-01 9.090909e-02 -5.081913e-01 -5.172610e-03 5.030187e-01
6.767677e-01 9.090909e-02 -5.030839e-01 -5.181879e-03 4.979020e-01
6.868687e-01 9.090909e-02 -4.980278e-01 -5.178601e-03 4.928492e-01
6.969697e-01 9.090909e-02 -4.930225e-01 -5.180448e-03 4.878421e-01
7.070707e-01 9.090909e-02 -4.880676e-01 -5.173683e-03 4.828939e-01
7.171717e-01 9.090909e-02 -4.831624e-01 -5.176365e-03 4.779860e-01
7.272727e-01 9.090909e-02 -4.783065e-01 -5.176336e-03 4.731302e-01
7.373737e-01 9.090909e-02 -4.734995e-01 -5.174786e-03 4.683247e-01
7.474747e-01 9.090909e-02 -4.687407e-01 -5.178541e-03 4.635622e-01
7.575758e-01 9.090909e-02 -4.640298e-01 -5.179584e-03 4.588502e-01
7.676768e-01 9.090909e-02 -4.593662e-01 -5.173028e-03 4.541932e-01
7.777778e-01 9.090909e-02 -4.547495e-01 -5.179018e-03 4.495705e-01
7.878788e-01 9.090909e-02 -4.501792e-01 -5.170524e-03 4.450087e-01
7.979798e-01 9.090909e-02 -4.456548e-01 -5.176723e-03 4.404781e-01
8.080808e-01 9.090909e-02 -4.411759e-01 -5.181998e-03 4.359939e-01
8.181818e-01 9.090909e-02 -4.367421e-01 -5.180210e-03 4.315618e-01
8.282828e-01 9.090909e-02 -4.323527e-01 -5.176067e-03 4.271767e-01
8.383838e-01 9.090909e-02 -4.280075e-01 -5.170912e-03 4.228366e-01
8.484848e-01 9.090909e-02 -4.237060e-01 -5.181313e-03 4.185246e-01
8.585859e-01 9.090909e-02 -4.194476e-01 -5.176902e-03 4.142707e-01
8.686869e-01 9.090909e-02 -4.152321e-01 -5.179197e-03 4.100529e-01
8.787879e-01 9.090909e-02 -4.110590e-01 -5.177081e-03 4.058819e-01
8.888889e-01 9.090909e-02 -4.069278e-01 -5.173922e-03 4.017538e-01
8.989899e-01 9.090909e-02 -4.028381e-01 -5.181909e-03 3.976562e-01
9.090909e-01 9.090909e-02 -3.987895e-01 -5.172968e-03 3.936165e-01
9.191919e-01 9.090909e-02 -3.947816e-01 -5.173564e-03 3.896080e-01
9.292929e-01 9.090909e-02 -3.908140e-01 -5.177677e-03 3.856363e-01
9.393939e-01 9.090909e-02 -3.868862e-01 -5.176544e-03 3.817097e-01
9.494949e-01 9.090909e-02 -3.829979e-01 -5.184680e-03 3.778133e-01
9.595960e-01 9.090909e-02 -3.791487e-01 -5.181730e-03 3.739670e-01
9.696970e-01 9.090909e-02 -3.753382e-01 -5.176246e-03 3.701620e-01
9.797980e-01 9.090909e-02 -3.715660e-01 -5.177557e-03 3.663885e-01
9.898990e-01 9.090909e-02 -3.678317e-01 -5.172849e-03 3.626589e-01
1.000000e+00 9.090909e-02 -3.641350e-01 -5.170643e-03 3.589643e-01
0.000000e+00 1.010101e-01 9.998741e-01 -5.167246e-03 1.005041e+00
1.010101e-02 1.010101e-01 9.898252e-01 -5.171299e-03 9.949965e-01
2.020202e-02 1.010101e-01 9.798773e-01 -5.175591e-03 9.850529e-01
3.030303e-02 1.010101e-01 9.700294e-01 -5.178511e-03 9.752079e-01
4.040404e-02 1.010101e-01 9.602804e-01 -5.181074e-03 9.654615e-01
5.050505e-02 1.010101e-01 9.506295e-01 -5.175978e-03 9.558054e-01
6.060606e-02 1.010101e-01 9.410755e-01 -5.174577e-03 9.462500e-01
7.070707e-02 1.010101e-01 9.316175e-01 -5.175442e-03 9.367929e-01
8.080808e-02 1.010101e-01 9.222546e-01 -5.181551e-03 9.274361e-01
9.090909e-02 1.010101e-01 9.129858e-01 -5.181193e-03 9.181670e-01
1.010101e-01 1.010101e-01 9.038101e-01 -5.171418e-03 9.089815e-01
1.111111e-01 1.010101e-01 8.947267e-01 -5.173326e-03 8.999000e-01
1.212121e-01 1.010101e-01 8.857345e-01 -5.176187e-03 8.909107e-01
1.313131e-01 1.010101e-01 8.768328e-01 -5.175561e-03 8.820083e-01
1.414141e-01 1.010101e-01 8.680204e-01 -5.183876e-03 8.732043e-01
1.515152e-01 1.010101e-01 8.592967e-01 -5.175918e-03 8.644726e-01
1.616162e-01 1.010101e-01 8.506606e-01 -5.171329e-03 8.558319e-01
1.717172e-01 1.010101e-01 8.421113e-01 -5.176991e-03 8.472883e-01
1.818182e-01 1.010101e-01 8.336480e-01 -5.183369e-03 8.388313e-01
1.919192e-01 1.010101e-01 8.252697e-01 -5.175948e-03 8.304456e-01
2.020202e-01 1.010101e-01 8.169756e-01 -5.179107e-03 8.221547e-01
2.121212e-01 1.010101e-01 8.087648e-01 -5.181730e-03 8.139466e-01
2.222222e-01 1.010101e-01 8.006366e-01 -5.171776e-03 8.058084e-01
2.323232e-01 1.010101e-01 7.925901e-01 -5.186915e-03 7.977770e-01
2.424242e-01 1.010101e-01 7.846244e-01 -5.178928e-03 7.898033e-01
2.525253e-01 1.010101e-01 7.767388e-01 -5.181104e-03 7.819199e-01
2.626263e-01 1.010101e-01 7.689325e-01 -5.181640e-03 7.741141e-01
2.727273e-01 1.010101e-01 7.612046e-01 -5.180418e-03 7.663850e-01
2.828283e-01 1.010101e-01 7.535543e-01 -5.179465e-03 7.587338e-01
2.929293e-01 1.010101e-01 7.459810e-01 -5.176395e-03 7.511574e-01
3.030303e-01 1.010101e-01 7.384837e-01 -5.176902e-03 7.436607e-01
3.131313e-01 1.010101e-01 7.310619e-01 -5.181134e-03 7.362430e-01
3.232323e-01 1.010101e-01 7.237146e-01 -5.175829e-03 7.288904e-01
3.333333e-01 1.010101e-01 7.164411e-01 -5.182326e-03 7.216234e-01
3.434343e-01 1.010101e-01 7.092408e-01 -5.181283e-03 7.144220e-01
3.535354e-01 1.010101e-01 7.021128e-01 -5.177736e-03 7.072905e-01
3.636364e-01 1.010101e-01 6.950564e-01 -5.173087e-03 7.002295e-01
3.737374e-01 1.010101e-01 6.880710e-01 -5.172551e-03 6.932435e-01
3.838384e-01 1.010101e-01 6.811558e-01 -5.176872e-03 6.863326e-01
3.939394e-01 1.010101e-01 6.743100e-01 -5.173147e-03 6.794832e-01
4.040404e-01 1.010101e-01 6.675331e-01 -5.177736e-03 6.727108e-01
4.141414e-01 1.010101e-01 6.608243e-01 -5.171180e-03 6.659955e-01
4.242424e-01 1.010101e-01 6.541829e-01 -5.179793e-03 6.593627e-01
4.343434e-01 1.010101e-01 6.476083e-01 -5.175501e-03 6.527838e-01
4.444444e-01 1.010101e-01 6.410997e-01 -5.171984e-03 6.462717e-01
4.545455e-01 1.010101e-01 6.346565e-01 -5.174845e-03 6.398314e-01
4.646465e-01 1.010101e-01 6.282781e-01 -5.180508e-03 6.334586e-01
4.747475e-01 1.010101e-01 6.219638e-01 -5.178064e-03 6.271419e-01
4.848485e-01 1.010101e-01 6.157130e-01 -5.174309e-03 6.208873e-01
4.949495e-01 1.010101e-01 6.095250e-01 -5.176902e-03 6.147019e-01
5.050505e-01 1.010101e-01 6.033991e-01 -5.175054e-03 6.085742e-01
5.151515e-01 1.010101e-01 5.973349e-01 -5.176932e-03 6.025118e-01
5.252525e-01 1.010101e-01 5.913316e-01 -5.181968e-03 5.965135e-01
5.353535e-01 1.010101e-01 5.853886e-01 -5.177975e-03 5.905666e-01
5.454545e-01 1.010101e-01 5.795053e-01 -5.175382e-03 5.846807e-01
5.555556e-01 1.010101e-01 5.736812e-01 -5.174726e-03 5.788559e-01
5.656566e-01 1.010101e-01 5.679156e-01 -5.174428e-03 5.730900e-01
5.757576e-01 1.010101e-01 5.622080e-01 -5.175650e-03 5.673836e-01
5.858586e-01 1.010101e-01 5.565577e-01 -5.186111e-03 5.617438e-01
5.959596e-01 1.010101e-01 5.509642e-01 -5.178899e-03 5.561431e-01
6.060606e-01 1.010101e-01 5.454269e-01 -5.176067e-03 5.506030e-01
6.161616e-01 1.010101e-01 5.399453e-01 -5.173683e-03 5.451190e-01
6.262626e-01 1.010101e-01 5.345187e-01 -5.179763e-03 5.396985e-01
6.363636e-01 1.010101e-01 5.291467e-01 -5.181462e-03 5.343282e-01
6.464646e-01 1.010101e-01 5.238287e-01 -5.177200e-03 5.290059e-01
6.565657e-01 1.010101e-01 5.185641e-01 -5.171895e-03 5.237360e-01
6.666667e-01 1.010101e-01 5.133525e-01 -5.175799e-03 5.185283e-01
6.767677e-01 1.010101e-01 5.081932e-01 -5.176842e-03 5.133701e-01
6.868687e-01 1.010101e-01 5.030858e-01 -5.183339e-03 5.082691e-01
6.969697e-01 1.010101e-01 4.980297e-01 -5.176365e-03 5.032061e-01
7.070707e-01 1.010101e-01 4.930244e-01 -5.181313e-03 4.982057e-01
7.171717e-01 1.010101e-01 4.880694e-01 -5.183190e-03 4.932526e-01
7.272727e-01 1.010101e-01 4.831643e-01 -5.175382e-03 4.883396e-01
7.373737e-01 1.010101e-01 4.783084e-01 -5.183607e-03 4.834920e-01
7.474747e-01 1.010101e-01 4.735013e-01 -5.174339e-03 4.786756e-01
7.575758e-01 1.010101e-01 4.687425e-01 -5.175531e-03 4.739181e-01
7.676768e-01 1.010101e-01 4.640316e-01 -5.177140e-03 4.692087e-01
7.777778e-01 1.010101e-01 4.593680e-01 -5.180597e-03 4.645486e-01
7.878788e-01 1.010101e-01 4.547513e-01 -5.182236e-03 4.599335e-01
7.979798e-01 1.010101e-01 4.501809e-01 -5.178869e-03 4.553598e-01
8.080808e-01 1.010101e-01 4.456566e-01 -5.180269e-03 4.508368e-01
8.181818e-01 1.010101e-01 4.411776e-01 -5.178660e-03 4.463563e-01
8.282828e-01 1.010101e-01 4.367437e-01 -5.175084e-03 4.419188e-01
8.383838e-01 1.010101e-01 4.323544e-01 -5.182922e-03 4.375373e-01
8.484848e-01 1.010101e-01 4.280091e-01 -5.176842e-03 4.331860e-01
8.585859e-01 1.010101e-01 4.237076e-01 -5.174786e-03 4.288824e-01
8.686869e-01 1.010101e-01 4.194492e-01 -5.168051e-03 4.246173e-01
8.787879e-01 1.010101e-01 4.152337e-01 -5.179495e-03 4.204132e-01
8.888889e-01 1.010101e-01 4.110605e-01 -5.177140e-03 4.162377e-01
8.989899e-01 1.010101e-01 4.069293e-01 -5.179197e-03 4.121085e-01
9.090909e-01 1.010101e-01 4.028396e-01 -5.173922e-03 4.080135e-01
9.191919e-01 1.010101e-01 3.987910e-01 -5.173475e-03 4.039645e-01
9.292929e-01 1.010101e-01 3.947831e-01 -5.178213e-03 3.999613e-01
9.393939e-01 1.010101e-01 3.908155e-01 -5.179524e-03 3.959950e-01
9.494949e-01 1.010101e-01 3.868877e-01 -5.180001e-03 3.920677e-01
9.595960e-01 1.010101e-01 3.829994e-01 -5.174130e-03 3.881735e-01
9.696970e-01 1.010101e-01 3.791502e-01 -5.174935e-03 3.843251e-01
9.797980e-01 1.010101e-01 3.753397e-01 -5.177140e-03 3.805168e-01
9.898990e-01 1.010101e-01 3.715674e-01 -5.178481e-03 3.767459e-01
1.000000e+00 1.010101e-01 3.678331e-01 -5.178094e-03 3.730112e-01
0.000000e+00 1.111111e-01 -9.848078e-01 -5.174279e-03 9.796335e-01
1.010101e-02 1.111111e-01 -9.749103e-01 -5.170316e-03 9.697400e-01
2.020202e-02 1.111111e-01 -9.651123e-01 -5.168587e-03 9.599437e-01
3.030303e-02 1.111111e-01 -9.554127e-01 -5.173773e-03 9.502389e-01
4.040404e-02 1.111111e-01 -9.458107e-01 -5.179286e-03 9.406314e-01
5.050505e-02 1.111111e-01 -9.363051e-01 -5.184948e-03 9.311202e-01
6.060606e-02 1.111111e-01 -9.268951e-01 -5.174875e-03 9.217202e-01
7.070707e-02 1.111111e-01 -9.175796e-01 -5.178660e-03 9.124010e-01
8.080808e-02 1.111111e-01 -9.083578e-01 -5.177379e-03 9.031804e-01
9.090909e-02 1.111111e-01 -8.992287e-01 -5.168289e-03 8.940604e-01
1.010101e-01 1.111111e-01 -8.901913e-01 -5.181849e-03 8.850094e-01
1.111111e-01 1.111111e-01 -8.812447e-01 -5.188018e-03 8.760567e-01
1.212121e-01 1.111111e-01 -8.723880e-01 -5.175591e-03 8.672125e-01
1.313131e-01 1.111111e-01 -8.636204e-01 -5.166292e-03 8.584541e-01
1.414141e-01 1.111111e-01 -8.549409e-01 -5.178452e-03 8.497624e-01
1.515152e-01 1.111111e-01 -8.463486e-01 -5.176842e-03 8.411717e-01
1.616162e-01 1.111111e-01 -8.378426e-01 -5.186945e-03 8.326557e-01
1.717172e-01 1.111111e-01 -8.294222e-01 -5.171806e-03 8.242504e-01
1.818182e-01 1.111111e-01 -8.210863e-01 -5.172074e-03 8.159143e-01
1.919192e-01 1.111111e-01 -8.128343e-01 -5.170226e-03 8.076641e-01
2.020202e-01 1.111111e-01 -8.046652e-01 -5.175412e-03 7.994898e-01
2.121212e-01 1.111111e-01 -7.965781e-01 -5.177498e-03 7.914006e-01
2.222222e-01 1.111111e-01 -7.885724e-01 -5.174756e-03 7.833976e-01
2.323232e-01 1.111111e-01 -7.806471e-01 -5.174249e-03 7.754729e-01
2.424242e-01 1.111111e-01 -7.728015e-01 -5.178720e-03 7.676228e-01
2.525253e-01 1.111111e-01 -7.650347e-01 -5.172402e-03 7.598623e-01
2.626263e-01 1.111111e-01 -7.573460e-01 -5.175114e-03 7.521709e-01
2.727273e-01 1.111111e-01 -7.497345e-01 -5.177200e-03 7.445573e-01
2.828283e-01 1.111111e-01 -7.421996e-01 -5.180001e-03 7.370196e-01
2.929293e-01 1.111111e-01 -7.347403e-01 -5.179763e-03 7.295606e-01
3.030303e-01 1.111111e-01 -7.273561e-01 -5.175531e-03 7.221805e-01
3.131313e-01 1.111111e-01 -7.200460e-01 -5.176008e-03 7.148700e-01
3.232323e-01 1.111111e-01 -7.128094e-01 -5.174160e-03 7.076353e-01
3.333333e-01 1.111111e-01 -7.056456e-01 -5.178571e-03 7.004670e-01
3.434343e-01 1.111111e-01 -6.985537e-01 -5.176187e-03 6.933775e-01
3.535354e-01 1.111111e-01 -6.915332e-01 -5.179644e-03 6.863535e-01
3.636364e-01 1.111111e-01 -6.845831e-01 -5.183309e-03 6.793998e-01
3.737374e-01 1.111111e-01 -6.777030e-01 -5.173385e-03 6.725296e-01
3.838384e-01 1.111111e-01 -6.708919e-01 -5.178720e-03 6.657132e-01
3.939394e-01 1.111111e-01 -6.641494e-01 -5.167037e-03 6.589823e-01
4.040404e-01 1.111111e-01 -6.574745e-01 -5.174994e-03 6.522995e-01
4.141414e-01 1.111111e-01 -6.508668e-01 -5.178392e-03 6.456884e-01
4.242424e-01 1.111111e-01 -6.443255e-01 -5.180448e-03 6.391450e-01
4.343434e-01 1.111111e-01 -6.378499e-01 -5.179912e-03 6.326700e-01
4.444444e-01 1.111111e-01 -6.314394e-01 -5.177557e-03 6.262619e-01
4.545455e-01 1.111111e-01 -6.250933e-01 -5.176127e-03 6.199172e-01
4.646465e-01 1.111111e-01 -6.188111e-01 -5.174160e-03 6.136369e-01
4.747475e-01 1.111111e-01 -6.125919e-01 -5.174637e-03 6.074173e-01
4.848485e-01 1.111111e-01 -6.064353e-01 -5.180329e-03 6.012549e-01
4.949495e-01 1.111111e-01 -6.003405e-01 -5.186617e-03 5.951539e-01
5.050505e-01 1.111111e-01 -5.943070e-01 -5.175680e-03 5.891313e-01
5.151515e-01 1.111111e-01 -5.883341e-01 -5.176097e-03 5.831580e-01
5.252525e-01 1.111111e-01 -5.824212e-01 -5.173355e-03 5.772479e-01
5.353535e-01 1.111111e-01 -5.765678e-01 -5.179167e-03 5.713886e-01
5.454545e-01 1.111111e-01 -5.707732e-01 -5.178213e-03 5.655950e-01
5.555556e-01 1.111111e-01 -5.650368e-01 -5.167693e-03 5.598691e-01
5.656566e-01 1.111111e-01 -5.593581e-01 -5.172580e-03 5.541855e-01
5.757576e-01 1.111111e-01 -5.537365e-01 -5.175531e-03 5.485609e-01
5.858586e-01 1.111111e-01 -5.481713e-01 -5.178571e-03 5.429927e-01
5.959596e-01 1.111111e-01 -5.426621e-01 -5.174458e-03 5.374876e-01
6.060606e-01 1.111111e-01 -5.372083e-01 -5.178630e-03 5.320296e-01
6.161616e-01 1.111111e-01 -5.318092e-01 -5.178869e-03 5.266304e-01
6.262626e-01 1.111111e-01 -5.264645e-01 -5.177230e-03 5.212872e-01
6.363636e-01 1.111111e-01 -5.211734e-01 -5.178809e-03 5.159946e-01
6.464646e-01 1.111111e-01 -5.159355e-01 -5.174875e-03 5.107606e-01
6.565657e-01 1.111111e-01 -5.107503e-01 -5.172759e-03 5.055775e-01
6.666667e-01 1.111111e-01 -5.056172e-01 -5.179554e-03 5.004376e-01
6.767677e-01 1.111111e-01 -5.005356e-01 -5.177855e-03 4.953578e-01
6.868687e-01 1.111111e-01 -4.955052e-01 -5.166352e-03 4.903388e-01
6.969697e-01 1.111111e-01 -4.905252e-01 -5.178332e-03 4.853469e-01
7.070707e-01 1.111111e-01 -4.855954e-01 -5.181819e-03 4.804136e-01
7.171717e-01 1.111111e-01 -4.807151e-01 -5.182385e-03 4.755327e-01
7.272727e-01 1.111111e-01 -4.758838e-01 -5.171388e-03 4.707124e-01
7.373737e-01 1.111111e-01 -4.711011e-01 -5.173326e-03 4.659278e-01
7.474747e-01 1.111111e-01 -4.663665e-01 -5.179584e-03 4.611869e-01
7.575758e-01 1.111111e-01 -4.616794e-01 -5.180895e-03 4.564985e-01
7.676768e-01 1.111111e-01 -4.570394e-01 -5.177855e-03 4.518616e-01
7.777778e-01 1.111111e-01 -4.524461e-01 -5.173534e-03 4.472726e-01
7.878788e-01 1.111111e-01 -4.478990e-01 -5.174518e-03 4.427244e-01
7.979798e-01 1.111111e-01 -4.433975e-01 -5.176336e-03 4.382212e-01
8.080808e-01 1.111111e-01 -4.389413e-01 -5.179763e-03 4.337615e-01
8.181818e-01 1.111111e-01 -4.345298e-01 -5.181760e-03 4.293481e-01
8.282828e-01 1.111111e-01 -4.301627e-01 -5.181909e-03 4.249808e-01
8.383838e-01 1.111111e-01 -4.258395e-01 -5.178720e-03 4.206608e-01
8.484848e-01 1.111111e-01 -4.215598e-01 -5.179405e-03 4.163804e-01
8.585859e-01 1.111111e-01 -4.173230e-01 -5.181253e-03 4.121418e-01
8.686869e-01 1.111111e-01 -4.131289e-01 -5.172253e-03 4.079566e-01
8.787879e-01 1.111111e-01 -4.089769e-01 -5.177945e-03 4.037989e-01
8.888889e-01 1.111111e-01 -4.048666e-01 -5.177796e-03 3.996888e-01
8.989899e-01 1.111111e-01 -4.007976e-01 -5.177379e-03 3.956202e-01
9.090909e-01 1.111111e-01 -3.967695e-01 -5.181283e-03 3.915882e-01
9.191919e-01 1.111111e-01 -3.927819e-01 -5.179435e-03 3.876025e-01
9.292929e-01 1.111111e-01 -3.888344e-01 -5.174488e-03 3.836599e-01
9.393939e-01 1.111111e-01 -3.849265e-01 -5.172640e-03 3.797539e-01
9.494949e-01 1.111111e-01 -3.810580e-01 -5.177379e-03 3.758806e-01
9.595960e-01 1.111111e-01 -3.772283e-01 -5.178690e-03 3.720496e-01
9.696970e-01 1.111111e-01 -3.734371e-01 -5.178124e-03 3.682589e-01
9.797980e-01 1.111111e-01 -3.696840e-01 -5.172789e-03 3.645112e-01
9.898990e-01 1.111111e-01 -3.659686e-01 -5.175918e-03 3.607927e-01
1.000000e+00 1.111111e-01 -3.622905e-01 -5.176693e-03 3.571138e-01
0.000000e+00 1.212121e-01 9.450008e-01 -5.181253e-03 9.501821e-01
1.010101e-02 1.212121e-01 9.355034e-01 -5.178213e-03 9.406816e-01
2.020202e-02 1.212121e-01 9.261014e-01 -5.177408e-03 9.312788e-01
3.030303e-02 1.212121e-01 9.167940e-01 -5.177110e-03 9.219711e-01
4.040404e-02 1.212121e-01 9.075800e-01 -5.175799e-03 9.127558e-01
5.050505e-02 1.212121e-01 8.984587e-01 -5.180478e-03 9.036392e-01
6.060606e-02 1.212121e-01 8.894290e-01 -5.178005e-03 8.946070e-01
7.070707e-02 1.212121e-01 8.804901e-01 -5.183280e-03 8.856734e-01
8.080808e-02 1.212121e-01 8.716411e-01 -5.177259e-03 8.768183e-01
9.090909e-02 1.212121e-01 8.628809e-01 -5.173087e-03 8.680540e-01
1.010101e-01 1.212121e-01 8.542088e-01 -5.171329e-03 8.593802e-01
1.111111e-01 1.212121e-01 8.456239e-01 -5.174130e-03 8.507980e-01
1.212121e-01 1.212121e-01 8.371252e-01 -5.182385e-03 8.423076e-01
1.313131e-01 1.212121e-01 8.287120e-01 -5.174428e-03 8.338864e-01
1.414141e-01 1.212121e-01 8.203833e-01 -5.177230e-03 8.255605e-01
1.515152e-01 1.212121e-01 8.121383e-01 -5.175889e-03 8.173142e-01
1.616162e-01 1.212121e-01 8.039762e-01 -5.174875e-03 8.091510e-01
1.717172e-01 1.212121e-01 7.958961e-01 -5.182594e-03 8.010787e-01
1.818182e-01 1.212121e-01 7.878972e-01 -5.177349e-03 7.930745e-01
1.919192e-01 1.212121e-01 7.799787e-01 -5.181670e-03 7.851604e-01
2.020202e-01 1.212121e-01 7.721398e-01 -5.182922e-03 7.773227e-01
2.121212e-01 1.212121e-01 7.643796e-01 -5.175769e-03 7.695554e-01
2.222222e-01 1.212121e-01 7.566975e-01 -5.181909e-03 7.618794e-01
2.323232e-01 1.212121e-01 7.490926e-01 -5.174041e-03 7.542666e-01
2.424242e-01 1.212121e-01 7.415641e-01 -5.171388e-03 7.467354e-01
2.525253e-01 1.212121e-01 7.341112e-01 -5.177498e-03 7.392887e-01
2.626263e-01 1.212121e-01 7.267333e-01 -5.178869e-03 7.319121e-01
2.727273e-01 1.212121e-01 7.194295e-01 -5.185783e-03 7.246153e-01
2.828283e-01 1.212121e-01 7.121991e-01 -5.173832e-03 7.173729e-01
2.929293e-01 1.212121e-01 7.050414e-01 -5.181372e-03 7.102228e-01
3.030303e-01 1.212121e-01 6.979556e-01 -5.172551e-03 7.031282e-01
3.131313e-01 1.212121e-01 6.909410e-01 -5.177975e-03 6.961190e-01
3.232323e-01 1.212121e-01 6.839970e-01 -5.175471e-03 6.891724e-01
3.333333e-01 1.212121e-01 6.771227e-01 -5.177736e-03 6.823004e-01
3.434343e-01 1.212121e-01 6.703175e-01 -5.177110e-03 6.754946e-01
3.535354e-01 1.212121e-01 6.635807e-01 -5.181462e-03 6.687621e-01
3.636364e-01 1.212121e-01 6.569116e-01 -5.176961e-03 6.620885e-01
3.737374e-01 1.212121e-01 6.503095e-01 -5.179316e-03 6.554888e-01
3.838384e-01 1.212121e-01 6.437738e-01 -5.180001e-03 6.489538e-01
3.939394e-01 1.212121e-01 6.373038e-01 -5.185723e-03 6.424895e-01
4.040404e-01 1.212121e-01 6.308987e-01 -5.178928e-03 6.360777e-01
4.141414e-01 1.212121e-01 6.245581e-01 -5.175531e-03 6.297336e-01
4.242424e-01 1.212121e-01 6.182812e-01 -5.176336e-03 6.234575e-01
4.343434e-01 1.212121e-01 6.120674e-01 -5.177617e-03 6.172450e-01
4.444444e-01 1.212121e-01 6.059160e-01 -5.180955e-03 6.110969e-01
4.545455e-01 1.212121e-01 5.998264e-01 -5.179793e-03 6.050062e-01
4.646465e-01 1.212121e-01 5.937981e-01 -5.170316e-03 5.989684e-01
4.747475e-01 1.212121e-01 5.878303e-01 -5.180120e-03 5.930104e-01
4.848485e-01 1.212121e-01 5.819225e-01 -5.186915e-03 5.871094e-01
4.949495e-01 1.212121e-01 5.760741e-01 -5.176216e-03 5.812503e-01
5.050505e-01 1.212121e-01 5.702845e-01 -5.179375e-03 5.754638e-01
5.151515e-01 1.212121e-01 5.645530e-01 -5.176544e-03 5.697296e-01
5.252525e-01 1.212121e-01 5.588792e-01 -5.182207e-03 5.640614e-01
5.353535e-01 1.212121e-01 5.532623e-01 -5.181313e-03 5.584436e-01
5.454545e-01 1.212121e-01 5.477019e-01 -5.176753e-03 5.528787e-01
5.555556e-01 1.212121e-01 5.421975e-01 -5.177677e-03 5.473751e-01
5.656566e-01 1.212121e-01 5.367483e-01 -5.172521e-03 5.419208e-01
5.757576e-01 1.212121e-01 5.313539e-01 -5.172849e-03 5.365267e-01
5.858586e-01 1.212121e-01 5.260137e-01 -5.180806e-03 5.311945e-01
5.959596e-01 1.212121e-01 5.207271e-01 -5.174667e-03 5.259018e-01
6.060606e-01 1.212121e-01 5.154938e-01 -5.179167e-03 5.206729e-01
6.161616e-01 1.212121e-01 5.103130e-01 -5.180061e-03 5.154930e-01
6.262626e-01 1.212121e-01 5.051842e-01 -5.178332e-03 5.103626e-01
6.363636e-01 1.212121e-01 5.001070e-01 -5.175591e-03 5.052826e-01
6.464646e-01 1.212121e-01 4.950809e-01 -5.180866e-03 5.002617e-01
6.565657e-01 1.212121e-01 4.901052e-01 -5.185962e-03 4.952912e-01
6.666667e-01 1.212121e-01 4.851796e-01 -5.182922e-03 4.903625e-01
6.767677e-01 1.212121e-01 4.803035e-01 -5.182773e-03 4.854862e-01
6.868687e-01 1.212121e-01 4.754763e-01 -5.175710e-03 4.806520e-01
6.969697e-01 1.212121e-01 4.706977e-01 -5.175799e-03 4.758735e-01
7.070707e-01 1.212121e-01 4.659671e-01 -5.174071e-03 4.711412e-01
7.171717e-01 1.212121e-01 4.612841e-01 -5.174160e-03 4.664582e-01
7.272727e-01 1.212121e-01 4.566481e-01 -5.183846e-03 4.618319e-01
7.373737e-01 1.212121e-01 4.520587e-01 -5.176008e-03 4.572347e-01
7.474747e-01 1.212121e-01 4.475154e-01 -5.179912e-03 4.526954e-01
7.575758e-01 1.212121e-01 4.430178e-01 -5.173266e-03 4.481911e-01
7.676768e-01 1.212121e-01 4.385654e-01 -5.174398e-03 4.437398e-01
7.777778e-01 1.212121e-01 4.341578e-01 -5.173355e-03 4.393311e-01
7.878788e-01 1.212121e-01 4.297944e-01 -5.178779e-03 4.349732e-01
7.979798e-01 1.212121e-01 4.254749e-01 -5.171478e-03 4.306464e-01
8.080808e-01 1.212121e-01 4.211988e-01 -5.172879e-03 4.263717e-01
8.181818e-01 1.212121e-01 4.169657e-01 -5.179822e-03 4.221455e-01
8.282828e-01 1.212121e-01 4.127751e-01 -5.178452e-03 4.179536e-01
8.383838e-01 1.212121e-01 4.086267e-01 -5.174607e-03 4.138013e-01
8.484848e-01 1.212121e-01 4.045199e-01 -5.177259e-03 4.096972e-01
8.585859e-01 1.212121e-01 4.004544e-01 -5.177170e-03 4.056316e-01
8.686869e-01 1.212121e-01 3.964298e-01 -5.183041e-03 4.016128e-01
8.787879e-01 1.212121e-01 3.924456e-01 -5.171835e-03 3.976174e-01
8.888889e-01 1.212121e-01 3.885015e-01 -5.178213e-03 3.936797e-01
8.989899e-01 1.212121e-01 3.845969e-01 -5.177289e-03 3.897742e-01
9.090909e-01 1.212121e-01 3.807317e-01 -5.171537e-03 3.859032e-01
9.191919e-01 1.212121e-01 3.769053e-01 -5.186886e-03 3.820922e-01
9.292929e-01 1.212121e-01 3.731173e-01 -5.175114e-03 3.782924e-01
9.393939e-01 1.212121e-01 3.693674e-01 -5.178452e-03 3.745459e-01
9.494949e-01 1.212121e-01 3.656552e-01 -5.178601e-03 3.708338e-01
9.595960e-01 1.212121e-01 3.619803e-01 -5.176842e-03 3.671572e-01
9.696970e-01 1.212121e-01 3.583424e-01 -5.179614e-03 3.635220e-01
9.797980e-01 1.212121e-01 3.547410e-01 -5.180955e-03 3.599219e-01
9.898990e-01 1.212121e-01 3.511757e-01 -5.181253e-03 3.563570e-01
1.000000e+00 1.212121e-01 3.476464e-01 -5.178273e-03 3.528246e-01
0.000000e+00 1.313131e-01 -8.814534e-01 -5.179197e-03 8.762742e-01
1.010101e-02 1.313131e-01 -8.725946e-01 -5.177796e-03 8.674168e-01
2.020202e-02 1.313131e-01 -8.638249e-01 -5.176365e-03 8.586485e-01
3.030303e-02 1.313131e-01 -8.551433e-01 -5.173564e-03 8.499697e-01
4.040404e-02 1.313131e-01 -8.465490e-01 -5.178005e-03 8.413710e-01
5.050505e-02 1.313131e-01 -8.380410e-01 -5.178243e-03 8.328628e-01
6.060606e-02 1.313131e-01 -8.296186e-01 -5.176067e-03 8.244425e-01
7.070707e-02 1.313131e-01 -8.212808e-01 -5.173534e-03 8.161072e-01
8.080808e-02 1.313131e-01 -8.130268e-01 -5.169153e-03 8.078576e-01
9.090909e-02 1.313131e-01 -8.048557e-01 -5.176365e-03 7.996793e-01
1.010101e-01 1.313131e-01 -7.967668e-01 -5.181074e-03 7.915857e-01
1.111111e-01 1.313131e-01 -7.887591e-01 -5.181789e-03 7.835773e-01
1.212121e-01 1.313131e-01 -7.808320e-01 -5.179346e-03 7.756526e-01
1.313131e-01 1.313131e-01 -7.729845e-01 -5.172431e-03 7.678120e-01
1.414141e-01 1.313131e-01 -7.652159e-01 -5.176604e-03 7.600392e-01
1.515152e-01 1.313131e-01 -7.575253e-01 -5.175859e-03 7.523494e-01
1.616162e-01 1.313131e-01 -7.499120e-01 -5.175978e-03 7.447361e-01
1.717172e-01 1.313131e-01 -7.423753e-01 -5.178928e-03 7.371964e-01
1.818182e-01 1.313131e-01 -7.349143e-01 -5.183756e-03 7.297306e-01
1.919192e-01 1.313131e-01 -7.275283e-01 -5.174726e-03 7.223536e-01
2.020202e-01 1.313131e-01 -7.202165e-01 -5.183518e-03 7.150330e-01
2.121212e-01 1.313131e-01 -7.129782e-01 -5.170673e-03 7.078076e-01
2.222222e-01 1.313131e-01 -7.058127e-01 -5.176663e-03 7.006360e-01
2.323232e-01 1.313131e-01 -6.987191e-01 -5.180418e-03 6.935387e-01
2.424242e-01 1.313131e-01 -6.916969e-01 -5.176634e-03 6.865203e-01
2.525253e-01 1.313131e-01 -6.847452e-01 -5.175561e-03 6.795697e-01
2.626263e-01 1.313131e-01 -6.778634e-01 -5.180717e-03 6.726827e-01
2.727273e-01 1.313131e-01 -6.710508e-01 -5.174458e-03 6.658763e-01
2.828283e-01 1.313131e-01 -6.643066e-01 -5.179167e-03 6.591274e-01
2.929293e-01 1.313131e-01 -6.576302e-01 -5.178601e-03 6.524516e-01
3.030303e-01 1.313131e-01 -6.510209e-01 -5.181521e-03 6.458394e-01
3.131313e-01 1.313131e-01 -6.444781e-01 -5.185455e-03 6.392926e-01
3.232323e-01 1.313131e-01 -6.380009e-01 -5.177498e-03 6.328235e-01
3.333333e-01 1.313131e-01 -6.315889e-01 -5.173117e-03 6.264158e-01
3.434343e-01 1.313131e-01 -6.252414e-01 -5.177617e-03 6.200637e-01
3.535354e-01 1.313131e-01 -6.189576e-01 -5.178332e-03 6.137792e-01
3.636364e-01 1.313131e-01 -6.127370e-01 -5.172372e-03 6.075646e-01
3.737374e-01 1.313131e-01 -6.065788e-01 -5.179942e-03 6.013989e-01
3.838384e-01 1.313131e-01 -6.004826e-01 -5.177706e-03 5.953049e-01
3.939394e-01 1.313131e-01 -5.944477e-01 -5.176187e-03 5.892715e-01
4.040404e-01 1.313131e-01 -5.884734e-01 -5.175710e-03 5.832977e-01
4.141414e-01 1.313131e-01 -5.825591e-01 -5.174667e-03 5.773845e-01
4.242424e-01 1.313131e-01 -5.767043e-01 -5.181134e-03 5.715232e-01
4.343434e-01 1.313131e-01 -5.709083e-01 -5.179316e-03 5.657290e-01
4.444444e-01 1.313131e-01 -5.651706e-01 -5.184114e-03 5.599865e-01
4.545455e-01 1.313131e-01 -5.594906e-01 -5.182058e-03 5.543085e-01
4.646465e-01 1.313131e-01 -5.538676e-01 -5.167186e-03 5.487004e-01
4.747475e-01 1.313131e-01 -5.483011e-01 -5.179465e-03 5.431217e-01
4.848485e-01 1.313131e-01 -5.427906e-01 -5.179673e-03 5.376109e-01
4.949495e-01 1.313131e-01 -5.373355e-01 -5.179405e-03 5.321561e-01
5.050505e-01 1.313131e-01 -5.319352e-01 -5.181074e-03 5.267541e-01
5.151515e-01 1.313131e-01 -5.265891e-01 -5.182028e-03 5.214071e-01
5.252525e-01 1.313131e-01 -5.212968e-01 -5.176693e-03 5.161201e-01
5.353535e-01 1.313131e-01 -5.160577e-01 -5.175680e-03 5.108820e-01
5.454545e-01 1.313131e-01 -5.108712e-01 -5.176842e-03 5.056944e-01
5.555556e-01 1.313131e-01 -5.057369e-01 -5.175024e-03 5.005619e-01
5.656566e-01 1.313131e-01 -5.006541e-01 -5.180538e-03 4.954736e-01
5.757576e-01 1.313131e-01 -4.956225e-01 -5.183995e-03 4.904385e-01
5.858586e-01 1.313131e-01 -4.906414e-01 -5.177885e-03 4.854635e-01
5.959596e-01 1.313131e-01 -4.857104e-01 -5.178899e-03 4.805315e-01
6.060606e-01 1.313131e-01 -4.808289e-01 -5.175829e-03 4.756531e-01
6.161616e-01 1.313131e-01 -4.759965e-01 -5.176872e-03 4.708196e-01
6.262626e-01 1.313131e-01 -4.712126e-01 -5.174398e-03 4.660382e-01
6.363636e-01 1.313131e-01 -4.664769e-01 -5.176544e-03 4.613003e-01
6.464646e-01 1.313131e-01 -4.617887e-01 -5.182505e-03 4.566062e-01
6.565657e-01 1.313131e-01 -4.571477e-01 -5.180538e-03 4.519671e-01
6.666667e-01 1.313131e-01 -4.525532e-01 -5.172789e-03 4.473805e-01
6.767677e-01 1.313131e-01 -4.480050e-01 -5.180836e-03 4.428242e-01
6.868687e-01 1.313131e-01 -4.435025e-01 -5.175710e-03 4.383268e-01
6.969697e-01 1.313131e-01 -4.390452e-01 -5.179107e-03 4.338661e-01
7.070707e-01 1.313131e-01 -4.346327e-01 -5.177915e-03 4.294548e-01
7.171717e-01 1.313131e-01 -4.302646e-01 -5.172312e-03 4.250923e-01
7.272727e-01 1.313131e-01 -4.259404e-01 -5.175740e-03 4.207646e-01
7.373737e-01 1.313131e-01 -4.216596e-01 -5.180836e-03 4.164788e-01
7.474747e-01 1.313131e-01 -4.174219e-01 -5.176693e-03 4.122452e-01
7.575758e-01 1.313131e-01 -4.132267e-01 -5.179554e-03 4.080471e-01
7.676768e-01 1.313131e-01 -4.090737e-01 -5.182087e-03 4.038916e-01
7.777778e-01 1.313131e-01 -4.049624e-01 -5.179286e-03 3.997832e-01
7.878788e-01 1.313131e-01 -4.008925e-01 -5.175859e-03 3.957166e-01
7.979798e-01 1.313131e-01 -3.968635e-01 -5.174428e-03 3.916890e-01
8.080808e-01 1.313131e-01 -3.928749e-01 -5.182087e-03 3.876928e-01
8.181818e-01 1.313131e-01 -3.889265e-01 -5.173355e-03 3.837531e-01
8.282828e-01 1.313131e-01 -3.850177e-01 -5.174398e-03 3.798433e-01
8.383838e-01 1.313131e-01 -3.811482e-01 -5.171388e-03 3.759768e-01
8.484848e-01 1.313131e-01 -3.773176e-01 -5.178630e-03 3.721390e-01
8.585859e-01 1.313131e-01 -3.735255e-01 -5.180538e-03 3.683449e-01
8.686869e-01 1.313131e-01 -3.697715e-01 -5.178213e-03 3.645933e-01
8.787879e-01 1.313131e-01 -3.660552e-01 -5.175561e-03 3.608797e-01
8.888889e-01 1.313131e-01 -3.623763e-01 -5.173147e-03 3.572032e-01
8.989899e-01 1.313131e-01 -3.587344e-01 -5.180657e-03 3.535537e-01
9.090909e-01 1.313131e-01 -3.551290e-01 -5.176485e-03 3.499525e-01
9.191919e-01 1.313131e-01 -3.515599e-01 -5.178332e-03 3.463816e-01
9.292929e-01 1.313131e-01 -3.480267e-01 -5.174726e-03 3.428520e-01
9.393939e-01 1.313131e-01 -3.445290e-01 -5.172521e-03 3.393564e-01
9.494949e-01 1.313131e-01 -3.410664e-01 -5.177915e-03 3.358885e-01
9.595960e-01 1.313131e-01 -3.376386e-01 -5.177945e-03 3.324607e-01
9.696970e-01 1.313131e-01 -3.342453e-01 -5.173653e-03 3.290716e-01
9.797980e-01 1.313131e-01 -3.308861e-01 -5.183399e-03 3.257027e-01
9.898990e-01 1.313131e-01 -3.275606e-01 -5.181909e-03 3.223787e-01
1.000000e+00 1.313131e-01 -3.242686e-01 -5.171865e-03 3.190967e-01
0.000000e+00 1.414141e-01 7.957618e-01 -5.173624e-03 8.009355e-01
1.010101e-02 1.414141e-01 7.877643e-01 -5.179524e-03 7.929438e-01
2.020202e-02 1.414141e-01 7.798471e-01 -5.189955e-03 7.850371e-01
3.030303e-02 1.414141e-01 7.720095e-01 -5.176038e-03 7.771856e-01
4.040404e-02 1.414141e-01 7.642507e-01 -5.183637e-03 7.694344e-01
5.050505e-02 1.414141e-01 7.565699e-01 -5.167186e-03 7.617371e-01
6.060606e-02 1.414141e-01 7.489662e-01 -5.175203e-03 7.541414e-01
7.070707e-02 1.414141e-01 7.414390e-01 -5.175561e-03 7.466145e-01
8.080808e-02 1.414141e-01 7.339874e-01 -5.175561e-03 7.391630e-01
9.090909e-02 1.414141e-01 7.266107e-01 -5.179256e-03 7.317900e-01
1.010101e-01 1.414141e-01 7.193081e-01 -5.172610e-03 7.244808e-01
1.111111e-01 1.414141e-01 7.120790e-01 -5.174637e-03 7.172536e-01
1.212121e-01 1.414141e-01 7.049225e-01 -5.177021e-03 7.100995e-01
1.313131e-01 1.414141e-01 6.978379e-01 -5.182862e-03 7.030207e-01
1.414141e-01 1.414141e-01 6.908245e-01 -5.174935e-03 6.959994e-01
1.515152e-01 1.414141e-01 6.838816e-01 -5.173802e-03 6.890554e-01
1.616162e-01 1.414141e-01 6.770085e-01 -5.175292e-03 6.821838e-01
1.717172e-01 1.414141e-01 6.702044e-01 -5.175859e-03 6.753803e-01
1.818182e-01 1.414141e-01 6.634688e-01 -5.178720e-03 6.686475e-01
1.919192e-01 1.414141e-01 6.568008e-01 -5.168498e-03 6.619693e-01
2.020202e-01 1.414141e-01 6.501998e-01 -5.176544e-03 6.553764e-01
2.121212e-01 1.414141e-01 6.436652e-01 -5.177379e-03 6.488426e-01
2.222222e-01 1.414141e-01 6.371963e-01 -5.179405e-03 6.423757e-01
2.323232e-01 1.414141e-01 6.307923e-01 -5.177081e-03 6.359694e-01
2.424242e-01 1.414141e-01 6.244528e-01 -5.175412e-03 6.296282e-01
2.525253e-01 1.414141e-01 6.181769e-01 -5.175501e-03 6.233524e-01
2.626263e-01 1.414141e-01 6.119641e-01 -5.177379e-03 6.171415e-01
2.727273e-01 1.414141e-01 6.058138e-01 -5.174667e-03 6.109885e-01
2.828283e-01 1.414141e-01 5.997253e-01 -5.171388e-03 6.048967e-01
2.929293e-01 1.414141e-01 5.936979e-01 -5.178213e-03 5.988761e-01
3.030303e-01 1.414141e-01 5.877312e-01 -5.173445e-03 5.929046e-01
3.131313e-01 1.414141e-01 5.818244e-01 -5.176067e-03 5.870004e-01
3.232323e-01 1.414141e-01 5.759769e-01 -5.179822e-03 5.811568e-01
3.333333e-01 1.414141e-01 5.701883e-01 -5.176544e-03 5.753648e-01
3.434343e-01 1.414141e-01 5.644578e-01 -5.187929e-03 5.696457e-01
3.535354e-01 1.414141e-01 5.587849e-01 -5.182594e-03 5.639675e-01
3.636364e-01 1.414141e-01 5.531690e-01 -5.169868e-03 5.583389e-01
3.737374e-01 1.414141e-01 5.476096e-01 -5.175203e-03 5.527848e-01
3.838384e-01 1.414141e-01 5.421060e-01 -5.177200e-03 5.472832e-01
3.939394e-01 1.414141e-01 5.366577e-01 -5.174994e-03 5.418327e-01
4.040404e-01 1.414141e-01 5.312642e-01 -5.181819e-03 5.364461e-01
4.141414e-01 1.414141e-01 5.259250e-01 -5.175501e-03 5.311005e-01
4.242424e-01 1.414141e-01 5.206393e-01 -5.175918e-03 5.258152e-01
4.343434e-01 1.414141e-01 5.154068e-01 -5.179167e-03 5.205860e-01
4.444444e-01 1.414141e-01 5.102269e-01 -5.173057e-03 5.153999e-01
4.545455e-01 1.414141e-01 5.050990e-01 -5.178601e-03 5.102776e-01
4.646465e-01 1.414141e-01 5.000227e-01 -5.178094e-03 5.052008e-01
4.747475e-01 1.414141e-01 4.949974e-01 -5.181372e-03 5.001788e-01
4.848485e-01 1.414141e-01 4.900226e-01 -5.177587e-03 4.952002e-01
4.949495e-01 1.414141e-01 4.850978e-01 -5.179644e-03 4.902774e-01
5.050505e-01 1.414141e-01 4.802225e-01 -5.177379e-03 4.853998e-01
5.151515e-01 1.414141e-01 4.753961e-01 -5.180061e-03 4.805762e-01
5.252525e-01 1.414141e-01 4.706183e-01 -5.174816e-03 4.757931e-01
5.353535e-01 1.414141e-01 4.658885e-01 -5.177617e-03 4.710662e-01
5.454545e-01 1.414141e-01 4.612063e-01 -5.174041e-03 4.663803e-01
5.555556e-01 1.414141e-01 4.565711e-01 -5.178511e-03 4.617496e-01
5.656566e-01 1.414141e-01 4.519825e-01 -5.179673e-03 4.571621e-01
5.757576e-01 1.414141e-01 4.474400e-01 -5.176812e-03 4.526168e-01
5.858586e-01 1.414141e-01 4.429431e-01 -5.176961e-03 4.481201e-01
5.959596e-01 1.414141e-01 4.384915e-01 -5.179405e-03 4.436709e-01
6.060606e-01 1.414141e-01 4.340846e-01 -5.173922e-03 4.392585e-01
6.161616e-01 1.414141e-01 4.297219e-01 -5.178392e-03 4.349003e-01
6.262626e-01 1.414141e-01 4.254032e-01 -5.178690e-03 4.305818e-01
6.363636e-01 1.414141e-01 4.211278e-01 -5.179048e-03 4.263068e-01
6.464646e-01 1.414141e-01 4.168954e-01 -5.178958e-03 4.220743e-01
6.565657e-01 1.414141e-01 4.127055e-01 -5.177617e-03 4.178831e-01
6.666667e-01 1.414141e-01 4.085578e-01 -5.174726e-03 4.137325e-01
6.767677e-01 1.414141e-01 4.044517e-01 -5.180210e-03 4.096319e-01
6.868687e-01 1.414141e-01 4.003869e-01 -5.178154e-03 4.055650e-01
6.969697e-01 1.414141e-01 3.963629e-01 -5.172759e-03 4.015357e-01
7.070707e-01 1.414141e-01 3.923794e-01 -5.175978e-03 3.975554e-01
7.171717e-01 1.414141e-01 3.884359e-01 -5.177289e-03 3.936132e-01
7.272727e-01 1.414141e-01 3.845321e-01 -5.177647e-03 3.897097e-01
7.373737e-01 1.414141e-01 3.806675e-01 -5.178988e-03 3.858465e-01
7.474747e-01 1.414141e-01 3.768417e-01 -5.175620e-03 3.820173e-01
7.575758e-01 1.414141e-01 3.730544e-01 -5.177915e-03 3.782323e-01
7.676768e-01 1.414141e-01 3.693051e-01 -5.173892e-03 3.744790e-01
7.777778e-01 1.414141e-01 3.655935e-01 -5.178154e-03 3.707717e-01
7.878788e-01 1.414141e-01 3.619193e-01 -5.185246e-03 3.671045e-01
7.979798e-01 1.414141e-01 3.582819e-01 -5.180925e-03 3.634628e-01
8.080808e-01 1.414141e-01 3.546811e-01 -5.179703e-03 3.598608e-01
8.181818e-01 1.414141e-01 3.511165e-01 -5.181432e-03 3.562979e-01
8.282828e-01 1.414141e-01 3.475877e-01 -5.182296e-03 3.527700e-01
8.383838e-01 1.414141e-01 3.440944e-01 -5.173743e-03 3.492682e-01
8.484848e-01 1.414141e-01 3.406362e-01 -5.176127e-03 3.458123e-01
8.585859e-01 1.414141e-01 3.372128e-01 -5.173653e-03 3.423864e-01
8.686869e-01 1.414141e-01 3.338237e-01 -5.175531e-03 3.389993e-01
8.787879e-01 1.414141e-01 3.304687e-01 -5.184591e-03 3.356533e-01
8.888889e-01 1.414141e-01 3.271475e-01 -5.173743e-03 3.323212e-01
8.989899e-01 1.414141e-01 3.238596e-01 -5.179048e-03 3.290386e-01
9.090909e-01 1.414141e-01 3.206047e-01 -5.174279e-03 3.257790e-01
9.191919e-01 1.414141e-01 3.173826e-01 -5.173147e-03 3.225558e-01
9.292929e-01 1.414141e-01 3.141929e-01 -5.177051e-03 3.193699e-01
9.393939e-01 1.414141e-01 3.110352e-01 -5.175054e-03 3.162102e-01
9.494949e-01 1.414141e-01 3.079092e-01 -5.176008e-03 3.130852e-01
9.595960e-01 1.414141e-01 3.048147e-01 -5.176455e-03 3.099911e-01
9.696970e-01 1.414141e-01 3.017512e-01 -5.175084e-03 3.069263e-01
9.797980e-01 1.414141e-01 2.987186e-01 -5.178362e-03 3.038970e-01
9.898990e-01 1.414141e-01 2.957164e-01 -5.179912e-03 3.008963e-01
1.000000e+00 1.414141e-01 2.927444e-01 -5.178928e-03 2.979233e-01
0.000000e+00 1.515152e-01 -6.900790e-01 -5.179971e-03 6.848990e-01
1.010101e-02 1.515152e-01 -6.831436e-01 -5.174816e-03 6.779688e-01
2.020202e-02 1.515152e-01 -6.762779e-01 -5.173206e-03 6.711047e-01
3.030303e-02 1.515152e-01 -6.694812e-01 -5.178452e-03 6.643027e-01
4.040404e-02 1.515152e-01 -6.627528e-01 -5.183607e-03 6.575692e-01
5.050505e-02 1.515152e-01 -6.560920e-01 -5.177736e-03 6.509143e-01
6.060606e-02 1.515152e-01 -6.494982e-01 -5.174637e-03 6.443235e-01
7.070707e-02 1.515152e-01 -6.429706e-01 -5.174696e-03 6.377959e-01
8.080808e-02 1.515152e-01 -6.365087e-01 -5.182266e-03 6.313264e-01
9.090909e-02 1.515152e-01 -6.301116e-01 -5.179316e-03 6.249323e-01
1.010101e-01 1.515152e-01 -6.237789e-01 -5.175799e-03 6.186031e-01
1.111111e-01 1.515152e-01 -6.175098e-01 -5.172223e-03 6.123376e-01
1.212121e-01 1.515152e-01 -6.113038e-01 -5.177975e-03 6.061258e-01
1.313131e-01 1.515152e-01 -6.051601e-01 -5.176246e-03 5.999838e-01
1.414141e-01 1.515152e-01 -5.990781e-01 -5.178988e-03 5.938991e-01
1.515152e-01 1.515152e-01 -5.930573e-01 -5.175710e-03 5.878815e-01
1.616162e-01 1.515152e-01 -5.870969e-01 -5.180299e-03 5.819166e-01
1.717172e-01 1.515152e-01 -5.811965e-01 -5.171716e-03 5.760248e-01
1.818182e-01 1.515152e-01 -5.753554e-01 -5.182564e-03 5.701728e-01
1.919192e-01 1.515152e-01 -5.695730e-01 -5.182862e-03 5.643901e-01
2.020202e-01 1.515152e-01 -5.638487e-01 -5.174279e-03 5.586744e-01
2.121212e-01 1.515152e-01 -5.581819e-01 -5.185395e-03 5.529965e-01
2.222222e-01 1.515152e-01 -5.525721e-01 -5.173951e-03 5.473981e-01
2.323232e-01 1.515152e-01 -5.470186e-01 -5.172849e-03 5.418458e-01
2.424242e-01 1.515152e-01 -5.415210e-01 -5.180329e-03 5.363407e-01
2.525253e-01 1.515152e-01 -5.360786e-01 -5.183369e-03 5.308953e-01
2.626263e-01 1.515152e-01 -5.306910e-01 -5.185068e-03 5.255059e-01
2.727273e-01 1.515152e-01 -5.253574e-01 -5.173564e-03 5.201839e-01
2.828283e-01 1.515152e-01 -5.200775e-01 -5.174339e-03 5.149032e-01
2.929293e-01 1.515152e-01 -5.148506e-01 -5.189717e-03 5.096609e-01
3.030303e-01 1.515152e-01 -5.096763e-01 -5.174637e-03 5.045017e-01
3.131313e-01 1.515152e-01 -5.045540e-01 -5.177498e-03 4.993765e-01
3.232323e-01 1.515152e-01 -4.994831e-01 -5.174637e-03 4.943085e-01
3.333333e-01 1.515152e-01 -4.944632e-01 -5.176425e-03 4.892868e-01
3.434343e-01 1.515152e-01 -4.894938e-01 -5.179942e-03 4.843138e-01
3.535354e-01 1.515152e-01 -4.845743e-01 -5.168945e-03 4.794053e-01
3.636364e-01 1.515152e-01 -4.797042e-01 -5.180418e-03 4.745238e-01
3.737374e-01 1.515152e-01 -4.748831e-01 -5.176425e-03 4.697067e-01
3.838384e-01 1.515152e-01 -4.701105e-01 -5.177349e-03 4.649331e-01
3.939394e-01 1.515152e-01 -4.653858e-01 -5.174160e-03 4.602116e-01
4.040404e-01 1.515152e-01 -4.607086e-01 -5.183995e-03 4.555246e-01
4.141414e-01 1.515152e-01 -4.560784e-01 -5.180240e-03 4.508981e-01
4.242424e-01 1.515152e-01 -4.514947e-01 -5.174547e-03 4.463202e-01
4.343434e-01 1.515152e-01 -4.469571e-01 -5.178988e-03 4.417781e-01
4.444444e-01 1.515152e-01 -4.424651e-01 -5.178154e-03 4.372870e-01
4.545455e-01 1.515152e-01 -4.380183e-01 -5.181968e-03 4.328363e-01
4.646465e-01 1.515152e-01 -4.336161e-01 -5.184263e-03 4.284319e-01
4.747475e-01 1.515152e-01 -4.292582e-01 -5.177379e-03 4.240808e-01
4.848485e-01 1.515152e-01 -4.249441e-01 -5.171537e-03 4.197726e-01
4.949495e-01 1.515152e-01 -4.206733e-01 -5.173624e-03 4.154997e-01
5.050505e-01 1.515152e-01 -4.164455e-01 -5.175561e-03 4.112699e-01
5.151515e-01 1.515152e-01 -4.122602e-01 -5.179495e-03 4.070807e-01
5.252525e-01 1.515152e-01 -4.081169e-01 -5.174160e-03 4.029427e-01
5.353535e-01 1.515152e-01 -4.040152e-01 -5.177259e-03 3.988380e-01
5.454545e-01 1.515152e-01 -3.999548e-01 -5.180091e-03 3.947747e-01
5.555556e-01 1.515152e-01 -3.959352e-01 -5.176842e-03 3.907584e-01
5.656566e-01 1.515152e-01 -3.919560e-01 -5.176485e-03 3.867795e-01
5.757576e-01 1.515152e-01 -3.880168e-01 -5.182505e-03 3.828343e-01
5.858586e-01 1.515152e-01 -3.841171e-01 -5.181462e-03 3.789357e-01
5.959596e-01 1.515152e-01 -3.802567e-01 -5.178809e-03 3.750779e-01
6.060606e-01 1.515152e-01 -3.764350e-01 -5.176723e-03 3.712583e-01
6.161616e-01 1.515152e-01 -3.726518e-01 -5.178601e-03 3.674732e-01
6.262626e-01 1.515152e-01 -3.689066e-01 -5.182028e-03 3.637246e-01
6.363636e-01 1.515152e-01 -3.651990e-01 -5.177706e-03 3.600213e-01
6.464646e-01 1.515152e-01 -3.615287e-01 -5.183280e-03 3.563454e-01
6.565657e-01 1.515152e-01 -3.578953e-01 -5.179554e-03 3.527157e-01
6.666667e-01 1.515152e-01 -3.542984e-01 -5.170047e-03 3.491283e-01
6.767677e-01 1.515152e-01 -3.507376e-01 -5.175889e-03 3.455617e-01
6.868687e-01 1.515152e-01 -3.472126e-01 -5.179822e-03 3.420328e-01
6.969697e-01 1.515152e-01 -3.437231e-01 -5.172789e-03 3.385503e-01
7.070707e-01 1.515152e-01 -3.402686e-01 -5.174160e-03 3.350945e-01
7.171717e-01 1.515152e-01 -3.368489e-01 -5.180657e-03 3.316682e-01
7.272727e-01 1.515152e-01 -3.334635e-01 -5.179286e-03 3.282842e-01
7.373737e-01 1.515152e-01 -3.301121e-01 -5.178630e-03 3.249335e-01
7.474747e-01 1.515152e-01 -3.267944e-01 -5.177796e-03 3.216166e-01
7.575758e-01 1.515152e-01 -3.235101e-01 -5.177587e-03 3.183325e-01
7.676768e-01 1.515152e-01 -3.202588e-01 -5.175114e-03 3.150837e-01
7.777778e-01 1.515152e-01 -3.170401e-01 -5.183190e-03 3.118569e-01
7.878788e-01 1.515152e-01 -3.138538e-01 -5.177915e-03 3.086759e-01
7.979798e-01 1.515152e-01 -3.106995e-01 -5.178481e-03 3.055210e-01
8.080808e-01 1.515152e-01 -3.075769e-01 -5.182177e-03 3.023948e-01
8.181818e-01 1.515152e-01 -3.044857e-01 -5.176663e-03 2.993091e-01
8.282828e-01 1.515152e-01 -3.014256e-01 -5.174607e-03 2.962510e-01
8.383838e-01 1.515152e-01 -2.983962e-01 -5.177259e-03 2.932190e-01
8.484848e-01 1.515152e-01 -2.953973e-01 -5.176067e-03 2.902212e-01
8.585859e-01 1.515152e-01 -2.924285e-01 -5.187720e-03 2.872408e-01
8.686869e-01 1.515152e-01 -2.894896e-01 -5.166411e-03 2.843231e-01
8.787879e-01 1.515152e-01 -2.865801e-01 -5.178481e-03 2.814017e-01
8.888889e-01 1.515152e-01 -2.837000e-01 -5.175471e-03 2.785245e-01
8.989899e-01 1.515152e-01 -2.808487e-01 -5.179077e-03 2.756697e-01
9.090909e-01 1.515152e-01 -2.780262e-01 -5.188435e-03 2.728377e-01
9.191919e-01 1.515152e-01 -2.752319e-01 -5.177557e-03 2.700544e-01
9.292929e-01 1.515152e-01 -2.724658e-01 -5.174935e-03 2.672909e-01
9.393939e-01 1.515152e-01 -2.697275e-01 -5.179822e-03 2.645477e-01
9.494949e-01 1.515152e-01 -2.670167e-01 -5.177885e-03 2.618388e-01
9.595960e-01 1.515152e-01 -2.643331e-01 -5.184591e-03 2.591485e-01
9.696970e-01 1.515152e-01 -2.616765e-01 -5.180478e-03 2.564961e-01
9.797980e-01 1.515152e-01 -2.590466e-01 -5.178362e-03 2.538683e-01
9.898990e-01 1.515152e-01 -2.564432e-01 -5.180329e-03 2.512628e-01
1.000000e+00 1.515152e-01 -2.538659e-01 -5.178392e-03 2.486875e-01
0.000000e+00 1.616162e-01 5.670599e-01 -5.173892e-03 5.722338e-01
1.010101e-02 1.616162e-01 5.613608e-01 -5.171955e-03 5.665328e-01
2.020202e-02 1.616162e-01 5.557190e-01 -5.177557e-03 5.608966e-01
3.030303e-02 1.616162e-01 5.501340e-01 -5.181819e-03 5.553158e-01
4.040404e-02 1.616162e-01 5.446050e-01 -5.176246e-03 5.497813e-01
5.050505e-02 1.616162e-01 5.391317e-01 -5.169690e-03 5.443014e-01
6.060606e-02 1.616162e-01 5.337133e-01 -5.176395e-03 5.388897e-01
7.070707e-02 1.616162e-01 5.283494e-01 -5.181968e-03 5.335314e-01
8.080808e-02 1.616162e-01 5.230394e-01 -5.177051e-03 5.282165e-01
9.090909e-02 1.616162e-01 5.177828e-01 -5.165249e-03 5.229480e-01
1.010101e-01 1.616162e-01 5.125790e-01 -5.174994e-03 5.177540e-01
1.111111e-01 1.616162e-01 5.074275e-01 -5.174905e-03 5.126024e-01
1.212121e-01 1.616162e-01 5.023277e-01 -5.175829e-03 5.075036e-01
1.313131e-01 1.616162e-01 4.972793e-01 -5.171984e-03 5.024512e-01
1.414141e-01 1.616162e-01 4.922815e-01 -5.173981e-03 4.974555e-01
1.515152e-01 1.616162e-01 4.873340e-01 -5.173594e-03 4.925076e-01
1.616162e-01 1.616162e-01 4.824362e-01 -5.178899e-03 4.876151e-01
1.717172e-01 1.616162e-01 4.775877e-01 -5.178839e-03 4.827665e-01
1.818182e-01 1.616162e-01 4.727878e-01 -5.172491e-03 4.779603e-01
1.919192e-01 1.616162e-01 4.680362e-01 -5.179405e-03 4.732156e-01
2.020202e-01 1.616162e-01 4.633324e-01 -5.176067e-03 4.685084e-01
2.121212e-01 1.616162e-01 4.586758e-01 -5.176038e-03 4.638518e-01
2.222222e-01 1.616162e-01 4.540660e-01 -5.182385e-03 4.592484e-01
2.323232e-01 1.616162e-01 4.495026e-01 -5.175680e-03 4.546783e-01
2.424242e-01 1.616162e-01 4.449850e-01 -5.180418e-03 4.501654e-01
2.525253e-01 1.616162e-01 4.405129e-01 -5.177200e-03 4.456901e-01
2.626263e-01 1.616162e-01 4.360856e-01 -5.173445e-03 4.412591e-01
2.727273e-01 1.616162e-01 4.317029e-01 -5.177557e-03 4.368805e-01
2.828283e-01 1.616162e-01 4.273642e-01 -5.178183e-03 4.325424e-01
2.929293e-01 1.616162e-01 4.230691e-01 -5.182177e-03 4.282513e-01
3.030303e-01 1.616162e-01 4.188172e-01 -5.179763e-03 4.239970e-01
3.131313e-01 1.616162e-01 4.146080e-01 -5.177379e-03 4.197854e-01
3.232323e-01 1.616162e-01 4.104411e-01 -5.173355e-03 4.156145e-01
3.333333e-01 1.616162e-01 4.063161e-01 -5.174994e-03 4.114911e-01
3.434343e-01 1.616162e-01 4.022326e-01 -5.178154e-03 4.074108e-01
3.535354e-01 1.616162e-01 3.981901e-01 -5.178452e-03 4.033685e-01
3.636364e-01 1.616162e-01 3.941882e-01 -5.180418e-03 3.993686e-01
3.737374e-01 1.616162e-01 3.902266e-01 -5.175471e-03 3.954020e-01
3.838384e-01 1.616162e-01 3.863047e-01 -5.177379e-03 3.914821e-01
3.939394e-01 1.616162e-01 3.824223e-01 -5.170316e-03 3.875926e-01
4.040404e-01 1.616162e-01 3.785789e-01 -5.179286e-03 3.837582e-01
4.141414e-01 1.616162e-01 3.747741e-01 -5.181015e-03 3.799551e-01
4.242424e-01 1.616162e-01 3.710076e-01 -5.178660e-03 3.761862e-01
4.343434e-01 1.616162e-01 3.672789e-01 -5.176127e-03 3.724550e-01
4.444444e-01 1.616162e-01 3.635877e-01 -5.176932e-03 3.687646e-01
4.545455e-01 1.616162e-01 3.599335e-01 -5.174220e-03 3.651078e-01
4.646465e-01 1.616162e-01 3.563162e-01 -5.169928e-03 3.614861e-01
4.747475e-01 1.616162e-01 3.527351e-01 -5.178630e-03 3.579137e-01
4.848485e-01 1.616162e-01 3.491901e-01 -5.178899e-03 3.543690e-01
4.949495e-01 1.616162e-01 3.456807e-01 -5.175829e-03 3.508565e-01
5.050505e-01 1.616162e-01 3.422065e-01 -5.175143e-03 3.473816e-01
5.151515e-01 1.616162e-01 3.387673e-01 -5.177200e-03 3.439445e-01
5.252525e-01 1.616162e-01 3.353626e-01 -5.171746e-03 3.405344e-01
5.353535e-01 1.616162e-01 3.319922e-01 -5.182445e-03 3.371746e-01
5.454545e-01 1.616162e-01 3.286556e-01 -5.175292e-03 3.338309e-01
5.555556e-01 1.616162e-01 3.253525e-01 -5.176723e-03 3.305293e-01
5.656566e-01 1.616162e-01 3.220827e-01 -5.180687e-03 3.272634e-01
5.757576e-01 1.616162e-01 3.188457e-01 -5.173326e-03 3.240190e-01
5.858586e-01 1.616162e-01 3.156413e-01 -5.180120e-03 3.208214e-01
5.959596e-01 1.616162e-01 3.124690e-01 -5.173713e-03 3.176427e-01
6.060606e-01 1.616162e-01 3.093286e-01 -5.171597e-03 3.145002e-01
6.161616e-01 1.616162e-01 3.062198e-01 -5.181074e-03 3.114009e-01
6.262626e-01 1.616162e-01 3.031423e-01 -5.178750e-03 3.083210e-01
6.363636e-01 1.616162e-01 3.000956e-01 -5.179137e-03 3.052748e-01
6.464646e-01 1.616162e-01 2.970796e-01 -5.177021e-03 3.022567e-01
6.565657e-01 1.616162e-01 2.940939e-01 -5.179286e-03 2.992732e-01
6.666667e-01 1.616162e-01 2.911382e-01 -5.180001e-03 2.963182e-01
6.767677e-01 1.616162e-01 2.882123e-01 -5.174458e-03 2.933867e-01
6.868687e-01 1.616162e-01 2.853157e-01 -5.176485e-03 2.904922e-01
6.969697e-01 1.616162e-01 2.824482e-01 -5.177438e-03 2.876256e-01
7.070707e-01 1.616162e-01 2.796096e-01 -5.175114e-03 2.847847e-01
7.171717e-01 1.616162e-01 2.767994e-01 -5.179077e-03 2.819785e-01
7.272727e-01 1.616162e-01 2.740175e-01 -5.175561e-03 2.791931e-01
7.373737e-01 1.616162e-01 2.712636e-01 -5.179524e-03 2.764432e-01
7.474747e-01 1.616162e-01 2.685374e-01 -5.176544e-03 2.737139e-01
7.575758e-01 1.616162e-01 2.658385e-01 -5.179465e-03 2.710180e-01
7.676768e-01 1.616162e-01 2.631668e-01 -5.183727e-03 2.683505e-01
7.777778e-01 1.616162e-01 2.605219e-01 -5.176663e-03 2.656986e-01
7.878788e-01 1.616162e-01 2.579037e-01 -5.181372e-03 2.630850e-01
7.979798e-01 1.616162e-01 2.553117e-01 -5.176634e-03 2.604883e-01
8.080808e-01 1.616162e-01 2.527458e-01 -5.173326e-03 2.579191e-01
8.181818e-01 1.616162e-01 2.502056e-01 -5.170584e-03 2.553762e-01
8.282828e-01 1.616162e-01 2.476910e-01 -5.180120e-03 2.528711e-01
8.383838e-01 1.616162e-01 2.452017e-01 -5.181849e-03 2.503835e-01
8.484848e-01 1.616162e-01 2.427374e-01 -5.174279e-03 2.479116e-01
8.585859e-01 1.616162e-01 2.402978e-01 -5.172044e-03 2.454699e-01
8.686869e-01 1.616162e-01 2.378828e-01 -5.173802e-03 2.430566e-01
8.787879e-01 1.616162e-01 2.354920e-01 -5.172312e-03 2.406643e-01
8.888889e-01 1.616162e-01 2.331253e-01 -5.177855e-03 2.383031e-01
8.989899e-01 1.616162e-01 2.307823e-01 -5.180955e-03 2.359633e-01
9.090909e-01 1.616162e-01 2.284629e-01 -5.171716e-03 2.336346e-01
9.191919e-01 1.616162e-01 2.261668e-01 -5.179942e-03 2.313468e-01
9.292929e-01 1.616162e-01 2.238938e-01 -5.178273e-03 2.290721e-01
9.393939e-01 1.616162e-01 2.216437e-01 -5.179077e-03 2.268227e-01
9.494949e-01 1.616162e-01 2.194161e-01 -5.173802e-03 2.245899e-01
9.595960e-01 1.616162e-01 2.172109e-01 -5.179495e-03 2.223904e-01
9.696970e-01 1.616162e-01 2.150279e-01 -5.179912e-03 2.202078e-01
9.797980e-01 1.616162e-01 2.128669e-01 -5.176693e-03 2.180436e-01
9.898990e-01 1.616162e-01 2.107275e-01 -5.173206e-03 2.159007e-01
1.000000e+00 1.616162e-01 2.086097e-01 -5.174875e-03 2.137845e-01
0.000000e+00 1.717172e-01 -4.297949e-01 -5.182505e-03 4.246124e-01
1.010101e-02 1.717172e-01 -4.254754e-01 -5.176306e-03 4.202991e-01
2.020202e-02 1.717172e-01 -4.211993e-01 -5.174369e-03 4.160249e-01
3.030303e-02 1.717172e-01 -4.169662e-01 -5.175829e-03 4.117904e-01
4.040404e-02 1.717172e-01 -4.127756e-01 -5.173922e-03 4.076017e-01
5.050505e-02 1.717172e-01 -4.086271e-01 -5.176634e-03 4.034505e-01
6.060606e-02 1.717172e-01 -4.045204e-01 -5.178481e-03 3.993419e-01
7.070707e-02 1.717172e-01 -4.004549e-01 -5.182356e-03 3.952725e-01
8.080808e-02 1.717172e-01 -3.964302e-01 -5.175740e-03 3.912545e-01
9.090909e-02 1.717172e-01 -3.924460e-01 -5.173445e-03 3.872726e-01
1.010101e-01 1.717172e-01 -3.885019e-01 -5.175769e-03 3.833261e-01
1.111111e-01 1.717172e-01 -3.845974e-01 -5.179018e-03 3.794184e-01
1.212121e-01 1.717172e-01 -3.807321e-01 -5.179703e-03 3.755524e-01
1.313131e-01 1.717172e-01 -3.769057e-01 -5.175084e-03 3.717306e-01
1.414141e-01 1.717172e-01 -3.731177e-01 -5.176932e-03 3.679408e-01
1.515152e-01 1.717172e-01 -3.693678e-01 -5.177081e-03 3.641908e-01
1.616162e-01 1.717172e-01 -3.656556e-01 -5.173951e-03 3.604817e-01
1.717172e-01 1.717172e-01 -3.619807e-01 -5.172938e-03 3.568078e-01
1.818182e-01 1.717172e-01 -3.583428e-01 -5.177617e-03 3.531651e-01
1.919192e-01 1.717172e-01 -3.547414e-01 -5.176425e-03 3.495649e-01
2.020202e-01 1.717172e-01 -3.511761e-01 -5.187869e-03 3.459883e-01
2.121212e-01 1.717172e-01 -3.476468e-01 -5.178720e-03 3.424680e-01
2.222222e-01 1.717172e-01 -3.441529e-01 -5.170375e-03 3.389825e-01
2.323232e-01 1.717172e-01 -3.406941e-01 -5.184442e-03 3.355096e-01
2.424242e-01 1.717172e-01 -3.372700e-01 -5.177081e-03 3.320930e-01
2.525253e-01 1.717172e-01 -3.338804e-01 -5.167186e-03 3.287132e-01
2.626263e-01 1.717172e-01 -3.305249e-01 -5.173057e-03 3.253518e-01
2.727273e-01 1.717172e-01 -3.272030e-01 -5.180538e-03 3.220225e-01
2.828283e-01 1.717172e-01 -3.239146e-01 -5.174249e-03 3.187403e-01
2.929293e-01 1.717172e-01 -3.206592e-01 -5.178154e-03 3.154810e-01
3.030303e-01 1.717172e-01 -3.174365e-01 -5.176038e-03 3.122605e-01
3.131313e-01 1.717172e-01 -3.142462e-01 -5.183488e-03 3.090627e-01
3.232323e-01 1.717172e-01 -3.110880e-01 -5.176902e-03 3.059111e-01
3.333333e-01 1.717172e-01 -3.079615e-01 -5.170852e-03 3.027907e-01
3.434343e-01 1.717172e-01 -3.048664e-01 -5.171508e-03 2.996949e-01
3.535354e-01 1.717172e-01 -3.018025e-01 -5.171418e-03 2.966311e-01
3.636364e-01 1.717172e-01 -2.987693e-01 -5.181879e-03 2.935874e-01
3.737374e-01 1.717172e-01 -2.957666e-01 -5.183995e-03 2.905826e-01
3.838384e-01 1.717172e-01 -2.927941e-01 -5.173415e-03 2.876207e-01
3.939394e-01 1.717172e-01 -2.898515e-01 -5.173326e-03 2.846782e-01
4.040404e-01 1.717172e-01 -2.869385e-01 -5.178154e-03 2.817603e-01
4.141414e-01 1.717172e-01 -2.840547e-01 -5.179107e-03 2.788756e-01
4.242424e-01 1.717172e-01 -2.811999e-01 -5.172491e-03 2.760274e-01
4.343434e-01 1.717172e-01 -2.783738e-01 -5.166382e-03 2.732074e-01
4.444444e-01 1.717172e-01 -2.755761e-01 -5.180031e-03 2.703960e-01
4.545455e-01 1.717172e-01 -2.728065e-01 -5.179465e-03 2.676270e-01
4.646465e-01 1.717172e-01 -2.700647e-01 -5.175352e-03 2.648894e-01
4.747475e-01 1.717172e-01 -2.673505e-01 -5.175412e-03 2.621751e-01
4.848485e-01 1.717172e-01 -2.646636e-01 -5.178779e-03 2.594848e-01
4.949495e-01 1.717172e-01 -2.620037e-01 -5.176902e-03 2.568268e-01
5.050505e-01 1.717172e-01 -2.593705e-01 -5.172193e-03 2.541983e-01
5.151515e-01 1.717172e-01 -2.567638e-01 -5.175948e-03 2.515879e-01
5.252525e-01 1.717172e-01 -2.541833e-01 -5.175203e-03 2.490081e-01
5.353535e-01 1.717172e-01 -2.516287e-01 -5.181134e-03 2.464476e-01
5.454545e-01 1.717172e-01 -2.490998e-01 -5.177945e-03 2.439219e-01
5.555556e-01 1.717172e-01 -2.465963e-01 -5.178213e-03 2.414181e-01
5.656566e-01 1.717172e-01 -2.441180e-01 -5.170763e-03 2.389472e-01
5.757576e-01 1.717172e-01 -2.416645e-01 -5.175263e-03 2.364893e-01
5.858586e-01 1.717172e-01 -2.392358e-01 -5.181164e-03 2.340546e-01
5.959596e-01 1.717172e-01 -2.368314e-01 -5.178779e-03 2.316526e-01
6.060606e-01 1.717172e-01 -2.344512e-01 -5.179822e-03 2.292714e-01
6.161616e-01 1.717172e-01 -2.320949e-01 -5.177885e-03 2.269171e-01
6.262626e-01 1.717172e-01 -2.297624e-01 -5.171508e-03 2.245908e-01
6.363636e-01 1.717172e-01 -2.274532e-01 -5.174905e-03 2.222783e-01
6.464646e-01 1.717172e-01 -2.251673e-01 -5.178094e-03 2.199892e-01
6.565657e-01 1.717172e-01 -2.229043e-01 -5.178332e-03 2.177260e-01
6.666667e-01 1.717172e-01 -2.206641e-01 -5.176187e-03 2.154879e-01
6.767677e-01 1.717172e-01 -2.184464e-01 -5.177826e-03 2.132685e-01
6.868687e-01 1.717172e-01 -2.162509e-01 -5.175292e-03 2.110756e-01
6.969697e-01 1.717172e-01 -2.140776e-01 -5.171925e-03 2.089057e-01
7.070707e-01 1.717172e-01 -2.119261e-01 -5.178928e-03 2.067471e-01
7.171717e-01 1.717172e-01 -2.097962e-01 -5.173266e-03 2.046229e-01
7.272727e-01 1.717172e-01 -2.076877e-01 -5.178094e-03 2.025096e-01
7.373737e-01 1.717172e-01 -2.056004e-01 -5.185366e-03 2.004150e-01
7.474747e-01 1.717172e-01 -2.035341e-01 -5.179316e-03 1.983548e-01
7.575758e-01 1.717172e-01 -2.014885e-01 -5.178005e-03 1.963105e-01
7.676768e-01 1.717172e-01 -1.994635e-01 -5.173594e-03 1.942899e-01
7.777778e-01 1.717172e-01 -1.974589e-01 -5.179673e-03 1.922792e-01
7.878788e-01 1.717172e-01 -1.954744e-01 -5.183995e-03 1.902904e-01
7.979798e-01 1.717172e-01 -1.935098e-01 -5.181730e-03 1.883281e-01
8.080808e-01 1.717172e-01 -1.915650e-01 -5.182326e-03 1.863827e-01
8.181818e-01 1.717172e-01 -1.896398e-01 -5.178124e-03 1.844616e-01
8.282828e-01 1.717172e-01 -1.877339e-01 -5.173028e-03 1.825608e-01
8.383838e-01 1.717172e-01 -1.858471e-01 -5.184233e-03 1.806629e-01
8.484848e-01 1.717172e-01 -1.839793e-01 -5.177617e-03 1.788017e-01
8.585859e-01 1.717172e-01 -1.821303e-01 -5.173028e-03 1.769573e-01
8.686869e-01 1.717172e-01 -1.802998e-01 -5.177587e-03 1.751223e-01
8.787879e-01 1.717172e-01 -1.784878e-01 -5.172014e-03 1.733158e-01
8.888889e-01 1.717172e-01 -1.766940e-01 -5.174041e-03 1.715199e-01
8.989899e-01 1.717172e-01 -1.749182e-01 -5.177796e-03 1.697404e-01
9.090909e-01 1.717172e-01 -1.731602e-01 -5.179435e-03 1.679808e-01
9.191919e-01 1.717172e-01 -1.714199e-01 -5.182505e-03 1.662374e-01
9.292929e-01 1.717172e-01 -1.696971e-01 -5.174249e-03 1.645229e-01
9.393939e-01 1.717172e-01 -1.679916e-01 -5.179703e-03 1.628119e-01
9.494949e-01 1.717172e-01 -1.663033e-01 -5.176991e-03 1.611263e-01
9.595960e-01 1.717172e-01 -1.646319e-01 -5.180389e-03 1.594515e-01
9.696970e-01 1.717172e-01 -1.629773e-01 -5.177736e-03 1.577996e-01
9.797980e-01 1.717172e-01 -1.613394e-01 -5.178452e-03 1.561609e-01
9.898990e-01 1.717172e-01 -1.597179e-01 -5.177617e-03 1.545403e-01
1.000000e+00 1.717172e-01 -1.581127e-01 -5.174518e-03 1.529382e-01
0.000000e+00 1.818182e-01 2.817326e-01 -5.175292e-03 2.869078e-01
1.010101e-02 1.818182e-01 2.789011e-01 -5.179346e-03 2.840804e-01
2.020202e-02 1.818182e-01 2.760981e-01 -5.180120e-03 2.812782e-01
3.030303e-02 1.818182e-01 2.733233e-01 -5.177319e-03 2.785006e-01
4.040404e-02 1.818182e-01 2.705763e-01 -5.179405e-03 2.757557e-01
5.050505e-02 1.818182e-01 2.678570e-01 -5.183280e-03 2.730403e-01
6.060606e-02 1.818182e-01 2.651650e-01 -5.181044e-03 2.703460e-01
7.070707e-02 1.818182e-01 2.625000e-01 -5.181700e-03 2.676817e-01
8.080808e-02 1.818182e-01 2.598619e-01 -5.167723e-03 2.650296e-01
9.090909e-02 1.818182e-01 2.572502e-01 -5.178988e-03 2.624292e-01
1.010101e-01 1.818182e-01 2.546648e-01 -5.178392e-03 2.598432e-01
1.111111e-01 1.818182e-01 2.521054e-01 -5.181611e-03 2.572870e-01
1.212121e-01 1.818182e-01 2.495717e-01 -5.176425e-03 2.547481e-01
1.313131e-01 1.818182e-01 2.470634e-01 -5.181074e-03 2.522445e-01
1.414141e-01 1.818182e-01 2.445804e-01 -5.182445e-03 2.497628e-01
1.515152e-01 1.818182e-01 2.421223e-01 -5.179167e-03 2.473015e-01
1.616162e-01 1.818182e-01 2.396890e-01 -5.175918e-03 2.448649e-01
1.717172e-01 1.818182e-01 2.372800e-01 -5.175173e-03 2.424552e-01
1.818182e-01 1.818182e-01 2.348953e-01 -5.185723e-03 2.400811e-01
1.919192e-01 1.818182e-01 2.325346e-01 -5.173445e-03 2.377080e-01
2.020202e-01 1.818182e-01 2.301976e-01 -5.181730e-03 2.353793e-01
2.121212e-01 1.818182e-01 2.278841e-01 -5.181521e-03 2.330656e-01
2.222222e-01 1.818182e-01 2.255938e-01 -5.183816e-03 2.307776e-01
2.323232e-01 1.818182e-01 2.233265e-01 -5.183160e-03 2.285097e-01
2.424242e-01 1.818182e-01 2.210821e-01 -5.174041e-03 2.262561e-01
2.525253e-01 1.818182e-01 2.188602e-01 -5.174994e-03 2.240352e-01
2.626263e-01 1.818182e-01 2.166606e-01 -5.176693e-03 2.218373e-01
2.727273e-01 1.818182e-01 2.144831e-01 -5.179822e-03 2.196629e-01
2.828283e-01 1.818182e-01 2.123275e-01 -5.177319e-03 2.175048e-01
2.929293e-01 1.818182e-01 2.101936e-01 -5.174994e-03 2.153686e-01
3.030303e-01 1.818182e-01 2.080811e-01 -5.175292e-03 2.132564e-01
3.131313e-01 1.818182e-01 2.059899e-01 -5.178690e-03 2.111685e-01
3.232323e-01 1.818182e-01 2.039196e-01 -5.179435e-03 2.090991e-01
3.333333e-01 1.818182e-01 2.018702e-01 -5.175442e-03 2.070456e-01
3.434343e-01 1.818182e-01 1.998414e-01 -5.170792e-03 2.050122e-01
3.535354e-01 1.818182e-01 1.978329e-01 -5.175948e-03 2.030089e-01
3.636364e-01 1.818182e-01 1.958447e-01 -5.177528e-03 2.010222e-01
3.737374e-01 1.818182e-01 1.938764e-01 -5.180806e-03 1.990572e-01
3.838384e-01 1.818182e-01 1.919279e-01 -5.182743e-03 1.971107e-01
3.939394e-01 1.818182e-01 1.899990e-01 -5.176365e-03 1.951754e-01
4.040404e-01 1.818182e-01 1.880895e-01 -5.178869e-03 1.932684e-01
4.141414e-01 1.818182e-01 1.861992e-01 -5.169153e-03 1.913683e-01
4.242424e-01 1.818182e-01 1.843278e-01 -5.181938e-03 1.895098e-01
4.343434e-01 1.818182e-01 1.824753e-01 -5.181968e-03 1.876573e-01
4.444444e-01 1.818182e-01 1.806414e-01 -5.178809e-03 1.858202e-01
4.545455e-01 1.818182e-01 1.788259e-01 -5.175948e-03 1.840019e-01
4.646465e-01 1.818182e-01 1.770287e-01 -5.171984e-03 1.822007e-01
4.747475e-01 1.818182e-01 1.752495e-01 -5.176097e-03 1.804256e-01
4.848485e-01 1.818182e-01 1.734882e-01 -5.179465e-03 1.786677e-01
4.949495e-01 1.818182e-01 1.717446e-01 -5.181909e-03 1.769266e-01
5.050505e-01 1.818182e-01 1.700186e-01 -5.174756e-03 1.751933e-01
5.151515e-01 1.818182e-01 1.683099e-01 -5.179882e-03 1.734897e-01
5.252525e-01 1.818182e-01 1.666183e-01 -5.179286e-03 1.717976e-01
5.353535e-01 1.818182e-01 1.649438e-01 -5.178601e-03 1.701224e-01
5.454545e-01 1.818182e-01 1.632861e-01 -5.177915e-03 1.684640e-01
5.555556e-01 1.818182e-01 1.616450e-01 -5.174309e-03 1.668193e-01
5.656566e-01 1.818182e-01 1.600205e-01 -5.180418e-03 1.652009e-01
5.757576e-01 1.818182e-01 1.584122e-01 -5.179703e-03 1.635919e-01
5.858586e-01 1.818182e-01 1.568202e-01 -5.176336e-03 1.619965e-01
5.959596e-01 1.818182e-01 1.552441e-01 -5.178452e-03 1.604225e-01
6.060606e-01 1.818182e-01 1.536839e-01 -5.178005e-03 1.588619e-01
6.161616e-01 1.818182e-01 1.521393e-01 -5.180031e-03 1.573193e-01
6.262626e-01 1.818182e-01 1.506103e-01 -5.183309e-03 1.557936e-01
6.363636e-01 1.818182e-01 1.490966e-01 -5.177915e-03 1.542745e-01
6.464646e-01 1.818182e-01 1.475982e-01 -5.179852e-03 1.527780e-01
6.565657e-01 1.818182e-01 1.461148e-01 -5.172133e-03 1.512869e-01
6.666667e-01 1.818182e-01 1.446463e-01 -5.174845e-03 1.498212e-01
6.767677e-01 1.818182e-01 1.431926e-01 -5.178779e-03 1.483714e-01
6.868687e-01 1.818182e-01 1.417535e-01 -5.178809e-03 1.469323e-01
6.969697e-01 1.818182e-01 1.403288e-01 -5.175292e-03 1.455041e-01
7.070707e-01 1.818182e-01 1.389185e-01 -5.176842e-03 1.440954e-01
7.171717e-01 1.818182e-01 1.375224e-01 -5.178809e-03 1.427012e-01
7.272727e-01 1.818182e-01 1.361402e-01 -5.163640e-03 1.413039e-01
7.373737e-01 1.818182e-01 1.347720e-01 -5.179167e-03 1.399512e-01
7.474747e-01 1.818182e-01 1.334175e-01 -5.173504e-03 1.385910e-01
7.575758e-01 1.818182e-01 1.320767e-01 -5.175203e-03 1.372519e-01
7.676768e-01 1.818182e-01 1.307493e-01 -5.179226e-03 1.359285e-01
7.777778e-01 1.818182e-01 1.294352e-01 -5.177796e-03 1.346130e-01
7.878788e-01 1.818182e-01 1.281344e-01 -5.178303e-03 1.333127e-01
7.979798e-01 1.818182e-01 1.268466e-01 -5.173028e-03 1.320196e-01
8.080808e-01 1.818182e-01 1.255718e-01 -5.177617e-03 1.307494e-01
8.181818e-01 1.818182e-01 1.243097e-01 -5.184352e-03 1.294941e-01
8.282828e-01 1.818182e-01 1.230604e-01 -5.177110e-03 1.282375e-01
8.383838e-01 1.818182e-01 1.218236e-01 -5.175650e-03 1.269993e-01
8.484848e-01 1.818182e-01 1.205993e-01 -5.177498e-03 1.257768e-01
8.585859e-01 1.818182e-01 1.193872e-01 -5.173862e-03 1.245611e-01
8.686869e-01 1.818182e-01 1.181874e-01 -5.178571e-03 1.233660e-01
8.787879e-01 1.818182e-01 1.169996e-01 -5.175233e-03 1.221748e-01
8.888889e-01 1.818182e-01 1.158237e-01 -5.172670e-03 1.209964e-01
8.989899e-01 1.818182e-01 1.146597e-01 -5.180418e-03 1.198401e-01
9.090909e-01 1.818182e-01 1.135073e-01 -5.181909e-03 1.186892e-01
9.191919e-01 1.818182e-01 1.123666e-01 -5.178034e-03 1.175446e-01
9.292929e-01 1.818182e-01 1.112373e-01 -5.185366e-03 1.164226e-01
9.393939e-01 1.818182e-01 1.101193e-01 -5.175799e-03 1.152951e-01
9.494949e-01 1.818182e-01 1.090126e-01 -5.172074e-03 1.141847e-01
9.595960e-01 1.818182e-01 1.079170e-01 -5.181074e-03 1.130981e-01
9.696970e-01 1.818182e-01 1.068324e-01 -5.177140e-03 1.120095e-01
9.797980e-01 1.818182e-01 1.057587e-01 -5.183280e-03 1.109420e-01
9.898990e-01 1.818182e-01 1.046958e-01 -5.174667e-03 1.098705e-01
1.000000e+00 1.818182e-01 1.036436e-01 -5.172610e-03 1.088162e-01
0.000000e+00 1.919192e-01 -1.265925e-01 -5.172819e-03 1.214196e-01
1.010101e-02 1.919192e-01 -1.253202e-01 -5.179018e-03 1.201412e-01
2.020202e-02 1.919192e-01 -1.240607e-01 -5.171418e-03 1.188893e-01
3.030303e-02 1.919192e-01 -1.228139e-01 -5.173743e-03 1.176401e-01
4.040404e-02 1.919192e-01 -1.215796e-01 -5.176157e-03 1.164034e-01
5.050505e-02 1.919192e-01 -1.203577e-01 -5.181909e-03 1.151758e-01
6.060606e-02 1.919192e-01 -1.191481e-01 -5.175263e-03 1.139728e-01
7.070707e-02 1.919192e-01 -1.179506e-01 -5.176604e-03 1.127740e-01
8.080808e-02 1.919192e-01 -1.167652e-01 -5.173922e-03 1.115912e-01
9.090909e-02 1.919192e-01 -1.155917e-01 -5.172879e-03 1.104188e-01
1.010101e-01 1.919192e-01 -1.144299e-01 -5.176157e-03 1.092538e-01
1.111111e-01 1.919192e-01 -1.132799e-01 -5.175591e-03 1.081043e-01
1.212121e-01 1.919192e-01 -1.121414e-01 -5.176336e-03 1.069651e-01
1.313131e-01 1.919192e-01 -1.110144e-01 -5.179286e-03 1.058351e-01
1.414141e-01 1.919192e-01 -1.098987e-01 -5.179316e-03 1.047194e-01
1.515152e-01 1.919192e-01 -1.087942e-01 -5.180448e-03 1.036137e-01
1.616162e-01 1.919192e-01 -1.077008e-01 -5.176187e-03 1.025246e-01
1.717172e-01 1.919192e-01 -1.066184e-01 -5.170405e-03 1.014480e-01
1.818182e-01 1.919192e-01 -1.055468e-01 -5.177796e-03 1.003690e-01
1.919192e-01 1.919192e-01 -1.044861e-01 -5.170196e-03 9.931587e-02
2.020202e-01 1.919192e-01 -1.034360e-01 -5.176425e-03 9.825954e-02
2.121212e-01 1.919192e-01 -1.023964e-01 -5.181491e-03 9.721492e-02
2.222222e-01 1.919192e-01 -1.013673e-01 -5.177557e-03 9.618976e-02
2.323232e-01 1.919192e-01 -1.003486e-01 -5.175412e-03 9.517314e-02
2.424242e-01 1.919192e-01 -9.934003e-02 -5.175620e-03 9.416441e-02
2.525253e-01 1.919192e-01 -9.834165e-02 -5.174845e-03 9.316681e-02
2.626263e-01 1.919192e-01 -9.735330e-02 -5.181372e-03 9.217193e-02
2.727273e-01 1.919192e-01 -9.637488e-02 -5.180120e-03 9.119476e-02
2.828283e-01 1.919192e-01 -9.540630e-02 -5.178034e-03 9.022827e-02
2.929293e-01 1.919192e-01 -9.444745e-02 -5.176038e-03 8.927141e-02
3.030303e-01 1.919192e-01 -9.349824e-02 -5.171984e-03 8.832625e-02
3.131313e-01 1.919192e-01 -9.255857e-02 -5.174726e-03 8.738384e-02
3.232323e-01 1.919192e-01 -9.162834e-02 -5.180240e-03 8.644810e-02
3.333333e-01 1.919192e-01 -9.070746e-02 -5.176038e-03 8.553142e-02
3.434343e-01 1.919192e-01 -8.979583e-02 -5.180329e-03 8.461550e-02
3.535354e-01 1.919192e-01 -8.889337e-02 -5.176783e-03 8.371659e-02
3.636364e-01 1.919192e-01 -8.799998e-02 -5.184233e-03 8.281574e-02
3.737374e-01 1.919192e-01 -8.711556e-02 -5.182147e-03 8.193341e-02
3.838384e-01 1.919192e-01 -8.624004e-02 -5.175322e-03 8.106471e-02
3.939394e-01 1.919192e-01 -8.537331e-02 -5.173177e-03 8.020013e-02
4.040404e-01 1.919192e-01 -8.451529e-02 -5.178094e-03 7.933720e-02
4.141414e-01 1.919192e-01 -8.366590e-02 -5.171984e-03 7.849392e-02
4.242424e-01 1.919192e-01 -8.282504e-02 -5.175233e-03 7.764981e-02
4.343434e-01 1.919192e-01 -8.199264e-02 -5.175710e-03 7.681693e-02
4.444444e-01 1.919192e-01 -8.116860e-02 -5.175501e-03 7.599310e-02
4.545455e-01 1.919192e-01 -8.035284e-02 -5.176544e-03 7.517630e-02
4.646465e-01 1.919192e-01 -7.954528e-02 -5.174577e-03 7.437070e-02
4.747475e-01 1.919192e-01 -7.874584e-02 -5.174041e-03 7.357180e-02
4.848485e-01 1.919192e-01 -7.795443e-02 -5.175918e-03 7.277851e-02
4.949495e-01 1.919192e-01 -7.717097e-02 -5.171180e-03 7.199979e-02
5.050505e-01 1.919192e-01 -7.639539e-02 -5.179107e-03 7.121629e-02
5.151515e-01 1.919192e-01 -7.562761e-02 -5.181015e-03 7.044659e-02
5.252525e-01 1.919192e-01 -7.486754e-02 -5.173594e-03 6.969394e-02
5.353535e-01 1.919192e-01 -7.411511e-02 -5.177975e-03 6.893713e-02
5.454545e-01 1.919192e-01 -7.337024e-02 -5.177259e-03 6.819298e-02
5.555556e-01 1.919192e-01 -7.263285e-02 -5.175740e-03 6.745711e-02
5.656566e-01 1.919192e-01 -7.190288e-02 -5.173981e-03 6.672890e-02
5.757576e-01 1.919192e-01 -7.118025e-02 -5.173028e-03 6.600722e-02
5.858586e-01 1.919192e-01 -7.046487e-02 -5.171090e-03 6.529378e-02
5.959596e-01 1.919192e-01 -6.975669e-02 -5.181253e-03 6.457544e-02
6.060606e-01 1.919192e-01 -6.905562e-02 -5.179048e-03 6.387657e-02
6.161616e-01 1.919192e-01 -6.836160e-02 -5.176067e-03 6.318553e-02
6.262626e-01 1.919192e-01 -6.767456e-02 -5.179048e-03 6.249551e-02
6.363636e-01 1.919192e-01 -6.699442e-02 -5.171537e-03 6.182288e-02
6.464646e-01 1.919192e-01 -6.632111e-02 -5.181044e-03 6.114007e-02
6.565657e-01 1.919192e-01 -6.565457e-02 -5.180359e-03 6.047421e-02
6.666667e-01 1.919192e-01 -6.499473e-02 -5.170166e-03 5.982457e-02
6.767677e-01 1.919192e-01 -6.434152e-02 -5.180836e-03 5.916069e-02
6.868687e-01 1.919192e-01 -6.369488e-02 -5.179673e-03 5.851521e-02
6.969697e-01 1.919192e-01 -6.305474e-02 -5.176663e-03 5.787807e-02
7.070707e-01 1.919192e-01 -6.242103e-02 -5.181998e-03 5.723903e-02
7.171717e-01 1.919192e-01 -6.179369e-02 -5.181909e-03 5.661178e-02
7.272727e-01 1.919192e-01 -6.117265e-02 -5.175203e-03 5.599745e-02
7.373737e-01 1.919192e-01 -6.055785e-02 -5.180836e-03 5.537702e-02
7.474747e-01 1.919192e-01 -5.994924e-02 -5.177200e-03 5.477204e-02
7.575758e-01 1.919192e-01 -5.934674e-02 -5.177140e-03 5.416960e-02
7.676768e-01 1.919192e-01 -5.875029e-02 -5.174816e-03 5.357548e-02
7.777778e-01 1.919192e-01 -5.815984e-02 -5.173057e-03 5.298678e-02
7.878788e-01 1.919192e-01 -5.757533e-02 -5.174249e-03 5.240108e-02
7.979798e-01 1.919192e-01 -5.699668e-02 -5.176365e-03 5.182032e-02
8.080808e-01 1.919192e-01 -5.642386e-02 -5.179912e-03 5.124395e-02
8.181818e-01 1.919192e-01 -5.585679e-02 -5.178899e-03 5.067789e-02
8.282828e-01 1.919192e-01 -5.529542e-02 -5.181134e-03 5.011429e-02
8.383838e-01 1.919192e-01 -5.473969e-02 -5.172402e-03 4.956729e-02
8.484848e-01 1.919192e-01 -5.418955e-02 -5.174994e-03 4.901455e-02
8.585859e-01 1.919192e-01 -5.364493e-02 -5.173028e-03 4.847191e-02
8.686869e-01 1.919192e-01 -5.310579e-02 -5.172729e-03 4.793306e-02
8.787879e-01 1.919192e-01 -5.257207e-02 -5.170494e-03 4.740158e-02
8.888889e-01 1.919192e-01 -5.204371e-02 -5.176902e-03 4.686681e-02
8.989899e-01 1.919192e-01 -5.152067e-02 -5.171984e-03 4.634868e-02
9.090909e-01 1.919192e-01 -5.100287e-02 -5.181015e-03 4.582186e-02
9.191919e-01 1.919192e-01 -5.049029e-02 -5.182445e-03 4.530784e-02
9.292929e-01 1.919192e-01 -4.998285e-02 -5.176663e-03 4.480619e-02
9.393939e-01 1.919192e-01 -4.948052e-02 -5.182326e-03 4.429819e-02
9.494949e-01 1.919192e-01 -4.898323e-02 -5.168587e-03 4.381464e-02
9.595960e-01 1.919192e-01 -4.849094e-02 -5.178869e-03 4.331207e-02
9.696970e-01 1.919192e-01 -4.800360e-02 -5.187899e-03 4.281570e-02
9.797980e-01 1.919192e-01 -4.752115e-02 -5.173594e-03 4.234756e-02
9.898990e-01 1.919192e-01 -4.704356e-02 -5.181223e-03 4.186233e-02
1.000000e+00 1.919192e-01 -4.657076e-02 -5.175114e-03 4.139565e-02
0.000000e+00 2.020202e-01 -3.172793e-02 -5.176574e-03 2.655136e-02
1.010101e-02 2.020202e-01 -3.140906e-02 -5.177528e-03 2.623153e-02
2.020202e-02 2.020202e-01 -3.109340e-02 -5.175143e-03 2.591825e-02
3.030303e-02 2.020202e-01 -3.078090e-02 -5.175233e-03 2.560567e-02
4.040404e-02 2.020202e-01 -3.047155e-02 -5.180329e-03 2.529122e-02
5.050505e-02 2.020202e-01 -3.016531e-02 -5.176276e-03 2.498903e-02
6.060606e-02 2.020202e-01 -2.986214e-02 -5.174905e-03 2.468723e-02
7.070707e-02 2.020202e-01 -2.956202e-02 -5.175799e-03 2.438622e-02
8.080808e-02 2.020202e-01 -2.926492e-02 -5.176038e-03 2.408888e-02
9.090909e-02 2.020202e-01 -2.897080e-02 -5.180418e-03 2.379038e-02
1.010101e-01 2.020202e-01 -2.867964e-02 -5.180687e-03 2.349895e-02
1.111111e-01 2.020202e-01 -2.839140e-02 -5.180925e-03 2.321048e-02
1.212121e-01 2.020202e-01 -2.810606e-02 -5.182087e-03 2.292398e-02
1.313131e-01 2.020202e-01 -2.782359e-02 -5.181074e-03 2.264252e-02
1.414141e-01 2.020202e-01 -2.754396e-02 -5.172789e-03 2.237117e-02
1.515152e-01 2.020202e-01 -2.726714e-02 -5.167753e-03 2.209939e-02
1.616162e-01 2.020202e-01 -2.699310e-02 -5.176991e-03 2.181611e-02
1.717172e-01 2.020202e-01 -2.672182e-02 -5.178839e-03 2.154298e-02
1.818182e-01 2.020202e-01 -2.645326e-02 -5.178481e-03 2.127478e-02
1.919192e-01 2.020202e-01 -2.618740e-02 -5.176485e-03 2.101091e-02
2.020202e-01 2.020202e-01 -2.592421e-02 -5.172849e-03 2.075136e-02
2.121212e-01 2.020202e-01 -2.566367e-02 -5.179167e-03 2.048450e-02
2.222222e-01 2.020202e-01 -2.540574e-02 -5.179644e-03 2.022610e-02
2.323232e-01 2.020202e-01 -2.515041e-02 -5.176604e-03 1.997381e-02
2.424242e-01 2.020202e-01 -2.489765e-02 -5.175769e-03 1.972188e-02
2.525253e-01 2.020202e-01 -2.464742e-02 -5.176127e-03 1.947129e-02
2.626263e-01 2.020202e-01 -2.439971e-02 -5.173683e-03 1.922603e-02
2.727273e-01 2.020202e-01 -2.415449e-02 -5.180180e-03 1.897431e-02
2.828283e-01 2.020202e-01 -2.391173e-02 -5.180717e-03 1.873101e-02
2.929293e-01 2.020202e-01 -2.367141e-02 -5.178452e-03 1.849296e-02
3.030303e-01 2.020202e-01 -2.343351e-02 -5.176872e-03 1.825664e-02
3.131313e-01 2.020202e-01 -2.319800e-02 -5.177379e-03 1.802062e-02
3.232323e-01 2.020202e-01 -2.296486e-02 -5.174518e-03 1.779034e-02
3.333333e-01 2.020202e-01 -2.273406e-02 -5.176067e-03 1.755799e-02
3.434343e-01 2.020202e-01 -2.250558e-02 -5.177200e-03 1.732838e-02
3.535354e-01 2.020202e-01 -2.227939e-02 -5.176455e-03 1.710294e-02
3.636364e-01 2.020202e-01 -2.205548e-02 -5.178988e-03 1.687649e-02
3.737374e-01 2.020202e-01 -2.183382e-02 -5.177945e-03 1.665587e-02
3.838384e-01 2.020202e-01 -2.161439e-02 -5.182266e-03 1.643212e-02
3.939394e-01 2.020202e-01 -2.139716e-02 -5.173862e-03 1.622330e-02
4.040404e-01 2.020202e-01 -2.118211e-02 -5.177468e-03 1.600464e-02
4.141414e-01 2.020202e-01 -2.096923e-02 -5.176187e-03 1.579304e-02
4.242424e-01 2.020202e-01 -2.075848e-02 -5.175471e-03 1.558301e-02
4.343434e-01 2.020202e-01 -2.054986e-02 -5.181402e-03 1.536846e-02
4.444444e-01 2.020202e-01 -2.034333e-02 -5.180240e-03 1.516309e-02
4.545455e-01 2.020202e-01 -2.013887e-02 -5.179316e-03 1.495956e-02
4.646465e-01 2.020202e-01 -1.993648e-02 -5.181879e-03 1.475460e-02
4.747475e-01 2.020202e-01 -1.973611e-02 -5.175263e-03 1.456085e-02
4.848485e-01 2.020202e-01 -1.953776e-02 -5.178601e-03 1.435916e-02
4.949495e-01 2.020202e-01 -1.934140e-02 -5.173504e-03 1.416790e-02
5.050505e-01 2.020202e-01 -1.914702e-02 -5.179405e-03 1.396761e-02
5.151515e-01 2.020202e-01 -1.895459e-02 -5.177140e-03 1.377745e-02
5.252525e-01 2.020202e-01 -1.876409e-02 -5.178750e-03 1.358534e-02
5.353535e-01 2.020202e-01 -1.857551e-02 -5.177855e-03 1.339765e-02
5.454545e-01 2.020202e-01 -1.838882e-02 -5.173862e-03 1.321496e-02
5.555556e-01 2.020202e-01 -1.820401e-02 -5.177975e-03 1.302604e-02
5.656566e-01 2.020202e-01 -1.802106e-02 -5.174845e-03 1.284621e-02
5.757576e-01 2.020202e-01 -1.783994e-02 -5.174279e-03 1.266566e-02
5.858586e-01 2.020202e-01 -1.766065e-02 -5.178183e-03 1.248246e-02
5.959596e-01 2.020202e-01 -1.748316e-02 -5.174398e-03 1.230876e-02
6.060606e-01 2.020202e-01 -1.730745e-02 -5.181611e-03 1.212584e-02
6.161616e-01 2.020202e-01 -1.713350e-02 -5.168945e-03 1.196456e-02
6.262626e-01 2.020202e-01 -1.696131e-02 -5.176723e-03 1.178459e-02
6.363636e-01 2.020202e-01 -1.679085e-02 -5.174637e-03 1.161621e-02
6.464646e-01 2.020202e-01 -1.662209e-02 -5.174249e-03 1.144785e-02
6.565657e-01 2.020202e-01 -1.645504e-02 -5.180240e-03 1.127480e-02
6.666667e-01 2.020202e-01 -1.628966e-02 -5.178869e-03 1.111080e-02
6.767677e-01 2.020202e-01 -1.612595e-02 -5.177200e-03 1.094875e-02
6.868687e-01 2.020202e-01 -1.596388e-02 -5.174577e-03 1.078930e-02
6.969697e-01 2.020202e-01 -1.580344e-02 -5.174428e-03 1.062901e-02
7.070707e-01 2.020202e-01 -1.564462e-02 -5.173415e-03 1.047120e-02
7.171717e-01 2.020202e-01 -1.548738e-02 -5.182862e-03 1.030452e-02
7.272727e-01 2.020202e-01 -1.533173e-02 -5.173177e-03 1.015856e-02
7.373737e-01 2.020202e-01 -1.517765e-02 -5.174100e-03 1.000355e-02
7.474747e-01 2.020202e-01 -1.502511e-02 -5.177498e-03 9.847611e-03
7.575758e-01 2.020202e-01 -1.487410e-02 -5.181491e-03 9.692613e-03
7.676768e-01 2.020202e-01 -1.472462e-02 -5.175024e-03 9.549593e-03
7.777778e-01 2.020202e-01 -1.457663e-02 -5.177736e-03 9.398896e-03
7.878788e-01 2.020202e-01 -1.443013e-02 -5.174994e-03 9.255140e-03
7.979798e-01 2.020202e-01 -1.428511e-02 -5.176842e-03 9.108267e-03
8.080808e-01 2.020202e-01 -1.414154e-02 -5.173236e-03 8.968305e-03
8.181818e-01 2.020202e-01 -1.399942e-02 -5.177110e-03 8.822306e-03
8.282828e-01 2.020202e-01 -1.385872e-02 -5.193174e-03 8.665546e-03
8.383838e-01 2.020202e-01 -1.371944e-02 -5.175710e-03 8.543728e-03
8.484848e-01 2.020202e-01 -1.358156e-02 -5.179614e-03 8.401941e-03
8.585859e-01 2.020202e-01 -1.344506e-02 -5.170226e-03 8.274832e-03
8.686869e-01 2.020202e-01 -1.330993e-02 -5.173087e-03 8.136846e-03
8.787879e-01 2.020202e-01 -1.317617e-02 -5.177706e-03 7.998460e-03
8.888889e-01 2.020202e-01 -1.304374e-02 -5.176842e-03 7.866901e-03
8.989899e-01 2.020202e-01 -1.291265e-02 -5.177647e-03 7.735005e-03
9.090909e-01 2.020202e-01 -1.278288e-02 -5.179048e-03 7.603830e-03
9.191919e-01 2.020202e-01 -1.265441e-02 -5.175889e-03 7.478519e-03
9.292929e-01 2.020202e-01 -1.252723e-02 -5.178958e-03 7.348270e-03
9.393939e-01 2.020202e-01 -1.240133e-02 -5.178571e-03 7.222757e-03
9.494949e-01 2.020202e-01 -1.227669e-02 -5.175322e-03 7.101370e-03
9.595960e-01 2.020202e-01 -1.215331e-02 -5.173385e-03 6.979924e-03
9.696970e-01 2.020202e-01 -1.203117e-02 -5.181134e-03 6.850033e-03
9.797980e-01 2.020202e-01 -1.191025e-02 -5.176634e-03 6.733618e-03
9.898990e-01 2.020202e-01 -1.179055e-02 -5.178183e-03 6.612368e-03
1.000000e+00 2.020202e-01 -1.167205e-02 -5.173475e-03 6.498580e-03
0.000000e+00 2.121212e-01 1.892512e-01 -5.179256e-03 1.944305e-01
1.010101e-02 2.121212e-01 1.873492e-01 -5.181849e-03 1.925311e-01
2.020202e-02 2.121212e-01 1.854663e-01 -5.176365e-03 1.906427e-01
3.030303e-02 2.121212e-01 1.836024e-01 -5.176932e-03 1.887793e-01
4.040404e-02 2.121212e-01 1.817571e-01 -5.177140e-03 1.869343e-01
5.050505e-02 2.121212e-01 1.799305e-01 -5.170435e-03 1.851009e-01
6.060606e-02 2.121212e-01 1.781221e-01 -5.178571e-03 1.833007e-01
7.070707e-02 2.121212e-01 1.763320e-01 -5.180329e-03 1.815123e-01
8.080808e-02 2.121212e-01 1.745598e-01 -5.175829e-03 1.797356e-01
9.090909e-02 2.121212e-01 1.728054e-01 -5.178660e-03 1.779841e-01
1.010101e-01 2.121212e-01 1.710687e-01 -5.175859e-03 1.762446e-01
1.111111e-01 2.121212e-01 1.693495e-01 -5.180240e-03 1.745297e-01
1.212121e-01 2.121212e-01 1.676475e-01 -5.174130e-03 1.728216e-01
1.313131e-01 2.121212e-01 1.659626e-01 -5.175889e-03 1.711385e-01
1.414141e-01 2.121212e-01 1.642946e-01 -5.182683e-03 1.694773e-01
1.515152e-01 2.121212e-01 1.626434e-01 -5.170852e-03 1.678143e-01
1.616162e-01 2.121212e-01 1.610088e-01 -5.179435e-03 1.661883e-01
1.717172e-01 2.121212e-01 1.593907e-01 -5.178392e-03 1.645691e-01
1.818182e-01 2.121212e-01 1.577888e-01 -5.176097e-03 1.629649e-01
1.919192e-01 2.121212e-01 1.562030e-01 -5.179942e-03 1.613829e-01
2.020202e-01 2.121212e-01 1.546331e-01 -5.176991e-03 1.598101e-01
2.121212e-01 2.121212e-01 1.530790e-01 -5.179644e-03 1.582587e-01
2.222222e-01 2.121212e-01 1.515405e-01 -5.173475e-03 1.567140e-01
2.323232e-01 2.121212e-01 1.500175e-01 -5.183160e-03 1.552007e-01
2.424242e-01 2.121212e-01 1.485098e-01 -5.182952e-03 1.536928e-01
2.525253e-01 2.121212e-01 1.470173e-01 -5.179465e-03 1.521968e-01
2.626263e-01 2.121212e-01 1.455397e-01 -5.173177e-03 1.507129e-01
2.727273e-01 2.121212e-01 1.440770e-01 -5.175263e-03 1.492523e-01
2.828283e-01 2.121212e-01 1.426290e-01 -5.181730e-03 1.478108e-01
2.929293e-01 2.121212e-01 1.411956e-01 -5.182028e-03 1.463776e-01
3.030303e-01 2.121212e-01 1.397766e-01 -5.177438e-03 1.449540e-01
3.131313e-01 2.121212e-01 1.383718e-01 -5.175591e-03 1.435474e-01
3.232323e-01 2.121212e-01 1.369811e-01 -5.168617e-03 1.421497e-01
3.333333e-01 2.121212e-01 1.356044e-01 -5.174398e-03 1.407788e-01
3.434343e-01 2.121212e-01 1.342416e-01 -5.179405e-03 1.394210e-01
3.535354e-01 2.121212e-01 1.328924e-01 -5.184144e-03 1.380766e-01
3.636364e-01 2.121212e-01 1.315569e-01 -5.177140e-03 1.367340e-01
3.737374e-01 2.121212e-01 1.302347e-01 -5.174190e-03 1.354089e-01
3.838384e-01 2.121212e-01 1.289258e-01 -5.178362e-03 1.341042e-01
3.939394e-01 2.121212e-01 1.276301e-01 -5.172044e-03 1.328021e-01
4.040404e-01 2.121212e-01 1.263474e-01 -5.179733e-03 1.315271e-01
4.141414e-01 2.121212e-01 1.250776e-01 -5.160242e-03 1.302378e-01
4.242424e-01 2.121212e-01 1.238205e-01 -5.179137e-03 1.289997e-01
4.343434e-01 2.121212e-01 1.225761e-01 -5.175531e-03 1.277516e-01
4.444444e-01 2.121212e-01 1.213442e-01 -5.178988e-03 1.265232e-01
4.545455e-01 2.121212e-01 1.201247e-01 -5.176455e-03 1.253011e-01
4.646465e-01 2.121212e-01 1.189174e-01 -5.178213e-03 1.240956e-01
4.747475e-01 2.121212e-01 1.177222e-01 -5.178243e-03 1.229005e-01
4.848485e-01 2.121212e-01 1.165391e-01 -5.177289e-03 1.217164e-01
4.949495e-01 2.121212e-01 1.153679e-01 -5.177945e-03 1.205458e-01
5.050505e-01 2.121212e-01 1.142084e-01 -5.181938e-03 1.193904e-01
5.151515e-01 2.121212e-01 1.130606e-01 -5.180299e-03 1.182409e-01
5.252525e-01 2.121212e-01 1.119243e-01 -5.179763e-03 1.171041e-01
5.353535e-01 2.121212e-01 1.107995e-01 -5.178064e-03 1.159775e-01
5.454545e-01 2.121212e-01 1.096859e-01 -5.179286e-03 1.148652e-01
5.555556e-01 2.121212e-01 1.085835e-01 -5.174935e-03 1.137585e-01
5.656566e-01 2.121212e-01 1.074923e-01 -5.176097e-03 1.126684e-01
5.757576e-01 2.121212e-01 1.064120e-01 -5.176395e-03 1.115883e-01
5.858586e-01 2.121212e-01 1.053425e-01 -5.175769e-03 1.105183e-01
5.959596e-01 2.121212e-01 1.042838e-01 -5.178481e-03 1.094623e-01
6.060606e-01 2.121212e-01 1.032357e-01 -5.178094e-03 1.084138e-01
6.161616e-01 2.121212e-01 1.021982e-01 -5.179077e-03 1.073773e-01
6.262626e-01 2.121212e-01 1.011711e-01 -5.176395e-03 1.063475e-01
6.363636e-01 2.121212e-01 1.001543e-01 -5.176127e-03 1.053304e-01
6.464646e-01 2.121212e-01 9.914772e-02 -5.176246e-03 1.043240e-01
6.565657e-01 2.121212e-01 9.815127e-02 -5.175471e-03 1.033267e-01
6.666667e-01 2.121212e-01 9.716483e-02 -5.181938e-03 1.023468e-01
6.767677e-01 2.121212e-01 9.618831e-02 -5.178720e-03 1.013670e-01
6.868687e-01 2.121212e-01 9.522160e-02 -5.181849e-03 1.004034e-01
6.969697e-01 2.121212e-01 9.426460e-02 -5.178630e-03 9.944323e-02
7.070707e-01 2.121212e-01 9.331723e-02 -5.178183e-03 9.849541e-02
7.171717e-01 2.121212e-01 9.237938e-02 -5.174607e-03 9.755398e-02
7.272727e-01 2.121212e-01 9.145095e-02 -5.175918e-03 9.662687e-02
7.373737e-01 2.121212e-01 9.053185e-02 -5.179942e-03 9.571179e-02
7.474747e-01 2.121212e-01 8.962199e-02 -5.173326e-03 9.479532e-02
7.575758e-01 2.121212e-01 8.872127e-02 -5.175412e-03 9.389669e-02
7.676768e-01 2.121212e-01 8.782961e-02 -5.168945e-03 9.299856e-02
7.777778e-01 2.121212e-01 8.694691e-02 -5.177796e-03 9.212470e-02
7.878788e-01 2.121212e-01 8.607308e-02 -5.182236e-03 9.125531e-02
7.979798e-01 2.121212e-01 8.520803e-02 -5.170047e-03 9.037808e-02
8.080808e-01 2.121212e-01 8.435167e-02 -5.182087e-03 8.953376e-02
8.181818e-01 2.121212e-01 8.350393e-02 -5.173475e-03 8.867740e-02
8.282828e-01 2.121212e-01 8.266470e-02 -5.178422e-03 8.784312e-02
8.383838e-01 2.121212e-01 8.183390e-02 -5.182415e-03 8.701632e-02
8.484848e-01 2.121212e-01 8.101146e-02 -5.174339e-03 8.618580e-02
8.585859e-01 2.121212e-01 8.019728e-02 -5.176425e-03 8.537371e-02
8.686869e-01 2.121212e-01 7.939128e-02 -5.174845e-03 8.456613e-02
8.787879e-01 2.121212e-01 7.859339e-02 -5.182326e-03 8.377572e-02
8.888889e-01 2.121212e-01 7.780351e-02 -5.168140e-03 8.297165e-02
8.989899e-01 2.121212e-01 7.702157e-02 -5.177021e-03 8.219860e-02
9.090909e-01 2.121212e-01 7.624749e-02 -5.175620e-03 8.142312e-02
9.191919e-01 2.121212e-01 7.548119e-02 -5.176038e-03 8.065723e-02
9.292929e-01 2.121212e-01 7.472260e-02 -5.174488e-03 7.989708e-02
9.393939e-01 2.121212e-01 7.397162e-02 -5.174816e-03 7.914644e-02
9.494949e-01 2.121212e-01 7.322819e-02 -5.180866e-03 7.840906e-02
9.595960e-01 2.121212e-01 7.249224e-02 -5.180240e-03 7.767248e-02
9.696970e-01 2.121212e-01 7.176368e-02 -5.175948e-03 7.693963e-02
9.797980e-01 2.121212e-01 7.104244e-02 -5.176365e-03 7.621881e-02
9.898990e-01 2.121212e-01 7.032845e-02 -5.178183e-03 7.550664e-02
1.000000e+00 2.121212e-01 6.962164e-02 -5.179226e-03 7.480087e-02
0.000000e+00 2.222222e-01 -3.420201e-01 -5.175501e-03 3.368446e-01
1.010101e-02 2.222222e-01 -3.385828e-01 -5.184889e-03 3.333979e-01
2.020202e-02 2.222222e-01 -3.351800e-01 -5.179226e-03 3.300007e-01
3.030303e-02 2.222222e-01 -3.318114e-01 -5.170465e-03 3.266409e-01
4.040404e-02 2.222222e-01 -3.284766e-01 -5.177617e-03 3.232990e-01
5.050505e-02 2.222222e-01 -3.251754e-01 -5.174279e-03 3.200011e-01
6.060606e-02 2.222222e-01 -3.219073e-01 -5.176425e-03 3.167309e-01
7.070707e-02 2.222222e-01 -3.186721e-01 -5.185634e-03 3.134864e-01
8.080808e-02 2.222222e-01 -3.154694e-01 -5.176753e-03 3.102926e-01
9.090909e-02 2.222222e-01 -3.122988e-01 -5.175591e-03 3.071232e-01
1.010101e-01 2.222222e-01 -3.091602e-01 -5.170852e-03 3.039893e-01
1.111111e-01 2.222222e-01 -3.060531e-01 -5.181432e-03 3.008716e-01
1.212121e-01 2.222222e-01 -3.029772e-01 -5.181611e-03 2.977956e-01
1.313131e-01 2.222222e-01 -2.999322e-01 -5.180180e-03 2.947520e-01
1.414141e-01 2.222222e-01 -2.969178e-01 -5.178452e-03 2.917394e-01
1.515152e-01 2.222222e-01 -2.939338e-01 -5.176425e-03 2.887573e-01
1.616162e-01 2.222222e-01 -2.909797e-01 -5.174369e-03 2.858053e-01
1.717172e-01 2.222222e-01 -2.880553e-01 -5.174130e-03 2.828812e-01
1.818182e-01 2.222222e-01 -2.851603e-01 -5.177915e-03 2.799824e-01
1.919192e-01 2.222222e-01 -2.822944e-01 -5.178452e-03 2.771159e-01
2.020202e-01 2.222222e-01 -2.794573e-01 -5.176008e-03 2.742813e-01
2.121212e-01 2.222222e-01 -2.766487e-01 -5.176425e-03 2.714723e-01
2.222222e-01 2.222222e-01 -2.738683e-01 -5.176216e-03 2.686921e-01
2.323232e-01 2.222222e-01 -2.711159e-01 -5.178481e-03 2.659374e-01
2.424242e-01 2.222222e-01 -2.683911e-01 -5.185395e-03 2.632057e-01
2.525253e-01 2.222222e-01 -2.656938e-01 -5.172044e-03 2.605217e-01
2.626263e-01 2.222222e-01 -2.630235e-01 -5.177259e-03 2.578462e-01
2.727273e-01 2.222222e-01 -2.603801e-01 -5.177677e-03 2.552024e-01
2.828283e-01 2.222222e-01 -2.577632e-01 -5.173653e-03 2.525896e-01
2.929293e-01 2.222222e-01 -2.551726e-01 -5.175412e-03 2.499972e-01
3.030303e-01 2.222222e-01 -2.526081e-01 -5.176544e-03 2.474316e-01
3.131313e-01 2.222222e-01 -2.500694e-01 -5.181313e-03 2.448880e-01
3.232323e-01 2.222222e-01 -2.475561e-01 -5.180895e-03 2.423752e-01
3.333333e-01 2.222222e-01 -2.450681e-01 -5.175173e-03 2.398930e-01
3.434343e-01 2.222222e-01 -2.426052e-01 -5.179524e-03 2.374256e-01
3.535354e-01 2.222222e-01 -2.401669e-01 -5.174994e-03 2.349919e-01
3.636364e-01 2.222222e-01 -2.377532e-01 -5.173326e-03 2.325799e-01
3.737374e-01 2.222222e-01 -2.353638e-01 -5.177170e-03 2.301866e-01
3.838384e-01 2.222222e-01 -2.329983e-01 -5.178094e-03 2.278202e-01
3.939394e-01 2.222222e-01 -2.306566e-01 -5.177438e-03 2.254792e-01
4.040404e-01 2.222222e-01 -2.283385e-01 -5.176902e-03 2.231616e-01
4.141414e-01 2.222222e-01 -2.260437e-01 -5.172849e-03 2.208708e-01
4.242424e-01 2.222222e-01 -2.237719e-01 -5.177468e-03 2.185944e-01
4.343434e-01 2.222222e-01 -2.215230e-01 -5.175501e-03 2.163474e-01
4.444444e-01 2.222222e-01 -2.192966e-01 -5.177081e-03 2.141195e-01
4.545455e-01 2.222222e-01 -2.170926e-01 -5.177438e-03 2.119152e-01
4.646465e-01 2.222222e-01 -2.149108e-01 -5.175114e-03 2.097357e-01
4.747475e-01 2.222222e-01 -2.127509e-01 -5.175799e-03 2.075751e-01
4.848485e-01 2.222222e-01 -2.106128e-01 -5.174518e-03 2.054382e-01
4.949495e-01 2.222222e-01 -2.084961e-01 -5.176514e-03 2.033195e-01
5.050505e-01 2.222222e-01 -2.064006e-01 -5.173564e-03 2.012271e-01
5.151515e-01 2.222222e-01 -2.043263e-01 -5.179703e-03 1.991466e-01
5.252525e-01 2.222222e-01 -2.022728e-01 -5.181909e-03 1.970909e-01
5.353535e-01 2.222222e-01 -2.002399e-01 -5.174845e-03 1.950650e-01
5.454545e-01 2.222222e-01 -1.982274e-01 -5.179226e-03 1.930482e-01
5.555556e-01 2.222222e-01 -1.962352e-01 -5.175442e-03 1.910598e-01
5.656566e-01 2.222222e-01 -1.942630e-01 -5.182445e-03 1.890806e-01
5.757576e-01 2.222222e-01 -1.923107e-01 -5.173951e-03 1.871367e-01
5.858586e-01 2.222222e-01 -1.903779e-01 -5.175442e-03 1.852025e-01
5.959596e-01 2.222222e-01 -1.884646e-01 -5.179435e-03 1.832851e-01
6.060606e-01 2.222222e-01 -1.865705e-01 -5.175352e-03 1.813951e-01
6.161616e-01 2.222222e-01 -1.846954e-01 -5.183160e-03 1.795122e-01
6.262626e-01 2.222222e-01 -1.828392e-01 -5.172640e-03 1.776665e-01
6.363636e-01 2.222222e-01 -1.810016e-01 -5.174756e-03 1.758269e-01
6.464646e-01 2.222222e-01 -1.791825e-01 -5.175173e-03 1.740074e-01
6.565657e-01 2.222222e-01 -1.773817e-01 -5.174220e-03 1.722075e-01
6.666667e-01 2.222222e-01 -1.755990e-01 -5.174607e-03 1.704244e-01
6.767677e-01 2.222222e-01 -1.738342e-01 -5.180955e-03 1.686532e-01
6.868687e-01 2.222222e-01 -1.720871e-01 -5.176991e-03 1.669101e-01
6.969697e-01 2.222222e-01 -1.703576e-01 -5.174607e-03 1.651830e-01
7.070707e-01 2.222222e-01 -1.686455e-01 -5.180210e-03 1.634653e-01
7.171717e-01 2.222222e-01 -1.669506e-01 -5.182385e-03 1.617682e-01
7.272727e-01 2.222222e-01 -1.652727e-01 -5.177230e-03 1.600955e-01
7.373737e-01 2.222222e-01 -1.636117e-01 -5.183578e-03 1.584281e-01
7.474747e-01 2.222222e-01 -1.619674e-01 -5.177170e-03 1.567902e-01
7.575758e-01 2.222222e-01 -1.603396e-01 -5.170822e-03 1.551687e-01
7.676768e-01 2.222222e-01 -1.587281e-01 -5.175829e-03 1.535523e-01
7.777778e-01 2.222222e-01 -1.571329e-01 -5.177230e-03 1.519557e-01
7.878788e-01 2.222222e-01 -1.555537e-01 -5.177736e-03 1.503759e-01
7.979798e-01 2.222222e-01 -1.539903e-01 -5.178899e-03 1.488114e-01
8.080808e-01 2.222222e-01 -1.524427e-01 -5.182028e-03 1.472607e-01
8.181818e-01 2.222222e-01 -1.509106e-01 -5.175561e-03 1.457351e-01
8.282828e-01 2.222222e-01 -1.493940e-01 -5.175620e-03 1.442183e-01
8.383838e-01 2.222222e-01 -1.478925e-01 -5.177706e-03 1.427148e-01
8.484848e-01 2.222222e-01 -1.464062e-01 -5.178720e-03 1.412275e-01
8.585859e-01 2.222222e-01 -1.449348e-01 -5.174816e-03 1.397600e-01
8.686869e-01 2.222222e-01 -1.434782e-01 -5.178690e-03 1.382995e-01
8.787879e-01 2.222222e-01 -1.420362e-01 -5.176723e-03 1.368594e-01
8.888889e-01 2.222222e-01 -1.406087e-01 -5.170196e-03 1.354385e-01
8.989899e-01 2.222222e-01 -1.391955e-01 -5.185723e-03 1.340098e-01
9.090909e-01 2.222222e-01 -1.377966e-01 -5.175769e-03 1.326208e-01
9.191919e-01 2.222222e-01 -1.364117e-01 -5.175442e-03 1.312363e-01
9.292929e-01 2.222222e-01 -1.350408e-01 -5.177766e-03 1.298630e-01
9.393939e-01 2.222222e-01 -1.336836e-01 -5.177081e-03 1.285065e-01
9.494949e-01 2.222222e-01 -1.323400e-01 -5.170912e-03 1.271691e-01
9.595960e-01 2.222222e-01 -1.310100e-01 -5.176783e-03 1.258332e-01
9.696970e-01 2.222222e-01 -1.296933e-01 -5.174488e-03 1.245188e-01
9.797980e-01 2.222222e-01 -1.283899e-01 -5.181998e-03 1.232079e-01
9.898990e-01 2.222222e-01 -1.270996e-01 -5.181938e-03 1.219176e-01
1.000000e+00 2.222222e-01 -1.258222e-01 -5.173624e-03 1.206486e-01
0.000000e+00 2.323232e-01 4.861967e-01 -5.175292e-03 4.913720e-01
1.010101e-02 2.323232e-01 4.813104e-01 -5.171061e-03 4.864814e-01
2.020202e-02 2.323232e-01 4.764731e-01 -5.179018e-03 4.816521e-01
3.030303e-02 2.323232e-01 4.716845e-01 -5.178213e-03 4.768627e-01
4.040404e-02 2.323232e-01 4.669440e-01 -5.180120e-03 4.721241e-01
5.050505e-02 2.323232e-01 4.622511e-01 -5.179018e-03 4.674301e-01
6.060606e-02 2.323232e-01 4.576054e-01 -5.172431e-03 4.627779e-01
7.070707e-02 2.323232e-01 4.530064e-01 -5.179495e-03 4.581859e-01
8.080808e-02 2.323232e-01 4.484536e-01 -5.177379e-03 4.536310e-01
9.090909e-02 2.323232e-01 4.439466e-01 -5.183697e-03 4.491303e-01
1.010101e-01 2.323232e-01 4.394849e-01 -5.179822e-03 4.446647e-01
1.111111e-01 2.323232e-01 4.350680e-01 -5.173534e-03 4.402415e-01
1.212121e-01 2.323232e-01 4.306954e-01 -5.171239e-03 4.358667e-01
1.313131e-01 2.323232e-01 4.263669e-01 -5.175263e-03 4.315422e-01
1.414141e-01 2.323232e-01 4.220818e-01 -5.180210e-03 4.272620e-01
1.515152e-01 2.323232e-01 4.178398e-01 -5.169392e-03 4.230092e-01
1.616162e-01 2.323232e-01 4.136405e-01 -5.178869e-03 4.188193e-01
1.717172e-01 2.323232e-01 4.094833e-01 -5.173624e-03 4.146569e-01
1.818182e-01 2.323232e-01 4.053679e-01 -5.173504e-03 4.105415e-01
1.919192e-01 2.323232e-01 4.012939e-01 -5.170792e-03 4.064647e-01
2.020202e-01 2.323232e-01 3.972609e-01 -5.177140e-03 4.024380e-01
2.121212e-01 2.323232e-01 3.932683e-01 -5.176216e-03 3.984445e-01
2.222222e-01 2.323232e-01 3.893159e-01 -5.177200e-03 3.944931e-01
2.323232e-01 2.323232e-01 3.854032e-01 -5.174905e-03 3.905781e-01
2.424242e-01 2.323232e-01 3.815299e-01 -5.182147e-03 3.867120e-01
2.525253e-01 2.323232e-01 3.776954e-01 -5.176902e-03 3.828723e-01
2.626263e-01 2.323232e-01 3.738995e-01 -5.177617e-03 3.790771e-01
2.727273e-01 2.323232e-01 3.701418e-01 -5.178034e-03 3.753198e-01
2.828283e-01 2.323232e-01 3.664218e-01 -5.171627e-03 3.715934e-01
2.929293e-01 2.323232e-01 3.627392e-01 -5.180955e-03 3.679201e-01
3.030303e-01 2.323232e-01 3.590936e-01 -5.179346e-03 3.642729e-01
3.131313e-01 2.323232e-01 3.554846e-01 -5.176872e-03 3.606615e-01
3.232323e-01 2.323232e-01 3.519120e-01 -5.174160e-03 3.570861e-01
3.333333e-01 2.323232e-01 3.483752e-01 -5.172819e-03 3.535480e-01
3.434343e-01 2.323232e-01 3.448740e-01 -5.180001e-03 3.500540e-01
3.535354e-01 2.323232e-01 3.414079e-01 -5.176604e-03 3.465845e-01
3.636364e-01 2.323232e-01 3.379767e-01 -5.180269e-03 3.431570e-01
3.737374e-01 2.323232e-01 3.345800e-01 -5.177230e-03 3.397572e-01
3.838384e-01 2.323232e-01 3.312174e-01 -5.178154e-03 3.363956e-01
3.939394e-01 2.323232e-01 3.278886e-01 -5.176216e-03 3.330648e-01
4.040404e-01 2.323232e-01 3.245933e-01 -5.180597e-03 3.297739e-01
4.141414e-01 2.323232e-01 3.213311e-01 -5.173087e-03 3.265041e-01
4.242424e-01 2.323232e-01 3.181016e-01 -5.171508e-03 3.232731e-01
4.343434e-01 2.323232e-01 3.149047e-01 -5.183220e-03 3.200879e-01
4.444444e-01 2.323232e-01 3.117398e-01 -5.177617e-03 3.169174e-01
4.545455e-01 2.323232e-01 3.086068e-01 -5.180359e-03 3.137871e-01
4.646465e-01 2.323232e-01 3.055052e-01 -5.176842e-03 3.106821e-01
4.747475e-01 2.323232e-01 3.024348e-01 -5.175352e-03 3.076102e-01
4.848485e-01 2.323232e-01 2.993953e-01 -5.172908e-03 3.045682e-01
4.949495e-01 2.323232e-01 2.963864e-01 -5.171746e-03 3.015581e-01
5.050505e-01 2.323232e-01 2.934076e-01 -5.178094e-03 2.985857e-01
5.151515e-01 2.323232e-01 2.904588e-01 -5.175948e-03 2.956348e-01
5.252525e-01 2.323232e-01 2.875397e-01 -5.181849e-03 2.927215e-01
5.353535e-01 2.323232e-01 2.846498e-01 -5.176395e-03 2.898262e-01
5.454545e-01 2.323232e-01 2.817891e-01 -5.181521e-03 2.869706e-01
5.555556e-01 2.323232e-01 2.789570e-01 -5.175233e-03 2.841323e-01
5.656566e-01 2.323232e-01 2.761535e-01 -5.177498e-03 2.813310e-01
5.757576e-01 2.323232e-01 2.733781e-01 -5.177855e-03 2.785559e-01
5.858586e-01 2.323232e-01 2.706306e-01 -5.173892e-03 2.758045e-01
5.959596e-01 2.323232e-01 2.679107e-01 -5.170912e-03 2.730816e-01
6.060606e-01 2.323232e-01 2.652182e-01 -5.178988e-03 2.703972e-01
6.161616e-01 2.323232e-01 2.625527e-01 -5.176425e-03 2.677291e-01
6.262626e-01 2.323232e-01 2.599140e-01 -5.183369e-03 2.650973e-01
6.363636e-01 2.323232e-01 2.573018e-01 -5.175561e-03 2.624774e-01
6.464646e-01 2.323232e-01 2.547159e-01 -5.177736e-03 2.598936e-01
6.565657e-01 2.323232e-01 2.521559e-01 -5.171061e-03 2.573270e-01
6.666667e-01 2.323232e-01 2.496217e-01 -5.169630e-03 2.547914e-01
6.767677e-01 2.323232e-01 2.471130e-01 -5.182385e-03 2.522954e-01
6.868687e-01 2.323232e-01 2.446295e-01 -5.180240e-03 2.498097e-01
6.969697e-01 2.323232e-01 2.421709e-01 -5.178511e-03 2.473494e-01
7.070707e-01 2.323232e-01 2.397370e-01 -5.176365e-03 2.449134e-01
7.171717e-01 2.323232e-01 2.373276e-01 -5.179703e-03 2.425073e-01
7.272727e-01 2.323232e-01 2.349425e-01 -5.171627e-03 2.401141e-01
7.373737e-01 2.323232e-01 2.325812e-01 -5.174041e-03 2.377553e-01
7.474747e-01 2.323232e-01 2.302438e-01 -5.178958e-03 2.354227e-01
7.575758e-01 2.323232e-01 2.279298e-01 -5.173326e-03 2.331031e-01
7.676768e-01 2.323232e-01 2.256390e-01 -5.181283e-03 2.308203e-01
7.777778e-01 2.323232e-01 2.233713e-01 -5.173206e-03 2.285445e-01
7.878788e-01 2.323232e-01 2.211264e-01 -5.174994e-03 2.263014e-01
7.979798e-01 2.323232e-01 2.189041e-01 -5.180597e-03 2.240847e-01
8.080808e-01 2.323232e-01 2.167040e-01 -5.179524e-03 2.218836e-01
8.181818e-01 2.323232e-01 2.145261e-01 -5.176783e-03 2.197029e-01
8.282828e-01 2.323232e-01 2.123701e-01 -5.166948e-03 2.175371e-01
8.383838e-01 2.323232e-01 2.102357e-01 -5.180091e-03 2.154158e-01
8.484848e-01 2.323232e-01 2.081228e-01 -5.177051e-03 2.132999e-01
8.585859e-01 2.323232e-01 2.060312e-01 -5.174428e-03 2.112056e-01
8.686869e-01 2.323232e-01 2.039605e-01 -5.173951e-03 2.091345e-01
8.787879e-01 2.323232e-01 2.019107e-01 -5.171806e-03 2.070825e-01
8.888889e-01 2.323232e-01 1.998815e-01 -5.178481e-03 2.050599e-01
8.989899e-01 2.323232e-01 1.978726e-01 -5.180508e-03 2.030531e-01
9.090909e-01 2.323232e-01 1.958840e-01 -5.181700e-03 2.010657e-01
9.191919e-01 2.323232e-01 1.939153e-01 -5.177021e-03 1.990923e-01
9.292929e-01 2.323232e-01 1.919664e-01 -5.176842e-03 1.971433e-01
9.393939e-01 2.323232e-01 1.900371e-01 -5.182564e-03 1.952197e-01
9.494949e-01 2.323232e-01 1.881272e-01 -5.176812e-03 1.933040e-01
9.595960e-01 2.323232e-01 1.862365e-01 -5.181938e-03 1.914184e-01
9.696970e-01 2.323232e-01 1.843648e-01 -5.177021e-03 1.895418e-01
9.797980e-01 2.323232e-01 1.825119e-01 -5.172789e-03 1.876847e-01
9.898990e-01 2.323232e-01 1.806776e-01 -5.177170e-03 1.858548e-01
1.000000e+00 2.323232e-01 1.788618e-01 -5.173504e-03 1.840353e-01
0.000000e+00 2.424242e-01 -6.181590e-01 -5.182177e-03 6.129768e-01
1.010101e-02 2.424242e-01 -6.119464e-01 -5.171180e-03 6.067752e-01
2.020202e-02 2.424242e-01 -6.057962e-01 -5.175710e-03 6.006205e-01
3.030303e-02 2.424242e-01 -5.997079e-01 -5.175978e-03 5.945319e-01
4.040404e-02 2.424242e-01 -5.936807e-01 -5.175471e-03 5.885052e-01
5.050505e-02 2.424242e-01 -5.877141e-01 -5.183190e-03 5.825309e-01
6.060606e-02 2.424242e-01 -5.818075e-01 -5.177975e-03 5.766295e-01
7.070707e-02 2.424242e-01 -5.759602e-01 -5.175382e-03 5.707848e-01
8.080808e-02 2.424242e-01 -5.701717e-01 -5.181015e-03 5.649907e-01
9.090909e-02 2.424242e-01 -5.644414e-01 -5.176306e-03 5.592651e-01
1.010101e-01 2.424242e-01 -5.587687e-01 -5.178571e-03 5.535901e-01
1.111111e-01 2.424242e-01 -5.531530e-01 -5.184531e-03 5.479684e-01
1.212121e-01 2.424242e-01 -5.475937e-01 -5.170941e-03 5.424227e-01
1.313131e-01 2.424242e-01 -5.420903e-01 -5.175680e-03 5.369146e-01
1.414141e-01 2.424242e-01 -5.366422e-01 -5.172193e-03 5.314700e-01
1.515152e-01 2.424242e-01 -5.312488e-01 -5.180120e-03 5.260687e-01
1.616162e-01 2.424242e-01 -5.259097e-01 -5.180925e-03 5.207288e-01
1.717172e-01 2.424242e-01 -5.206242e-01 -5.174339e-03 5.154499e-01
1.818182e-01 2.424242e-01 -5.153919e-01 -5.176604e-03 5.102153e-01
1.919192e-01 2.424242e-01 -5.102121e-01 -5.172312e-03 5.050398e-01
2.020202e-01 2.424242e-01 -5.050844e-01 -5.182028e-03 4.999023e-01
2.121212e-01 2.424242e-01 -5.000082e-01 -5.184591e-03 4.948236e-01
2.222222e-01 2.424242e-01 -4.949830e-01 -5.175471e-03 4.898075e-01
2.323232e-01 2.424242e-01 -4.900084e-01 -5.171627e-03 4.848367e-01
2.424242e-01 2.424242e-01 -4.850837e-01 -5.175978e-03 4.799077e-01
2.525253e-01 2.424242e-01 -4.802085e-01 -5.175143e-03 4.750334e-01
2.626263e-01 2.424242e-01 -4.753823e-01 -5.176812e-03 4.702055e-01
2.727273e-01 2.424242e-01 -4.706047e-01 -5.184442e-03 4.654202e-01
2.828283e-01 2.424242e-01 -4.658750e-01 -5.174130e-03 4.607009e-01
2.929293e-01 2.424242e-01 -4.611929e-01 -5.172700e-03 4.560202e-01
3.030303e-01 2.424242e-01 -4.565578e-01 -5.176544e-03 4.513813e-01
3.131313e-01 2.424242e-01 -4.519694e-01 -5.171359e-03 4.467980e-01
3.232323e-01 2.424242e-01 -4.474270e-01 -5.179644e-03 4.422473e-01
3.333333e-01 2.424242e-01 -4.429303e-01 -5.179167e-03 4.377511e-01
3.434343e-01 2.424242e-01 -4.384787e-01 -5.178511e-03 4.333002e-01
3.535354e-01 2.424242e-01 -4.340720e-01 -5.175710e-03 4.288963e-01
3.636364e-01 2.424242e-01 -4.297095e-01 -5.176842e-03 4.245326e-01
3.737374e-01 2.424242e-01 -4.253908e-01 -5.179584e-03 4.202112e-01
3.838384e-01 2.424242e-01 -4.211156e-01 -5.185038e-03 4.159305e-01
3.939394e-01 2.424242e-01 -4.168833e-01 -5.171716e-03 4.117116e-01
4.040404e-01 2.424242e-01 -4.126935e-01 -5.176485e-03 4.075171e-01
4.141414e-01 2.424242e-01 -4.085459e-01 -5.180657e-03 4.033652e-01
4.242424e-01 2.424242e-01 -4.044399e-01 -5.176514e-03 3.992634e-01
4.343434e-01 2.424242e-01 -4.003753e-01 -5.178869e-03 3.951964e-01
4.444444e-01 2.424242e-01 -3.963514e-01 -5.181134e-03 3.911703e-01
4.545455e-01 2.424242e-01 -3.923680e-01 -5.177408e-03 3.871906e-01
4.646465e-01 2.424242e-01 -3.884247e-01 -5.182624e-03 3.832420e-01
4.747475e-01 2.424242e-01 -3.845209e-01 -5.175233e-03 3.793457e-01
4.848485e-01 2.424242e-01 -3.806564e-01 -5.174100e-03 3.754823e-01
4.949495e-01 2.424242e-01 -3.768308e-01 -5.173802e-03 3.716570e-01
5.050505e-01 2.424242e-01 -3.730436e-01 -5.174547e-03 3.678690e-01
5.151515e-01 2.424242e-01 -3.692944e-01 -5.191118e-03 3.641033e-01
5.252525e-01 2.424242e-01 -3.655829e-01 -5.184621e-03 3.603983e-01
5.353535e-01 2.424242e-01 -3.619088e-01 -5.177557e-03 3.567312e-01
5.454545e-01 2.424242e-01 -3.582715e-01 -5.181313e-03 3.530902e-01
5.555556e-01 2.424242e-01 -3.546708e-01 -5.176187e-03 3.494946e-01
5.656566e-01 2.424242e-01 -3.511063e-01 -5.177617e-03 3.459287e-01
5.757576e-01 2.424242e-01 -3.475777e-01 -5.182922e-03 3.423947e-01
5.858586e-01 2.424242e-01 -3.440844e-01 -5.178183e-03 3.389063e-01
5.959596e-01 2.424242e-01 -3.406263e-01 -5.179465e-03 3.354469e-01
6.060606e-01 2.424242e-01 -3.372030e-01 -5.184174e-03 3.320188e-01
6.161616e-01 2.424242e-01 -3.338140e-01 -5.173862e-03 3.286402e-01
6.262626e-01 2.424242e-01 -3.304592e-01 -5.178273e-03 3.252809e-01
6.363636e-01 2.424242e-01 -3.271380e-01 -5.176425e-03 3.219616e-01
6.464646e-01 2.424242e-01 -3.238502e-01 -5.176395e-03 3.186738e-01
6.565657e-01 2.424242e-01 -3.205954e-01 -5.175799e-03 3.154196e-01
6.666667e-01 2.424242e-01 -3.173734e-01 -5.176961e-03 3.121964e-01
6.767677e-01 2.424242e-01 -3.141838e-01 -5.175799e-03 3.090080e-01
6.868687e-01 2.424242e-01 -3.110262e-01 -5.181313e-03 3.058448e-01
6.969697e-01 2.424242e-01 -3.079003e-01 -5.176425e-03 3.027239e-01
7.070707e-01 2.424242e-01 -3.048058e-01 -5.176783e-03 2.996291e-01
7.171717e-01 2.424242e-01 -3.017425e-01 -5.177200e-03 2.965653e-01
7.272727e-01 2.424242e-01 -2.987099e-01 -5.170047e-03 2.935399e-01
7.373737e-01 2.424242e-01 -2.957078e-01 -5.175203e-03 2.905326e-01
7.474747e-01 2.424242e-01 -2.927359e-01 -5.180508e-03 2.875554e-01
7.575758e-01 2.424242e-01 -2.897939e-01 -5.171150e-03 2.846227e-01
7.676768e-01 2.424242e-01 -2.868814e-01 -5.176306e-03 2.817051e-01
7.777778e-01 2.424242e-01 -2.839982e-01 -5.177289e-03 2.788209e-01
7.878788e-01 2.424242e-01 -2.811440e-01 -5.168557e-03 2.759754e-01
7.979798e-01 2.424242e-01 -2.783184e-01 -5.186230e-03 2.731322e-01
8.080808e-01 2.424242e-01 -2.755213e-01 -5.177140e-03 2.703441e-01
8.181818e-01 2.424242e-01 -2.727522e-01 -5.174637e-03 2.675776e-01
8.282828e-01 2.424242e-01 -2.700110e-01 -5.180866e-03 2.648302e-01
8.383838e-01 2.424242e-01 -2.672974e-01 -5.177319e-03 2.621201e-01
8.484848e-01 2.424242e-01 -2.646110e-01 -5.182117e-03 2.594289e-01
8.585859e-01 2.424242e-01 -2.619516e-01 -5.177617e-03 2.567740e-01
8.686869e-01 2.424242e-01 -2.593190e-01 -5.178034e-03 2.541409e-01
8.787879e-01 2.424242e-01 -2.567128e-01 -5.180597e-03 2.515322e-01
8.888889e-01 2.424242e-01 -2.541328e-01 -5.174577e-03 2.489582e-01
8.989899e-01 2.424242e-01 -2.515787e-01 -5.173504e-03 2.464052e-01
9.090909e-01 2.424242e-01 -2.490503e-01 -5.176395e-03 2.438739e-01
9.191919e-01 2.424242e-01 -2.465473e-01 -5.179763e-03 2.413675e-01
9.292929e-01 2.424242e-01 -2.440694e-01 -5.182505e-03 2.388869e-01
9.393939e-01 2.424242e-01 -2.416165e-01 -5.181313e-03 2.364352e-01
9.494949e-01 2.424242e-01 -2.391882e-01 -5.175531e-03 2.340127e-01
9.595960e-01 2.424242e-01 -2.367843e-01 -5.171478e-03 2.316129e-01
9.696970e-01 2.424242e-01 -2.344046e-01 -5.176634e-03 2.292280e-01
9.797980e-01 2.424242e-01 -2.320488e-01 -5.179107e-03 2.268697e-01
9.898990e-01 2.424242e-01 -2.297167e-01 -5.179584e-03 2.245371e-01
1.000000e+00 2.424242e-01 -2.274080e-01 -5.178094e-03 2.222299e-01
0.000000e+00 2.525253e-01 7.345917e-01 -5.180866e-03 7.397726e-01
1.010101e-02 2.525253e-01 7.272089e-01 -5.175501e-03 7.323844e-01
2.020202e-02 2.525253e-01 7.199004e-01 -5.172312e-03 7.250727e-01
3.030303e-02 2.525253e-01 7.126653e-01 -5.177259e-03 7.178425e-01
4.040404e-02 2.525253e-01 7.055028e-01 -5.177289e-03 7.106801e-01
5.050505e-02 2.525253e-01 6.984124e-01 -5.181581e-03 7.035940e-01
6.060606e-02 2.525253e-01 6.913933e-01 -5.175143e-03 6.965684e-01
7.070707e-02 2.525253e-01 6.844446e-01 -5.176187e-03 6.896208e-01
8.080808e-02 2.525253e-01 6.775659e-01 -5.174994e-03 6.827409e-01
9.090909e-02 2.525253e-01 6.707562e-01 -5.177915e-03 6.759341e-01
1.010101e-01 2.525253e-01 6.640150e-01 -5.179942e-03 6.691949e-01
1.111111e-01 2.525253e-01 6.573415e-01 -5.179971e-03 6.625215e-01
1.212121e-01 2.525253e-01 6.507352e-01 -5.174518e-03 6.559097e-01
1.313131e-01 2.525253e-01 6.441952e-01 -5.179107e-03 6.493743e-01
1.414141e-01 2.525253e-01 6.377209e-01 -5.173981e-03 6.428949e-01
1.515152e-01 2.525253e-01 6.313117e-01 -5.178541e-03 6.364902e-01
1.616162e-01 2.525253e-01 6.249669e-01 -5.178154e-03 6.301451e-01
1.717172e-01 2.525253e-01 6.186859e-01 -5.175084e-03 6.238610e-01
1.818182e-01 2.525253e-01 6.124680e-01 -5.176544e-03 6.176445e-01
1.919192e-01 2.525253e-01 6.063126e-01 -5.174965e-03 6.114875e-01
2.020202e-01 2.525253e-01 6.002190e-01 -5.180657e-03 6.053997e-01
2.121212e-01 2.525253e-01 5.941867e-01 -5.174220e-03 5.993610e-01
2.222222e-01 2.525253e-01 5.882151e-01 -5.175352e-03 5.933904e-01
2.323232e-01 2.525253e-01 5.823034e-01 -5.183220e-03 5.874866e-01
2.424242e-01 2.525253e-01 5.764512e-01 -5.178094e-03 5.816292e-01
2.525253e-01 2.525253e-01 5.706577e-01 -5.178690e-03 5.758364e-01
2.626263e-01 2.525253e-01 5.649225e-01 -5.171597e-03 5.700941e-01
2.727273e-01 2.525253e-01 5.592450e-01 -5.175591e-03 5.644205e-01
2.828283e-01 2.525253e-01 5.536244e-01 -5.173445e-03 5.587979e-01
2.929293e-01 2.525253e-01 5.480604e-01 -5.176783e-03 5.532372e-01
3.030303e-01 2.525253e-01 5.425523e-01 -5.181521e-03 5.477339e-01
3.131313e-01 2.525253e-01 5.370996e-01 -5.174518e-03 5.422741e-01
3.232323e-01 2.525253e-01 5.317016e-01 -5.172521e-03 5.368742e-01
3.333333e-01 2.525253e-01 5.263580e-01 -5.171359e-03 5.315293e-01
3.434343e-01 2.525253e-01 5.210680e-01 -5.175173e-03 5.262431e-01
3.535354e-01 2.525253e-01 5.158312e-01 -5.178869e-03 5.210100e-01
3.636364e-01 2.525253e-01 5.106470e-01 -5.178571e-03 5.158255e-01
3.737374e-01 2.525253e-01 5.055149e-01 -5.179763e-03 5.106946e-01
3.838384e-01 2.525253e-01 5.004344e-01 -5.180776e-03 5.056151e-01
3.939394e-01 2.525253e-01 4.954049e-01 -5.178124e-03 5.005830e-01
4.040404e-01 2.525253e-01 4.904260e-01 -5.178243e-03 4.956043e-01
4.141414e-01 2.525253e-01 4.854972e-01 -5.177975e-03 4.906751e-01
4.242424e-01 2.525253e-01 4.806178e-01 -5.178243e-03 4.857961e-01
4.343434e-01 2.525253e-01 4.757875e-01 -5.175650e-03 4.809632e-01
4.444444e-01 2.525253e-01 4.710058e-01 -5.179793e-03 4.761856e-01
4.545455e-01 2.525253e-01 4.662721e-01 -5.177528e-03 4.714496e-01
4.646465e-01 2.525253e-01 4.615860e-01 -5.172879e-03 4.667589e-01
4.747475e-01 2.525253e-01 4.569470e-01 -5.175084e-03 4.621221e-01
4.848485e-01 2.525253e-01 4.523546e-01 -5.174458e-03 4.575290e-01
4.949495e-01 2.525253e-01 4.478084e-01 -5.173743e-03 4.529821e-01
5.050505e-01 2.525253e-01 4.433078e-01 -5.177170e-03 4.484850e-01
5.151515e-01 2.525253e-01 4.388525e-01 -5.171448e-03 4.440239e-01
5.252525e-01 2.525253e-01 4.344419e-01 -5.171746e-03 4.396137e-01
5.353535e-01 2.525253e-01 4.300757e-01 -5.181909e-03 4.352576e-01
5.454545e-01 2.525253e-01 4.257534e-01 -5.171925e-03 4.309253e-01
5.555556e-01 2.525253e-01 4.214745e-01 -5.176544e-03 4.266510e-01
5.656566e-01 2.525253e-01 4.172386e-01 -5.163699e-03 4.224023e-01
5.757576e-01 2.525253e-01 4.130453e-01 -5.179703e-03 4.182250e-01
5.858586e-01 2.525253e-01 4.088941e-01 -5.181134e-03 4.140753e-01
5.959596e-01 2.525253e-01 4.047847e-01 -5.170524e-03 4.099552e-01
6.060606e-01 2.525253e-01 4.007165e-01 -5.180389e-03 4.058969e-01
6.161616e-01 2.525253e-01 3.966893e-01 -5.172253e-03 4.018615e-01
6.262626e-01 2.525253e-01 3.927025e-01 -5.174726e-03 3.978772e-01
6.363636e-01 2.525253e-01 3.887557e-01 -5.178362e-03 3.939341e-01
6.464646e-01 2.525253e-01 3.848487e-01 -5.174845e-03 3.900235e-01
6.565657e-01 2.525253e-01 3.809809e-01 -5.168796e-03 3.861497e-01
6.666667e-01 2.525253e-01 3.771520e-01 -5.188018e-03 3.823400e-01
6.767677e-01 2.525253e-01 3.733615e-01 -5.171716e-03 3.785332e-01
6.868687e-01 2.525253e-01 3.696092e-01 -5.174696e-03 3.747839e-01
6.969697e-01 2.525253e-01 3.658945e-01 -5.177230e-03 3.710718e-01
7.070707e-01 2.525253e-01 3.622172e-01 -5.176991e-03 3.673942e-01
7.171717e-01 2.525253e-01 3.585769e-01 -5.178481e-03 3.637554e-01
7.272727e-01 2.525253e-01 3.549731e-01 -5.179673e-03 3.601528e-01
7.373737e-01 2.525253e-01 3.514056e-01 -5.172759e-03 3.565784e-01
7.474747e-01 2.525253e-01 3.478739e-01 -5.175769e-03 3.530497e-01
7.575758e-01 2.525253e-01 3.443777e-01 -5.183637e-03 3.495614e-01
7.676768e-01 2.525253e-01 3.409167e-01 -5.179346e-03 3.460960e-01
7.777778e-01 2.525253e-01 3.374904e-01 -5.178899e-03 3.426693e-01
7.878788e-01 2.525253e-01 3.340986e-01 -5.169690e-03 3.392683e-01
7.979798e-01 2.525253e-01 3.307408e-01 -5.177557e-03 3.359184e-01
8.080808e-01 2.525253e-01 3.274168e-01 -5.178005e-03 3.325948e-01
8.181818e-01 2.525253e-01 3.241262e-01 -5.175471e-03 3.293017e-01
8.282828e-01 2.525253e-01 3.208687e-01 -5.180448e-03 3.260492e-01
8.383838e-01 2.525253e-01 3.176439e-01 -5.182922e-03 3.228268e-01
8.484848e-01 2.525253e-01 3.144515e-01 -5.179137e-03 3.196307e-01
8.585859e-01 2.525253e-01 3.112913e-01 -5.175829e-03 3.164671e-01
8.686869e-01 2.525253e-01 3.081627e-01 -5.176157e-03 3.133389e-01
8.787879e-01 2.525253e-01 3.050656e-01 -5.177081e-03 3.102427e-01
8.888889e-01 2.525253e-01 3.019997e-01 -5.178452e-03 3.071781e-01
8.989899e-01 2.525253e-01 2.989645e-01 -5.174041e-03 3.041386e-01
9.090909e-01 2.525253e-01 2.959599e-01 -5.170465e-03 3.011304e-01
9.191919e-01 2.525253e-01 2.929854e-01 -5.179048e-03 2.981645e-01
9.292929e-01 2.525253e-01 2.900409e-01 -5.174518e-03 2.952154e-01
9.393939e-01 2.525253e-01 2.871259e-01 -5.175948e-03 2.923019e-01
9.494949e-01 2.525253e-01 2.842403e-01 -5.175918e-03 2.894162e-01
9.595960e-01 2.525253e-01 2.813836e-01 -5.173117e-03 2.865567e-01
9.696970e-01 2.525253e-01 2.785557e-01 -5.179167e-03 2.837348e-01
9.797980e-01 2.525253e-01 2.757561e-01 -5.179226e-03 2.809354e-01
9.898990e-01 2.525253e-01 2.729847e-01 -5.179048e-03 2.781638e-01
1.000000e+00 2.525253e-01 2.702412e-01 -5.175352e-03 2.754165e-01
0.000000e+00 2.626263e-01 -8.325699e-01 -5.177677e-03 8.273922e-01
1.010101e-02 2.626263e-01 -8.242024e-01 -5.180985e-03 8.190214e-01
2.020202e-02 2.626263e-01 -8.159190e-01 -5.179495e-03 8.107395e-01
3.030303e-02 2.626263e-01 -8.077189e-01 -5.175412e-03 8.025435e-01
4.040404e-02 2.626263e-01 -7.996012e-01 -5.177617e-03 7.944236e-01
5.050505e-02 2.626263e-01 -7.915651e-01 -5.180120e-03 7.863849e-01
6.060606e-02 2.626263e-01 -7.836097e-01 -5.180031e-03 7.784297e-01
7.070707e-02 2.626263e-01 -7.757343e-01 -5.185008e-03 7.705493e-01
8.080808e-02 2.626263e-01 -7.679380e-01 -5.177617e-03 7.627604e-01
9.090909e-02 2.626263e-01 -7.602201e-01 -5.173355e-03 7.550468e-01
1.010101e-01 2.626263e-01 -7.525798e-01 -5.175829e-03 7.474040e-01
1.111111e-01 2.626263e-01 -7.450162e-01 -5.183339e-03 7.398329e-01
1.212121e-01 2.626263e-01 -7.375287e-01 -5.177766e-03 7.323509e-01
1.313131e-01 2.626263e-01 -7.301164e-01 -5.181462e-03 7.249350e-01
1.414141e-01 2.626263e-01 -7.227786e-01 -5.176276e-03 7.176023e-01
1.515152e-01 2.626263e-01 -7.155146e-01 -5.178541e-03 7.103360e-01
1.616162e-01 2.626263e-01 -7.083235e-01 -5.178630e-03 7.031449e-01
1.717172e-01 2.626263e-01 -7.012048e-01 -5.173564e-03 6.960312e-01
1.818182e-01 2.626263e-01 -6.941575e-01 -5.177408e-03 6.889801e-01
1.919192e-01 2.626263e-01 -6.871811e-01 -5.179703e-03 6.820014e-01
2.020202e-01 2.626263e-01 -6.802749e-01 -5.179644e-03 6.750952e-01
2.121212e-01 2.626263e-01 -6.734380e-01 -5.180359e-03 6.682576e-01
2.222222e-01 2.626263e-01 -6.666698e-01 -5.178541e-03 6.614913e-01
2.323232e-01 2.626263e-01 -6.599697e-01 -5.182028e-03 6.547877e-01
2.424242e-01 2.626263e-01 -6.533369e-01 -5.176038e-03 6.481608e-01
2.525253e-01 2.626263e-01 -6.467707e-01 -5.174756e-03 6.415960e-01
2.626263e-01 2.626263e-01 -6.402706e-01 -5.180836e-03 6.350897e-01
2.727273e-01 2.626263e-01 -6.338358e-01 -5.176485e-03 6.286593e-01
2.828283e-01 2.626263e-01 -6.274656e-01 -5.178481e-03 6.222871e-01
2.929293e-01 2.626263e-01 -6.211595e-01 -5.177617e-03 6.159818e-01
3.030303e-01 2.626263e-01 -6.149167e-01 -5.176157e-03 6.097406e-01
3.131313e-01 2.626263e-01 -6.087367e-01 -5.176365e-03 6.035603e-01
3.232323e-01 2.626263e-01 -6.026188e-01 -5.173743e-03 5.974450e-01
3.333333e-01 2.626263e-01 -5.965624e-01 -5.177110e-03 5.913853e-01
3.434343e-01 2.626263e-01 -5.905668e-01 -5.168825e-03 5.853980e-01
3.535354e-01 2.626263e-01 -5.846315e-01 -5.178332e-03 5.794532e-01
3.636364e-01 2.626263e-01 -5.787559e-01 -5.177587e-03 5.735783e-01
3.737374e-01 2.626263e-01 -5.729393e-01 -5.172074e-03 5.677672e-01
3.838384e-01 2.626263e-01 -5.671812e-01 -5.178332e-03 5.620028e-01
3.939394e-01 2.626263e-01 -5.614809e-01 -5.171895e-03 5.563090e-01
4.040404e-01 2.626263e-01 -5.558379e-01 -5.175561e-03 5.506623e-01
4.141414e-01 2.626263e-01 -5.502516e-01 -5.178750e-03 5.450729e-01
4.242424e-01 2.626263e-01 -5.447215e-01 -5.182445e-03 5.395391e-01
4.343434e-01 2.626263e-01 -5.392470e-01 -5.174279e-03 5.340727e-01
4.444444e-01 2.626263e-01 -5.338275e-01 -5.182624e-03 5.286448e-01
4.545455e-01 2.626263e-01 -5.284624e-01 -5.172968e-03 5.232894e-01
4.646465e-01 2.626263e-01 -5.231513e-01 -5.176067e-03 5.179752e-01
4.747475e-01 2.626263e-01 -5.178935e-01 -5.179644e-03 5.127139e-01
4.848485e-01 2.626263e-01 -5.126886e-01 -5.180925e-03 5.075077e-01
4.949495e-01 2.626263e-01 -5.075360e-01 -5.182266e-03 5.023537e-01
5.050505e-01 2.626263e-01 -5.024352e-01 -5.177498e-03 4.972577e-01
5.151515e-01 2.626263e-01 -4.973856e-01 -5.178720e-03 4.922069e-01
5.252525e-01 2.626263e-01 -4.923868e-01 -5.176663e-03 4.872101e-01
5.353535e-01 2.626263e-01 -4.874382e-01 -5.185187e-03 4.822531e-01
5.454545e-01 2.626263e-01 -4.825394e-01 -5.182207e-03 4.773572e-01
5.555556e-01 2.626263e-01 -4.776898e-01 -5.176604e-03 4.725132e-01
5.656566e-01 2.626263e-01 -4.728889e-01 -5.172610e-03 4.677163e-01
5.757576e-01 2.626263e-01 -4.681363e-01 -5.178034e-03 4.629583e-01
5.858586e-01 2.626263e-01 -4.634315e-01 -5.177468e-03 4.582540e-01
5.959596e-01 2.626263e-01 -4.587739e-01 -5.175054e-03 4.535989e-01
6.060606e-01 2.626263e-01 -4.541632e-01 -5.185127e-03 4.489780e-01
6.161616e-01 2.626263e-01 -4.495987e-01 -5.184084e-03 4.444147e-01
6.262626e-01 2.626263e-01 -4.450802e-01 -5.174100e-03 4.399061e-01
6.363636e-01 2.626263e-01 -4.406071e-01 -5.170226e-03 4.354368e-01
6.464646e-01 2.626263e-01 -4.361789e-01 -5.174935e-03 4.310040e-01
6.565657e-01 2.626263e-01 -4.317952e-01 -5.173206e-03 4.266220e-01
6.666667e-01 2.626263e-01 -4.274556e-01 -5.179584e-03 4.222760e-01
6.767677e-01 2.626263e-01 -4.231596e-01 -5.176038e-03 4.179836e-01
6.868687e-01 2.626263e-01 -4.189068e-01 -5.168885e-03 4.137379e-01
6.969697e-01 2.626263e-01 -4.146967e-01 -5.174875e-03 4.095218e-01
7.070707e-01 2.626263e-01 -4.105289e-01 -5.176842e-03 4.053521e-01
7.171717e-01 2.626263e-01 -4.064031e-01 -5.174458e-03 4.012286e-01
7.272727e-01 2.626263e-01 -4.023186e-01 -5.168110e-03 3.971505e-01
7.373737e-01 2.626263e-01 -3.982753e-01 -5.185425e-03 3.930898e-01
7.474747e-01 2.626263e-01 -3.942725e-01 -5.180299e-03 3.890922e-01
7.575758e-01 2.626263e-01 -3.903100e-01 -5.178034e-03 3.851320e-01
7.676768e-01 2.626263e-01 -3.863873e-01 -5.175829e-03 3.812115e-01
7.777778e-01 2.626263e-01 -3.825041e-01 -5.176455e-03 3.773276e-01
7.878788e-01 2.626263e-01 -3.786599e-01 -5.177408e-03 3.734825e-01
7.979798e-01 2.626263e-01 -3.748543e-01 -5.175233e-03 3.696790e-01
8.080808e-01 2.626263e-01 -3.710869e-01 -5.173475e-03 3.659134e-01
8.181818e-01 2.626263e-01 -3.673574e-01 -5.177706e-03 3.621797e-01
8.282828e-01 2.626263e-01 -3.636654e-01 -5.176425e-03 3.584890e-01
8.383838e-01 2.626263e-01 -3.600105e-01 -5.179465e-03 3.548311e-01
8.484848e-01 2.626263e-01 -3.563924e-01 -5.171597e-03 3.512208e-01
8.585859e-01 2.626263e-01 -3.528106e-01 -5.177677e-03 3.476329e-01
8.686869e-01 2.626263e-01 -3.492648e-01 -5.175471e-03 3.440893e-01
8.787879e-01 2.626263e-01 -3.457546e-01 -5.179882e-03 3.405747e-01
8.888889e-01 2.626263e-01 -3.422797e-01 -5.176216e-03 3.371035e-01
8.989899e-01 2.626263e-01 -3.388397e-01 -5.173504e-03 3.336662e-01
9.090909e-01 2.626263e-01 -3.354343e-01 -5.176544e-03 3.302578e-01
9.191919e-01 2.626263e-01 -3.320632e-01 -5.179375e-03 3.268838e-01
9.292929e-01 2.626263e-01 -3.287259e-01 -5.177885e-03 3.235480e-01
9.393939e-01 2.626263e-01 -3.254221e-01 -5.176395e-03 3.202457e-01
9.494949e-01 2.626263e-01 -3.221516e-01 -5.175650e-03 3.169759e-01
9.595960e-01 2.626263e-01 -3.189139e-01 -5.184412e-03 3.137295e-01
9.696970e-01 2.626263e-01 -3.157088e-01 -5.178243e-03 3.105305e-01
9.797980e-01 2.626263e-01 -3.125358e-01 -5.179703e-03 3.073561e-01
9.898990e-01 2.626263e-01 -3.093948e-01 -5.181432e-03 3.042134e-01
1.000000e+00 2.626263e-01 -3.062853e-01 -5.181193e-03 3.011041e-01
0.000000e+00 2.727273e-01 9.096320e-01 -5.172938e-03 9.148049e-01
1.010101e-02 2.727273e-01 9.004900e-01 -5.174041e-03 9.056641e-01
2.020202e-02 2.727273e-01 8.914400e-01 -5.181372e-03 8.966213e-01
3.030303e-02 2.727273e-01 8.824808e-01 -5.173534e-03 8.876544e-01
4.040404e-02 2.727273e-01 8.736118e-01 -5.174607e-03 8.787864e-01
5.050505e-02 2.727273e-01 8.648318e-01 -5.174756e-03 8.700066e-01
6.060606e-02 2.727273e-01 8.561401e-01 -5.175471e-03 8.613156e-01
7.070707e-02 2.727273e-01 8.475358e-01 -5.182087e-03 8.527179e-01
8.080808e-02 2.727273e-01 8.390179e-01 -5.175948e-03 8.441938e-01
9.090909e-02 2.727273e-01 8.305856e-01 -5.180985e-03 8.357666e-01
1.010101e-01 2.727273e-01 8.222381e-01 -5.175352e-03 8.274135e-01
1.111111e-01 2.727273e-01 8.139745e-01 -5.173445e-03 8.191479e-01
1.212121e-01 2.727273e-01 8.057939e-01 -5.174637e-03 8.109685e-01
1.313131e-01 2.727273e-01 7.976955e-01 -5.181521e-03 8.028771e-01
1.414141e-01 2.727273e-01 7.896786e-01 -5.184561e-03 7.948631e-01
1.515152e-01 2.727273e-01 7.817422e-01 -5.174637e-03 7.869168e-01
1.616162e-01 2.727273e-01 7.738855e-01 -5.176514e-03 7.790620e-01
1.717172e-01 2.727273e-01 7.661078e-01 -5.176395e-03 7.712842e-01
1.818182e-01 2.727273e-01 7.584083e-01 -5.178690e-03 7.635870e-01
1.919192e-01 2.727273e-01 7.507862e-01 -5.179137e-03 7.559653e-01
2.020202e-01 2.727273e-01 7.432407e-01 -5.179822e-03 7.484205e-01
2.121212e-01 2.727273e-01 7.357710e-01 -5.169570e-03 7.409406e-01
2.222222e-01 2.727273e-01 7.283764e-01 -5.184084e-03 7.335604e-01
2.323232e-01 2.727273e-01 7.210561e-01 -5.182564e-03 7.262386e-01
2.424242e-01 2.727273e-01 7.138093e-01 -5.183101e-03 7.189924e-01
2.525253e-01 2.727273e-01 7.066354e-01 -5.175650e-03 7.118111e-01
2.626263e-01 2.727273e-01 6.995336e-01 -5.181342e-03 7.047150e-01
2.727273e-01 2.727273e-01 6.925032e-01 -5.176783e-03 6.976800e-01
2.828283e-01 2.727273e-01 6.855434e-01 -5.173206e-03 6.907166e-01
2.929293e-01 2.727273e-01 6.786536e-01 -5.178273e-03 6.838319e-01
3.030303e-01 2.727273e-01 6.718330e-01 -5.175471e-03 6.770085e-01
3.131313e-01 2.727273e-01 6.650810e-01 -5.177438e-03 6.702584e-01
3.232323e-01 2.727273e-01 6.583968e-01 -5.177498e-03 6.635743e-01
3.333333e-01 2.727273e-01 6.517798e-01 -5.183578e-03 6.569634e-01
3.434343e-01 2.727273e-01 6.452293e-01 -5.177081e-03 6.504064e-01
3.535354e-01 2.727273e-01 6.387446e-01 -5.177170e-03 6.439218e-01
3.636364e-01 2.727273e-01 6.323252e-01 -5.173355e-03 6.374985e-01
3.737374e-01 2.727273e-01 6.259702e-01 -5.177945e-03 6.311481e-01
3.838384e-01 2.727273e-01 6.196791e-01 -5.176842e-03 6.248559e-01
3.939394e-01 2.727273e-01 6.134512e-01 -5.185217e-03 6.186364e-01
4.040404e-01 2.727273e-01 6.072859e-01 -5.179465e-03 6.124654e-01
4.141414e-01 2.727273e-01 6.011826e-01 -5.170137e-03 6.063527e-01
4.242424e-01 2.727273e-01 5.951406e-01 -5.172908e-03 6.003135e-01
4.343434e-01 2.727273e-01 5.891593e-01 -5.181372e-03 5.943407e-01
4.444444e-01 2.727273e-01 5.832382e-01 -5.182207e-03 5.884204e-01
4.545455e-01 2.727273e-01 5.773766e-01 -5.179226e-03 5.825558e-01
4.646465e-01 2.727273e-01 5.715738e-01 -5.179316e-03 5.767531e-01
4.747475e-01 2.727273e-01 5.658294e-01 -5.169630e-03 5.709990e-01
4.848485e-01 2.727273e-01 5.601427e-01 -5.177319e-03 5.653201e-01
4.949495e-01 2.727273e-01 5.545132e-01 -5.177230e-03 5.596904e-01
5.050505e-01 2.727273e-01 5.489403e-01 -5.180448e-03 5.541207e-01
5.151515e-01 2.727273e-01 5.434233e-01 -5.182296e-03 5.486056e-01
5.252525e-01 2.727273e-01 5.379618e-01 -5.170047e-03 5.431319e-01
5.353535e-01 2.727273e-01 5.325552e-01 -5.178750e-03 5.377340e-01
5.454545e-01 2.727273e-01 5.272029e-01 -5.178392e-03 5.323813e-01
5.555556e-01 2.727273e-01 5.219045e-01 -5.180657e-03 5.270851e-01
5.656566e-01 2.727273e-01 5.166592e-01 -5.181104e-03 5.218403e-01
5.757576e-01 2.727273e-01 5.114667e-01 -5.177200e-03 5.166439e-01
5.858586e-01 2.727273e-01 5.063264e-01 -5.171686e-03 5.114981e-01
5.959596e-01 2.727273e-01 5.012377e-01 -5.174339e-03 5.064121e-01
6.060606e-01 2.727273e-01 4.962002e-01 -5.182445e-03 5.013827e-01
6.161616e-01 2.727273e-01 4.912133e-01 -5.181015e-03 4.963943e-01
6.262626e-01 2.727273e-01 4.862765e-01 -5.179048e-03 4.914556e-01
6.363636e-01 2.727273e-01 4.813894e-01 -5.176932e-03 4.865663e-01
6.464646e-01 2.727273e-01 4.765513e-01 -5.174816e-03 4.817262e-01
6.565657e-01 2.727273e-01 4.717619e-01 -5.178928e-03 4.769409e-01
6.666667e-01 2.727273e-01 4.670206e-01 -5.173057e-03 4.721937e-01
6.767677e-01 2.727273e-01 4.623270e-01 -5.179703e-03 4.675067e-01
6.868687e-01 2.727273e-01 4.576805e-01 -5.178928e-03 4.628595e-01
6.969697e-01 2.727273e-01 4.530808e-01 -5.176485e-03 4.582573e-01
7.070707e-01 2.727273e-01 4.485272e-01 -5.176693e-03 4.537039e-01
7.171717e-01 2.727273e-01 4.440195e-01 -5.175561e-03 4.491950e-01
7.272727e-01 2.727273e-01 4.395570e-01 -5.175114e-03 4.447321e-01
7.373737e-01 2.727273e-01 4.351394e-01 -5.181462e-03 4.403208e-01
7.474747e-01 2.727273e-01 4.307662e-01 -5.174935e-03 4.359411e-01
7.575758e-01 2.727273e-01 4.264369e-01 -5.173624e-03 4.316105e-01
7.676768e-01 2.727273e-01 4.221511e-01 -5.180478e-03 4.273316e-01
7.777778e-01 2.727273e-01 4.179084e-01 -5.179524e-03 4.230880e-01
7.878788e-01 2.727273e-01 4.137084e-01 -5.179167e-03 4.188875e-01
7.979798e-01 2.727273e-01 4.095505e-01 -5.180240e-03 4.147308e-01
8.080808e-01 2.727273e-01 4.054345e-01 -5.171597e-03 4.106061e-01
8.181818e-01 2.727273e-01 4.013598e-01 -5.180478e-03 4.065403e-01
8.282828e-01 2.727273e-01 3.973261e-01 -5.178392e-03 4.025045e-01
8.383838e-01 2.727273e-01 3.933329e-01 -5.178213e-03 3.985111e-01
8.484848e-01 2.727273e-01 3.893798e-01 -5.173922e-03 3.945537e-01
8.585859e-01 2.727273e-01 3.854665e-01 -5.175859e-03 3.906423e-01
8.686869e-01 2.727273e-01 3.815925e-01 -5.181402e-03 3.867739e-01
8.787879e-01 2.727273e-01 3.777574e-01 -5.171120e-03 3.829285e-01
8.888889e-01 2.727273e-01 3.739609e-01 -5.171299e-03 3.791322e-01
8.989899e-01 2.727273e-01 3.702025e-01 -5.180329e-03 3.753829e-01
9.090909e-01 2.727273e-01 3.664819e-01 -5.180866e-03 3.716628e-01
9.191919e-01 2.727273e-01 3.627987e-01 -5.177796e-03 3.679765e-01
9.292929e-01 2.727273e-01 3.591525e-01 -5.177885e-03 3.643304e-01
9.393939e-01 2.727273e-01 3.555430e-01 -5.178332e-03 3.607213e-01
9.494949e-01 2.727273e-01 3.519697e-01 -5.175233e-03 3.571450e-01
9.595960e-01 2.727273e-01 3.484324e-01 -5.173057e-03 3.536054e-01
9.696970e-01 2.727273e-01 3.449306e-01 -5.179137e-03 3.501097e-01
9.797980e-01 2.727273e-01 3.414640e-01 -5.177081e-03 3.466410e-01
9.898990e-01 2.727273e-01 3.380322e-01 -5.189210e-03 3.432214e-01
1.000000e+00 2.727273e-01 3.346349e-01 -5.183518e-03 3.398184e-01
0.000000e+00 2.828283e-01 -9.638422e-01 -5.179286e-03 9.586629e-01
1.010101e-02 2.828283e-01 -9.541554e-01 -5.176663e-03 9.489787e-01
2.020202e-02 2.828283e-01 -9.445660e-01 -5.180240e-03 9.393857e-01
3.030303e-02 2.828283e-01 -9.350729e-01 -5.178094e-03 9.298948e-01
4.040404e-02 2.828283e-01 -9.256753e-01 -5.178005e-03 9.204973e-01
5.050505e-02 2.828283e-01 -9.163721e-01 -5.173087e-03 9.111990e-01
6.060606e-02 2.828283e-01 -9.071624e-01 -5.174905e-03 9.019875e-01
7.070707e-02 2.828283e-01 -8.980453e-01 -5.177140e-03 8.928681e-01
8.080808e-02 2.828283e-01 -8.890198e-01 -5.178899e-03 8.838409e-01
9.090909e-02 2.828283e-01 -8.800850e-01 -5.177736e-03 8.749072e-01
1.010101e-01 2.828283e-01 -8.712400e-01 -5.177230e-03 8.660627e-01
1.111111e-01 2.828283e-01 -8.624839e-01 -5.177736e-03 8.573061e-01
1.212121e-01 2.828283e-01 -8.538158e-01 -5.175352e-03 8.486404e-01
1.313131e-01 2.828283e-01 -8.452348e-01 -5.183578e-03 8.400512e-01
1.414141e-01 2.828283e-01 -8.367400e-01 -5.174816e-03 8.315652e-01
1.515152e-01 2.828283e-01 -8.283306e-01 -5.178005e-03 8.231526e-01
1.616162e-01 2.828283e-01 -8.200058e-01 -5.177170e-03 8.148286e-01
1.717172e-01 2.828283e-01 -8.117646e-01 -5.181849e-03 8.065827e-01
1.818182e-01 2.828283e-01 -8.036062e-01 -5.180746e-03 7.984255e-01
1.919192e-01 2.828283e-01 -7.955298e-01 -5.171061e-03 7.903588e-01
2.020202e-01 2.828283e-01 -7.875346e-01 -5.171269e-03 7.823634e-01
2.121212e-01 2.828283e-01 -7.796198e-01 -5.176187e-03 7.744436e-01
2.222222e-01 2.828283e-01 -7.717845e-01 -5.180031e-03 7.666044e-01
2.323232e-01 2.828283e-01 -7.640279e-01 -5.172431e-03 7.588555e-01
2.424242e-01 2.828283e-01 -7.563493e-01 -5.176842e-03 7.511725e-01
2.525253e-01 2.828283e-01 -7.487479e-01 -5.176872e-03 7.435710e-01
2.626263e-01 2.828283e-01 -7.412228e-01 -5.177081e-03 7.360457e-01
2.727273e-01 2.828283e-01 -7.337734e-01 -5.180836e-03 7.285926e-01
2.828283e-01 2.828283e-01 -7.263989e-01 -5.174935e-03 7.212239e-01
2.929293e-01 2.828283e-01 -7.190984e-01 -5.180001e-03 7.139184e-01
3.030303e-01 2.828283e-01 -7.118714e-01 -5.179465e-03 7.066919e-01
3.131313e-01 2.828283e-01 -7.047169e-01 -5.180001e-03 6.995369e-01
3.232323e-01 2.828283e-01 -6.976344e-01 -5.174875e-03 6.924596e-01
3.333333e-01 2.828283e-01 -6.906231e-01 -5.176395e-03 6.854467e-01
3.434343e-01 2.828283e-01 -6.836822e-01 -5.177855e-03 6.785044e-01
3.535354e-01 2.828283e-01 -6.768111e-01 -5.174756e-03 6.716363e-01
3.636364e-01 2.828283e-01 -6.700090e-01 -5.174428e-03 6.648346e-01
3.737374e-01 2.828283e-01 -6.632753e-01 -5.178452e-03 6.580969e-01
3.838384e-01 2.828283e-01 -6.566093e-01 -5.176425e-03 6.514329e-01
3.939394e-01 2.828283e-01 -6.500103e-01 -5.173326e-03 6.448369e-01
4.040404e-01 2.828283e-01 -6.434776e-01 -5.180806e-03 6.382967e-01
4.141414e-01 2.828283e-01 -6.370105e-01 -5.176663e-03 6.318338e-01
4.242424e-01 2.828283e-01 -6.306084e-01 -5.169451e-03 6.254390e-01
4.343434e-01 2.828283e-01 -6.242707e-01 -5.179167e-03 6.190915e-01
4.444444e-01 2.828283e-01 -6.179967e-01 -5.175263e-03 6.128214e-01
4.545455e-01 2.828283e-01 -6.117857e-01 -5.172968e-03 6.066128e-01
4.646465e-01 2.828283e-01 -6.056372e-01 -5.180001e-03 6.004572e-01
4.747475e-01 2.828283e-01 -5.995504e-01 -5.178154e-03 5.943723e-01
4.848485e-01 2.828283e-01 -5.935248e-01 -5.173892e-03 5.883509e-01
4.949495e-01 2.828283e-01 -5.875598e-01 -5.178511e-03 5.823813e-01
5.050505e-01 2.828283e-01 -5.816547e-01 -5.170614e-03 5.764841e-01
5.151515e-01 2.828283e-01 -5.758090e-01 -5.179584e-03 5.706294e-01
5.252525e-01 2.828283e-01 -5.700220e-01 -5.174577e-03 5.648475e-01
5.353535e-01 2.828283e-01 -5.642932e-01 -5.173534e-03 5.591197e-01
5.454545e-01 2.828283e-01 -5.586220e-01 -5.176693e-03 5.534453e-01
5.555556e-01 2.828283e-01 -5.530077e-01 -5.177617e-03 5.478301e-01
5.656566e-01 2.828283e-01 -5.474499e-01 -5.179971e-03 5.422699e-01
5.757576e-01 2.828283e-01 -5.419480e-01 -5.180985e-03 5.367670e-01
5.858586e-01 2.828283e-01 -5.365013e-01 -5.171925e-03 5.313294e-01
5.959596e-01 2.828283e-01 -5.311094e-01 -5.173922e-03 5.259354e-01
6.060606e-01 2.828283e-01 -5.257716e-01 -5.178124e-03 5.205935e-01
6.161616e-01 2.828283e-01 -5.204875e-01 -5.174428e-03 5.153131e-01
6.262626e-01 2.828283e-01 -5.152565e-01 -5.182326e-03 5.100742e-01
6.363636e-01 2.828283e-01 -5.100781e-01 -5.180299e-03 5.048978e-01
6.464646e-01 2.828283e-01 -5.049518e-01 -5.172729e-03 4.997790e-01
6.565657e-01 2.828283e-01 -4.998769e-01 -5.173445e-03 4.947035e-01
6.666667e-01 2.828283e-01 -4.948531e-01 -5.175442e-03 4.896776e-01
6.767677e-01 2.828283e-01 -4.898797e-01 -5.177379e-03 4.847023e-01
6.868687e-01 2.828283e-01 -4.849563e-01 -5.179018e-03 4.797773e-01
6.969697e-01 2.828283e-01 -4.800824e-01 -5.174518e-03 4.749079e-01
7.070707e-01 2.828283e-01 -4.752575e-01 -5.171120e-03 4.700864e-01
7.171717e-01 2.828283e-01 -4.704811e-01 -5.181074e-03 4.653000e-01
7.272727e-01 2.828283e-01 -4.657527e-01 -5.179226e-03 4.605735e-01
7.373737e-01 2.828283e-01 -4.610718e-01 -5.174190e-03 4.558976e-01
7.474747e-01 2.828283e-01 -4.564380e-01 -5.178511e-03 4.512595e-01
7.575758e-01 2.828283e-01 -4.518507e-01 -5.175561e-03 4.466751e-01
7.676768e-01 2.828283e-01 -4.473095e-01 -5.177259e-03 4.421323e-01
7.777778e-01 2.828283e-01 -4.428140e-01 -5.181313e-03 4.376327e-01
7.878788e-01 2.828283e-01 -4.383636e-01 -5.173147e-03 4.331905e-01
7.979798e-01 2.828283e-01 -4.339580e-01 -5.173802e-03 4.287842e-01
8.080808e-01 2.828283e-01 -4.295966e-01 -5.180597e-03 4.244160e-01
8.181818e-01 2.828283e-01 -4.252791e-01 -5.181551e-03 4.200976e-01
8.282828e-01 2.828283e-01 -4.210050e-01 -5.179584e-03 4.158254e-01
8.383838e-01 2.828283e-01 -4.167738e-01 -5.174786e-03 4.115990e-01
8.484848e-01 2.828283e-01 -4.125852e-01 -5.179346e-03 4.074058e-01
8.585859e-01 2.828283e-01 -4.084386e-01 -5.176514e-03 4.032621e-01
8.686869e-01 2.828283e-01 -4.043338e-01 -5.179763e-03 3.991540e-01
8.787879e-01 2.828283e-01 -4.002701e-01 -5.180657e-03 3.950895e-01
8.888889e-01 2.828283e-01 -3.962474e-01 -5.179495e-03 3.910679e-01
8.989899e-01 2.828283e-01 -3.922650e-01 -5.173653e-03 3.870914e-01
9.090909e-01 2.828283e-01 -3.883227e-01 -5.181253e-03 3.831414e-01
9.191919e-01 2.828283e-01 -3.844200e-01 -5.175829e-03 3.792441e-01
9.292929e-01 2.828283e-01 -3.805565e-01 -5.169690e-03 3.753868e-01
9.393939e-01 2.828283e-01 -3.767318e-01 -5.184591e-03 3.715472e-01
9.494949e-01 2.828283e-01 -3.729456e-01 -5.173922e-03 3.677717e-01
9.595960e-01 2.828283e-01 -3.691974e-01 -5.176306e-03 3.640211e-01
9.696970e-01 2.828283e-01 -3.654870e-01 -5.173624e-03 3.603133e-01
9.797980e-01 2.828283e-01 -3.618137e-01 -5.176425e-03 3.566373e-01
9.898990e-01 2.828283e-01 -3.581775e-01 -5.174220e-03 3.530032e-01
1.000000e+00 2.828283e-01 -3.545777e-01 -5.178243e-03 3.493995e-01
0.000000e+00 2.929293e-01 9.938385e-01 -5.188584e-03 9.990270e-01
1.010101e-02 2.929293e-01 9.838502e-01 -5.173713e-03 9.890239e-01
2.020202e-02 2.929293e-01 9.739624e-01 -5.177408e-03 9.791398e-01
3.030303e-02 2.929293e-01 9.641739e-01 -5.176932e-03 9.693508e-01
4.040404e-02 2.929293e-01 9.544838e-01 -5.178094e-03 9.596619e-01
5.050505e-02 2.929293e-01 9.448911e-01 -5.170166e-03 9.500612e-01
6.060606e-02 2.929293e-01 9.353947e-01 -5.179256e-03 9.405740e-01
7.070707e-02 2.929293e-01 9.259939e-01 -5.175382e-03 9.311692e-01
8.080808e-02 2.929293e-01 9.166875e-01 -5.184531e-03 9.218720e-01
9.090909e-02 2.929293e-01 9.074746e-01 -5.176067e-03 9.126507e-01
1.010101e-01 2.929293e-01 8.983543e-01 -5.174875e-03 9.035292e-01
1.111111e-01 2.929293e-01 8.893257e-01 -5.179197e-03 8.945049e-01
1.212121e-01 2.929293e-01 8.803879e-01 -5.175292e-03 8.855632e-01
1.313131e-01 2.929293e-01 8.715398e-01 -5.182922e-03 8.767227e-01
1.414141e-01 2.929293e-01 8.627807e-01 -5.177110e-03 8.679578e-01
1.515152e-01 2.929293e-01 8.541096e-01 -5.173624e-03 8.592832e-01
1.616162e-01 2.929293e-01 8.455257e-01 -5.181760e-03 8.507074e-01
1.717172e-01 2.929293e-01 8.370280e-01 -5.178630e-03 8.422066e-01
1.818182e-01 2.929293e-01 8.286157e-01 -5.182147e-03 8.337979e-01
1.919192e-01 2.929293e-01 8.202880e-01 -5.178183e-03 8.254662e-01
2.020202e-01 2.929293e-01 8.120440e-01 -5.174994e-03 8.172190e-01
2.121212e-01 2.929293e-01 8.038828e-01 -5.175889e-03 8.090587e-01
2.222222e-01 2.929293e-01 7.958036e-01 -5.172372e-03 8.009760e-01
2.323232e-01 2.929293e-01 7.878057e-01 -5.174965e-03 7.929806e-01
2.424242e-01 2.929293e-01 7.798881e-01 -5.175143e-03 7.850632e-01
2.525253e-01 2.929293e-01 7.720501e-01 -5.181253e-03 7.772313e-01
2.626263e-01 2.929293e-01 7.642909e-01 -5.172879e-03 7.694637e-01
2.727273e-01 2.929293e-01 7.566096e-01 -5.164981e-03 7.617746e-01
2.828283e-01 2.929293e-01 7.490056e-01 -5.180597e-03 7.541862e-01
2.929293e-01 2.929293e-01 7.414779e-01 -5.178660e-03 7.466566e-01
3.030303e-01 2.929293e-01 7.340259e-01 -5.180717e-03 7.392067e-01
3.131313e-01 2.929293e-01 7.266489e-01 -5.176455e-03 7.318253e-01
3.232323e-01 2.929293e-01 7.193459e-01 -5.178422e-03 7.245243e-01
3.333333e-01 2.929293e-01 7.121164e-01 -5.180895e-03 7.172973e-01
3.434343e-01 2.929293e-01 7.049595e-01 -5.180448e-03 7.101399e-01
3.535354e-01 2.929293e-01 6.978745e-01 -5.179584e-03 7.030541e-01
3.636364e-01 2.929293e-01 6.908608e-01 -5.174041e-03 6.960348e-01
3.737374e-01 2.929293e-01 6.839175e-01 -5.177140e-03 6.890946e-01
3.838384e-01 2.929293e-01 6.770440e-01 -5.181104e-03 6.822251e-01
3.939394e-01 2.929293e-01 6.702396e-01 -5.177855e-03 6.754175e-01
4.040404e-01 2.929293e-01 6.635036e-01 -5.185366e-03 6.686890e-01
4.141414e-01 2.929293e-01 6.568353e-01 -5.180001e-03 6.620153e-01
4.242424e-01 2.929293e-01 6.502340e-01 -5.179107e-03 6.554131e-01
4.343434e-01 2.929293e-01 6.436990e-01 -5.169839e-03 6.488689e-01
4.444444e-01 2.929293e-01 6.372297e-01 -5.176067e-03 6.424058e-01
4.545455e-01 2.929293e-01 6.308255e-01 -5.172521e-03 6.359980e-01
4.646465e-01 2.929293e-01 6.244856e-01 -5.180478e-03 6.296660e-01
4.747475e-01 2.929293e-01 6.182094e-01 -5.183965e-03 6.233933e-01
4.848485e-01 2.929293e-01 6.119963e-01 -5.174041e-03 6.171703e-01
4.949495e-01 2.929293e-01 6.058456e-01 -5.179286e-03 6.110249e-01
5.050505e-01 2.929293e-01 5.997568e-01 -5.178988e-03 6.049358e-01
5.151515e-01 2.929293e-01 5.937291e-01 -5.173445e-03 5.989026e-01
5.252525e-01 2.929293e-01 5.877620e-01 -5.181849e-03 5.929439e-01
5.353535e-01 2.929293e-01 5.818549e-01 -5.177617e-03 5.870325e-01
5.454545e-01 2.929293e-01 5.760072e-01 -5.178332e-03 5.811855e-01
5.555556e-01 2.929293e-01 5.702182e-01 -5.179077e-03 5.753973e-01
5.656566e-01 2.929293e-01 5.644874e-01 -5.175740e-03 5.696632e-01
5.757576e-01 2.929293e-01 5.588142e-01 -5.180866e-03 5.639951e-01
5.858586e-01 2.929293e-01 5.531981e-01 -5.177557e-03 5.583756e-01
5.959596e-01 2.929293e-01 5.476383e-01 -5.180895e-03 5.528192e-01
6.060606e-01 2.929293e-01 5.421345e-01 -5.172551e-03 5.473070e-01
6.161616e-01 2.929293e-01 5.366859e-01 -5.171329e-03 5.418573e-01
6.262626e-01 2.929293e-01 5.312921e-01 -5.173177e-03 5.364653e-01
6.363636e-01 2.929293e-01 5.259526e-01 -5.180389e-03 5.311330e-01
6.464646e-01 2.929293e-01 5.206667e-01 -5.176097e-03 5.258428e-01
6.565657e-01 2.929293e-01 5.154339e-01 -5.176514e-03 5.206104e-01
6.666667e-01 2.929293e-01 5.102537e-01 -5.178928e-03 5.154326e-01
6.767677e-01 2.929293e-01 5.051255e-01 -5.173326e-03 5.102989e-01
6.868687e-01 2.929293e-01 5.000490e-01 -5.176127e-03 5.052251e-01
6.969697e-01 2.929293e-01 4.950234e-01 -5.179673e-03 5.002030e-01
7.070707e-01 2.929293e-01 4.900483e-01 -5.175918e-03 4.952242e-01
7.171717e-01 2.929293e-01 4.851232e-01 -5.179405e-03 4.903026e-01
7.272727e-01 2.929293e-01 4.802477e-01 -5.171955e-03 4.854196e-01
7.373737e-01 2.929293e-01 4.754211e-01 -5.176544e-03 4.805976e-01
7.474747e-01 2.929293e-01 4.706430e-01 -5.175591e-03 4.758186e-01
7.575758e-01 2.929293e-01 4.659130e-01 -5.177677e-03 4.710907e-01
7.676768e-01 2.929293e-01 4.612305e-01 -5.173922e-03 4.664044e-01
7.777778e-01 2.929293e-01 4.565951e-01 -5.183190e-03 4.617782e-01
7.878788e-01 2.929293e-01 4.520062e-01 -5.173683e-03 4.571799e-01
7.979798e-01 2.929293e-01 4.474635e-01 -5.183935e-03 4.526474e-01
8.080808e-01 2.929293e-01 4.429664e-01 -5.176336e-03 4.481427e-01
8.181818e-01 2.929293e-01 4.385145e-01 -5.171865e-03 4.436864e-01
8.282828e-01 2.929293e-01 4.341074e-01 -5.172461e-03 4.392798e-01
8.383838e-01 2.929293e-01 4.297445e-01 -5.176514e-03 4.349210e-01
8.484848e-01 2.929293e-01 4.254255e-01 -5.178213e-03 4.306037e-01
8.585859e-01 2.929293e-01 4.211499e-01 -5.180359e-03 4.263303e-01
8.686869e-01 2.929293e-01 4.169173e-01 -5.174518e-03 4.220918e-01
8.787879e-01 2.929293e-01 4.127272e-01 -5.178452e-03 4.179056e-01
8.888889e-01 2.929293e-01 4.085792e-01 -5.180538e-03 4.137597e-01
8.989899e-01 2.929293e-01 4.044729e-01 -5.176336e-03 4.096493e-01
9.090909e-01 2.929293e-01 4.004079e-01 -5.179286e-03 4.055872e-01
9.191919e-01 2.929293e-01 3.963837e-01 -5.175829e-03 4.015596e-01
9.292929e-01 2.929293e-01 3.924000e-01 -5.182236e-03 3.975822e-01
9.393939e-01 2.929293e-01 3.884563e-01 -5.180120e-03 3.936364e-01
9.494949e-01 2.929293e-01 3.845523e-01 -5.181521e-03 3.897338e-01
9.595960e-01 2.929293e-01 3.806875e-01 -5.174994e-03 3.858625e-01
9.696970e-01 2.929293e-01 3.768615e-01 -5.175471e-03 3.820370e-01
9.797980e-01 2.929293e-01 3.730740e-01 -5.176246e-03 3.782502e-01
9.898990e-01 2.929293e-01 3.693245e-01 -5.173892e-03 3.744984e-01
1.000000e+00 2.929293e-01 3.656127e-01 -5.184948e-03 3.707977e-01
0.000000e+00 3.030303e-01 -9.988673e-01 -5.181432e-03 9.936859e-01
1.010101e-02 3.030303e-01 -9.888286e-01 -5.175412e-03 9.836531e-01
2.020202e-02 3.030303e-01 -9.788907e-01 -5.174339e-03 9.737163e-01
3.030303e-02 3.030303e-01 -9.690527e-01 -5.176902e-03 9.638757e-01
4.040404e-02 3.030303e-01 -9.593135e-01 -5.175114e-03 9.541384e-01
5.050505e-02 3.030303e-01 -9.496723e-01 -5.175978e-03 9.444963e-01
6.060606e-02 3.030303e-01 -9.401279e-01 -5.176961e-03 9.349509e-01
7.070707e-02 3.030303e-01 -9.306794e-01 -5.173266e-03 9.255062e-01
8.080808e-02 3.030303e-01 -9.213260e-01 -5.174965e-03 9.161510e-01
9.090909e-02 3.030303e-01 -9.120665e-01 -5.173326e-03 9.068932e-01
1.010101e-01 3.030303e-01 -9.029001e-01 -5.177557e-03 8.977225e-01
1.111111e-01 3.030303e-01 -8.938258e-01 -5.180150e-03 8.886456e-01
1.212121e-01 3.030303e-01 -8.848427e-01 -5.177915e-03 8.796648e-01
1.313131e-01 3.030303e-01 -8.759499e-01 -5.177826e-03 8.707720e-01
1.414141e-01 3.030303e-01 -8.671464e-01 -5.178809e-03 8.619676e-01
1.515152e-01 3.030303e-01 -8.584314e-01 -5.179644e-03 8.532518e-01
1.616162e-01 3.030303e-01 -8.498041e-01 -5.186886e-03 8.446172e-01
1.717172e-01 3.030303e-01 -8.412634e-01 -5.177736e-03 8.360857e-01
1.818182e-01 3.030303e-01 -8.328086e-01 -5.171031e-03 8.276375e-01
1.919192e-01 3.030303e-01 -8.244387e-01 -5.176187e-03 8.192625e-01
2.020202e-01 3.030303e-01 -8.161529e-01 -5.178005e-03 8.109749e-01
2.121212e-01 3.030303e-01 -8.079505e-01 -5.176783e-03 8.027737e-01
2.222222e-01 3.030303e-01 -7.998304e-01 -5.170345e-03 7.946601e-01
2.323232e-01 3.030303e-01 -7.917920e-01 -5.174875e-03 7.866171e-01
2.424242e-01 3.030303e-01 -7.838344e-01 -5.179822e-03 7.786545e-01
2.525253e-01 3.030303e-01 -7.759567e-01 -5.182147e-03 7.707746e-01
2.626263e-01 3.030303e-01 -7.681582e-01 -5.174458e-03 7.629838e-01
2.727273e-01 3.030303e-01 -7.604381e-01 -5.173624e-03 7.552645e-01
2.828283e-01 3.030303e-01 -7.527956e-01 -5.173266e-03 7.476223e-01
2.929293e-01 3.030303e-01 -7.452298e-01 -5.177051e-03 7.400528e-01
3.030303e-01 3.030303e-01 -7.377402e-01 -5.178779e-03 7.325614e-01
3.131313e-01 3.030303e-01 -7.303257e-01 -5.181938e-03 7.251438e-01
3.232323e-01 3.030303e-01 -7.229859e-01 -5.174786e-03 7.178111e-01
3.333333e-01 3.030303e-01 -7.157197e-01 -5.178273e-03 7.105415e-01
3.434343e-01 3.030303e-01 -7.085266e-01 -5.172998e-03 7.033536e-01
3.535354e-01 3.030303e-01 -7.014058e-01 -5.185246e-03 6.962206e-01
3.636364e-01 3.030303e-01 -6.943566e-01 -5.183548e-03 6.891730e-01
3.737374e-01 3.030303e-01 -6.873782e-01 -5.179226e-03 6.821989e-01
3.838384e-01 3.030303e-01 -6.804699e-01 -5.171090e-03 6.752988e-01
3.939394e-01 3.030303e-01 -6.736311e-01 -5.173385e-03 6.684577e-01
4.040404e-01 3.030303e-01 -6.668610e-01 -5.175203e-03 6.616858e-01
4.141414e-01 3.030303e-01 -6.601589e-01 -5.179763e-03 6.549791e-01
4.242424e-01 3.030303e-01 -6.535242e-01 -5.179703e-03 6.483445e-01
4.343434e-01 3.030303e-01 -6.469562e-01 -5.173415e-03 6.417828e-01
4.444444e-01 3.030303e-01 -6.404541e-01 -5.175352e-03 6.352788e-01
4.545455e-01 3.030303e-01 -6.340175e-01 -5.174667e-03 6.288428e-01
4.646465e-01 3.030303e-01 -6.276455e-01 -5.179048e-03 6.224664e-01
4.747475e-01 3.030303e-01 -6.213376e-01 -5.180389e-03 6.161572e-01
4.848485e-01 3.030303e-01 -6.150930e-01 -5.177140e-03 6.099159e-01
4.949495e-01 3.030303e-01 -6.089112e-01 -5.178899e-03 6.037323e-01
5.050505e-01 3.030303e-01 -6.027916e-01 -5.174160e-03 5.976174e-01
5.151515e-01 3.030303e-01 -5.967334e-01 -5.174726e-03 5.915587e-01
5.252525e-01 3.030303e-01 -5.907361e-01 -5.179763e-03 5.855564e-01
5.353535e-01 3.030303e-01 -5.847991e-01 -5.186856e-03 5.796123e-01
5.454545e-01 3.030303e-01 -5.789218e-01 -5.176544e-03 5.737453e-01
5.555556e-01 3.030303e-01 -5.731036e-01 -5.177051e-03 5.679265e-01
5.656566e-01 3.030303e-01 -5.673438e-01 -5.170941e-03 5.621728e-01
5.757576e-01 3.030303e-01 -5.616419e-01 -5.183697e-03 5.564582e-01
5.858586e-01 3.030303e-01 -5.559973e-01 -5.171448e-03 5.508258e-01
5.959596e-01 3.030303e-01 -5.504094e-01 -5.175292e-03 5.452341e-01
6.060606e-01 3.030303e-01 -5.448777e-01 -5.172193e-03 5.397055e-01
6.161616e-01 3.030303e-01 -5.394016e-01 -5.179733e-03 5.342219e-01
6.262626e-01 3.030303e-01 -5.339805e-01 -5.181432e-03 5.287991e-01
6.363636e-01 3.030303e-01 -5.286139e-01 -5.171001e-03 5.234429e-01
6.464646e-01 3.030303e-01 -5.233013e-01 -5.180180e-03 5.181211e-01
6.565657e-01 3.030303e-01 -5.180420e-01 -5.172551e-03 5.128694e-01
6.666667e-01 3.030303e-01 -5.128356e-01 -5.179256e-03 5.076563e-01
6.767677e-01 3.030303e-01 -5.076815e-01 -5.181044e-03 5.025005e-01
6.868687e-01 3.030303e-01 -5.025792e-01 -5.179375e-03 4.973998e-01
6.969697e-01 3.030303e-01 -4.975282e-01 -5.178243e-03 4.923500e-01
7.070707e-01 3.030303e-01 -4.925280e-01 -5.185485e-03 4.873425e-01
7.171717e-01 3.030303e-01 -4.875780e-01 -5.178601e-03 4.823994e-01
7.272727e-01 3.030303e-01 -4.826778e-01 -5.182475e-03 4.774953e-01
7.373737e-01 3.030303e-01 -4.778268e-01 -5.175412e-03 4.726513e-01
7.474747e-01 3.030303e-01 -4.730245e-01 -5.180657e-03 4.678439e-01
7.575758e-01 3.030303e-01 -4.682705e-01 -5.172163e-03 4.630984e-01
7.676768e-01 3.030303e-01 -4.635643e-01 -5.174488e-03 4.583899e-01
7.777778e-01 3.030303e-01 -4.589055e-01 -5.181283e-03 4.537242e-01
7.878788e-01 3.030303e-01 -4.542934e-01 -5.174696e-03 4.491187e-01
7.979798e-01 3.030303e-01 -4.497277e-01 -5.175233e-03 4.445524e-01
8.080808e-01 3.030303e-01 -4.452078e-01 -5.172819e-03 4.400350e-01
8.181818e-01 3.030303e-01 -4.407334e-01 -5.174518e-03 4.355589e-01
8.282828e-01 3.030303e-01 -4.363040e-01 -5.177855e-03 4.311261e-01
8.383838e-01 3.030303e-01 -4.319190e-01 -5.176693e-03 4.267423e-01
8.484848e-01 3.030303e-01 -4.275782e-01 -5.177110e-03 4.224011e-01
8.585859e-01 3.030303e-01 -4.232809e-01 -5.178094e-03 4.181028e-01
8.686869e-01 3.030303e-01 -4.190269e-01 -5.178511e-03 4.138484e-01
8.787879e-01 3.030303e-01 -4.148156e-01 -5.176991e-03 4.096386e-01
8.888889e-01 3.030303e-01 -4.106466e-01 -5.179644e-03 4.054670e-01
8.989899e-01 3.030303e-01 -4.065196e-01 -5.175054e-03 4.013445e-01
9.090909e-01 3.030303e-01 -4.024340e-01 -5.177498e-03 3.972565e-01
9.191919e-01 3.030303e-01 -3.983895e-01 -5.181551e-03 3.932079e-01
9.292929e-01 3.030303e-01 -3.943856e-01 -5.172491e-03 3.892131e-01
9.393939e-01 3.030303e-01 -3.904219e-01 -5.178601e-03 3.852433e-01
9.494949e-01 3.030303e-01 -3.864981e-01 -5.173653e-03 3.813245e-01
9.595960e-01 3.030303e-01 -3.826138e-01 -5.180776e-03 3.774330e-01
9.696970e-01 3.030303e-01 -3.787684e-01 -5.180329e-03 3.735881e-01
9.797980e-01 3.030303e-01 -3.749617e-01 -5.175054e-03 3.697867e-01
9.898990e-01 3.030303e-01 -3.711933e-01 -5.175769e-03 3.660175e-01
1.000000e+00 3.030303e-01 -3.674628e-01 -5.173773e-03 3.622890e-01
0.000000e+00 3.131313e-01 9.788024e-01 -5.176723e-03 9.839792e-01
1.010101e-02 3.131313e-01 9.689653e-01 -5.180448e-03 9.741458e-01
2.020202e-02 3.131313e-01 9.592271e-01 -5.179286e-03 9.644063e-01
3.030303e-02 3.131313e-01 9.495867e-01 -5.181968e-03 9.547686e-01
4.040404e-02 3.131313e-01 9.400432e-01 -5.177349e-03 9.452205e-01
5.050505e-02 3.131313e-01 9.305956e-01 -5.177677e-03 9.357732e-01
6.060606e-02 3.131313e-01 9.212429e-01 -5.172580e-03 9.264155e-01
7.070707e-02 3.131313e-01 9.119843e-01 -5.175680e-03 9.171600e-01
8.080808e-02 3.131313e-01 9.028187e-01 -5.172253e-03 9.079909e-01
9.090909e-02 3.131313e-01 8.937452e-01 -5.172342e-03 8.989176e-01
1.010101e-01 3.131313e-01 8.847629e-01 -5.180746e-03 8.899437e-01
1.111111e-01 3.131313e-01 8.758709e-01 -5.176008e-03 8.810469e-01
1.212121e-01 3.131313e-01 8.670683e-01 -5.175799e-03 8.722441e-01
1.313131e-01 3.131313e-01 8.583541e-01 -5.182743e-03 8.635368e-01
1.414141e-01 3.131313e-01 8.497275e-01 -5.179971e-03 8.549075e-01
1.515152e-01 3.131313e-01 8.411876e-01 -5.181372e-03 8.463690e-01
1.616162e-01 3.131313e-01 8.327335e-01 -5.176544e-03 8.379100e-01
1.717172e-01 3.131313e-01 8.243644e-01 -5.174696e-03 8.295391e-01
1.818182e-01 3.131313e-01 8.160794e-01 -5.176455e-03 8.212559e-01
1.919192e-01 3.131313e-01 8.078777e-01 -5.178869e-03 8.130565e-01
2.020202e-01 3.131313e-01 7.997584e-01 -5.180538e-03 8.049389e-01
2.121212e-01 3.131313e-01 7.917207e-01 -5.166888e-03 7.968875e-01
2.222222e-01 3.131313e-01 7.837637e-01 -5.176365e-03 7.889401e-01
2.323232e-01 3.131313e-01 7.758868e-01 -5.177170e-03 7.810639e-01
2.424242e-01 3.131313e-01 7.680890e-01 -5.173683e-03 7.732627e-01
2.525253e-01 3.131313e-01 7.603696e-01 -5.175591e-03 7.655452e-01
2.626263e-01 3.131313e-01 7.527277e-01 -5.181611e-03 7.579093e-01
2.727273e-01 3.131313e-01 7.451627e-01 -5.177677e-03 7.503404e-01
2.828283e-01 3.131313e-01 7.376737e-01 -5.176961e-03 7.428506e-01
2.929293e-01 3.131313e-01 7.302599e-01 -5.175650e-03 7.354356e-01
3.030303e-01 3.131313e-01 7.229207e-01 -5.174041e-03 7.280947e-01
3.131313e-01 3.131313e-01 7.156552e-01 -5.180568e-03 7.208358e-01
3.232323e-01 3.131313e-01 7.084628e-01 -5.177766e-03 7.136405e-01
3.333333e-01 3.131313e-01 7.013426e-01 -5.180538e-03 7.065231e-01
3.434343e-01 3.131313e-01 6.942940e-01 -5.170196e-03 6.994642e-01
3.535354e-01 3.131313e-01 6.873162e-01 -5.171388e-03 6.924876e-01
3.636364e-01 3.131313e-01 6.804086e-01 -5.181313e-03 6.855899e-01
3.737374e-01 3.131313e-01 6.735704e-01 -5.178511e-03 6.787489e-01
3.838384e-01 3.131313e-01 6.668009e-01 -5.176067e-03 6.719769e-01
3.939394e-01 3.131313e-01 6.600994e-01 -5.178571e-03 6.652780e-01
4.040404e-01 3.131313e-01 6.534653e-01 -5.178094e-03 6.586434e-01
4.141414e-01 3.131313e-01 6.468979e-01 -5.170971e-03 6.520688e-01
4.242424e-01 3.131313e-01 6.403964e-01 -5.177438e-03 6.455739e-01
4.343434e-01 3.131313e-01 6.339603e-01 -5.181193e-03 6.391415e-01
4.444444e-01 3.131313e-01 6.275889e-01 -5.178094e-03 6.327670e-01
4.545455e-01 3.131313e-01 6.212816e-01 -5.177617e-03 6.264592e-01
4.646465e-01 3.131313e-01 6.150376e-01 -5.178154e-03 6.202157e-01
4.747475e-01 3.131313e-01 6.088563e-01 -5.175531e-03 6.140319e-01
4.848485e-01 3.131313e-01 6.027372e-01 -5.184352e-03 6.079216e-01
4.949495e-01 3.131313e-01 5.966796e-01 -5.178273e-03 6.018579e-01
5.050505e-01 3.131313e-01 5.906829e-01 -5.176425e-03 5.958593e-01
5.151515e-01 3.131313e-01 5.847464e-01 -5.176187e-03 5.899226e-01
5.252525e-01 3.131313e-01 5.788696e-01 -5.174488e-03 5.840441e-01
5.353535e-01 3.131313e-01 5.730519e-01 -5.182683e-03 5.782346e-01
5.454545e-01 3.131313e-01 5.672926e-01 -5.178183e-03 5.724708e-01
5.555556e-01 3.131313e-01 5.615913e-01 -5.181044e-03 5.667723e-01
5.656566e-01 3.131313e-01 5.559472e-01 -5.172968e-03 5.611201e-01
5.757576e-01 3.131313e-01 5.503598e-01 -5.172819e-03 5.555326e-01
5.858586e-01 3.131313e-01 5.448286e-01 -5.173445e-03 5.500020e-01
5.959596e-01 3.131313e-01 5.393530e-01 -5.177855e-03 5.445308e-01
6.060606e-01 3.131313e-01 5.339324e-01 -5.176306e-03 5.391087e-01
6.161616e-01 3.131313e-01 5.285663e-01 -5.183578e-03 5.337499e-01
6.262626e-01 3.131313e-01 5.232541e-01 -5.173028e-03 5.284271e-01
6.363636e-01 3.131313e-01 5.179953e-01 -5.174577e-03 5.231699e-01
6.464646e-01 3.131313e-01 5.127894e-01 -5.176634e-03 5.179660e-01
6.565657e-01 3.131313e-01 5.076358e-01 -5.170554e-03 5.128063e-01
6.666667e-01 3.131313e-01 5.025339e-01 -5.177706e-03 5.077116e-01
6.767677e-01 3.131313e-01 4.974834e-01 -5.173713e-03 5.026571e-01
6.868687e-01 3.131313e-01 4.924836e-01 -5.177110e-03 4.976607e-01
6.969697e-01 3.131313e-01 4.875340e-01 -5.183041e-03 4.927171e-01
7.070707e-01 3.131313e-01 4.826343e-01 -5.178124e-03 4.878124e-01
7.171717e-01 3.131313e-01 4.777837e-01 -5.175382e-03 4.829591e-01
7.272727e-01 3.131313e-01 4.729819e-01 -5.176991e-03 4.781589e-01
7.373737e-01 3.131313e-01 4.682283e-01 -5.182147e-03 4.734105e-01
7.474747e-01 3.131313e-01 4.635226e-01 -5.181134e-03 4.687037e-01
7.575758e-01 3.131313e-01 4.588641e-01 -5.171269e-03 4.640354e-01
7.676768e-01 3.131313e-01 4.542524e-01 -5.176604e-03 4.594290e-01
7.777778e-01 3.131313e-01 4.496871e-01 -5.177319e-03 4.548644e-01
7.878788e-01 3.131313e-01 4.451677e-01 -5.174100e-03 4.503418e-01
7.979798e-01 3.131313e-01 4.406937e-01 -5.183339e-03 4.458770e-01
8.080808e-01 3.131313e-01 4.362646e-01 -5.176753e-03 4.414414e-01
8.181818e-01 3.131313e-01 4.318801e-01 -5.175442e-03 4.370555e-01
8.282828e-01 3.131313e-01 4.275396e-01 -5.173087e-03 4.327127e-01
8.383838e-01 3.131313e-01 4.232428e-01 -5.179107e-03 4.284219e-01
8.484848e-01 3.131313e-01 4.189891e-01 -5.179852e-03 4.241690e-01
8.585859e-01 3.131313e-01 4.147782e-01 -5.180508e-03 4.199587e-01
8.686869e-01 3.131313e-01 4.106096e-01 -5.181044e-03 4.157907e-01
8.787879e-01 3.131313e-01 4.064829e-01 -5.177140e-03 4.116601e-01
8.888889e-01 3.131313e-01 4.023977e-01 -5.176038e-03 4.075738e-01
8.989899e-01 3.131313e-01 3.983536e-01 -5.179763e-03 4.035333e-01
9.090909e-01 3.131313e-01 3.943500e-01 -5.178422e-03 3.995285e-01
9.191919e-01 3.131313e-01 3.903867e-01 -5.178660e-03 3.955654e-01
9.292929e-01 3.131313e-01 3.864633e-01 -5.180240e-03 3.916435e-01
9.393939e-01 3.131313e-01 3.825793e-01 -5.176604e-03 3.877559e-01
9.494949e-01 3.131313e-01 3.787343e-01 -5.179852e-03 3.839141e-01
9.595960e-01 3.131313e-01 3.749279e-01 -5.176604e-03 3.801046e-01
9.696970e-01 3.131313e-01 3.711599e-01 -5.174875e-03 3.763347e-01
9.797980e-01 3.131313e-01 3.674296e-01 -5.175829e-03 3.726055e-01
9.898990e-01 3.131313e-01 3.637369e-01 -5.178332e-03 3.689152e-01
1.000000e+00 3.131313e-01 3.600813e-01 -5.177200e-03 3.652585e-01
0.000000e+00 3.232323e-01 -9.341479e-01 -5.175054e-03 9.289728e-01
1.010101e-02 3.232323e-01 -9.247595e-01 -5.180240e-03 9.195793e-01
2.020202e-02 3.232323e-01 -9.154655e-01 -5.175948e-03 9.102896e-01
3.030303e-02 3.232323e-01 -9.062650e-01 -5.173624e-03 9.010913e-01
4.040404e-02 3.232323e-01 -8.971568e-01 -5.174518e-03 8.919823e-01
5.050505e-02 3.232323e-01 -8.881403e-01 -5.176067e-03 8.829642e-01
6.060606e-02 3.232323e-01 -8.792143e-01 -5.177677e-03 8.740366e-01
7.070707e-02 3.232323e-01 -8.703781e-01 -5.175591e-03 8.652025e-01
8.080808e-02 3.232323e-01 -8.616306e-01 -5.177706e-03 8.564529e-01
9.090909e-02 3.232323e-01 -8.529711e-01 -5.179644e-03 8.477914e-01
1.010101e-01 3.232323e-01 -8.443986e-01 -5.180985e-03 8.392176e-01
1.111111e-01 3.232323e-01 -8.359122e-01 -5.179703e-03 8.307325e-01
1.212121e-01 3.232323e-01 -8.275112e-01 -5.170941e-03 8.223402e-01
1.313131e-01 3.232323e-01 -8.191946e-01 -5.177349e-03 8.140172e-01
1.414141e-01 3.232323e-01 -8.109615e-01 -5.179077e-03 8.057824e-01
1.515152e-01 3.232323e-01 -8.028112e-01 -5.177766e-03 7.976334e-01
1.616162e-01 3.232323e-01 -7.947428e-01 -5.176425e-03 7.895664e-01
1.717172e-01 3.232323e-01 -7.867555e-01 -5.178243e-03 7.815773e-01
1.818182e-01 3.232323e-01 -7.788485e-01 -5.175233e-03 7.736733e-01
1.919192e-01 3.232323e-01 -7.710209e-01 -5.175084e-03 7.658459e-01
2.020202e-01 3.232323e-01 -7.632721e-01 -5.179048e-03 7.580930e-01
2.121212e-01 3.232323e-01 -7.556010e-01 -5.177200e-03 7.504238e-01
2.222222e-01 3.232323e-01 -7.480071e-01 -5.173624e-03 7.428335e-01
2.323232e-01 3.232323e-01 -7.404895e-01 -5.174011e-03 7.353155e-01
2.424242e-01 3.232323e-01 -7.330475e-01 -5.176812e-03 7.278707e-01
2.525253e-01 3.232323e-01 -7.256802e-01 -5.175978e-03 7.205043e-01
2.626263e-01 3.232323e-01 -7.183870e-01 -5.181491e-03 7.132055e-01
2.727273e-01 3.232323e-01 -7.111671e-01 -5.185097e-03 7.059820e-01
2.828283e-01 3.232323e-01 -7.040198e-01 -5.173922e-03 6.988459e-01
2.929293e-01 3.232323e-01 -6.969443e-01 -5.175024e-03 6.917692e-01
3.030303e-01 3.232323e-01 -6.899399e-01 -5.179316e-03 6.847605e-01
3.131313e-01 3.232323e-01 -6.830058e-01 -5.178928e-03 6.778269e-01
3.232323e-01 3.232323e-01 -6.761415e-01 -5.179048e-03 6.709625e-01
3.333333e-01 3.232323e-01 -6.693462e-01 -5.176514e-03 6.641697e-01
3.434343e-01 3.232323e-01 -6.626192e-01 -5.169511e-03 6.574496e-01
3.535354e-01 3.232323e-01 -6.559597e-01 -5.176872e-03 6.507828e-01
3.636364e-01 3.232323e-01 -6.493672e-01 -5.176961e-03 6.441903e-01
3.737374e-01 3.232323e-01 -6.428410e-01 -5.181909e-03 6.376591e-01
3.838384e-01 3.232323e-01 -6.363803e-01 -5.177259e-03 6.312030e-01
3.939394e-01 3.232323e-01 -6.299846e-01 -5.177766e-03 6.248068e-01
4.040404e-01 3.232323e-01 -6.236531e-01 -5.178362e-03 6.184748e-01
4.141414e-01 3.232323e-01 -6.173853e-01 -5.174279e-03 6.122110e-01
4.242424e-01 3.232323e-01 -6.111805e-01 -5.175978e-03 6.060045e-01
4.343434e-01 3.232323e-01 -6.050380e-01 -5.177647e-03 5.998604e-01
4.444444e-01 3.232323e-01 -5.989573e-01 -5.181104e-03 5.937762e-01
4.545455e-01 3.232323e-01 -5.929377e-01 -5.177200e-03 5.877605e-01
4.646465e-01 3.232323e-01 -5.869785e-01 -5.183458e-03 5.817951e-01
4.747475e-01 3.232323e-01 -5.810793e-01 -5.174249e-03 5.759051e-01
4.848485e-01 3.232323e-01 -5.752394e-01 -5.176723e-03 5.700626e-01
4.949495e-01 3.232323e-01 -5.694581e-01 -5.179912e-03 5.642782e-01
5.050505e-01 3.232323e-01 -5.637350e-01 -5.171895e-03 5.585631e-01
5.151515e-01 3.232323e-01 -5.580693e-01 -5.181640e-03 5.528877e-01
5.252525e-01 3.232323e-01 -5.524606e-01 -5.176872e-03 5.472838e-01
5.353535e-01 3.232323e-01 -5.469083e-01 -5.177259e-03 5.417311e-01
5.454545e-01 3.232323e-01 -5.414118e-01 -5.178154e-03 5.362337e-01
5.555556e-01 3.232323e-01 -5.359705e-01 -5.177140e-03 5.307934e-01
5.656566e-01 3.232323e-01 -5.305839e-01 -5.180299e-03 5.254036e-01
5.757576e-01 3.232323e-01 -5.252515e-01 -5.180657e-03 5.200708e-01
5.858586e-01 3.232323e-01 -5.199726e-01 -5.176246e-03 5.147964e-01
5.959596e-01 3.232323e-01 -5.147468e-01 -5.174488e-03 5.095723e-01
6.060606e-01 3.232323e-01 -5.095735e-01 -5.175024e-03 5.043985e-01
6.161616e-01 3.232323e-01 -5.044522e-01 -5.175978e-03 4.992762e-01
6.262626e-01 3.232323e-01 -4.993824e-01 -5.176783e-03 4.942056e-01
6.363636e-01 3.232323e-01 -4.943635e-01 -5.180776e-03 4.891827e-01
6.464646e-01 3.232323e-01 -4.893951e-01 -5.175173e-03 4.842199e-01
6.565657e-01 3.232323e-01 -4.844766e-01 -5.177617e-03 4.792990e-01
6.666667e-01 3.232323e-01 -4.796075e-01 -5.177766e-03 4.744297e-01
6.767677e-01 3.232323e-01 -4.747874e-01 -5.175799e-03 4.696116e-01
6.868687e-01 3.232323e-01 -4.700157e-01 -5.181521e-03 4.648342e-01
6.969697e-01 3.232323e-01 -4.652919e-01 -5.180836e-03 4.601111e-01
7.070707e-01 3.232323e-01 -4.606157e-01 -5.179375e-03 4.554363e-01
7.171717e-01 3.232323e-01 -4.559864e-01 -5.178213e-03 4.508082e-01
7.272727e-01 3.232323e-01 -4.514037e-01 -5.175620e-03 4.462281e-01
7.373737e-01 3.232323e-01 -4.468670e-01 -5.175561e-03 4.416914e-01
7.474747e-01 3.232323e-01 -4.423759e-01 -5.176187e-03 4.371997e-01
7.575758e-01 3.232323e-01 -4.379300e-01 -5.183280e-03 4.327467e-01
7.676768e-01 3.232323e-01 -4.335287e-01 -5.180418e-03 4.283483e-01
7.777778e-01 3.232323e-01 -4.291717e-01 -5.177855e-03 4.239938e-01
7.878788e-01 3.232323e-01 -4.248584e-01 -5.169421e-03 4.196890e-01
7.979798e-01 3.232323e-01 -4.205885e-01 -5.178064e-03 4.154104e-01
8.080808e-01 3.232323e-01 -4.163615e-01 -5.177796e-03 4.111837e-01
8.181818e-01 3.232323e-01 -4.121770e-01 -5.178362e-03 4.069987e-01
8.282828e-01 3.232323e-01 -4.080346e-01 -5.177677e-03 4.028569e-01
8.383838e-01 3.232323e-01 -4.039338e-01 -5.174577e-03 3.987592e-01
8.484848e-01 3.232323e-01 -3.998742e-01 -5.176723e-03 3.946974e-01
8.585859e-01 3.232323e-01 -3.958554e-01 -5.178273e-03 3.906771e-01
8.686869e-01 3.232323e-01 -3.918769e-01 -5.182058e-03 3.866949e-01
8.787879e-01 3.232323e-01 -3.879385e-01 -5.178809e-03 3.827597e-01
8.888889e-01 3.232323e-01 -3.840397e-01 -5.179286e-03 3.788604e-01
8.989899e-01 3.232323e-01 -3.801800e-01 -5.175233e-03 3.750048e-01
9.090909e-01 3.232323e-01 -3.763591e-01 -5.181104e-03 3.711780e-01
9.191919e-01 3.232323e-01 -3.725767e-01 -5.183458e-03 3.673932e-01
9.292929e-01 3.232323e-01 -3.688322e-01 -5.180717e-03 3.636515e-01
9.393939e-01 3.232323e-01 -3.651254e-01 -5.179048e-03 3.599463e-01
9.494949e-01 3.232323e-01 -3.614558e-01 -5.175859e-03 3.562799e-01
9.595960e-01 3.232323e-01 -3.578231e-01 -5.175352e-03 3.526478e-01
9.696970e-01 3.232323e-01 -3.542269e-01 -5.169868e-03 3.490571e-01
9.797980e-01 3.232323e-01 -3.506669e-01 -5.173624e-03 3.454933e-01
9.898990e-01 3.232323e-01 -3.471426e-01 -5.179524e-03 3.419631e-01
1.000000e+00 3.232323e-01 -3.436538e-01 -5.180746e-03 3.384730e-01
0.000000e+00 3.333333e-01 8.660254e-01 -5.180120e-03 8.712055e-01
1.010101e-02 3.333333e-01 8.573217e-01 -5.175829e-03 8.624975e-01
2.020202e-02 3.333333e-01 8.487055e-01 -5.181164e-03 8.538866e-01
3.030303e-02 3.333333e-01 8.401758e-01 -5.173475e-03 8.453493e-01
4.040404e-02 3.333333e-01 8.317319e-01 -5.174577e-03 8.369065e-01
5.050505e-02 3.333333e-01 8.233729e-01 -5.174547e-03 8.285474e-01
6.060606e-02 3.333333e-01 8.150979e-01 -5.176842e-03 8.202747e-01
7.070707e-02 3.333333e-01 8.069060e-01 -5.177438e-03 8.120834e-01
8.080808e-02 3.333333e-01 7.987965e-01 -5.178928e-03 8.039754e-01
9.090909e-02 3.333333e-01 7.907684e-01 -5.179882e-03 7.959483e-01
1.010101e-01 3.333333e-01 7.828211e-01 -5.178392e-03 7.879995e-01
1.111111e-01 3.333333e-01 7.749536e-01 -5.183458e-03 7.801370e-01
1.212121e-01 3.333333e-01 7.671652e-01 -5.178630e-03 7.723438e-01
1.313131e-01 3.333333e-01 7.594550e-01 -5.180895e-03 7.646359e-01
1.414141e-01 3.333333e-01 7.518224e-01 -5.175680e-03 7.569981e-01
1.515152e-01 3.333333e-01 7.442664e-01 -5.172670e-03 7.494391e-01
1.616162e-01 3.333333e-01 7.367864e-01 -5.174160e-03 7.419606e-01
1.717172e-01 3.333333e-01 7.293816e-01 -5.177915e-03 7.345595e-01
1.818182e-01 3.333333e-01 7.220512e-01 -5.168051e-03 7.272193e-01
1.919192e-01 3.333333e-01 7.147945e-01 -5.176902e-03 7.199714e-01
2.020202e-01 3.333333e-01 7.076107e-01 -5.176485e-03 7.127872e-01
2.121212e-01 3.333333e-01 7.004991e-01 -5.170703e-03 7.056698e-01
2.222222e-01 3.333333e-01 6.934589e-01 -5.181581e-03 6.986405e-01
2.323232e-01 3.333333e-01 6.864896e-01 -5.177408e-03 6.916670e-01
2.424242e-01 3.333333e-01 6.795902e-01 -5.170196e-03 6.847604e-01
2.525253e-01 3.333333e-01 6.727602e-01 -5.170584e-03 6.779308e-01
2.626263e-01 3.333333e-01 6.659989e-01 -5.176723e-03 6.711756e-01
2.727273e-01 3.333333e-01 6.593055e-01 -5.171180e-03 6.644767e-01
2.828283e-01 3.333333e-01 6.526793e-01 -5.182654e-03 6.578620e-01
2.929293e-01 3.333333e-01 6.461198e-01 -5.179822e-03 6.512996e-01
3.030303e-01 3.333333e-01 6.396262e-01 -5.178273e-03 6.448045e-01
3.131313e-01 3.333333e-01 6.331978e-01 -5.176306e-03 6.383742e-01
3.232323e-01 3.333333e-01 6.268341e-01 -5.174249e-03 6.320084e-01
3.333333e-01 3.333333e-01 6.205343e-01 -5.177855e-03 6.257122e-01
3.434343e-01 3.333333e-01 6.142978e-01 -5.172849e-03 6.194707e-01
3.535354e-01 3.333333e-01 6.081240e-01 -5.178839e-03 6.133029e-01
3.636364e-01 3.333333e-01 6.020123e-01 -5.171686e-03 6.071840e-01
3.737374e-01 3.333333e-01 5.959620e-01 -5.172670e-03 6.011346e-01
3.838384e-01 3.333333e-01 5.899725e-01 -5.179316e-03 5.951518e-01
3.939394e-01 3.333333e-01 5.840431e-01 -5.175859e-03 5.892190e-01
4.040404e-01 3.333333e-01 5.781734e-01 -5.174547e-03 5.833480e-01
4.141414e-01 3.333333e-01 5.723627e-01 -5.178422e-03 5.775411e-01
4.242424e-01 3.333333e-01 5.666103e-01 -5.177438e-03 5.717878e-01
4.343434e-01 3.333333e-01 5.609158e-01 -5.177438e-03 5.660932e-01
4.444444e-01 3.333333e-01 5.552785e-01 -5.178481e-03 5.604570e-01
4.545455e-01 3.333333e-01 5.496979e-01 -5.174637e-03 5.548725e-01
4.646465e-01 3.333333e-01 5.441733e-01 -5.177408e-03 5.493507e-01
4.747475e-01 3.333333e-01 5.387043e-01 -5.178809e-03 5.438831e-01
4.848485e-01 3.333333e-01 5.332902e-01 -5.174577e-03 5.384648e-01
4.949495e-01 3.333333e-01 5.279306e-01 -5.180001e-03 5.331106e-01
5.050505e-01 3.333333e-01 5.226248e-01 -5.172729e-03 5.277975e-01
5.151515e-01 3.333333e-01 5.173723e-01 -5.170047e-03 5.225423e-01
5.252525e-01 3.333333e-01 5.121726e-01 -5.173564e-03 5.173462e-01
5.353535e-01 3.333333e-01 5.070252e-01 -5.175412e-03 5.122006e-01
5.454545e-01 3.333333e-01 5.019295e-01 -5.177677e-03 5.071072e-01
5.555556e-01 3.333333e-01 4.968850e-01 -5.178541e-03 5.020636e-01
5.656566e-01 3.333333e-01 4.918913e-01 -5.181015e-03 4.970723e-01
5.757576e-01 3.333333e-01 4.869477e-01 -5.174577e-03 4.921222e-01
5.858586e-01 3.333333e-01 4.820538e-01 -5.179584e-03 4.872334e-01
5.959596e-01 3.333333e-01 4.772090e-01 -5.181521e-03 4.823906e-01
6.060606e-01 3.333333e-01 4.724130e-01 -5.185306e-03 4.775983e-01
6.161616e-01 3.333333e-01 4.676652e-01 -5.173355e-03 4.728385e-01
6.262626e-01 3.333333e-01 4.629651e-01 -5.176663e-03 4.681417e-01
6.363636e-01 3.333333e-01 4.583122e-01 -5.180597e-03 4.634928e-01
6.464646e-01 3.333333e-01 4.537061e-01 -5.178660e-03 4.588847e-01
6.565657e-01 3.333333e-01 4.491463e-01 -5.176127e-03 4.543224e-01
6.666667e-01 3.333333e-01 4.446323e-01 -5.185276e-03 4.498175e-01
6.767677e-01 3.333333e-01 4.401636e-01 -5.169243e-03 4.453329e-01
6.868687e-01 3.333333e-01 4.357399e-01 -5.176693e-03 4.409166e-01
6.969697e-01 3.333333e-01 4.313607e-01 -5.178869e-03 4.365395e-01
7.070707e-01 3.333333e-01 4.270254e-01 -5.175978e-03 4.322014e-01
7.171717e-01 3.333333e-01 4.227337e-01 -5.179822e-03 4.279136e-01
7.272727e-01 3.333333e-01 4.184852e-01 -5.177319e-03 4.236625e-01
7.373737e-01 3.333333e-01 4.142794e-01 -5.175292e-03 4.194546e-01
7.474747e-01 3.333333e-01 4.101158e-01 -5.179077e-03 4.152949e-01
7.575758e-01 3.333333e-01 4.059940e-01 -5.179197e-03 4.111732e-01
7.676768e-01 3.333333e-01 4.019137e-01 -5.181104e-03 4.070948e-01
7.777778e-01 3.333333e-01 3.978744e-01 -5.178362e-03 4.030528e-01
7.878788e-01 3.333333e-01 3.938757e-01 -5.171716e-03 3.990474e-01
7.979798e-01 3.333333e-01 3.899172e-01 -5.177736e-03 3.950950e-01
8.080808e-01 3.333333e-01 3.859985e-01 -5.173683e-03 3.911722e-01
8.181818e-01 3.333333e-01 3.821191e-01 -5.179018e-03 3.872982e-01
8.282828e-01 3.333333e-01 3.782788e-01 -5.179316e-03 3.834581e-01
8.383838e-01 3.333333e-01 3.744770e-01 -5.178392e-03 3.796554e-01
8.484848e-01 3.333333e-01 3.707135e-01 -5.174428e-03 3.758879e-01
8.585859e-01 3.333333e-01 3.669877e-01 -5.174875e-03 3.721626e-01
8.686869e-01 3.333333e-01 3.632994e-01 -5.179465e-03 3.684789e-01
8.787879e-01 3.333333e-01 3.596482e-01 -5.181670e-03 3.648299e-01
8.888889e-01 3.333333e-01 3.560337e-01 -5.183280e-03 3.612170e-01
8.989899e-01 3.333333e-01 3.524555e-01 -5.172372e-03 3.576279e-01
9.090909e-01 3.333333e-01 3.489133e-01 -5.175531e-03 3.540888e-01
9.191919e-01 3.333333e-01 3.454066e-01 -5.177408e-03 3.505840e-01
9.292929e-01 3.333333e-01 3.419352e-01 -5.174875e-03 3.471101e-01
9.393939e-01 3.333333e-01 3.384987e-01 -5.181819e-03 3.436805e-01
9.494949e-01 3.333333e-01 3.350967e-01 -5.179316e-03 3.402761e-01
9.595960e-01 3.333333e-01 3.317290e-01 -5.184591e-03 3.369136e-01
9.696970e-01 3.333333e-01 3.283950e-01 -5.179703e-03 3.335747e-01
9.797980e-01 3.333333e-01 3.250946e-01 -5.175322e-03 3.302699e-01
9.898990e-01 3.333333e-01 3.218274e-01 -5.178034e-03 3.270054e-01
1.000000e+00 3.333333e-01 3.185929e-01 -5.181193e-03 3.237741e-01
0.000000e+00 3.434343e-01 -7.761465e-01 -5.187452e-03 7.709590e-01
1.010101e-02 3.434343e-01 -7.683461e-01 -5.178094e-03 7.631680e-01
2.020202e-02 3.434343e-01 -7.606241e-01 -5.180508e-03 7.554435e-01
3.030303e-02 3.434343e-01 -7.529797e-01 -5.174488e-03 7.478052e-01
4.040404e-02 3.434343e-01 -7.454121e-01 -5.180836e-03 7.402313e-01
5.050505e-02 3.434343e-01 -7.379206e-01 -5.183280e-03 7.327373e-01
6.060606e-02 3.434343e-01 -7.305043e-01 -5.178899e-03 7.253255e-01
7.070707e-02 3.434343e-01 -7.231627e-01 -5.179167e-03 7.179835e-01
8.080808e-02 3.434343e-01 -7.158948e-01 -5.175143e-03 7.107196e-01
9.090909e-02 3.434343e-01 -7.086999e-01 -5.172104e-03 7.035278e-01
1.010101e-01 3.434343e-01 -7.015773e-01 -5.180150e-03 6.963972e-01
1.111111e-01 3.434343e-01 -6.945264e-01 -5.181193e-03 6.893452e-01
1.212121e-01 3.434343e-01 -6.875463e-01 -5.178869e-03 6.823674e-01
1.313131e-01 3.434343e-01 -6.806363e-01 -5.181760e-03 6.754546e-01
1.414141e-01 3.434343e-01 -6.737958e-01 -5.178154e-03 6.686177e-01
1.515152e-01 3.434343e-01 -6.670240e-01 -5.168557e-03 6.618555e-01
1.616162e-01 3.434343e-01 -6.603203e-01 -5.171955e-03 6.551484e-01
1.717172e-01 3.434343e-01 -6.536840e-01 -5.180866e-03 6.485031e-01
1.818182e-01 3.434343e-01 -6.471144e-01 -5.174100e-03 6.419403e-01
1.919192e-01 3.434343e-01 -6.406108e-01 -5.178630e-03 6.354321e-01
2.020202e-01 3.434343e-01 -6.341725e-01 -5.175292e-03 6.289972e-01
2.121212e-01 3.434343e-01 -6.277990e-01 -5.180150e-03 6.226188e-01
2.222222e-01 3.434343e-01 -6.214895e-01 -5.183458e-03 6.163060e-01
2.323232e-01 3.434343e-01 -6.152434e-01 -5.169064e-03 6.100744e-01
2.424242e-01 3.434343e-01 -6.090601e-01 -5.179137e-03 6.038810e-01
2.525253e-01 3.434343e-01 -6.029390e-01 -5.183250e-03 5.977557e-01
2.626263e-01 3.434343e-01 -5.968793e-01 -5.176663e-03 5.917027e-01
2.727273e-01 3.434343e-01 -5.908806e-01 -5.175948e-03 5.857047e-01
2.828283e-01 3.434343e-01 -5.849422e-01 -5.175531e-03 5.797666e-01
2.929293e-01 3.434343e-01 -5.790634e-01 -5.180120e-03 5.738833e-01
3.030303e-01 3.434343e-01 -5.732437e-01 -5.176872e-03 5.680668e-01
3.131313e-01 3.434343e-01 -5.674825e-01 -5.175769e-03 5.623067e-01
3.232323e-01 3.434343e-01 -5.617792e-01 -5.175620e-03 5.566036e-01
3.333333e-01 3.434343e-01 -5.561332e-01 -5.181491e-03 5.509518e-01
3.434343e-01 3.434343e-01 -5.505440e-01 -5.175263e-03 5.453687e-01
3.535354e-01 3.434343e-01 -5.450110e-01 -5.178809e-03 5.398321e-01
3.636364e-01 3.434343e-01 -5.395335e-01 -5.175859e-03 5.343576e-01
3.737374e-01 3.434343e-01 -5.341111e-01 -5.174518e-03 5.289366e-01
3.838384e-01 3.434343e-01 -5.287432e-01 -5.179793e-03 5.235634e-01
3.939394e-01 3.434343e-01 -5.234292e-01 -5.177110e-03 5.182521e-01
4.040404e-01 3.434343e-01 -5.181687e-01 -5.177289e-03 5.129914e-01
4.141414e-01 3.434343e-01 -5.129610e-01 -5.182028e-03 5.077790e-01
4.242424e-01 3.434343e-01 -5.078057e-01 -5.184799e-03 5.026209e-01
4.343434e-01 3.434343e-01 -5.027021e-01 -5.177438e-03 4.975247e-01
4.444444e-01 3.434343e-01 -4.976499e-01 -5.176485e-03 4.924734e-01
4.545455e-01 3.434343e-01 -4.926484e-01 -5.180597e-03 4.874678e-01
4.646465e-01 3.434343e-01 -4.876972e-01 -5.176961e-03 4.825203e-01
4.747475e-01 3.434343e-01 -4.827958e-01 -5.189449e-03 4.776063e-01
4.848485e-01 3.434343e-01 -4.779436e-01 -5.174607e-03 4.727690e-01
4.949495e-01 3.434343e-01 -4.731402e-01 -5.174547e-03 4.679657e-01
5.050505e-01 3.434343e-01 -4.683851e-01 -5.178571e-03 4.632065e-01
5.151515e-01 3.434343e-01 -4.636777e-01 -5.166471e-03 4.585112e-01
5.252525e-01 3.434343e-01 -4.590177e-01 -5.175620e-03 4.538421e-01
5.353535e-01 3.434343e-01 -4.544045e-01 -5.177200e-03 4.492273e-01
5.454545e-01 3.434343e-01 -4.498376e-01 -5.174220e-03 4.446634e-01
5.555556e-01 3.434343e-01 -4.453167e-01 -5.177975e-03 4.401387e-01
5.656566e-01 3.434343e-01 -4.408412e-01 -5.178571e-03 4.356626e-01
5.757576e-01 3.434343e-01 -4.364107e-01 -5.186200e-03 4.312245e-01
5.858586e-01 3.434343e-01 -4.320247e-01 -5.174965e-03 4.268497e-01
5.959596e-01 3.434343e-01 -4.276827e-01 -5.174756e-03 4.225080e-01
6.060606e-01 3.434343e-01 -4.233845e-01 -5.180091e-03 4.182044e-01
6.161616e-01 3.434343e-01 -4.191294e-01 -5.176723e-03 4.139526e-01
6.262626e-01 3.434343e-01 -4.149170e-01 -5.176544e-03 4.097405e-01
6.363636e-01 3.434343e-01 -4.107471e-01 -5.172551e-03 4.055745e-01
6.464646e-01 3.434343e-01 -4.066190e-01 -5.178630e-03 4.014404e-01
6.565657e-01 3.434343e-01 -4.025324e-01 -5.175829e-03 3.973566e-01
6.666667e-01 3.434343e-01 -3.984869e-01 -5.182564e-03 3.933043e-01
6.767677e-01 3.434343e-01 -3.944820e-01 -5.174518e-03 3.893075e-01
6.868687e-01 3.434343e-01 -3.905174e-01 -5.166471e-03 3.853509e-01
6.969697e-01 3.434343e-01 -3.865926e-01 -5.179137e-03 3.814135e-01
7.070707e-01 3.434343e-01 -3.827073e-01 -5.175292e-03 3.775320e-01
7.171717e-01 3.434343e-01 -3.788611e-01 -5.178243e-03 3.736828e-01
7.272727e-01 3.434343e-01 -3.750534e-01 -5.179733e-03 3.698737e-01
7.373737e-01 3.434343e-01 -3.712841e-01 -5.189866e-03 3.660942e-01
7.474747e-01 3.434343e-01 -3.675526e-01 -5.173385e-03 3.623792e-01
7.575758e-01 3.434343e-01 -3.638587e-01 -5.178750e-03 3.586799e-01
7.676768e-01 3.434343e-01 -3.602018e-01 -5.173922e-03 3.550279e-01
7.777778e-01 3.434343e-01 -3.565817e-01 -5.182475e-03 3.513993e-01
7.878788e-01 3.434343e-01 -3.529980e-01 -5.178273e-03 3.478198e-01
7.979798e-01 3.434343e-01 -3.494503e-01 -5.181164e-03 3.442692e-01
8.080808e-01 3.434343e-01 -3.459383e-01 -5.172461e-03 3.407658e-01
8.181818e-01 3.434343e-01 -3.424616e-01 -5.174994e-03 3.372866e-01
8.282828e-01 3.434343e-01 -3.390198e-01 -5.172491e-03 3.338473e-01
8.383838e-01 3.434343e-01 -3.356126e-01 -5.191594e-03 3.304210e-01
8.484848e-01 3.434343e-01 -3.322396e-01 -5.175382e-03 3.270642e-01
8.585859e-01 3.434343e-01 -3.289005e-01 -5.174726e-03 3.237258e-01
8.686869e-01 3.434343e-01 -3.255950e-01 -5.176961e-03 3.204181e-01
8.787879e-01 3.434343e-01 -3.223227e-01 -5.172044e-03 3.171507e-01
8.888889e-01 3.434343e-01 -3.190834e-01 -5.184531e-03 3.138988e-01
8.989899e-01 3.434343e-01 -3.158765e-01 -5.176425e-03 3.107001e-01
9.090909e-01 3.434343e-01 -3.127019e-01 -5.177915e-03 3.075240e-01
9.191919e-01 3.434343e-01 -3.095592e-01 -5.171627e-03 3.043876e-01
9.292929e-01 3.434343e-01 -3.064481e-01 -5.174518e-03 3.012736e-01
9.393939e-01 3.434343e-01 -3.033682e-01 -5.173057e-03 2.981952e-01
9.494949e-01 3.434343e-01 -3.003193e-01 -5.176067e-03 2.951432e-01
9.595960e-01 3.434343e-01 -2.973011e-01 -5.180448e-03 2.921206e-01
9.696970e-01 3.434343e-01 -2.943131e-01 -5.177617e-03 2.891355e-01
9.797980e-01 3.434343e-01 -2.913552e-01 -5.175889e-03 2.861793e-01
9.898990e-01 3.434343e-01 -2.884271e-01 -5.174190e-03 2.832529e-01
1.000000e+00 3.434343e-01 -2.855283e-01 -5.182534e-03 2.803458e-01
0.000000e+00 3.535354e-01 6.667690e-01 -5.176276e-03 6.719453e-01
1.010101e-02 3.535354e-01 6.600679e-01 -5.178660e-03 6.652465e-01
2.020202e-02 3.535354e-01 6.534341e-01 -5.177200e-03 6.586113e-01
3.030303e-02 3.535354e-01 6.468669e-01 -5.178928e-03 6.520459e-01
4.040404e-02 3.535354e-01 6.403658e-01 -5.174756e-03 6.455406e-01
5.050505e-02 3.535354e-01 6.339300e-01 -5.171150e-03 6.391012e-01
6.060606e-02 3.535354e-01 6.275589e-01 -5.176723e-03 6.327357e-01
7.070707e-02 3.535354e-01 6.212519e-01 -5.178779e-03 6.264307e-01
8.080808e-02 3.535354e-01 6.150082e-01 -5.179673e-03 6.201879e-01
9.090909e-02 3.535354e-01 6.088273e-01 -5.179256e-03 6.140065e-01
1.010101e-01 3.535354e-01 6.027084e-01 -5.177200e-03 6.078856e-01
1.111111e-01 3.535354e-01 5.966511e-01 -5.181670e-03 6.018328e-01
1.212121e-01 3.535354e-01 5.906547e-01 -5.177438e-03 5.958321e-01
1.313131e-01 3.535354e-01 5.847185e-01 -5.177468e-03 5.898960e-01
1.414141e-01 3.535354e-01 5.788420e-01 -5.176574e-03 5.840186e-01
1.515152e-01 3.535354e-01 5.730245e-01 -5.179971e-03 5.782045e-01
1.616162e-01 3.535354e-01 5.672655e-01 -5.191505e-03 5.724570e-01
1.717172e-01 3.535354e-01 5.615644e-01 -5.179226e-03 5.667436e-01
1.818182e-01 3.535354e-01 5.559206e-01 -5.176723e-03 5.610973e-01
1.919192e-01 3.535354e-01 5.503335e-01 -5.176187e-03 5.555097e-01
2.020202e-01 3.535354e-01 5.448026e-01 -5.175352e-03 5.499779e-01
2.121212e-01 3.535354e-01 5.393272e-01 -5.167931e-03 5.444951e-01
2.222222e-01 3.535354e-01 5.339069e-01 -5.181015e-03 5.390879e-01
2.323232e-01 3.535354e-01 5.285410e-01 -5.179375e-03 5.337204e-01
2.424242e-01 3.535354e-01 5.232291e-01 -5.179167e-03 5.284083e-01
2.525253e-01 3.535354e-01 5.179706e-01 -5.183905e-03 5.231545e-01
2.626263e-01 3.535354e-01 5.127649e-01 -5.183637e-03 5.179485e-01
2.727273e-01 3.535354e-01 5.076115e-01 -5.179435e-03 5.127909e-01
2.828283e-01 3.535354e-01 5.025099e-01 -5.171657e-03 5.076816e-01
2.929293e-01 3.535354e-01 4.974596e-01 -5.181491e-03 5.026411e-01
3.030303e-01 3.535354e-01 4.924601e-01 -5.171031e-03 4.976311e-01
3.131313e-01 3.535354e-01 4.875108e-01 -5.178094e-03 4.926888e-01
3.232323e-01 3.535354e-01 4.826112e-01 -5.177915e-03 4.877891e-01
3.333333e-01 3.535354e-01 4.777609e-01 -5.178928e-03 4.829398e-01
3.434343e-01 3.535354e-01 4.729593e-01 -5.175114e-03 4.781344e-01
3.535354e-01 3.535354e-01 4.682060e-01 -5.168647e-03 4.733746e-01
3.636364e-01 3.535354e-01 4.635004e-01 -5.175859e-03 4.686763e-01
3.737374e-01 3.535354e-01 4.588422e-01 -5.174249e-03 4.640164e-01
3.838384e-01 3.535354e-01 4.542307e-01 -5.176991e-03 4.594077e-01
3.939394e-01 3.535354e-01 4.496656e-01 -5.178779e-03 4.548444e-01
4.040404e-01 3.535354e-01 4.451464e-01 -5.175352e-03 4.503218e-01
4.141414e-01 3.535354e-01 4.406726e-01 -5.176783e-03 4.458494e-01
4.242424e-01 3.535354e-01 4.362438e-01 -5.180478e-03 4.414243e-01
4.343434e-01 3.535354e-01 4.318595e-01 -5.177289e-03 4.370368e-01
4.444444e-01 3.535354e-01 4.275192e-01 -5.181581e-03 4.327008e-01
4.545455e-01 3.535354e-01 4.232226e-01 -5.183399e-03 4.284060e-01
4.646465e-01 3.535354e-01 4.189691e-01 -5.176365e-03 4.241455e-01
4.747475e-01 3.535354e-01 4.147584e-01 -5.175769e-03 4.199342e-01
4.848485e-01 3.535354e-01 4.105900e-01 -5.182207e-03 4.157722e-01
4.949495e-01 3.535354e-01 4.064635e-01 -5.178064e-03 4.116416e-01
5.050505e-01 3.535354e-01 4.023785e-01 -5.179763e-03 4.075582e-01
5.151515e-01 3.535354e-01 3.983345e-01 -5.171329e-03 4.035058e-01
5.252525e-01 3.535354e-01 3.943312e-01 -5.172729e-03 3.995039e-01
5.353535e-01 3.535354e-01 3.903681e-01 -5.185336e-03 3.955534e-01
5.454545e-01 3.535354e-01 3.864448e-01 -5.178750e-03 3.916236e-01
5.555556e-01 3.535354e-01 3.825610e-01 -5.185455e-03 3.877464e-01
5.656566e-01 3.535354e-01 3.787162e-01 -5.174190e-03 3.838904e-01
5.757576e-01 3.535354e-01 3.749100e-01 -5.174935e-03 3.800850e-01
5.858586e-01 3.535354e-01 3.711421e-01 -5.177498e-03 3.763196e-01
5.959596e-01 3.535354e-01 3.674121e-01 -5.177051e-03 3.725891e-01
6.060606e-01 3.535354e-01 3.637195e-01 -5.173683e-03 3.688932e-01
6.161616e-01 3.535354e-01 3.600641e-01 -5.182773e-03 3.652469e-01
6.262626e-01 3.535354e-01 3.564454e-01 -5.180657e-03 3.616260e-01
6.363636e-01 3.535354e-01 3.528631e-01 -5.177587e-03 3.580406e-01
6.464646e-01 3.535354e-01 3.493167e-01 -5.178988e-03 3.544957e-01
6.565657e-01 3.535354e-01 3.458060e-01 -5.180210e-03 3.509862e-01
6.666667e-01 3.535354e-01 3.423306e-01 -5.179584e-03 3.475102e-01
6.767677e-01 3.535354e-01 3.388901e-01 -5.177975e-03 3.440681e-01
6.868687e-01 3.535354e-01 3.354842e-01 -5.176723e-03 3.406610e-01
6.969697e-01 3.535354e-01 3.321126e-01 -5.174696e-03 3.372873e-01
7.070707e-01 3.535354e-01 3.287748e-01 -5.174965e-03 3.339497e-01
7.171717e-01 3.535354e-01 3.254705e-01 -5.175382e-03 3.306459e-01
7.272727e-01 3.535354e-01 3.221995e-01 -5.183816e-03 3.273833e-01
7.373737e-01 3.535354e-01 3.189613e-01 -5.177975e-03 3.241393e-01
7.474747e-01 3.535354e-01 3.157557e-01 -5.176455e-03 3.209322e-01
7.575758e-01 3.535354e-01 3.125823e-01 -5.177647e-03 3.177600e-01
7.676768e-01 3.535354e-01 3.094408e-01 -5.168766e-03 3.146096e-01
7.777778e-01 3.535354e-01 3.063309e-01 -5.181491e-03 3.115124e-01
7.878788e-01 3.535354e-01 3.032522e-01 -5.176157e-03 3.084284e-01
7.979798e-01 3.535354e-01 3.002045e-01 -5.179048e-03 3.053835e-01
8.080808e-01 3.535354e-01 2.971874e-01 -5.178988e-03 3.023664e-01
8.181818e-01 3.535354e-01 2.942006e-01 -5.173266e-03 2.993739e-01
8.282828e-01 3.535354e-01 2.912438e-01 -5.182683e-03 2.964265e-01
8.383838e-01 3.535354e-01 2.883168e-01 -5.178034e-03 2.934948e-01
8.484848e-01 3.535354e-01 2.854192e-01 -5.184710e-03 2.906039e-01
8.585859e-01 3.535354e-01 2.825506e-01 -5.173743e-03 2.877244e-01
8.686869e-01 3.535354e-01 2.797110e-01 -5.177915e-03 2.848889e-01
8.787879e-01 3.535354e-01 2.768998e-01 -5.175173e-03 2.820750e-01
8.888889e-01 3.535354e-01 2.741169e-01 -5.173147e-03 2.792901e-01
8.989899e-01 3.535354e-01 2.713620e-01 -5.179733e-03 2.765417e-01
9.090909e-01 3.535354e-01 2.686348e-01 -5.179048e-03 2.738138e-01
9.191919e-01 3.535354e-01 2.659350e-01 -5.177975e-03 2.711129e-01
9.292929e-01 3.535354e-01 2.632623e-01 -5.177706e-03 2.684400e-01
9.393939e-01 3.535354e-01 2.606164e-01 -5.175591e-03 2.657920e-01
9.494949e-01 3.535354e-01 2.579972e-01 -5.175501e-03 2.631727e-01
9.595960e-01 3.535354e-01 2.554043e-01 -5.180210e-03 2.605845e-01
9.696970e-01 3.535354e-01 2.528374e-01 -5.177468e-03 2.580149e-01
9.797980e-01 3.535354e-01 2.502964e-01 -5.179405e-03 2.554758e-01
9.898990e-01 3.535354e-01 2.477808e-01 -5.175442e-03 2.529563e-01
1.000000e+00 3.535354e-01 2.452906e-01 -5.177617e-03 2.504682e-01
0.000000e+00 3.636364e-01 -5.406408e-01 -5.174935e-03 5.354659e-01
1.010101e-02 3.636364e-01 -5.352073e-01 -5.179435e-03 5.300279e-01
2.020202e-02 3.636364e-01 -5.298284e-01 -5.174130e-03 5.246542e-01
3.030303e-02 3.636364e-01 -5.245035e-01 -5.180389e-03 5.193231e-01
4.040404e-02 3.636364e-01 -5.192322e-01 -5.177379e-03 5.140548e-01
5.050505e-02 3.636364e-01 -5.140138e-01 -5.172014e-03 5.088418e-01
6.060606e-02 3.636364e-01 -5.088479e-01 -5.176634e-03 5.036712e-01
7.070707e-02 3.636364e-01 -5.037339e-01 -5.175829e-03 4.985580e-01
8.080808e-02 3.636364e-01 -4.986712e-01 -5.176127e-03 4.934951e-01
9.090909e-02 3.636364e-01 -4.936595e-01 -5.181760e-03 4.884778e-01
1.010101e-01 3.636364e-01 -4.886982e-01 -5.177796e-03 4.835204e-01
1.111111e-01 3.636364e-01 -4.837867e-01 -5.174756e-03 4.786119e-01
1.212121e-01 3.636364e-01 -4.789245e-01 -5.170882e-03 4.737536e-01
1.313131e-01 3.636364e-01 -4.741113e-01 -5.177945e-03 4.689333e-01
1.414141e-01 3.636364e-01 -4.693464e-01 -5.181491e-03 4.641649e-01
1.515152e-01 3.636364e-01 -4.646293e-01 -5.177617e-03 4.594517e-01
1.616162e-01 3.636364e-01 -4.599597e-01 -5.174428e-03 4.547853e-01
1.717172e-01 3.636364e-01 -4.553371e-01 -5.174816e-03 4.501623e-01
1.818182e-01 3.636364e-01 -4.507609e-01 -5.176604e-03 4.455843e-01
1.919192e-01 3.636364e-01 -4.462306e-01 -5.176455e-03 4.410542e-01
2.020202e-01 3.636364e-01 -4.417459e-01 -5.179077e-03 4.365669e-01
2.121212e-01 3.636364e-01 -4.373063e-01 -5.174696e-03 4.321316e-01
2.222222e-01 3.636364e-01 -4.329113e-01 -5.171388e-03 4.277399e-01
2.323232e-01 3.636364e-01 -4.285605e-01 -5.175322e-03 4.233852e-01
2.424242e-01 3.636364e-01 -4.242534e-01 -5.180895e-03 4.190725e-01
2.525253e-01 3.636364e-01 -4.199896e-01 -5.179197e-03 4.148104e-01
2.626263e-01 3.636364e-01 -4.157686e-01 -5.181074e-03 4.105875e-01
2.727273e-01 3.636364e-01 -4.115901e-01 -5.174458e-03 4.064156e-01
2.828283e-01 3.636364e-01 -4.074535e-01 -5.177945e-03 4.022756e-01
2.929293e-01 3.636364e-01 -4.033585e-01 -5.177051e-03 3.981815e-01
3.030303e-01 3.636364e-01 -3.993047e-01 -5.178124e-03 3.941266e-01
3.131313e-01 3.636364e-01 -3.952916e-01 -5.181074e-03 3.901106e-01
3.232323e-01 3.636364e-01 -3.913189e-01 -5.179465e-03 3.861394e-01
3.333333e-01 3.636364e-01 -3.873861e-01 -5.181730e-03 3.822043e-01
3.434343e-01 3.636364e-01 -3.834928e-01 -5.180359e-03 3.783124e-01
3.535354e-01 3.636364e-01 -3.796386e-01 -5.174488e-03 3.744641e-01
3.636364e-01 3.636364e-01 -3.758232e-01 -5.177438e-03 3.706457e-01
3.737374e-01 3.636364e-01 -3.720461e-01 -5.180061e-03 3.668660e-01
3.838384e-01 3.636364e-01 -3.683070e-01 -5.174220e-03 3.631328e-01
3.939394e-01 3.636364e-01 -3.646054e-01 -5.180120e-03 3.594253e-01
4.040404e-01 3.636364e-01 -3.609411e-01 -5.180269e-03 3.557608e-01
4.141414e-01 3.636364e-01 -3.573136e-01 -5.181313e-03 3.521322e-01
4.242424e-01 3.636364e-01 -3.537225e-01 -5.176932e-03 3.485456e-01
4.343434e-01 3.636364e-01 -3.501675e-01 -5.172849e-03 3.449947e-01
4.444444e-01 3.636364e-01 -3.466483e-01 -5.174339e-03 3.414740e-01
4.545455e-01 3.636364e-01 -3.431644e-01 -5.172998e-03 3.379914e-01
4.646465e-01 3.636364e-01 -3.397156e-01 -5.186319e-03 3.345292e-01
4.747475e-01 3.636364e-01 -3.363014e-01 -5.177855e-03 3.311235e-01
4.848485e-01 3.636364e-01 -3.329215e-01 -5.177498e-03 3.277440e-01
4.949495e-01 3.636364e-01 -3.295756e-01 -5.174160e-03 3.244014e-01
5.050505e-01 3.636364e-01 -3.262633e-01 -5.174309e-03 3.210890e-01
5.151515e-01 3.636364e-01 -3.229843e-01 -5.180150e-03 3.178041e-01
5.252525e-01 3.636364e-01 -3.197382e-01 -5.174190e-03 3.145640e-01
5.353535e-01 3.636364e-01 -3.165248e-01 -5.170286e-03 3.113545e-01
5.454545e-01 3.636364e-01 -3.133437e-01 -5.169779e-03 3.081739e-01
5.555556e-01 3.636364e-01 -3.101945e-01 -5.180240e-03 3.050143e-01
5.656566e-01 3.636364e-01 -3.070770e-01 -5.178392e-03 3.018986e-01
5.757576e-01 3.636364e-01 -3.039908e-01 -5.181700e-03 2.988091e-01
5.858586e-01 3.636364e-01 -3.009357e-01 -5.172402e-03 2.957633e-01
5.959596e-01 3.636364e-01 -2.979112e-01 -5.175442e-03 2.927358e-01
6.060606e-01 3.636364e-01 -2.949172e-01 -5.182922e-03 2.897342e-01
6.161616e-01 3.636364e-01 -2.919532e-01 -5.177021e-03 2.867762e-01
6.262626e-01 3.636364e-01 -2.890190e-01 -5.178779e-03 2.838402e-01
6.363636e-01 3.636364e-01 -2.861143e-01 -5.176485e-03 2.809378e-01
6.464646e-01 3.636364e-01 -2.832388e-01 -5.178928e-03 2.780599e-01
6.565657e-01 3.636364e-01 -2.803922e-01 -5.181700e-03 2.752105e-01
6.666667e-01 3.636364e-01 -2.775743e-01 -5.174100e-03 2.724002e-01
6.767677e-01 3.636364e-01 -2.747846e-01 -5.180359e-03 2.696042e-01
6.868687e-01 3.636364e-01 -2.720230e-01 -5.178809e-03 2.668441e-01
6.969697e-01 3.636364e-01 -2.692891e-01 -5.174905e-03 2.641142e-01
7.070707e-01 3.636364e-01 -2.665827e-01 -5.178392e-03 2.614043e-01
7.171717e-01 3.636364e-01 -2.639035e-01 -5.173147e-03 2.587303e-01
7.272727e-01 3.636364e-01 -2.612512e-01 -5.174518e-03 2.560767e-01
7.373737e-01 3.636364e-01 -2.586256e-01 -5.181670e-03 2.534439e-01
7.474747e-01 3.636364e-01 -2.560264e-01 -5.177647e-03 2.508487e-01
7.575758e-01 3.636364e-01 -2.534532e-01 -5.177587e-03 2.482757e-01
7.676768e-01 3.636364e-01 -2.509060e-01 -5.175024e-03 2.457310e-01
7.777778e-01 3.636364e-01 -2.483844e-01 -5.179137e-03 2.432052e-01
7.878788e-01 3.636364e-01 -2.458880e-01 -5.176306e-03 2.407117e-01
7.979798e-01 3.636364e-01 -2.434168e-01 -5.180061e-03 2.382368e-01
8.080808e-01 3.636364e-01 -2.409705e-01 -5.181968e-03 2.357885e-01
8.181818e-01 3.636364e-01 -2.385487e-01 -5.176574e-03 2.333721e-01
8.282828e-01 3.636364e-01 -2.361512e-01 -5.176187e-03 2.309750e-01
8.383838e-01 3.636364e-01 -2.337778e-01 -5.175233e-03 2.286026e-01
8.484848e-01 3.636364e-01 -2.314283e-01 -5.180538e-03 2.262478e-01
8.585859e-01 3.636364e-01 -2.291024e-01 -5.177230e-03 2.239252e-01
8.686869e-01 3.636364e-01 -2.267999e-01 -5.183995e-03 2.216159e-01
8.787879e-01 3.636364e-01 -2.245206e-01 -5.173624e-03 2.193469e-01
8.888889e-01 3.636364e-01 -2.222641e-01 -5.172014e-03 2.170921e-01
8.989899e-01 3.636364e-01 -2.200303e-01 -5.172700e-03 2.148576e-01
9.090909e-01 3.636364e-01 -2.178190e-01 -5.178005e-03 2.126409e-01
9.191919e-01 3.636364e-01 -2.156298e-01 -5.176961e-03 2.104529e-01
9.292929e-01 3.636364e-01 -2.134627e-01 -5.175322e-03 2.082874e-01
9.393939e-01 3.636364e-01 -2.113174e-01 -5.183250e-03 2.061341e-01
9.494949e-01 3.636364e-01 -2.091936e-01 -5.174667e-03 2.040189e-01
9.595960e-01 3.636364e-01 -2.070912e-01 -5.172729e-03 2.019184e-01
9.696970e-01 3.636364e-01 -2.050099e-01 -5.173594e-03 1.998363e-01
9.797980e-01 3.636364e-01 -2.029495e-01 -5.179346e-03 1.977701e-01
9.898990e-01 3.636364e-01 -2.009098e-01 -5.178392e-03 1.957314e-01
1.000000e+00 3.636364e-01 -1.988906e-01 -5.179524e-03 1.937111e-01
0.000000e+00 3.737374e-01 4.009305e-01 -5.176425e-03 4.061070e-01
1.010101e-02 3.737374e-01 3.969011e-01 -5.176306e-03 4.020774e-01
2.020202e-02 3.737374e-01 3.929122e-01 -5.175889e-03 3.980881e-01
3.030303e-02 3.737374e-01 3.889634e-01 -5.180478e-03 3.941438e-01
4.040404e-02 3.737374e-01 3.850542e-01 -5.174607e-03 3.902288e-01
5.050505e-02 3.737374e-01 3.811844e-01 -5.175203e-03 3.863596e-01
6.060606e-02 3.737374e-01 3.773534e-01 -5.177736e-03 3.825311e-01
7.070707e-02 3.737374e-01 3.735609e-01 -5.172253e-03 3.787332e-01
8.080808e-02 3.737374e-01 3.698066e-01 -5.170017e-03 3.749766e-01
9.090909e-02 3.737374e-01 3.660900e-01 -5.181938e-03 3.712719e-01
1.010101e-01 3.737374e-01 3.624107e-01 -5.177885e-03 3.675886e-01
1.111111e-01 3.737374e-01 3.587684e-01 -5.176902e-03 3.639453e-01
1.212121e-01 3.737374e-01 3.551627e-01 -5.175799e-03 3.603385e-01
1.313131e-01 3.737374e-01 3.515933e-01 -5.174577e-03 3.567679e-01
1.414141e-01 3.737374e-01 3.480597e-01 -5.175471e-03 3.532352e-01
1.515152e-01 3.737374e-01 3.445617e-01 -5.179614e-03 3.497413e-01
1.616162e-01 3.737374e-01 3.410987e-01 -5.181521e-03 3.462803e-01
1.717172e-01 3.737374e-01 3.376707e-01 -5.178809e-03 3.428495e-01
1.818182e-01 3.737374e-01 3.342770e-01 -5.180240e-03 3.394572e-01
1.919192e-01 3.737374e-01 3.309175e-01 -5.173415e-03 3.360909e-01
2.020202e-01 3.737374e-01 3.275917e-01 -5.171567e-03 3.327633e-01
2.121212e-01 3.737374e-01 3.242993e-01 -5.177200e-03 3.294765e-01
2.222222e-01 3.737374e-01 3.210401e-01 -5.181879e-03 3.262220e-01
2.323232e-01 3.737374e-01 3.178136e-01 -5.176812e-03 3.229904e-01
2.424242e-01 3.737374e-01 3.146195e-01 -5.176365e-03 3.197959e-01
2.525253e-01 3.737374e-01 3.114575e-01 -5.182832e-03 3.166403e-01
2.626263e-01 3.737374e-01 3.083273e-01 -5.178958e-03 3.135063e-01
2.727273e-01 3.737374e-01 3.052286e-01 -5.175531e-03 3.104041e-01
2.828283e-01 3.737374e-01 3.021610e-01 -5.180180e-03 3.073412e-01
2.929293e-01 3.737374e-01 2.991242e-01 -5.177975e-03 3.043022e-01
3.030303e-01 3.737374e-01 2.961180e-01 -5.177855e-03 3.012958e-01
3.131313e-01 3.737374e-01 2.931419e-01 -5.179852e-03 2.983218e-01
3.232323e-01 3.737374e-01 2.901958e-01 -5.176723e-03 2.953725e-01
3.333333e-01 3.737374e-01 2.872793e-01 -5.175710e-03 2.924550e-01
3.434343e-01 3.737374e-01 2.843921e-01 -5.173832e-03 2.895659e-01
3.535354e-01 3.737374e-01 2.815339e-01 -5.178511e-03 2.867124e-01
3.636364e-01 3.737374e-01 2.787044e-01 -5.177408e-03 2.838818e-01
3.737374e-01 3.737374e-01 2.759034e-01 -5.178571e-03 2.810820e-01
3.838384e-01 3.737374e-01 2.731305e-01 -5.181015e-03 2.783115e-01
3.939394e-01 3.737374e-01 2.703855e-01 -5.181074e-03 2.755666e-01
4.040404e-01 3.737374e-01 2.676681e-01 -5.177915e-03 2.728460e-01
4.141414e-01 3.737374e-01 2.649780e-01 -5.176812e-03 2.701548e-01
4.242424e-01 3.737374e-01 2.623149e-01 -5.178392e-03 2.674933e-01
4.343434e-01 3.737374e-01 2.596786e-01 -5.178154e-03 2.648568e-01
4.444444e-01 3.737374e-01 2.570688e-01 -5.178660e-03 2.622475e-01
4.545455e-01 3.737374e-01 2.544852e-01 -5.175114e-03 2.596603e-01
4.646465e-01 3.737374e-01 2.519276e-01 -5.183250e-03 2.571108e-01
4.747475e-01 3.737374e-01 2.493957e-01 -5.178690e-03 2.545744e-01
4.848485e-01 3.737374e-01 2.468892e-01 -5.177975e-03 2.520672e-01
4.949495e-01 3.737374e-01 2.444079e-01 -5.183816e-03 2.495917e-01
5.050505e-01 3.737374e-01 2.419516e-01 -5.173147e-03 2.471247e-01
5.151515e-01 3.737374e-01 2.395199e-01 -5.176365e-03 2.446963e-01
5.252525e-01 3.737374e-01 2.371127e-01 -5.178511e-03 2.422912e-01
5.353535e-01 3.737374e-01 2.347297e-01 -5.173475e-03 2.399032e-01
5.454545e-01 3.737374e-01 2.323706e-01 -5.176246e-03 2.375469e-01
5.555556e-01 3.737374e-01 2.300353e-01 -5.176514e-03 2.352118e-01
5.656566e-01 3.737374e-01 2.277234e-01 -5.176544e-03 2.328999e-01
5.757576e-01 3.737374e-01 2.254347e-01 -5.177021e-03 2.306117e-01
5.858586e-01 3.737374e-01 2.231691e-01 -5.176872e-03 2.283459e-01
5.959596e-01 3.737374e-01 2.209262e-01 -5.181760e-03 2.261079e-01
6.060606e-01 3.737374e-01 2.187058e-01 -5.172908e-03 2.238787e-01
6.161616e-01 3.737374e-01 2.165078e-01 -5.169034e-03 2.216768e-01
6.262626e-01 3.737374e-01 2.143319e-01 -5.175978e-03 2.195078e-01
6.363636e-01 3.737374e-01 2.121778e-01 -5.179018e-03 2.173568e-01
6.464646e-01 3.737374e-01 2.100454e-01 -5.179644e-03 2.152250e-01
6.565657e-01 3.737374e-01 2.079344e-01 -5.174041e-03 2.131084e-01
6.666667e-01 3.737374e-01 2.058446e-01 -5.177170e-03 2.110218e-01
6.767677e-01 3.737374e-01 2.037758e-01 -5.172372e-03 2.089482e-01
6.868687e-01 3.737374e-01 2.017278e-01 -5.178720e-03 2.069066e-01
6.969697e-01 3.737374e-01 1.997004e-01 -5.180597e-03 2.048810e-01
7.070707e-01 3.737374e-01 1.976934e-01 -5.174577e-03 2.028680e-01
7.171717e-01 3.737374e-01 1.957066e-01 -5.176783e-03 2.008834e-01
7.272727e-01 3.737374e-01 1.937397e-01 -5.172104e-03 1.989118e-01
7.373737e-01 3.737374e-01 1.917926e-01 -5.174935e-03 1.969675e-01
7.474747e-01 3.737374e-01 1.898650e-01 -5.179107e-03 1.950441e-01
7.575758e-01 3.737374e-01 1.879569e-01 -5.180478e-03 1.931373e-01
7.676768e-01 3.737374e-01 1.860679e-01 -5.180180e-03 1.912480e-01
7.777778e-01 3.737374e-01 1.841978e-01 -5.175799e-03 1.893736e-01
7.878788e-01 3.737374e-01 1.823466e-01 -5.175650e-03 1.875223e-01
7.979798e-01 3.737374e-01 1.805140e-01 -5.175501e-03 1.856895e-01
8.080808e-01 3.737374e-01 1.786998e-01 -5.185872e-03 1.838857e-01
8.181818e-01 3.737374e-01 1.769039e-01 -5.174935e-03 1.820788e-01
8.282828e-01 3.737374e-01 1.751259e-01 -5.176038e-03 1.803020e-01
8.383838e-01 3.737374e-01 1.733659e-01 -5.175769e-03 1.785417e-01
8.484848e-01 3.737374e-01 1.716235e-01 -5.179524e-03 1.768031e-01
8.585859e-01 3.737374e-01 1.698987e-01 -5.179107e-03 1.750778e-01
8.686869e-01 3.737374e-01 1.681912e-01 -5.176902e-03 1.733681e-01
8.787879e-01 3.737374e-01 1.665008e-01 -5.177617e-03 1.716784e-01
8.888889e-01 3.737374e-01 1.648275e-01 -5.180597e-03 1.700081e-01
8.989899e-01 3.737374e-01 1.631709e-01 -5.170107e-03 1.683410e-01
9.090909e-01 3.737374e-01 1.615310e-01 -5.175233e-03 1.667063e-01
9.191919e-01 3.737374e-01 1.599076e-01 -5.176812e-03 1.650844e-01
9.292929e-01 3.737374e-01 1.583005e-01 -5.178869e-03 1.634794e-01
9.393939e-01 3.737374e-01 1.567096e-01 -5.176663e-03 1.618862e-01
9.494949e-01 3.737374e-01 1.551346e-01 -5.177826e-03 1.603124e-01
9.595960e-01 3.737374e-01 1.535755e-01 -5.177230e-03 1.587527e-01
9.696970e-01 3.737374e-01 1.520320e-01 -5.175740e-03 1.572078e-01
9.797980e-01 3.737374e-01 1.505041e-01 -5.181193e-03 1.556853e-01
9.898990e-01 3.737374e-01 1.489915e-01 -5.173296e-03 1.541648e-01
1.000000e+00 3.737374e-01 1.474941e-01 -5.171508e-03 1.526656e-01
0.000000e+00 3.838384e-01 -2.511480e-01 -5.179703e-03 2.459683e-01
1.010101e-02 3.838384e-01 -2.486239e-01 -5.175382e-03 2.434485e-01
2.020202e-02 3.838384e-01 -2.461252e-01 -5.181074e-03 2.409441e-01
3.030303e-02 3.838384e-01 -2.436516e-01 -5.178005e-03 2.384736e-01
4.040404e-02 3.838384e-01 -2.412029e-01 -5.177677e-03 2.360252e-01
5.050505e-02 3.838384e-01 -2.387787e-01 -5.176753e-03 2.336020e-01
6.060606e-02 3.838384e-01 -2.363790e-01 -5.183995e-03 2.311950e-01
7.070707e-02 3.838384e-01 -2.340033e-01 -5.173922e-03 2.288294e-01
8.080808e-02 3.838384e-01 -2.316515e-01 -5.179405e-03 2.264721e-01
9.090909e-02 3.838384e-01 -2.293234e-01 -5.173266e-03 2.241501e-01
1.010101e-01 3.838384e-01 -2.270187e-01 -5.178601e-03 2.218401e-01
1.111111e-01 3.838384e-01 -2.247371e-01 -5.178690e-03 2.195584e-01
1.212121e-01 3.838384e-01 -2.224784e-01 -5.178839e-03 2.172996e-01
1.313131e-01 3.838384e-01 -2.202425e-01 -5.178094e-03 2.150644e-01
1.414141e-01 3.838384e-01 -2.180290e-01 -5.174190e-03 2.128548e-01
1.515152e-01 3.838384e-01 -2.158378e-01 -5.181968e-03 2.106558e-01
1.616162e-01 3.838384e-01 -2.136686e-01 -5.177170e-03 2.084914e-01
1.717172e-01 3.838384e-01 -2.115212e-01 -5.188525e-03 2.063327e-01
1.818182e-01 3.838384e-01 -2.093954e-01 -5.170733e-03 2.042246e-01
1.919192e-01 3.838384e-01 -2.072909e-01 -5.178571e-03 2.021123e-01
2.020202e-01 3.838384e-01 -2.052076e-01 -5.177259e-03 2.000303e-01
2.121212e-01 3.838384e-01 -2.031452e-01 -5.175501e-03 1.979697e-01
2.222222e-01 3.838384e-01 -2.011036e-01 -5.183369e-03 1.959202e-01
2.323232e-01 3.838384e-01 -1.990825e-01 -5.174279e-03 1.939082e-01
2.424242e-01 3.838384e-01 -1.970817e-01 -5.175114e-03 1.919065e-01
2.525253e-01 3.838384e-01 -1.951009e-01 -5.180031e-03 1.899209e-01
2.626263e-01 3.838384e-01 -1.931402e-01 -5.177498e-03 1.879627e-01
2.727273e-01 3.838384e-01 -1.911991e-01 -5.172044e-03 1.860270e-01
2.828283e-01 3.838384e-01 -1.892775e-01 -5.176961e-03 1.841005e-01
2.929293e-01 3.838384e-01 -1.873752e-01 -5.174518e-03 1.822007e-01
3.030303e-01 3.838384e-01 -1.854921e-01 -5.177647e-03 1.803144e-01
3.131313e-01 3.838384e-01 -1.836278e-01 -5.175531e-03 1.784523e-01
3.232323e-01 3.838384e-01 -1.817823e-01 -5.175829e-03 1.766065e-01
3.333333e-01 3.838384e-01 -1.799554e-01 -5.179942e-03 1.747755e-01
3.434343e-01 3.838384e-01 -1.781468e-01 -5.176067e-03 1.729707e-01
3.535354e-01 3.838384e-01 -1.763564e-01 -5.179882e-03 1.711765e-01
3.636364e-01 3.838384e-01 -1.745840e-01 -5.180746e-03 1.694033e-01
3.737374e-01 3.838384e-01 -1.728294e-01 -5.173862e-03 1.676555e-01
3.838384e-01 3.838384e-01 -1.710924e-01 -5.175292e-03 1.659171e-01
3.939394e-01 3.838384e-01 -1.693729e-01 -5.178928e-03 1.641940e-01
4.040404e-01 3.838384e-01 -1.676707e-01 -5.175292e-03 1.624954e-01
4.141414e-01 3.838384e-01 -1.659856e-01 -5.180657e-03 1.608049e-01
4.242424e-01 3.838384e-01 -1.643174e-01 -5.180180e-03 1.591372e-01
4.343434e-01 3.838384e-01 -1.626660e-01 -5.174786e-03 1.574912e-01
4.444444e-01 3.838384e-01 -1.610312e-01 -5.176246e-03 1.558549e-01
4.545455e-01 3.838384e-01 -1.594128e-01 -5.174845e-03 1.542379e-01
4.646465e-01 3.838384e-01 -1.578106e-01 -5.180776e-03 1.526299e-01
4.747475e-01 3.838384e-01 -1.562246e-01 -5.183578e-03 1.510410e-01
4.848485e-01 3.838384e-01 -1.546545e-01 -5.176663e-03 1.494779e-01
4.949495e-01 3.838384e-01 -1.531002e-01 -5.174637e-03 1.479256e-01
5.050505e-01 3.838384e-01 -1.515616e-01 -5.177408e-03 1.463841e-01
5.151515e-01 3.838384e-01 -1.500383e-01 -5.176812e-03 1.448615e-01
5.252525e-01 3.838384e-01 -1.485304e-01 -5.174339e-03 1.433561e-01
5.353535e-01 3.838384e-01 -1.470377e-01 -5.182326e-03 1.418553e-01
5.454545e-01 3.838384e-01 -1.455599e-01 -5.177379e-03 1.403825e-01
5.555556e-01 3.838384e-01 -1.440970e-01 -5.175442e-03 1.389216e-01
5.656566e-01 3.838384e-01 -1.426488e-01 -5.177617e-03 1.374712e-01
5.757576e-01 3.838384e-01 -1.412152e-01 -5.176663e-03 1.360385e-01
5.858586e-01 3.838384e-01 -1.397959e-01 -5.179733e-03 1.346162e-01
5.959596e-01 3.838384e-01 -1.383910e-01 -5.177230e-03 1.332137e-01
6.060606e-01 3.838384e-01 -1.370001e-01 -5.182624e-03 1.318175e-01
6.161616e-01 3.838384e-01 -1.356232e-01 -5.177438e-03 1.304458e-01
6.262626e-01 3.838384e-01 -1.342602e-01 -5.176961e-03 1.290832e-01
6.363636e-01 3.838384e-01 -1.329109e-01 -5.172879e-03 1.277380e-01
6.464646e-01 3.838384e-01 -1.315751e-01 -5.186915e-03 1.263882e-01
6.565657e-01 3.838384e-01 -1.302527e-01 -5.172968e-03 1.250798e-01
6.666667e-01 3.838384e-01 -1.289437e-01 -5.182624e-03 1.237611e-01
6.767677e-01 3.838384e-01 -1.276478e-01 -5.175829e-03 1.224719e-01
6.868687e-01 3.838384e-01 -1.263649e-01 -5.169034e-03 1.211959e-01
6.969697e-01 3.838384e-01 -1.250949e-01 -5.179286e-03 1.199156e-01
7.070707e-01 3.838384e-01 -1.238377e-01 -5.179554e-03 1.186581e-01
7.171717e-01 3.838384e-01 -1.225931e-01 -5.181015e-03 1.174121e-01
7.272727e-01 3.838384e-01 -1.213610e-01 -5.177259e-03 1.161837e-01
7.373737e-01 3.838384e-01 -1.201413e-01 -5.176157e-03 1.149652e-01
7.474747e-01 3.838384e-01 -1.189339e-01 -5.175918e-03 1.137579e-01
7.575758e-01 3.838384e-01 -1.177386e-01 -5.178928e-03 1.125596e-01
7.676768e-01 3.838384e-01 -1.165553e-01 -5.179763e-03 1.113755e-01
7.777778e-01 3.838384e-01 -1.153839e-01 -5.174488e-03 1.102094e-01
7.878788e-01 3.838384e-01 -1.142242e-01 -5.176693e-03 1.090476e-01
7.979798e-01 3.838384e-01 -1.130763e-01 -5.180657e-03 1.078956e-01
8.080808e-01 3.838384e-01 -1.119398e-01 -5.175978e-03 1.067639e-01
8.181818e-01 3.838384e-01 -1.108148e-01 -5.175561e-03 1.056393e-01
8.282828e-01 3.838384e-01 -1.097011e-01 -5.176485e-03 1.045246e-01
8.383838e-01 3.838384e-01 -1.085986e-01 -5.172879e-03 1.034257e-01
8.484848e-01 3.838384e-01 -1.075072e-01 -5.175442e-03 1.023317e-01
8.585859e-01 3.838384e-01 -1.064267e-01 -5.177170e-03 1.012495e-01
8.686869e-01 3.838384e-01 -1.053571e-01 -5.180359e-03 1.001767e-01
8.787879e-01 3.838384e-01 -1.042982e-01 -5.173475e-03 9.912476e-02
8.888889e-01 3.838384e-01 -1.032500e-01 -5.183399e-03 9.806663e-02
8.989899e-01 3.838384e-01 -1.022123e-01 -5.184978e-03 9.702737e-02
9.090909e-01 3.838384e-01 -1.011851e-01 -5.172908e-03 9.601219e-02
9.191919e-01 3.838384e-01 -1.001682e-01 -5.180985e-03 9.498718e-02
9.292929e-01 3.838384e-01 -9.916146e-02 -5.174577e-03 9.398688e-02
9.393939e-01 3.838384e-01 -9.816487e-02 -5.167365e-03 9.299751e-02
9.494949e-01 3.838384e-01 -9.717830e-02 -5.171657e-03 9.200664e-02
9.595960e-01 3.838384e-01 -9.620164e-02 -5.175829e-03 9.102581e-02
9.696970e-01 3.838384e-01 -9.523480e-02 -5.181164e-03 9.005363e-02
9.797980e-01 3.838384e-01 -9.427767e-02 -5.177915e-03 8.909976e-02
9.898990e-01 3.838384e-01 -9.333016e-02 -5.173445e-03 8.815672e-02
1.000000e+00 3.838384e-01 -9.239218e-02 -5.179524e-03 8.721266e-02
0.000000e+00 3.939394e-01 9.505604e-02 -5.178928e-03 1.002350e-01
1.010101e-02 3.939394e-01 9.410071e-02 -5.176187e-03 9.927690e-02
2.020202e-02 3.939394e-01 9.315499e-02 -5.178183e-03 9.833317e-02
3.030303e-02 3.939394e-01 9.221876e-02 -5.174875e-03 9.739364e-02
4.040404e-02 3.939394e-01 9.129195e-02 -5.175471e-03 9.646742e-02
5.050505e-02 3.939394e-01 9.037445e-02 -5.177081e-03 9.555153e-02
6.060606e-02 3.939394e-01 8.946617e-02 -5.182564e-03 9.464874e-02
7.070707e-02 3.939394e-01 8.856702e-02 -5.171388e-03 9.373841e-02
8.080808e-02 3.939394e-01 8.767691e-02 -5.175114e-03 9.285202e-02
9.090909e-02 3.939394e-01 8.679574e-02 -5.171955e-03 9.196770e-02
1.010101e-01 3.939394e-01 8.592343e-02 -5.175292e-03 9.109872e-02
1.111111e-01 3.939394e-01 8.505988e-02 -5.179137e-03 9.023902e-02
1.212121e-01 3.939394e-01 8.420502e-02 -5.180418e-03 8.938544e-02
1.313131e-01 3.939394e-01 8.335874e-02 -5.172998e-03 8.853174e-02
1.414141e-01 3.939394e-01 8.252098e-02 -5.172461e-03 8.769344e-02
1.515152e-01 3.939394e-01 8.169163e-02 -5.175561e-03 8.686719e-02
1.616162e-01 3.939394e-01 8.087061e-02 -5.180210e-03 8.605082e-02
1.717172e-01 3.939394e-01 8.005785e-02 -5.181968e-03 8.523982e-02
1.818182e-01 3.939394e-01 7.925325e-02 -5.174756e-03 8.442801e-02
1.919192e-01 3.939394e-01 7.845675e-02 -5.177140e-03 8.363389e-02
2.020202e-01 3.939394e-01 7.766824e-02 -5.180538e-03 8.284878e-02
2.121212e-01 3.939394e-01 7.688766e-02 -5.172402e-03 8.206006e-02
2.222222e-01 3.939394e-01 7.611493e-02 -5.179614e-03 8.129454e-02
2.323232e-01 3.939394e-01 7.534996e-02 -5.179882e-03 8.052984e-02
2.424242e-01 3.939394e-01 7.459268e-02 -5.173683e-03 7.976637e-02
2.525253e-01 3.939394e-01 7.384301e-02 -5.184710e-03 7.902772e-02
2.626263e-01 3.939394e-01 7.310088e-02 -5.176008e-03 7.827689e-02
2.727273e-01 3.939394e-01 7.236620e-02 -5.174696e-03 7.754090e-02
2.828283e-01 3.939394e-01 7.163891e-02 -5.176574e-03 7.681548e-02
2.929293e-01 3.939394e-01 7.091893e-02 -5.173802e-03 7.609273e-02
3.030303e-01 3.939394e-01 7.020618e-02 -5.175084e-03 7.538126e-02
3.131313e-01 3.939394e-01 6.950060e-02 -5.172163e-03 7.467276e-02
3.232323e-01 3.939394e-01 6.880210e-02 -5.185485e-03 7.398759e-02
3.333333e-01 3.939394e-01 6.811063e-02 -5.182326e-03 7.329296e-02
3.434343e-01 3.939394e-01 6.742611e-02 -5.179286e-03 7.260539e-02
3.535354e-01 3.939394e-01 6.674846e-02 -5.176604e-03 7.192507e-02
3.636364e-01 3.939394e-01 6.607763e-02 -5.179733e-03 7.125736e-02
3.737374e-01 3.939394e-01 6.541354e-02 -5.175203e-03 7.058874e-02
3.838384e-01 3.939394e-01 6.475612e-02 -5.178273e-03 6.993440e-02
3.939394e-01 3.939394e-01 6.410531e-02 -5.176485e-03 6.928180e-02
4.040404e-01 3.939394e-01 6.346104e-02 -5.173564e-03 6.863461e-02
4.141414e-01 3.939394e-01 6.282325e-02 -5.168885e-03 6.799214e-02
4.242424e-01 3.939394e-01 6.219187e-02 -5.182236e-03 6.737410e-02
4.343434e-01 3.939394e-01 6.156683e-02 -5.180895e-03 6.674772e-02
4.444444e-01 3.939394e-01 6.094807e-02 -5.181432e-03 6.612950e-02
4.545455e-01 3.939394e-01 6.033553e-02 -5.179316e-03 6.551485e-02
4.646465e-01 3.939394e-01 5.972915e-02 -5.162358e-03 6.489151e-02
4.747475e-01 3.939394e-01 5.912886e-02 -5.174160e-03 6.430302e-02
4.848485e-01 3.939394e-01 5.853461e-02 -5.180061e-03 6.371467e-02
4.949495e-01 3.939394e-01 5.794633e-02 -5.176306e-03 6.312263e-02
5.050505e-01 3.939394e-01 5.736395e-02 -5.177230e-03 6.254118e-02
5.151515e-01 3.939394e-01 5.678744e-02 -5.174637e-03 6.196207e-02
5.252525e-01 3.939394e-01 5.621671e-02 -5.173981e-03 6.139070e-02
5.353535e-01 3.939394e-01 5.565173e-02 -5.180597e-03 6.083232e-02
5.454545e-01 3.939394e-01 5.509242e-02 -5.176961e-03 6.026938e-02
5.555556e-01 3.939394e-01 5.453873e-02 -5.175561e-03 5.971429e-02
5.656566e-01 3.939394e-01 5.399061e-02 -5.171239e-03 5.916185e-02
5.757576e-01 3.939394e-01 5.344799e-02 -5.178630e-03 5.862662e-02
5.858586e-01 3.939394e-01 5.291083e-02 -5.183637e-03 5.809447e-02
5.959596e-01 3.939394e-01 5.237907e-02 -5.166680e-03 5.754575e-02
6.060606e-01 3.939394e-01 5.185265e-02 -5.177140e-03 5.702979e-02
6.161616e-01 3.939394e-01 5.133152e-02 -5.174994e-03 5.650652e-02
6.262626e-01 3.939394e-01 5.081563e-02 -5.171776e-03 5.598741e-02
6.363636e-01 3.939394e-01 5.030493e-02 -5.175531e-03 5.548046e-02
6.464646e-01 3.939394e-01 4.979935e-02 -5.178005e-03 5.497736e-02
6.565657e-01 3.939394e-01 4.929886e-02 -5.178362e-03 5.447722e-02
6.666667e-01 3.939394e-01 4.880340e-02 -5.179882e-03 5.398328e-02
6.767677e-01 3.939394e-01 4.831292e-02 -5.177975e-03 5.349089e-02
6.868687e-01 3.939394e-01 4.782736e-02 -5.170494e-03 5.299786e-02
6.969697e-01 3.939394e-01 4.734669e-02 -5.179286e-03 5.252598e-02
7.070707e-01 3.939394e-01 4.687085e-02 -5.183846e-03 5.205470e-02
7.171717e-01 3.939394e-01 4.639979e-02 -5.177855e-03 5.157765e-02
7.272727e-01 3.939394e-01 4.593346e-02 -5.184203e-03 5.111767e-02
7.373737e-01 3.939394e-01 4.547183e-02 -5.176574e-03 5.064840e-02
7.474747e-01 3.939394e-01 4.501483e-02 -5.174935e-03 5.018976e-02
7.575758e-01 3.939394e-01 4.456242e-02 -5.176991e-03 4.973941e-02
7.676768e-01 3.939394e-01 4.411456e-02 -5.176067e-03 4.929063e-02
7.777778e-01 3.939394e-01 4.367120e-02 -5.175024e-03 4.884623e-02
7.878788e-01 3.939394e-01 4.323230e-02 -5.178809e-03 4.841111e-02
7.979798e-01 3.939394e-01 4.279781e-02 -5.172729e-03 4.797054e-02
8.080808e-01 3.939394e-01 4.236768e-02 -5.172193e-03 4.753987e-02
8.181818e-01 3.939394e-01 4.194188e-02 -5.176514e-03 4.711839e-02
8.282828e-01 3.939394e-01 4.152036e-02 -5.176902e-03 4.669726e-02
8.383838e-01 3.939394e-01 4.110307e-02 -5.179107e-03 4.628218e-02
8.484848e-01 3.939394e-01 4.068998e-02 -5.176008e-03 4.586598e-02
8.585859e-01 3.939394e-01 4.028104e-02 -5.176127e-03 4.545716e-02
8.686869e-01 3.939394e-01 3.987620e-02 -5.178243e-03 4.505445e-02
8.787879e-01 3.939394e-01 3.947544e-02 -5.171567e-03 4.464701e-02
8.888889e-01 3.939394e-01 3.907871e-02 -5.182683e-03 4.426139e-02
8.989899e-01 3.939394e-01 3.868596e-02 -5.186558e-03 4.387252e-02
9.090909e-01 3.939394e-01 3.829716e-02 -5.175024e-03 4.347218e-02
9.191919e-01 3.939394e-01 3.791227e-02 -5.179971e-03 4.309224e-02
9.292929e-01 3.939394e-01 3.753124e-02 -5.176663e-03 4.270791e-02
9.393939e-01 3.939394e-01 3.715405e-02 -5.169898e-03 4.232395e-02
9.494949e-01 3.939394e-01 3.678064e-02 -5.177051e-03 4.195769e-02
9.595960e-01 3.939394e-01 3.641099e-02 -5.175114e-03 4.158610e-02
9.696970e-01 3.939394e-01 3.604505e-02 -5.178332e-03 4.122339e-02
9.797980e-01 3.939394e-01 3.568280e-02 -5.175173e-03 4.085797e-02
9.898990e-01 3.939394e-01 3.532418e-02 -5.174696e-03 4.049887e-02
1.000000e+00 3.939394e-01 3.496916e-02 -5.176842e-03 4.014601e-02
0.000000e+00 4.040404e-01 6.342392e-02 -5.176872e-03 6.860079e-02
1.010101e-02 4.040404e-01 6.278650e-02 -5.181849e-03 6.796835e-02
2.020202e-02 4.040404e-01 6.215548e-02 -5.183429e-03 6.733891e-02
3.030303e-02 4.040404e-01 6.153081e-02 -5.180359e-03 6.671117e-02
4.040404e-02 4.040404e-01 6.091242e-02 -5.176663e-03 6.608908e-02
5.050505e-02 4.040404e-01 6.030024e-02 -5.171716e-03 6.547195e-02
6.060606e-02 4.040404e-01 5.969421e-02 -5.176753e-03 6.487096e-02
7.070707e-02 4.040404e-01 5.909427e-02 -5.178332e-03 6.427260e-02
8.080808e-02 4.040404e-01 5.850036e-02 -5.177885e-03 6.367825e-02
9.090909e-02 4.040404e-01 5.791243e-02 -5.177826e-03 6.309025e-02
1.010101e-01 4.040404e-01 5.733040e-02 -5.177259e-03 6.250766e-02
1.111111e-01 4.040404e-01 5.675422e-02 -5.178154e-03 6.193237e-02
1.212121e-01 4.040404e-01 5.618383e-02 -5.175292e-03 6.135912e-02
1.313131e-01 4.040404e-01 5.561917e-02 -5.179018e-03 6.079819e-02
1.414141e-01 4.040404e-01 5.506019e-02 -5.176067e-03 6.023626e-02
1.515152e-01 4.040404e-01 5.450682e-02 -5.178839e-03 5.968566e-02
1.616162e-01 4.040404e-01 5.395902e-02 -5.176693e-03 5.913572e-02
1.717172e-01 4.040404e-01 5.341673e-02 -5.183160e-03 5.859989e-02
1.818182e-01 4.040404e-01 5.287988e-02 -5.189568e-03 5.806945e-02
1.919192e-01 4.040404e-01 5.234843e-02 -5.175889e-03 5.752432e-02
2.020202e-01 4.040404e-01 5.182232e-02 -5.183220e-03 5.700554e-02
2.121212e-01 4.040404e-01 5.130149e-02 -5.173653e-03 5.647515e-02
2.222222e-01 4.040404e-01 5.078590e-02 -5.170196e-03 5.595610e-02
2.323232e-01 4.040404e-01 5.027550e-02 -5.185783e-03 5.546128e-02
2.424242e-01 4.040404e-01 4.977022e-02 -5.171746e-03 5.494197e-02
2.525253e-01 4.040404e-01 4.927002e-02 -5.176365e-03 5.444639e-02
2.626263e-01 4.040404e-01 4.877485e-02 -5.181283e-03 5.395613e-02
2.727273e-01 4.040404e-01 4.828465e-02 -5.179137e-03 5.346379e-02
2.828283e-01 4.040404e-01 4.779939e-02 -5.178094e-03 5.297748e-02
2.929293e-01 4.040404e-01 4.731899e-02 -5.174100e-03 5.249309e-02
3.030303e-01 4.040404e-01 4.684343e-02 -5.174369e-03 5.201780e-02
3.131313e-01 4.040404e-01 4.637265e-02 -5.178273e-03 5.155092e-02
3.232323e-01 4.040404e-01 4.590659e-02 -5.174220e-03 5.108081e-02
3.333333e-01 4.040404e-01 4.544522e-02 -5.179018e-03 5.062424e-02
3.434343e-01 4.040404e-01 4.498849e-02 -5.179077e-03 5.016757e-02
3.535354e-01 4.040404e-01 4.453635e-02 -5.174756e-03 4.971111e-02
3.636364e-01 4.040404e-01 4.408875e-02 -5.181134e-03 4.926989e-02
3.737374e-01 4.040404e-01 4.364565e-02 -5.176157e-03 4.882181e-02
3.838384e-01 4.040404e-01 4.320701e-02 -5.171895e-03 4.837890e-02
3.939394e-01 4.040404e-01 4.277277e-02 -5.178332e-03 4.795110e-02
4.040404e-01 4.040404e-01 4.234290e-02 -5.178481e-03 4.752138e-02
4.141414e-01 4.040404e-01 4.191734e-02 -5.175233e-03 4.709258e-02
4.242424e-01 4.040404e-01 4.149607e-02 -5.178005e-03 4.667407e-02
4.343434e-01 4.040404e-01 4.107902e-02 -5.175859e-03 4.625488e-02
4.444444e-01 4.040404e-01 4.066617e-02 -5.180180e-03 4.584635e-02
4.545455e-01 4.040404e-01 4.025747e-02 -5.180269e-03 4.543774e-02
4.646465e-01 4.040404e-01 3.985288e-02 -5.175531e-03 4.502841e-02
4.747475e-01 4.040404e-01 3.945235e-02 -5.178720e-03 4.463107e-02
4.848485e-01 4.040404e-01 3.905585e-02 -5.180985e-03 4.423683e-02
4.949495e-01 4.040404e-01 3.866333e-02 -5.177736e-03 4.384107e-02
5.050505e-01 4.040404e-01 3.827476e-02 -5.176276e-03 4.345103e-02
5.151515e-01 4.040404e-01 3.789009e-02 -5.181372e-03 4.307146e-02
5.252525e-01 4.040404e-01 3.750929e-02 -5.174816e-03 4.268410e-02
5.353535e-01 4.040404e-01 3.713231e-02 -5.186528e-03 4.231884e-02
5.454545e-01 4.040404e-01 3.675913e-02 -5.176932e-03 4.193606e-02
5.555556e-01 4.040404e-01 3.638969e-02 -5.178243e-03 4.156793e-02
5.656566e-01 4.040404e-01 3.602397e-02 -5.182236e-03 4.120620e-02
5.757576e-01 4.040404e-01 3.566192e-02 -5.177647e-03 4.083957e-02
5.858586e-01 4.040404e-01 3.530351e-02 -5.171478e-03 4.047499e-02
5.959596e-01 4.040404e-01 3.494871e-02 -5.176008e-03 4.012471e-02
6.060606e-01 4.040404e-01 3.459747e-02 -5.174458e-03 3.977192e-02
6.161616e-01 4.040404e-01 3.424976e-02 -5.178452e-03 3.942821e-02
6.262626e-01 4.040404e-01 3.390554e-02 -5.177081e-03 3.908262e-02
6.363636e-01 4.040404e-01 3.356478e-02 -5.174786e-03 3.873957e-02
6.464646e-01 4.040404e-01 3.322745e-02 -5.168438e-03 3.839589e-02
6.565657e-01 4.040404e-01 3.289351e-02 -5.179346e-03 3.807286e-02
6.666667e-01 4.040404e-01 3.256293e-02 -5.180299e-03 3.774323e-02
6.767677e-01 4.040404e-01 3.223566e-02 -5.169332e-03 3.740500e-02
6.868687e-01 4.040404e-01 3.191169e-02 -5.175710e-03 3.708740e-02
6.969697e-01 4.040404e-01 3.159097e-02 -5.169481e-03 3.676045e-02
7.070707e-01 4.040404e-01 3.127348e-02 -5.171835e-03 3.644531e-02
7.171717e-01 4.040404e-01 3.095917e-02 -5.171508e-03 3.613068e-02
7.272727e-01 4.040404e-01 3.064803e-02 -5.180895e-03 3.582892e-02
7.373737e-01 4.040404e-01 3.034001e-02 -5.183309e-03 3.552332e-02
7.474747e-01 4.040404e-01 3.003509e-02 -5.178422e-03 3.521351e-02
7.575758e-01 4.040404e-01 2.973323e-02 -5.182147e-03 3.491538e-02
7.676768e-01 4.040404e-01 2.943441e-02 -5.174726e-03 3.460913e-02
7.777778e-01 4.040404e-01 2.913859e-02 -5.184948e-03 3.432353e-02
7.878788e-01 4.040404e-01 2.884574e-02 -5.177170e-03 3.402291e-02
7.979798e-01 4.040404e-01 2.855583e-02 -5.173028e-03 3.372886e-02
8.080808e-01 4.040404e-01 2.826884e-02 -5.179852e-03 3.344870e-02
8.181818e-01 4.040404e-01 2.798474e-02 -5.177438e-03 3.316218e-02
8.282828e-01 4.040404e-01 2.770349e-02 -5.180418e-03 3.288390e-02
8.383838e-01 4.040404e-01 2.742506e-02 -5.176783e-03 3.260184e-02
8.484848e-01 4.040404e-01 2.714943e-02 -5.174160e-03 3.232359e-02
8.585859e-01 4.040404e-01 2.687658e-02 -5.171806e-03 3.204838e-02
8.686869e-01 4.040404e-01 2.660646e-02 -5.178362e-03 3.178483e-02
8.787879e-01 4.040404e-01 2.633906e-02 -5.181134e-03 3.152020e-02
8.888889e-01 4.040404e-01 2.607435e-02 -5.174965e-03 3.124932e-02
8.989899e-01 4.040404e-01 2.581230e-02 -5.178869e-03 3.099117e-02
9.090909e-01 4.040404e-01 2.555288e-02 -5.179763e-03 3.073265e-02
9.191919e-01 4.040404e-01 2.529607e-02 -5.174786e-03 3.047086e-02
9.292929e-01 4.040404e-01 2.504184e-02 -5.178481e-03 3.022032e-02
9.393939e-01 4.040404e-01 2.479017e-02 -5.174518e-03 2.996469e-02
9.494949e-01 4.040404e-01 2.454102e-02 -5.179107e-03 2.972013e-02
9.595960e-01 4.040404e-01 2.429438e-02 -5.179256e-03 2.947364e-02
9.696970e-01 4.040404e-01 2.405022e-02 -5.177200e-03 2.922742e-02
9.797980e-01 4.040404e-01 2.380851e-02 -5.178243e-03 2.898675e-02
9.898990e-01 4.040404e-01 2.356923e-02 -5.171955e-03 2.874119e-02
1.000000e+00 4.040404e-01 2.333236e-02 -5.176544e-03 2.850890e-02
0.000000e+00 4.141414e-01 -2.203105e-01 -5.175889e-03 2.151346e-01
1.010101e-02 4.141414e-01 -2.180964e-01 -5.177617e-03 2.129188e-01
2.020202e-02 4.141414e-01 -2.159045e-01 -5.179107e-03 2.107254e-01
3.030303e-02 4.141414e-01 -2.137346e-01 -5.181462e-03 2.085531e-01
4.040404e-02 4.141414e-01 -2.115865e-01 -5.177915e-03 2.064086e-01
5.050505e-02 4.141414e-01 -2.094600e-01 -5.173564e-03 2.042865e-01
6.060606e-02 4.141414e-01 -2.073549e-01 -5.179822e-03 2.021751e-01
7.070707e-02 4.141414e-01 -2.052710e-01 -5.175292e-03 2.000957e-01
8.080808e-02 4.141414e-01 -2.032080e-01 -5.174518e-03 1.980335e-01
9.090909e-02 4.141414e-01 -2.011657e-01 -5.187035e-03 1.959787e-01
1.010101e-01 4.141414e-01 -1.991440e-01 -5.176097e-03 1.939679e-01
1.111111e-01 4.141414e-01 -1.971425e-01 -5.177975e-03 1.919646e-01
1.212121e-01 4.141414e-01 -1.951612e-01 -5.179524e-03 1.899817e-01
1.313131e-01 4.141414e-01 -1.931998e-01 -5.177140e-03 1.880227e-01
1.414141e-01 4.141414e-01 -1.912581e-01 -5.175412e-03 1.860827e-01
1.515152e-01 4.141414e-01 -1.893359e-01 -5.172849e-03 1.841631e-01
1.616162e-01 4.141414e-01 -1.874331e-01 -5.164355e-03 1.822687e-01
1.717172e-01 4.141414e-01 -1.855494e-01 -5.176276e-03 1.803731e-01
1.818182e-01 4.141414e-01 -1.836845e-01 -5.183280e-03 1.785013e-01
1.919192e-01 4.141414e-01 -1.818385e-01 -5.179852e-03 1.766586e-01
2.020202e-01 4.141414e-01 -1.800110e-01 -5.176842e-03 1.748341e-01
2.121212e-01 4.141414e-01 -1.782018e-01 -5.175442e-03 1.730264e-01
2.222222e-01 4.141414e-01 -1.764109e-01 -5.178332e-03 1.712326e-01
2.323232e-01 4.141414e-01 -1.746379e-01 -5.176455e-03 1.694615e-01
2.424242e-01 4.141414e-01 -1.728828e-01 -5.177677e-03 1.677051e-01
2.525253e-01 4.141414e-01 -1.711453e-01 -5.176246e-03 1.659690e-01
2.626263e-01 4.141414e-01 -1.694252e-01 -5.174458e-03 1.642508e-01
2.727273e-01 4.141414e-01 -1.677225e-01 -5.177915e-03 1.625446e-01
2.828283e-01 4.141414e-01 -1.660369e-01 -5.177021e-03 1.608598e-01
2.929293e-01 4.141414e-01 -1.643682e-01 -5.175352e-03 1.591928e-01
3.030303e-01 4.141414e-01 -1.627162e-01 -5.175024e-03 1.575412e-01
3.131313e-01 4.141414e-01 -1.610809e-01 -5.178124e-03 1.559028e-01
3.232323e-01 4.141414e-01 -1.594620e-01 -5.175978e-03 1.542860e-01
3.333333e-01 4.141414e-01 -1.578594e-01 -5.172193e-03 1.526872e-01
3.434343e-01 4.141414e-01 -1.562729e-01 -5.177438e-03 1.510954e-01
3.535354e-01 4.141414e-01 -1.547023e-01 -5.208373e-03 1.494939e-01
3.636364e-01 4.141414e-01 -1.531475e-01 -5.169153e-03 1.479784e-01
3.737374e-01 4.141414e-01 -1.516084e-01 -5.173862e-03 1.464345e-01
3.838384e-01 4.141414e-01 -1.500847e-01 -5.179375e-03 1.449053e-01
3.939394e-01 4.141414e-01 -1.485763e-01 -5.183816e-03 1.433925e-01
4.040404e-01 4.141414e-01 -1.470831e-01 -5.177766e-03 1.419053e-01
4.141414e-01 4.141414e-01 -1.456049e-01 -5.174249e-03 1.404306e-01
4.242424e-01 4.141414e-01 -1.441415e-01 -5.172074e-03 1.389695e-01
4.343434e-01 4.141414e-01 -1.426929e-01 -5.176008e-03 1.375169e-01
4.444444e-01 4.141414e-01 -1.412588e-01 -5.176783e-03 1.360820e-01
4.545455e-01 4.141414e-01 -1.398391e-01 -5.176425e-03 1.346627e-01
4.646465e-01 4.141414e-01 -1.384337e-01 -5.179018e-03 1.332547e-01
4.747475e-01 4.141414e-01 -1.370424e-01 -5.176783e-03 1.318656e-01
4.848485e-01 4.141414e-01 -1.356651e-01 -5.180895e-03 1.304842e-01
4.949495e-01 4.141414e-01 -1.343017e-01 -5.169451e-03 1.291322e-01
5.050505e-01 4.141414e-01 -1.329519e-01 -5.173981e-03 1.277779e-01
5.151515e-01 4.141414e-01 -1.316157e-01 -5.174935e-03 1.264408e-01
5.252525e-01 4.141414e-01 -1.302930e-01 -5.179167e-03 1.251138e-01
5.353535e-01 4.141414e-01 -1.289835e-01 -5.177945e-03 1.238056e-01
5.454545e-01 4.141414e-01 -1.276872e-01 -5.172998e-03 1.225142e-01
5.555556e-01 4.141414e-01 -1.264039e-01 -5.174488e-03 1.212294e-01
5.656566e-01 4.141414e-01 -1.251335e-01 -5.182505e-03 1.199510e-01
5.757576e-01 4.141414e-01 -1.238759e-01 -5.176485e-03 1.186994e-01
5.858586e-01 4.141414e-01 -1.226310e-01 -5.172789e-03 1.174582e-01
5.959596e-01 4.141414e-01 -1.213985e-01 -5.178243e-03 1.162203e-01
6.060606e-01 4.141414e-01 -1.201784e-01 -5.175352e-03 1.150031e-01
6.161616e-01 4.141414e-01 -1.189706e-01 -5.173326e-03 1.137973e-01
6.262626e-01 4.141414e-01 -1.177749e-01 -5.181968e-03 1.125930e-01
6.363636e-01 4.141414e-01 -1.165913e-01 -5.178034e-03 1.114132e-01
6.464646e-01 4.141414e-01 -1.154195e-01 -5.176425e-03 1.102431e-01
6.565657e-01 4.141414e-01 -1.142595e-01 -5.177379e-03 1.090821e-01
6.666667e-01 4.141414e-01 -1.131112e-01 -5.175740e-03 1.079355e-01
6.767677e-01 4.141414e-01 -1.119744e-01 -5.173683e-03 1.068007e-01
6.868687e-01 4.141414e-01 -1.108491e-01 -5.176783e-03 1.056723e-01
6.969697e-01 4.141414e-01 -1.097350e-01 -5.173564e-03 1.045614e-01
7.070707e-01 4.141414e-01 -1.086321e-01 -5.175233e-03 1.034569e-01
7.171717e-01 4.141414e-01 -1.075404e-01 -5.177468e-03 1.023629e-01
7.272727e-01 4.141414e-01 -1.064596e-01 -5.177438e-03 1.012821e-01
7.373737e-01 4.141414e-01 -1.053896e-01 -5.179048e-03 1.002106e-01
7.474747e-01 4.141414e-01 -1.043305e-01 -5.173802e-03 9.915665e-02
7.575758e-01 4.141414e-01 -1.032819e-01 -5.179107e-03 9.810281e-02
7.676768e-01 4.141414e-01 -1.022439e-01 -5.173117e-03 9.707080e-02
7.777778e-01 4.141414e-01 -1.012163e-01 -5.178481e-03 9.603787e-02
7.878788e-01 4.141414e-01 -1.001991e-01 -5.178541e-03 9.502057e-02
7.979798e-01 4.141414e-01 -9.919209e-02 -5.172193e-03 9.401990e-02
8.080808e-01 4.141414e-01 -9.819519e-02 -5.180389e-03 9.301480e-02
8.181818e-01 4.141414e-01 -9.720831e-02 -5.175531e-03 9.203278e-02
8.282828e-01 4.141414e-01 -9.623135e-02 -5.173266e-03 9.105809e-02
8.383838e-01 4.141414e-01 -9.526421e-02 -5.172431e-03 9.009178e-02
8.484848e-01 4.141414e-01 -9.430679e-02 -5.173624e-03 8.913317e-02
8.585859e-01 4.141414e-01 -9.335899e-02 -5.181223e-03 8.817777e-02
8.686869e-01 4.141414e-01 -9.242072e-02 -5.175143e-03 8.724558e-02
8.787879e-01 4.141414e-01 -9.149188e-02 -5.179942e-03 8.631193e-02
8.888889e-01 4.141414e-01 -9.057237e-02 -5.177110e-03 8.539526e-02
8.989899e-01 4.141414e-01 -8.966210e-02 -5.175561e-03 8.448654e-02
9.090909e-01 4.141414e-01 -8.876098e-02 -5.177230e-03 8.358375e-02
9.191919e-01 4.141414e-01 -8.786892e-02 -5.176336e-03 8.269258e-02
9.292929e-01 4.141414e-01 -8.698582e-02 -5.176961e-03 8.180886e-02
9.393939e-01 4.141414e-01 -8.611160e-02 -5.182743e-03 8.092886e-02
9.494949e-01 4.141414e-01 -8.524616e-02 -5.175412e-03 8.007075e-02
9.595960e-01 4.141414e-01 -8.438943e-02 -5.179197e-03 7.921023e-02
9.696970e-01 4.141414e-01 -8.354130e-02 -5.175769e-03 7.836553e-02
9.797980e-01 4.141414e-01 -8.270169e-02 -5.180180e-03 7.752151e-02
9.898990e-01 4.141414e-01 -8.187053e-02 -5.183846e-03 7.668668e-02
1.000000e+00 4.141414e-01 -8.104772e-02 -5.176365e-03 7.587135e-02
0.000000e+00 4.242424e-01 3.716625e-01 -5.177736e-03 3.768402e-01
1.010101e-02 4.242424e-01 3.679272e-01 -5.174756e-03 3.731019e-01
2.020202e-02 4.242424e-01 3.642295e-01 -5.175769e-03 3.694052e-01
3.030303e-02 4.242424e-01 3.605689e-01 -5.177259e-03 3.657461e-01
4.040404e-02 4.242424e-01 3.569451e-01 -5.185485e-03 3.621306e-01
5.050505e-02 4.242424e-01 3.533578e-01 -5.180597e-03 3.585384e-01
6.060606e-02 4.242424e-01 3.498065e-01 -5.174041e-03 3.549805e-01
7.070707e-02 4.242424e-01 3.462908e-01 -5.178571e-03 3.514694e-01
8.080808e-02 4.242424e-01 3.428106e-01 -5.178660e-03 3.479892e-01
9.090909e-02 4.242424e-01 3.393653e-01 -5.183220e-03 3.445485e-01
1.010101e-01 4.242424e-01 3.359546e-01 -5.178511e-03 3.411331e-01
1.111111e-01 4.242424e-01 3.325782e-01 -5.178124e-03 3.377563e-01
1.212121e-01 4.242424e-01 3.292357e-01 -5.175471e-03 3.344112e-01
1.313131e-01 4.242424e-01 3.259268e-01 -5.180150e-03 3.311070e-01
1.414141e-01 4.242424e-01 3.226512e-01 -5.176723e-03 3.278279e-01
1.515152e-01 4.242424e-01 3.194085e-01 -5.178154e-03 3.245867e-01
1.616162e-01 4.242424e-01 3.161984e-01 -5.178452e-03 3.213769e-01
1.717172e-01 4.242424e-01 3.130206e-01 -5.177796e-03 3.181984e-01
1.818182e-01 4.242424e-01 3.098747e-01 -5.177408e-03 3.150521e-01
1.919192e-01 4.242424e-01 3.067604e-01 -5.179852e-03 3.119402e-01
2.020202e-01 4.242424e-01 3.036774e-01 -5.168021e-03 3.088454e-01
2.121212e-01 4.242424e-01 3.006254e-01 -5.180657e-03 3.058060e-01
2.222222e-01 4.242424e-01 2.976040e-01 -5.179197e-03 3.027832e-01
2.323232e-01 4.242424e-01 2.946131e-01 -5.174309e-03 2.997874e-01
2.424242e-01 4.242424e-01 2.916521e-01 -5.174756e-03 2.968269e-01
2.525253e-01 4.242424e-01 2.887210e-01 -5.179524e-03 2.939005e-01
2.626263e-01 4.242424e-01 2.858193e-01 -5.174130e-03 2.909934e-01
2.727273e-01 4.242424e-01 2.829468e-01 -5.172014e-03 2.881188e-01
2.828283e-01 4.242424e-01 2.801031e-01 -5.176276e-03 2.852794e-01
2.929293e-01 4.242424e-01 2.772880e-01 -5.177140e-03 2.824652e-01
3.030303e-01 4.242424e-01 2.745012e-01 -5.181849e-03 2.796831e-01
3.131313e-01 4.242424e-01 2.717425e-01 -5.175352e-03 2.769178e-01
3.232323e-01 4.242424e-01 2.690114e-01 -5.175650e-03 2.741870e-01
3.333333e-01 4.242424e-01 2.663078e-01 -5.178809e-03 2.714866e-01
3.434343e-01 4.242424e-01 2.636313e-01 -5.180538e-03 2.688119e-01
3.535354e-01 4.242424e-01 2.609818e-01 -5.182207e-03 2.661640e-01
3.636364e-01 4.242424e-01 2.583589e-01 -5.176485e-03 2.635354e-01
3.737374e-01 4.242424e-01 2.557623e-01 -5.172342e-03 2.609347e-01
3.838384e-01 4.242424e-01 2.531919e-01 -5.170405e-03 2.583623e-01
3.939394e-01 4.242424e-01 2.506473e-01 -5.179167e-03 2.558264e-01
4.040404e-01 4.242424e-01 2.481282e-01 -5.182236e-03 2.533105e-01
4.141414e-01 4.242424e-01 2.456345e-01 -5.179942e-03 2.508144e-01
4.242424e-01 4.242424e-01 2.431658e-01 -5.176187e-03 2.483420e-01
4.343434e-01 4.242424e-01 2.407220e-01 -5.175561e-03 2.458975e-01
4.444444e-01 4.242424e-01 2.383027e-01 -5.177379e-03 2.434801e-01
4.545455e-01 4.242424e-01 2.359077e-01 -5.177438e-03 2.410851e-01
4.646465e-01 4.242424e-01 2.335368e-01 -5.179286e-03 2.387161e-01
4.747475e-01 4.242424e-01 2.311897e-01 -5.167007e-03 2.363567e-01
4.848485e-01 4.242424e-01 2.288662e-01 -5.173147e-03 2.340394e-01
4.949495e-01 4.242424e-01 2.265661e-01 -5.173624e-03 2.317397e-01
5.050505e-01 4.242424e-01 2.242890e-01 -5.189568e-03 2.294786e-01
5.151515e-01 4.242424e-01 2.220349e-01 -5.178422e-03 2.272133e-01
5.252525e-01 4.242424e-01 2.198034e-01 -5.177498e-03 2.249809e-01
5.353535e-01 4.242424e-01 2.175943e-01 -5.171776e-03 2.227661e-01
5.454545e-01 4.242424e-01 2.154075e-01 -5.177170e-03 2.205847e-01
5.555556e-01 4.242424e-01 2.132426e-01 -5.176514e-03 2.184191e-01
5.656566e-01 4.242424e-01 2.110995e-01 -5.179226e-03 2.162787e-01
5.757576e-01 4.242424e-01 2.089779e-01 -5.176127e-03 2.141540e-01
5.858586e-01 4.242424e-01 2.068776e-01 -5.171835e-03 2.120495e-01
5.959596e-01 4.242424e-01 2.047985e-01 -5.179703e-03 2.099782e-01
6.060606e-01 4.242424e-01 2.027402e-01 -5.173028e-03 2.079132e-01
6.161616e-01 4.242424e-01 2.007026e-01 -5.174935e-03 2.058776e-01
6.262626e-01 4.242424e-01 1.986856e-01 -5.182475e-03 2.038680e-01
6.363636e-01 4.242424e-01 1.966887e-01 -5.177438e-03 2.018662e-01
6.464646e-01 4.242424e-01 1.947120e-01 -5.178094e-03 1.998901e-01
6.565657e-01 4.242424e-01 1.927551e-01 -5.174339e-03 1.979294e-01
6.666667e-01 4.242424e-01 1.908179e-01 -5.176336e-03 1.959942e-01
6.767677e-01 4.242424e-01 1.889001e-01 -5.175650e-03 1.940758e-01
6.868687e-01 4.242424e-01 1.870016e-01 -5.176574e-03 1.921782e-01
6.969697e-01 4.242424e-01 1.851222e-01 -5.177647e-03 1.902999e-01
7.070707e-01 4.242424e-01 1.832617e-01 -5.173773e-03 1.884355e-01
7.171717e-01 4.242424e-01 1.814199e-01 -5.182594e-03 1.866025e-01
7.272727e-01 4.242424e-01 1.795966e-01 -5.178690e-03 1.847753e-01
7.373737e-01 4.242424e-01 1.777916e-01 -5.179644e-03 1.829713e-01
7.474747e-01 4.242424e-01 1.760048e-01 -5.172670e-03 1.811775e-01
7.575758e-01 4.242424e-01 1.742359e-01 -5.177140e-03 1.794131e-01
7.676768e-01 4.242424e-01 1.724848e-01 -5.182028e-03 1.776669e-01
7.777778e-01 4.242424e-01 1.707513e-01 -5.179167e-03 1.759305e-01
7.878788e-01 4.242424e-01 1.690353e-01 -5.178779e-03 1.742140e-01
7.979798e-01 4.242424e-01 1.673364e-01 -5.174220e-03 1.725106e-01
8.080808e-01 4.242424e-01 1.656547e-01 -5.174786e-03 1.708294e-01
8.181818e-01 4.242424e-01 1.639898e-01 -5.176663e-03 1.691665e-01
8.282828e-01 4.242424e-01 1.623417e-01 -5.173624e-03 1.675153e-01
8.383838e-01 4.242424e-01 1.607101e-01 -5.175889e-03 1.658860e-01
8.484848e-01 4.242424e-01 1.590950e-01 -5.170316e-03 1.642653e-01
8.585859e-01 4.242424e-01 1.574960e-01 -5.174577e-03 1.626706e-01
8.686869e-01 4.242424e-01 1.559132e-01 -5.177259e-03 1.610904e-01
8.787879e-01 4.242424e-01 1.543462e-01 -5.175263e-03 1.595215e-01
8.888889e-01 4.242424e-01 1.527950e-01 -5.179077e-03 1.579741e-01
8.989899e-01 4.242424e-01 1.512594e-01 -5.180746e-03 1.564401e-01
9.090909e-01 4.242424e-01 1.497392e-01 -5.176544e-03 1.549158e-01
9.191919e-01 4.242424e-01 1.482343e-01 -5.174696e-03 1.534090e-01
9.292929e-01 4.242424e-01 1.467445e-01 -5.175173e-03 1.519197e-01
9.393939e-01 4.242424e-01 1.452697e-01 -5.180240e-03 1.504500e-01
9.494949e-01 4.242424e-01 1.438097e-01 -5.175054e-03 1.489848e-01
9.595960e-01 4.242424e-01 1.423644e-01 -5.181104e-03 1.475455e-01
9.696970e-01 4.242424e-01 1.409336e-01 -5.179375e-03 1.461130e-01
9.797980e-01 4.242424e-01 1.395172e-01 -5.174577e-03 1.446918e-01
9.898990e-01 4.242424e-01 1.381151e-01 -5.175442e-03 1.432905e-01
1.000000e+00 4.242424e-01 1.367270e-01 -5.175620e-03 1.419026e-01
0.000000e+00 4.343434e-01 -5.136774e-01 -5.174369e-03 5.085030e-01
1.010101e-02 4.343434e-01 -5.085148e-01 -5.171776e-03 5.033431e-01
2.020202e-02 4.343434e-01 -5.034042e-01 -5.174369e-03 4.982298e-01
3.030303e-02 4.343434e-01 -4.983449e-01 -5.178332e-03 4.931666e-01
4.040404e-02 4.343434e-01 -4.933364e-01 -5.181015e-03 4.881554e-01
5.050505e-02 4.343434e-01 -4.883783e-01 -5.177468e-03 4.832009e-01
6.060606e-02 4.343434e-01 -4.834700e-01 -5.175263e-03 4.782948e-01
7.070707e-02 4.343434e-01 -4.786111e-01 -5.169868e-03 4.734412e-01
8.080808e-02 4.343434e-01 -4.738010e-01 -5.182177e-03 4.686188e-01
9.090909e-02 4.343434e-01 -4.690392e-01 -5.184561e-03 4.638546e-01
1.010101e-01 4.343434e-01 -4.643253e-01 -5.176991e-03 4.591483e-01
1.111111e-01 4.343434e-01 -4.596587e-01 -5.173147e-03 4.544856e-01
1.212121e-01 4.343434e-01 -4.550391e-01 -5.180448e-03 4.498586e-01
1.313131e-01 4.343434e-01 -4.504659e-01 -5.173683e-03 4.452922e-01
1.414141e-01 4.343434e-01 -4.459386e-01 -5.170047e-03 4.407686e-01
1.515152e-01 4.343434e-01 -4.414568e-01 -5.176663e-03 4.362802e-01
1.616162e-01 4.343434e-01 -4.370201e-01 -5.180180e-03 4.318400e-01
1.717172e-01 4.343434e-01 -4.326280e-01 -5.179644e-03 4.274484e-01
1.818182e-01 4.343434e-01 -4.282800e-01 -5.175710e-03 4.231043e-01
1.919192e-01 4.343434e-01 -4.239757e-01 -5.178601e-03 4.187971e-01
2.020202e-01 4.343434e-01 -4.197147e-01 -5.179286e-03 4.145354e-01
2.121212e-01 4.343434e-01 -4.154965e-01 -5.172849e-03 4.103237e-01
2.222222e-01 4.343434e-01 -4.113207e-01 -5.180627e-03 4.061401e-01
2.323232e-01 4.343434e-01 -4.071869e-01 -5.178720e-03 4.020081e-01
2.424242e-01 4.343434e-01 -4.030946e-01 -5.175412e-03 3.979192e-01
2.525253e-01 4.343434e-01 -3.990434e-01 -5.182475e-03 3.938609e-01
2.626263e-01 4.343434e-01 -3.950329e-01 -5.178422e-03 3.898545e-01
2.727273e-01 4.343434e-01 -3.910628e-01 -5.177557e-03 3.858852e-01
2.828283e-01 4.343434e-01 -3.871326e-01 -5.179852e-03 3.819527e-01
2.929293e-01 4.343434e-01 -3.832418e-01 -5.177438e-03 3.780644e-01
3.030303e-01 4.343434e-01 -3.793902e-01 -5.178630e-03 3.742115e-01
3.131313e-01 4.343434e-01 -3.755772e-01 -5.175143e-03 3.704021e-01
3.232323e-01 4.343434e-01 -3.718026e-01 -5.181432e-03 3.666212e-01
3.333333e-01 4.343434e-01 -3.680659e-01 -5.179077e-03 3.628869e-01
3.434343e-01 4.343434e-01 -3.643668e-01 -5.181074e-03 3.591857e-01
3.535354e-01 4.343434e-01 -3.607049e-01 -5.176187e-03 3.555287e-01
3.636364e-01 4.343434e-01 -3.570797e-01 -5.174458e-03 3.519053e-01
3.737374e-01 4.343434e-01 -3.534910e-01 -5.184472e-03 3.483065e-01
3.838384e-01 4.343434e-01 -3.499384e-01 -5.172968e-03 3.447654e-01
3.939394e-01 4.343434e-01 -3.464214e-01 -5.180299e-03 3.412411e-01
4.040404e-01 4.343434e-01 -3.429398e-01 -5.173922e-03 3.377659e-01
4.141414e-01 4.343434e-01 -3.394932e-01 -5.178452e-03 3.343148e-01
4.242424e-01 4.343434e-01 -3.360813e-01 -5.180091e-03 3.309012e-01
4.343434e-01 4.343434e-01 -3.327036e-01 -5.174875e-03 3.275287e-01
4.444444e-01 4.343434e-01 -3.293599e-01 -5.177259e-03 3.241826e-01
4.545455e-01 4.343434e-01 -3.260497e-01 -5.173981e-03 3.208758e-01
4.646465e-01 4.343434e-01 -3.227729e-01 -5.180866e-03 3.175920e-01
4.747475e-01 4.343434e-01 -3.195290e-01 -5.185902e-03 3.143431e-01
4.848485e-01 4.343434e-01 -3.163177e-01 -5.177885e-03 3.111398e-01
4.949495e-01 4.343434e-01 -3.131386e-01 -5.171895e-03 3.079667e-01
5.050505e-01 4.343434e-01 -3.099915e-01 -5.173564e-03 3.048179e-01
5.151515e-01 4.343434e-01 -3.068760e-01 -5.177557e-03 3.016985e-01
5.252525e-01 4.343434e-01 -3.037919e-01 -5.176783e-03 2.986151e-01
5.353535e-01 4.343434e-01 -3.007387e-01 -5.182177e-03 2.955566e-01
5.454545e-01 4.343434e-01 -2.977163e-01 -5.179405e-03 2.925369e-01
5.555556e-01 4.343434e-01 -2.947242e-01 -5.177677e-03 2.895465e-01
5.656566e-01 4.343434e-01 -2.917621e-01 -5.172968e-03 2.865892e-01
5.757576e-01 4.343434e-01 -2.888299e-01 -5.173236e-03 2.836566e-01
5.858586e-01 4.343434e-01 -2.859271e-01 -5.183220e-03 2.807439e-01
5.959596e-01 4.343434e-01 -2.830535e-01 -5.176127e-03 2.778773e-01
6.060606e-01 4.343434e-01 -2.802087e-01 -5.174130e-03 2.750346e-01
6.161616e-01 4.343434e-01 -2.773926e-01 -5.176216e-03 2.722164e-01
6.262626e-01 4.343434e-01 -2.746048e-01 -5.180448e-03 2.694243e-01
6.363636e-01 4.343434e-01 -2.718449e-01 -5.181402e-03 2.666635e-01
6.464646e-01 4.343434e-01 -2.691128e-01 -5.179912e-03 2.639329e-01
6.565657e-01 4.343434e-01 -2.664082e-01 -5.174935e-03 2.612333e-01
6.666667e-01 4.343434e-01 -2.637308e-01 -5.176216e-03 2.585546e-01
6.767677e-01 4.343434e-01 -2.610802e-01 -5.175382e-03 2.559048e-01
6.868687e-01 4.343434e-01 -2.584563e-01 -5.180001e-03 2.532763e-01
6.969697e-01 4.343434e-01 -2.558588e-01 -5.177617e-03 2.506812e-01
7.070707e-01 4.343434e-01 -2.532874e-01 -5.175978e-03 2.481114e-01
7.171717e-01 4.343434e-01 -2.507418e-01 -5.179286e-03 2.455625e-01
7.272727e-01 4.343434e-01 -2.482218e-01 -5.180895e-03 2.430409e-01
7.373737e-01 4.343434e-01 -2.457271e-01 -5.175889e-03 2.405512e-01
7.474747e-01 4.343434e-01 -2.432575e-01 -5.175769e-03 2.380818e-01
7.575758e-01 4.343434e-01 -2.408128e-01 -5.180061e-03 2.356327e-01
7.676768e-01 4.343434e-01 -2.383925e-01 -5.173266e-03 2.332193e-01
7.777778e-01 4.343434e-01 -2.359967e-01 -5.177200e-03 2.308195e-01
7.878788e-01 4.343434e-01 -2.336249e-01 -5.175322e-03 2.284495e-01
7.979798e-01 4.343434e-01 -2.312769e-01 -5.181164e-03 2.260957e-01
8.080808e-01 4.343434e-01 -2.289525e-01 -5.180329e-03 2.237722e-01
8.181818e-01 4.343434e-01 -2.266515e-01 -5.174547e-03 2.214770e-01
8.282828e-01 4.343434e-01 -2.243736e-01 -5.177736e-03 2.191959e-01
8.383838e-01 4.343434e-01 -2.221186e-01 -5.177379e-03 2.169412e-01
8.484848e-01 4.343434e-01 -2.198863e-01 -5.181372e-03 2.147049e-01
8.585859e-01 4.343434e-01 -2.176764e-01 -5.175352e-03 2.125011e-01
8.686869e-01 4.343434e-01 -2.154887e-01 -5.178601e-03 2.103101e-01
8.787879e-01 4.343434e-01 -2.133230e-01 -5.175531e-03 2.081475e-01
8.888889e-01 4.343434e-01 -2.111791e-01 -5.181164e-03 2.059979e-01
8.989899e-01 4.343434e-01 -2.090567e-01 -5.181730e-03 2.038750e-01
9.090909e-01 4.343434e-01 -2.069556e-01 -5.177259e-03 2.017784e-01
9.191919e-01 4.343434e-01 -2.048757e-01 -5.179882e-03 1.996958e-01
9.292929e-01 4.343434e-01 -2.028167e-01 -5.180061e-03 1.976366e-01
9.393939e-01 4.343434e-01 -2.007783e-01 -5.186468e-03 1.955919e-01
9.494949e-01 4.343434e-01 -1.987605e-01 -5.181968e-03 1.935785e-01
9.595960e-01 4.343434e-01 -1.967629e-01 -5.176902e-03 1.915860e-01
9.696970e-01 4.343434e-01 -1.947854e-01 -5.178243e-03 1.896072e-01
9.797980e-01 4.343434e-01 -1.928278e-01 -5.175263e-03 1.876525e-01
9.898990e-01 4.343434e-01 -1.908898e-01 -5.172640e-03 1.857172e-01
1.000000e+00 4.343434e-01 -1.889714e-01 -5.176038e-03 1.837953e-01
0.000000e+00 4.444444e-01 6.427876e-01 -5.172670e-03 6.479603e-01
1.010101e-02 4.444444e-01 6.363275e-01 -5.175114e-03 6.415026e-01
2.020202e-02 4.444444e-01 6.299323e-01 -5.173564e-03 6.351059e-01
3.030303e-02 4.444444e-01 6.236014e-01 -5.179167e-03 6.287805e-01
4.040404e-02 4.444444e-01 6.173341e-01 -5.176961e-03 6.225110e-01
5.050505e-02 4.444444e-01 6.111298e-01 -5.175918e-03 6.163057e-01
6.060606e-02 4.444444e-01 6.049878e-01 -5.182296e-03 6.101701e-01
7.070707e-02 4.444444e-01 5.989076e-01 -5.176216e-03 6.040838e-01
8.080808e-02 4.444444e-01 5.928885e-01 -5.175948e-03 5.980644e-01
9.090909e-02 4.444444e-01 5.869298e-01 -5.177319e-03 5.921071e-01
1.010101e-01 4.444444e-01 5.810311e-01 -5.176187e-03 5.862073e-01
1.111111e-01 4.444444e-01 5.751916e-01 -5.179793e-03 5.803714e-01
1.212121e-01 4.444444e-01 5.694109e-01 -5.179107e-03 5.745900e-01
1.313131e-01 4.444444e-01 5.636882e-01 -5.175948e-03 5.688641e-01
1.414141e-01 4.444444e-01 5.580230e-01 -5.173385e-03 5.631964e-01
1.515152e-01 4.444444e-01 5.524148e-01 -5.180508e-03 5.575953e-01
1.616162e-01 4.444444e-01 5.468629e-01 -5.177766e-03 5.520407e-01
1.717172e-01 4.444444e-01 5.413669e-01 -5.183011e-03 5.465499e-01
1.818182e-01 4.444444e-01 5.359260e-01 -5.175650e-03 5.411017e-01
1.919192e-01 4.444444e-01 5.305399e-01 -5.178154e-03 5.357181e-01
2.020202e-01 4.444444e-01 5.252079e-01 -5.183816e-03 5.303917e-01
2.121212e-01 4.444444e-01 5.199295e-01 -5.175352e-03 5.251048e-01
2.222222e-01 4.444444e-01 5.147041e-01 -5.173773e-03 5.198779e-01
2.323232e-01 4.444444e-01 5.095312e-01 -5.175948e-03 5.147072e-01
2.424242e-01 4.444444e-01 5.044103e-01 -5.179435e-03 5.095898e-01
2.525253e-01 4.444444e-01 4.993409e-01 -5.177200e-03 5.045181e-01
2.626263e-01 4.444444e-01 4.943225e-01 -5.176961e-03 4.994994e-01
2.727273e-01 4.444444e-01 4.893545e-01 -5.172193e-03 4.945266e-01
2.828283e-01 4.444444e-01 4.844364e-01 -5.171925e-03 4.896083e-01
2.929293e-01 4.444444e-01 4.795677e-01 -5.179942e-03 4.847476e-01
3.030303e-01 4.444444e-01 4.747480e-01 -5.178392e-03 4.799264e-01
3.131313e-01 4.444444e-01 4.699767e-01 -5.180031e-03 4.751567e-01
3.232323e-01 4.444444e-01 4.652533e-01 -5.178899e-03 4.704322e-01
3.333333e-01 4.444444e-01 4.605774e-01 -5.172282e-03 4.657497e-01
3.434343e-01 4.444444e-01 4.559486e-01 -5.169868e-03 4.611184e-01
3.535354e-01 4.444444e-01 4.513662e-01 -5.176038e-03 4.565422e-01
3.636364e-01 4.444444e-01 4.468299e-01 -5.176038e-03 4.520059e-01
3.737374e-01 4.444444e-01 4.423392e-01 -5.182624e-03 4.475218e-01
3.838384e-01 4.444444e-01 4.378936e-01 -5.173802e-03 4.430674e-01
3.939394e-01 4.444444e-01 4.334927e-01 -5.177826e-03 4.386705e-01
4.040404e-01 4.444444e-01 4.291360e-01 -5.169481e-03 4.343055e-01
4.141414e-01 4.444444e-01 4.248231e-01 -5.170912e-03 4.299941e-01
4.242424e-01 4.444444e-01 4.205536e-01 -5.181968e-03 4.257356e-01
4.343434e-01 4.444444e-01 4.163270e-01 -5.172431e-03 4.214994e-01
4.444444e-01 4.444444e-01 4.121428e-01 -5.180001e-03 4.173228e-01
4.545455e-01 4.444444e-01 4.080007e-01 -5.185843e-03 4.131865e-01
4.646465e-01 4.444444e-01 4.039002e-01 -5.178034e-03 4.090783e-01
4.747475e-01 4.444444e-01 3.998410e-01 -5.175859e-03 4.050168e-01
4.848485e-01 4.444444e-01 3.958225e-01 -5.180120e-03 4.010026e-01
4.949495e-01 4.444444e-01 3.918444e-01 -5.180597e-03 3.970250e-01
5.050505e-01 4.444444e-01 3.879063e-01 -5.179107e-03 3.930854e-01
5.151515e-01 4.444444e-01 3.840078e-01 -5.174905e-03 3.891827e-01
5.252525e-01 4.444444e-01 3.801484e-01 -5.176008e-03 3.853245e-01
5.353535e-01 4.444444e-01 3.763279e-01 -5.171806e-03 3.814997e-01
5.454545e-01 4.444444e-01 3.725457e-01 -5.177826e-03 3.777236e-01
5.555556e-01 4.444444e-01 3.688016e-01 -5.176365e-03 3.739780e-01
5.656566e-01 4.444444e-01 3.650951e-01 -5.174398e-03 3.702695e-01
5.757576e-01 4.444444e-01 3.614258e-01 -5.176008e-03 3.666018e-01
5.858586e-01 4.444444e-01 3.577934e-01 -5.176902e-03 3.629703e-01
5.959596e-01 4.444444e-01 3.541975e-01 -5.178064e-03 3.593756e-01
6.060606e-01 4.444444e-01 3.506378e-01 -5.174577e-03 3.558124e-01
6.161616e-01 4.444444e-01 3.471138e-01 -5.162507e-03 3.522763e-01
6.262626e-01 4.444444e-01 3.436253e-01 -5.181640e-03 3.488069e-01
6.363636e-01 4.444444e-01 3.401718e-01 -5.170792e-03 3.453426e-01
6.464646e-01 4.444444e-01 3.367530e-01 -5.181104e-03 3.419341e-01
6.565657e-01 4.444444e-01 3.333686e-01 -5.179167e-03 3.385477e-01
6.666667e-01 4.444444e-01 3.300182e-01 -5.174875e-03 3.351930e-01
6.767677e-01 4.444444e-01 3.267014e-01 -5.175322e-03 3.318767e-01
6.868687e-01 4.444444e-01 3.234180e-01 -5.174756e-03 3.285928e-01
6.969697e-01 4.444444e-01 3.201676e-01 -5.179077e-03 3.253467e-01
7.070707e-01 4.444444e-01 3.169499e-01 -5.181611e-03 3.221315e-01
7.171717e-01 4.444444e-01 3.137645e-01 -5.172700e-03 3.189372e-01
7.272727e-01 4.444444e-01 3.106111e-01 -5.175114e-03 3.157862e-01
7.373737e-01 4.444444e-01 3.074894e-01 -5.174249e-03 3.126637e-01
7.474747e-01 4.444444e-01 3.043991e-01 -5.174875e-03 3.095740e-01
7.575758e-01 4.444444e-01 3.013398e-01 -5.181074e-03 3.065209e-01
7.676768e-01 4.444444e-01 2.983113e-01 -5.180240e-03 3.034915e-01
7.777778e-01 4.444444e-01 2.953132e-01 -5.175114e-03 3.004883e-01
7.878788e-01 4.444444e-01 2.923453e-01 -5.174577e-03 2.975199e-01
7.979798e-01 4.444444e-01 2.894072e-01 -5.181044e-03 2.945882e-01
8.080808e-01 4.444444e-01 2.864986e-01 -5.173683e-03 2.916723e-01
8.181818e-01 4.444444e-01 2.836192e-01 -5.176306e-03 2.887955e-01
8.282828e-01 4.444444e-01 2.807688e-01 -5.171806e-03 2.859406e-01
8.383838e-01 4.444444e-01 2.779470e-01 -5.181104e-03 2.831281e-01
8.484848e-01 4.444444e-01 2.751536e-01 -5.178630e-03 2.803322e-01
8.585859e-01 4.444444e-01 2.723883e-01 -5.176932e-03 2.775652e-01
8.686869e-01 4.444444e-01 2.696507e-01 -5.181909e-03 2.748326e-01
8.787879e-01 4.444444e-01 2.669407e-01 -5.172938e-03 2.721136e-01
8.888889e-01 4.444444e-01 2.642579e-01 -5.174130e-03 2.694320e-01
8.989899e-01 4.444444e-01 2.616021e-01 -5.180091e-03 2.667821e-01
9.090909e-01 4.444444e-01 2.589729e-01 -5.179644e-03 2.641526e-01
9.191919e-01 4.444444e-01 2.563702e-01 -5.175710e-03 2.615459e-01
9.292929e-01 4.444444e-01 2.537936e-01 -5.185485e-03 2.589791e-01
9.393939e-01 4.444444e-01 2.512430e-01 -5.166709e-03 2.564097e-01
9.494949e-01 4.444444e-01 2.487179e-01 -5.185783e-03 2.539037e-01
9.595960e-01 4.444444e-01 2.462183e-01 -5.180359e-03 2.513986e-01
9.696970e-01 4.444444e-01 2.437437e-01 -5.179822e-03 2.489236e-01
9.797980e-01 4.444444e-01 2.412941e-01 -5.177855e-03 2.464719e-01
9.898990e-01 4.444444e-01 2.388690e-01 -5.173594e-03 2.440426e-01
1.000000e+00 4.444444e-01 2.364683e-01 -5.170852e-03 2.416392e-01
0.000000e+00 4.545455e-01 -7.557496e-01 -5.173445e-03 7.505761e-01
1.010101e-02 4.545455e-01 -7.481542e-01 -5.177528e-03 7.429766e-01
2.020202e-02 4.545455e-01 -7.406351e-01 -5.179256e-03 7.354558e-01
3.030303e-02 4.545455e-01 -7.331916e-01 -5.178809e-03 7.280128e-01
4.040404e-02 4.545455e-01 -7.258229e-01 -5.183220e-03 7.206397e-01
5.050505e-02 4.545455e-01 -7.185282e-01 -5.176932e-03 7.133513e-01
6.060606e-02 4.545455e-01 -7.113069e-01 -5.175889e-03 7.061310e-01
7.070707e-02 4.545455e-01 -7.041582e-01 -5.177855e-03 6.989803e-01
8.080808e-02 4.545455e-01 -6.970813e-01 -5.173445e-03 6.919078e-01
9.090909e-02 4.545455e-01 -6.900755e-01 -5.179256e-03 6.848962e-01
1.010101e-01 4.545455e-01 -6.831401e-01 -5.176932e-03 6.779632e-01
1.111111e-01 4.545455e-01 -6.762744e-01 -5.177945e-03 6.710965e-01
1.212121e-01 4.545455e-01 -6.694778e-01 -5.178034e-03 6.642997e-01
1.313131e-01 4.545455e-01 -6.627494e-01 -5.177140e-03 6.575723e-01
1.414141e-01 4.545455e-01 -6.560887e-01 -5.179644e-03 6.509090e-01
1.515152e-01 4.545455e-01 -6.494949e-01 -5.178124e-03 6.443167e-01
1.616162e-01 4.545455e-01 -6.429673e-01 -5.175769e-03 6.377916e-01
1.717172e-01 4.545455e-01 -6.365054e-01 -5.173057e-03 6.313323e-01
1.818182e-01 4.545455e-01 -6.301084e-01 -5.181819e-03 6.249266e-01
1.919192e-01 4.545455e-01 -6.237757e-01 -5.170822e-03 6.186049e-01
2.020202e-01 4.545455e-01 -6.175067e-01 -5.176872e-03 6.123298e-01
2.121212e-01 4.545455e-01 -6.113006e-01 -5.178869e-03 6.061218e-01
2.222222e-01 4.545455e-01 -6.051570e-01 -5.172729e-03 5.999842e-01
2.323232e-01 4.545455e-01 -5.990750e-01 -5.179882e-03 5.938951e-01
2.424242e-01 4.545455e-01 -5.930542e-01 -5.178750e-03 5.878755e-01
2.525253e-01 4.545455e-01 -5.870939e-01 -5.171359e-03 5.819226e-01
2.626263e-01 4.545455e-01 -5.811935e-01 -5.181789e-03 5.760117e-01
2.727273e-01 4.545455e-01 -5.753524e-01 -5.179733e-03 5.701727e-01
2.828283e-01 4.545455e-01 -5.695701e-01 -5.181521e-03 5.643885e-01
2.929293e-01 4.545455e-01 -5.638458e-01 -5.166531e-03 5.586793e-01
3.030303e-01 4.545455e-01 -5.581790e-01 -5.174279e-03 5.530048e-01
3.131313e-01 4.545455e-01 -5.525692e-01 -5.179673e-03 5.473896e-01
3.232323e-01 4.545455e-01 -5.470158e-01 -5.180210e-03 5.418356e-01
3.333333e-01 4.545455e-01 -5.415182e-01 -5.178958e-03 5.363393e-01
3.434343e-01 4.545455e-01 -5.360759e-01 -5.170822e-03 5.309051e-01
3.535354e-01 4.545455e-01 -5.306882e-01 -5.175680e-03 5.255126e-01
3.636364e-01 4.545455e-01 -5.253547e-01 -5.178928e-03 5.201758e-01
3.737374e-01 4.545455e-01 -5.200748e-01 -5.179465e-03 5.148954e-01
3.838384e-01 4.545455e-01 -5.148480e-01 -5.176425e-03 5.096716e-01
3.939394e-01 4.545455e-01 -5.096737e-01 -5.179018e-03 5.044947e-01
4.040404e-01 4.545455e-01 -5.045514e-01 -5.176663e-03 4.993747e-01
4.141414e-01 4.545455e-01 -4.994805e-01 -5.172670e-03 4.943079e-01
4.242424e-01 4.545455e-01 -4.944607e-01 -5.181938e-03 4.892787e-01
4.343434e-01 4.545455e-01 -4.894913e-01 -5.174279e-03 4.843170e-01
4.444444e-01 4.545455e-01 -4.845718e-01 -5.170166e-03 4.794016e-01
4.545455e-01 4.545455e-01 -4.797018e-01 -5.180746e-03 4.745210e-01
4.646465e-01 4.545455e-01 -4.748807e-01 -5.176395e-03 4.697043e-01
4.747475e-01 4.545455e-01 -4.701081e-01 -5.178362e-03 4.649297e-01
4.848485e-01 4.545455e-01 -4.653834e-01 -5.181909e-03 4.602015e-01
4.949495e-01 4.545455e-01 -4.607062e-01 -5.181849e-03 4.555244e-01
5.050505e-01 4.545455e-01 -4.560760e-01 -5.178183e-03 4.508979e-01
5.151515e-01 4.545455e-01 -4.514924e-01 -5.157620e-03 4.463348e-01
5.252525e-01 4.545455e-01 -4.469548e-01 -5.179048e-03 4.417758e-01
5.353535e-01 4.545455e-01 -4.424629e-01 -5.177259e-03 4.372856e-01
5.454545e-01 4.545455e-01 -4.380160e-01 -5.178273e-03 4.328378e-01
5.555556e-01 4.545455e-01 -4.336139e-01 -5.173981e-03 4.284399e-01
5.656566e-01 4.545455e-01 -4.292560e-01 -5.178839e-03 4.240772e-01
5.757576e-01 4.545455e-01 -4.249419e-01 -5.177706e-03 4.197642e-01
5.858586e-01 4.545455e-01 -4.206712e-01 -5.174309e-03 4.154969e-01
5.959596e-01 4.545455e-01 -4.164434e-01 -5.178273e-03 4.112651e-01
6.060606e-01 4.545455e-01 -4.122580e-01 -5.176574e-03 4.070815e-01
6.161616e-01 4.545455e-01 -4.081148e-01 -5.173326e-03 4.029415e-01
6.262626e-01 4.545455e-01 -4.040132e-01 -5.177587e-03 3.988356e-01
6.363636e-01 4.545455e-01 -3.999528e-01 -5.171001e-03 3.947818e-01
6.464646e-01 4.545455e-01 -3.959332e-01 -5.178452e-03 3.907547e-01
6.565657e-01 4.545455e-01 -3.919540e-01 -5.181581e-03 3.867724e-01
6.666667e-01 4.545455e-01 -3.880148e-01 -5.178541e-03 3.828362e-01
6.767677e-01 4.545455e-01 -3.841152e-01 -5.179137e-03 3.789360e-01
6.868687e-01 4.545455e-01 -3.802547e-01 -5.185097e-03 3.750696e-01
6.969697e-01 4.545455e-01 -3.764331e-01 -5.177796e-03 3.712553e-01
7.070707e-01 4.545455e-01 -3.726499e-01 -5.177230e-03 3.674727e-01
7.171717e-01 4.545455e-01 -3.689047e-01 -5.169332e-03 3.637354e-01
7.272727e-01 4.545455e-01 -3.651971e-01 -5.172789e-03 3.600244e-01
7.373737e-01 4.545455e-01 -3.615269e-01 -5.180299e-03 3.563466e-01
7.474747e-01 4.545455e-01 -3.578935e-01 -5.178273e-03 3.527152e-01
7.575758e-01 4.545455e-01 -3.542966e-01 -5.180955e-03 3.491156e-01
7.676768e-01 4.545455e-01 -3.507358e-01 -5.169004e-03 3.455668e-01
7.777778e-01 4.545455e-01 -3.472109e-01 -5.177081e-03 3.420338e-01
7.878788e-01 4.545455e-01 -3.437213e-01 -5.178630e-03 3.385427e-01
7.979798e-01 4.545455e-01 -3.402669e-01 -5.177438e-03 3.350894e-01
8.080808e-01 4.545455e-01 -3.368471e-01 -5.177081e-03 3.316701e-01
8.181818e-01 4.545455e-01 -3.334618e-01 -5.188912e-03 3.282729e-01
8.282828e-01 4.545455e-01 -3.301104e-01 -5.177319e-03 3.249331e-01
8.383838e-01 4.545455e-01 -3.267928e-01 -5.175531e-03 3.216172e-01
8.484848e-01 4.545455e-01 -3.235084e-01 -5.174696e-03 3.183337e-01
8.585859e-01 4.545455e-01 -3.202571e-01 -5.178958e-03 3.150782e-01
8.686869e-01 4.545455e-01 -3.170385e-01 -5.173534e-03 3.118650e-01
8.787879e-01 4.545455e-01 -3.138522e-01 -5.178750e-03 3.086735e-01
8.888889e-01 4.545455e-01 -3.106979e-01 -5.176842e-03 3.055211e-01
8.989899e-01 4.545455e-01 -3.075754e-01 -5.174816e-03 3.024006e-01
9.090909e-01 4.545455e-01 -3.044842e-01 -5.177677e-03 2.993065e-01
9.191919e-01 4.545455e-01 -3.014241e-01 -5.178005e-03 2.962461e-01
9.292929e-01 4.545455e-01 -2.983947e-01 -5.181670e-03 2.932130e-01
9.393939e-01 4.545455e-01 -2.953958e-01 -5.174756e-03 2.902210e-01
9.494949e-01 4.545455e-01 -2.924270e-01 -5.174756e-03 2.872523e-01
9.595960e-01 4.545455e-01 -2.894881e-01 -5.178571e-03 2.843095e-01
9.696970e-01 4.545455e-01 -2.865787e-01 -5.172312e-03 2.814064e-01
9.797980e-01 4.545455e-01 -2.836985e-01 -5.179137e-03 2.785194e-01
9.898990e-01 4.545455e-01 -2.808473e-01 -5.176306e-03 2.756710e-01
1.000000e+00 4.545455e-01 -2.780247e-01 -5.174577e-03 2.728502e-01
0.000000e+00 4.646465e-01 8.497254e-01 -5.177557e-03 8.549030e-01
1.010101e-02 4.646465e-01 8.411855e-01 -5.183399e-03 8.463689e-01
2.020202e-02 4.646465e-01 8.327315e-01 -5.178511e-03 8.379100e-01
3.030303e-02 4.646465e-01 8.243624e-01 -5.175173e-03 8.295376e-01
4.040404e-02 4.646465e-01 8.160774e-01 -5.180627e-03 8.212581e-01
5.050505e-02 4.646465e-01 8.078757e-01 -5.180001e-03 8.130557e-01
6.060606e-02 4.646465e-01 7.997564e-01 -5.176425e-03 8.049329e-01
7.070707e-02 4.646465e-01 7.917187e-01 -5.173236e-03 7.968920e-01
8.080808e-02 4.646465e-01 7.837618e-01 -5.171925e-03 7.889338e-01
9.090909e-02 4.646465e-01 7.758849e-01 -5.173624e-03 7.810585e-01
1.010101e-01 4.646465e-01 7.680871e-01 -5.180508e-03 7.732676e-01
1.111111e-01 4.646465e-01 7.603677e-01 -5.181134e-03 7.655489e-01
1.212121e-01 4.646465e-01 7.527259e-01 -5.169392e-03 7.578953e-01
1.313131e-01 4.646465e-01 7.451609e-01 -5.183160e-03 7.503440e-01
1.414141e-01 4.646465e-01 7.376719e-01 -5.174816e-03 7.428467e-01
1.515152e-01 4.646465e-01 7.302582e-01 -5.181402e-03 7.354396e-01
1.616162e-01 4.646465e-01 7.229189e-01 -5.179971e-03 7.280989e-01
1.717172e-01 4.646465e-01 7.156535e-01 -5.170792e-03 7.208243e-01
1.818182e-01 4.646465e-01 7.084611e-01 -5.180925e-03 7.136420e-01
1.919192e-01 4.646465e-01 7.013409e-01 -5.176663e-03 7.065176e-01
2.020202e-01 4.646465e-01 6.942923e-01 -5.176008e-03 6.994683e-01
2.121212e-01 4.646465e-01 6.873146e-01 -5.179256e-03 6.924938e-01
2.222222e-01 4.646465e-01 6.804069e-01 -5.172729e-03 6.855797e-01
2.323232e-01 4.646465e-01 6.735687e-01 -5.175501e-03 6.787442e-01
2.424242e-01 4.646465e-01 6.667993e-01 -5.172402e-03 6.719717e-01
2.525253e-01 4.646465e-01 6.600978e-01 -5.172640e-03 6.652705e-01
2.626263e-01 4.646465e-01 6.534637e-01 -5.181283e-03 6.586450e-01
2.727273e-01 4.646465e-01 6.468963e-01 -5.178034e-03 6.520743e-01
2.828283e-01 4.646465e-01 6.403949e-01 -5.174279e-03 6.455692e-01
2.929293e-01 4.646465e-01 6.339588e-01 -5.178034e-03 6.391368e-01
3.030303e-01 4.646465e-01 6.275874e-01 -5.169094e-03 6.327565e-01
3.131313e-01 4.646465e-01 6.212801e-01 -5.178809e-03 6.264589e-01
3.232323e-01 4.646465e-01 6.150361e-01 -5.177885e-03 6.202140e-01
3.333333e-01 4.646465e-01 6.088549e-01 -5.186498e-03 6.140414e-01
3.434343e-01 4.646465e-01 6.027358e-01 -5.173683e-03 6.079095e-01
3.535354e-01 4.646465e-01 5.966782e-01 -5.177170e-03 6.018554e-01
3.636364e-01 4.646465e-01 5.906815e-01 -5.172729e-03 5.958542e-01
3.737374e-01 4.646465e-01 5.847450e-01 -5.174071e-03 5.899191e-01
3.838384e-01 4.646465e-01 5.788682e-01 -5.176544e-03 5.840448e-01
3.939394e-01 4.646465e-01 5.730505e-01 -5.180836e-03 5.782314e-01
4.040404e-01 4.646465e-01 5.672913e-01 -5.173773e-03 5.724650e-01
4.141414e-01 4.646465e-01 5.615899e-01 -5.175471e-03 5.667654e-01
4.242424e-01 4.646465e-01 5.559458e-01 -5.177885e-03 5.611237e-01
4.343434e-01 4.646465e-01 5.503585e-01 -5.183011e-03 5.555415e-01
4.444444e-01 4.646465e-01 5.448273e-01 -5.179882e-03 5.500072e-01
4.545455e-01 4.646465e-01 5.393517e-01 -5.177110e-03 5.445288e-01
4.646465e-01 4.646465e-01 5.339311e-01 -5.180627e-03 5.391117e-01
4.747475e-01 4.646465e-01 5.285650e-01 -5.172163e-03 5.337372e-01
4.848485e-01 4.646465e-01 5.232528e-01 -5.183041e-03 5.284359e-01
4.949495e-01 4.646465e-01 5.179941e-01 -5.174220e-03 5.231683e-01
5.050505e-01 4.646465e-01 5.127881e-01 -5.186528e-03 5.179747e-01
5.151515e-01 4.646465e-01 5.076345e-01 -5.177200e-03 5.128117e-01
5.252525e-01 4.646465e-01 5.025327e-01 -5.191207e-03 5.077239e-01
5.353535e-01 4.646465e-01 4.974822e-01 -5.179286e-03 5.026615e-01
5.454545e-01 4.646465e-01 4.924824e-01 -5.175978e-03 4.976584e-01
5.555556e-01 4.646465e-01 4.875329e-01 -5.176574e-03 4.927094e-01
5.656566e-01 4.646465e-01 4.826331e-01 -5.178988e-03 4.878121e-01
5.757576e-01 4.646465e-01 4.777825e-01 -5.181998e-03 4.829645e-01
5.858586e-01 4.646465e-01 4.729807e-01 -5.173832e-03 4.781546e-01
5.959596e-01 4.646465e-01 4.682272e-01 -5.178452e-03 4.734057e-01
6.060606e-01 4.646465e-01 4.635215e-01 -5.179524e-03 4.687010e-01
6.161616e-01 4.646465e-01 4.588630e-01 -5.173922e-03 4.640369e-01
6.262626e-01 4.646465e-01 4.542513e-01 -5.177647e-03 4.594290e-01
6.363636e-01 4.646465e-01 4.496860e-01 -5.176544e-03 4.548626e-01
6.464646e-01 4.646465e-01 4.451666e-01 -5.178481e-03 4.503451e-01
6.565657e-01 4.646465e-01 4.406926e-01 -5.181044e-03 4.458737e-01
6.666667e-01 4.646465e-01 4.362636e-01 -5.175829e-03 4.414394e-01
6.767677e-01 4.646465e-01 4.318791e-01 -5.174518e-03 4.370536e-01
6.868687e-01 4.646465e-01 4.275386e-01 -5.179584e-03 4.327182e-01
6.969697e-01 4.646465e-01 4.232418e-01 -5.175084e-03 4.284169e-01
7.070707e-01 4.646465e-01 4.189881e-01 -5.179465e-03 4.241676e-01
7.171717e-01 4.646465e-01 4.147772e-01 -5.178213e-03 4.199554e-01
7.272727e-01 4.646465e-01 4.106086e-01 -5.176753e-03 4.157854e-01
7.373737e-01 4.646465e-01 4.064820e-01 -5.174905e-03 4.116569e-01
7.474747e-01 4.646465e-01 4.023967e-01 -5.171448e-03 4.075682e-01
7.575758e-01 4.646465e-01 3.983526e-01 -5.181342e-03 4.035339e-01
7.676768e-01 4.646465e-01 3.943491e-01 -5.178303e-03 3.995274e-01
7.777778e-01 4.646465e-01 3.903858e-01 -5.177081e-03 3.955629e-01
7.878788e-01 4.646465e-01 3.864624e-01 -5.183667e-03 3.916460e-01
7.979798e-01 4.646465e-01 3.825784e-01 -5.174339e-03 3.877527e-01
8.080808e-01 4.646465e-01 3.787334e-01 -5.177021e-03 3.839104e-01
8.181818e-01 4.646465e-01 3.749270e-01 -5.183876e-03 3.801109e-01
8.282828e-01 4.646465e-01 3.711590e-01 -5.182117e-03 3.763411e-01
8.383838e-01 4.646465e-01 3.674288e-01 -5.173981e-03 3.726027e-01
8.484848e-01 4.646465e-01 3.637360e-01 -5.176306e-03 3.689123e-01
8.585859e-01 4.646465e-01 3.600804e-01 -5.180359e-03 3.652608e-01
8.686869e-01 4.646465e-01 3.564616e-01 -5.177826e-03 3.616394e-01
8.787879e-01 4.646465e-01 3.528791e-01 -5.178094e-03 3.580572e-01
8.888889e-01 4.646465e-01 3.493326e-01 -5.180836e-03 3.545134e-01
8.989899e-01 4.646465e-01 3.458217e-01 -5.177051e-03 3.509988e-01
9.090909e-01 4.646465e-01 3.423462e-01 -5.177975e-03 3.475241e-01
9.191919e-01 4.646465e-01 3.389055e-01 -5.180866e-03 3.440864e-01
9.292929e-01 4.646465e-01 3.354995e-01 -5.177438e-03 3.406769e-01
9.393939e-01 4.646465e-01 3.321276e-01 -5.175680e-03 3.373033e-01
9.494949e-01 4.646465e-01 3.287897e-01 -5.170256e-03 3.339600e-01
9.595960e-01 4.646465e-01 3.254853e-01 -5.179226e-03 3.306645e-01
9.696970e-01 4.646465e-01 3.222141e-01 -5.174547e-03 3.273887e-01
9.797980e-01 4.646465e-01 3.189758e-01 -5.180717e-03 3.241565e-01
9.898990e-01 4.646465e-01 3.157701e-01 -5.177319e-03 3.209474e-01
1.000000e+00 4.646465e-01 3.125965e-01 -5.175650e-03 3.177722e-01
0.000000e+00 4.747475e-01 -9.223543e-01 -5.174488e-03 9.171798e-01
1.010101e-02 4.747475e-01 -9.130845e-01 -5.177230e-03 9.079073e-01
2.020202e-02 4.747475e-01 -9.039078e-01 -5.175591e-03 8.987322e-01
3.030303e-02 4.747475e-01 -8.948234e-01 -5.174339e-03 8.896491e-01
4.040404e-02 4.747475e-01 -8.858303e-01 -5.183309e-03 8.806470e-01
5.050505e-02 4.747475e-01 -8.769275e-01 -5.177081e-03 8.717505e-01
6.060606e-02 4.747475e-01 -8.681143e-01 -5.176842e-03 8.629374e-01
7.070707e-02 4.747475e-01 -8.593896e-01 -5.173326e-03 8.542163e-01
8.080808e-02 4.747475e-01 -8.507526e-01 -5.178183e-03 8.455744e-01
9.090909e-02 4.747475e-01 -8.422024e-01 -5.178809e-03 8.370236e-01
1.010101e-01 4.747475e-01 -8.337381e-01 -5.177498e-03 8.285606e-01
1.111111e-01 4.747475e-01 -8.253589e-01 -5.172879e-03 8.201860e-01
1.212121e-01 4.747475e-01 -8.170639e-01 -5.178958e-03 8.118849e-01
1.313131e-01 4.747475e-01 -8.088523e-01 -5.176604e-03 8.036757e-01
1.414141e-01 4.747475e-01 -8.007232e-01 -5.176067e-03 7.955471e-01
1.515152e-01 4.747475e-01 -7.926758e-01 -5.177408e-03 7.874984e-01
1.616162e-01 4.747475e-01 -7.847092e-01 -5.175114e-03 7.795341e-01
1.717172e-01 4.747475e-01 -7.768228e-01 -5.179852e-03 7.716429e-01
1.818182e-01 4.747475e-01 -7.690156e-01 -5.177498e-03 7.638381e-01
1.919192e-01 4.747475e-01 -7.612868e-01 -5.180746e-03 7.561061e-01
2.020202e-01 4.747475e-01 -7.536358e-01 -5.173326e-03 7.484625e-01
2.121212e-01 4.747475e-01 -7.460616e-01 -5.174458e-03 7.408872e-01
2.222222e-01 4.747475e-01 -7.385636e-01 -5.181730e-03 7.333819e-01
2.323232e-01 4.747475e-01 -7.311409e-01 -5.176395e-03 7.259645e-01
2.424242e-01 4.747475e-01 -7.237928e-01 -5.172759e-03 7.186200e-01
2.525253e-01 4.747475e-01 -7.165186e-01 -5.184472e-03 7.113341e-01
2.626263e-01 4.747475e-01 -7.093174e-01 -5.175173e-03 7.041423e-01
2.727273e-01 4.747475e-01 -7.021887e-01 -5.175710e-03 6.970130e-01
2.828283e-01 4.747475e-01 -6.951316e-01 -5.180985e-03 6.899506e-01
2.929293e-01 4.747475e-01 -6.881454e-01 -5.177021e-03 6.829684e-01
3.030303e-01 4.747475e-01 -6.812294e-01 -5.177081e-03 6.760523e-01
3.131313e-01 4.747475e-01 -6.743829e-01 -5.175889e-03 6.692070e-01
3.232323e-01 4.747475e-01 -6.676053e-01 -5.176306e-03 6.624290e-01
3.333333e-01 4.747475e-01 -6.608957e-01 -5.176753e-03 6.557190e-01
3.434343e-01 4.747475e-01 -6.542536e-01 -5.181074e-03 6.490725e-01
3.535354e-01 4.747475e-01 -6.476783e-01 -5.175769e-03 6.425025e-01
3.636364e-01 4.747475e-01 -6.411690e-01 -5.172670e-03 6.359963e-01
3.737374e-01 4.747475e-01 -6.347251e-01 -5.175143e-03 6.295500e-01
3.838384e-01 4.747475e-01 -6.283460e-01 -5.178392e-03 6.231676e-01
3.939394e-01 4.747475e-01 -6.220311e-01 -5.178928e-03 6.168521e-01
4.040404e-01 4.747475e-01 -6.157795e-01 -5.171001e-03 6.106085e-01
4.141414e-01 4.747475e-01 -6.095909e-01 -5.182683e-03 6.044082e-01
4.242424e-01 4.747475e-01 -6.034644e-01 -5.172491e-03 5.982919e-01
4.343434e-01 4.747475e-01 -5.973994e-01 -5.179763e-03 5.922197e-01
4.444444e-01 4.747475e-01 -5.913955e-01 -5.181491e-03 5.862140e-01
4.545455e-01 4.747475e-01 -5.854519e-01 -5.172521e-03 5.802793e-01
4.646465e-01 4.747475e-01 -5.795680e-01 -5.174190e-03 5.743938e-01
4.747475e-01 4.747475e-01 -5.737432e-01 -5.172908e-03 5.685703e-01
4.848485e-01 4.747475e-01 -5.679770e-01 -5.180717e-03 5.627963e-01
4.949495e-01 4.747475e-01 -5.622687e-01 -5.174637e-03 5.570941e-01
5.050505e-01 4.747475e-01 -5.566178e-01 -5.180418e-03 5.514374e-01
5.151515e-01 4.747475e-01 -5.510237e-01 -5.180746e-03 5.458430e-01
5.252525e-01 4.747475e-01 -5.454859e-01 -5.175114e-03 5.403108e-01
5.353535e-01 4.747475e-01 -5.400036e-01 -5.174518e-03 5.348291e-01
5.454545e-01 4.747475e-01 -5.345765e-01 -5.175829e-03 5.294007e-01
5.555556e-01 4.747475e-01 -5.292039e-01 -5.177021e-03 5.240269e-01
5.656566e-01 4.747475e-01 -5.238853e-01 -5.177915e-03 5.187074e-01
5.757576e-01 4.747475e-01 -5.186202e-01 -5.177259e-03 5.134429e-01
5.858586e-01 4.747475e-01 -5.134080e-01 -5.174339e-03 5.082337e-01
5.959596e-01 4.747475e-01 -5.082482e-01 -5.178601e-03 5.030696e-01
6.060606e-01 4.747475e-01 -5.031402e-01 -5.176455e-03 4.979637e-01
6.161616e-01 4.747475e-01 -4.980835e-01 -5.176723e-03 4.929068e-01
6.262626e-01 4.747475e-01 -4.930777e-01 -5.175769e-03 4.879019e-01
6.363636e-01 4.747475e-01 -4.881222e-01 -5.183965e-03 4.829382e-01
6.464646e-01 4.747475e-01 -4.832165e-01 -5.180240e-03 4.780362e-01
6.565657e-01 4.747475e-01 -4.783601e-01 -5.175650e-03 4.731844e-01
6.666667e-01 4.747475e-01 -4.735525e-01 -5.180597e-03 4.683719e-01
6.767677e-01 4.747475e-01 -4.687932e-01 -5.173594e-03 4.636196e-01
6.868687e-01 4.747475e-01 -4.640818e-01 -5.180299e-03 4.589015e-01
6.969697e-01 4.747475e-01 -4.594177e-01 -5.173624e-03 4.542440e-01
7.070707e-01 4.747475e-01 -4.548004e-01 -5.173832e-03 4.496266e-01
7.171717e-01 4.747475e-01 -4.502296e-01 -5.177736e-03 4.450519e-01
7.272727e-01 4.747475e-01 -4.457047e-01 -5.177468e-03 4.405273e-01
7.373737e-01 4.747475e-01 -4.412253e-01 -5.179465e-03 4.360459e-01
7.474747e-01 4.747475e-01 -4.367909e-01 -5.176276e-03 4.316147e-01
7.575758e-01 4.747475e-01 -4.324011e-01 -5.179524e-03 4.272216e-01
7.676768e-01 4.747475e-01 -4.280554e-01 -5.173713e-03 4.228817e-01
7.777778e-01 4.747475e-01 -4.237534e-01 -5.176067e-03 4.185773e-01
7.878788e-01 4.747475e-01 -4.194946e-01 -5.178124e-03 4.143165e-01
7.979798e-01 4.747475e-01 -4.152786e-01 -5.182028e-03 4.100966e-01
8.080808e-01 4.747475e-01 -4.111050e-01 -5.174518e-03 4.059305e-01
8.181818e-01 4.747475e-01 -4.069733e-01 -5.178809e-03 4.017945e-01
8.282828e-01 4.747475e-01 -4.028832e-01 -5.181491e-03 3.977017e-01
8.383838e-01 4.747475e-01 -3.988341e-01 -5.179286e-03 3.936548e-01
8.484848e-01 4.747475e-01 -3.948258e-01 -5.172312e-03 3.896535e-01
8.585859e-01 4.747475e-01 -3.908577e-01 -5.178213e-03 3.856795e-01
8.686869e-01 4.747475e-01 -3.869295e-01 -5.174309e-03 3.817552e-01
8.787879e-01 4.747475e-01 -3.830408e-01 -5.178273e-03 3.778625e-01
8.888889e-01 4.747475e-01 -3.791912e-01 -5.186111e-03 3.740051e-01
8.989899e-01 4.747475e-01 -3.753803e-01 -5.173087e-03 3.702072e-01
9.090909e-01 4.747475e-01 -3.716076e-01 -5.175889e-03 3.664317e-01
9.191919e-01 4.747475e-01 -3.678729e-01 -5.176753e-03 3.626961e-01
9.292929e-01 4.747475e-01 -3.641757e-01 -5.177349e-03 3.589984e-01
9.393939e-01 4.747475e-01 -3.605157e-01 -5.179316e-03 3.553364e-01
9.494949e-01 4.747475e-01 -3.568924e-01 -5.173951e-03 3.517185e-01
9.595960e-01 4.747475e-01 -3.533056e-01 -5.174398e-03 3.481312e-01
9.696970e-01 4.747475e-01 -3.497548e-01 -5.177081e-03 3.445778e-01
9.797980e-01 4.747475e-01 -3.462397e-01 -5.181819e-03 3.410579e-01
9.898990e-01 4.747475e-01 -3.427600e-01 -5.173117e-03 3.375869e-01
1.000000e+00 4.747475e-01 -3.393152e-01 -5.177766e-03 3.341374e-01
0.000000e+00 4.848485e-01 9.718116e-01 -5.184978e-03 9.769965e-01
1.010101e-02 4.848485e-01 9.620447e-01 -5.181402e-03 9.672261e-01
2.020202e-02 4.848485e-01 9.523760e-01 -5.176693e-03 9.575527e-01
3.030303e-02 4.848485e-01 9.428045e-01 -5.174279e-03 9.479787e-01
4.040404e-02 4.848485e-01 9.333291e-01 -5.181938e-03 9.385111e-01
5.050505e-02 4.848485e-01 9.239490e-01 -5.172282e-03 9.291213e-01
6.060606e-02 4.848485e-01 9.146632e-01 -5.180180e-03 9.198433e-01
7.070707e-02 4.848485e-01 9.054706e-01 -5.178332e-03 9.106490e-01
8.080808e-02 4.848485e-01 8.963705e-01 -5.175173e-03 9.015457e-01
9.090909e-02 4.848485e-01 8.873618e-01 -5.178124e-03 8.925400e-01
1.010101e-01 4.848485e-01 8.784437e-01 -5.176425e-03 8.836201e-01
1.111111e-01 4.848485e-01 8.696152e-01 -5.174875e-03 8.747901e-01
1.212121e-01 4.848485e-01 8.608754e-01 -5.180657e-03 8.660561e-01
1.313131e-01 4.848485e-01 8.522235e-01 -5.174965e-03 8.573984e-01
1.414141e-01 4.848485e-01 8.436585e-01 -5.175531e-03 8.488340e-01
1.515152e-01 4.848485e-01 8.351796e-01 -5.174428e-03 8.403540e-01
1.616162e-01 4.848485e-01 8.267859e-01 -5.172491e-03 8.319584e-01
1.717172e-01 4.848485e-01 8.184766e-01 -5.181998e-03 8.236586e-01
1.818182e-01 4.848485e-01 8.102507e-01 -5.178630e-03 8.154294e-01
1.919192e-01 4.848485e-01 8.021076e-01 -5.180150e-03 8.072877e-01
2.020202e-01 4.848485e-01 7.940463e-01 -5.175620e-03 7.992219e-01
2.121212e-01 4.848485e-01 7.860660e-01 -5.175710e-03 7.912417e-01
2.222222e-01 4.848485e-01 7.781659e-01 -5.176932e-03 7.833428e-01
2.323232e-01 4.848485e-01 7.703452e-01 -5.180955e-03 7.755261e-01
2.424242e-01 4.848485e-01 7.626031e-01 -5.182654e-03 7.677857e-01
2.525253e-01 4.848485e-01 7.549388e-01 -5.177826e-03 7.601166e-01
2.626263e-01 4.848485e-01 7.473515e-01 -5.179197e-03 7.525307e-01
2.727273e-01 4.848485e-01 7.398405e-01 -5.175143e-03 7.450157e-01
2.828283e-01 4.848485e-01 7.324050e-01 -5.180538e-03 7.375855e-01
2.929293e-01 4.848485e-01 7.250442e-01 -5.183488e-03 7.302277e-01
3.030303e-01 4.848485e-01 7.177574e-01 -5.178928e-03 7.229363e-01
3.131313e-01 4.848485e-01 7.105438e-01 -5.174756e-03 7.157186e-01
3.232323e-01 4.848485e-01 7.034027e-01 -5.178422e-03 7.085812e-01
3.333333e-01 4.848485e-01 6.963334e-01 -5.172670e-03 7.015061e-01
3.434343e-01 4.848485e-01 6.893352e-01 -5.183131e-03 6.945183e-01
3.535354e-01 4.848485e-01 6.824072e-01 -5.184740e-03 6.875920e-01
3.636364e-01 4.848485e-01 6.755489e-01 -5.175114e-03 6.807240e-01
3.737374e-01 4.848485e-01 6.687595e-01 -5.179048e-03 6.739386e-01
3.838384e-01 4.848485e-01 6.620384e-01 -5.175650e-03 6.672140e-01
3.939394e-01 4.848485e-01 6.553848e-01 -5.179822e-03 6.605646e-01
4.040404e-01 4.848485e-01 6.487981e-01 -5.175203e-03 6.539733e-01
4.141414e-01 4.848485e-01 6.422775e-01 -5.177587e-03 6.474551e-01
4.242424e-01 4.848485e-01 6.358225e-01 -5.178750e-03 6.410013e-01
4.343434e-01 4.848485e-01 6.294324e-01 -5.173862e-03 6.346063e-01
4.444444e-01 4.848485e-01 6.231065e-01 -5.175442e-03 6.282820e-01
4.545455e-01 4.848485e-01 6.168442e-01 -5.176276e-03 6.220205e-01
4.646465e-01 4.848485e-01 6.106448e-01 -5.178332e-03 6.158231e-01
4.747475e-01 4.848485e-01 6.045077e-01 -5.178303e-03 6.096860e-01
4.848485e-01 4.848485e-01 5.984323e-01 -5.174637e-03 6.036070e-01
4.949495e-01 4.848485e-01 5.924180e-01 -5.178034e-03 5.975960e-01
5.050505e-01 4.848485e-01 5.864641e-01 -5.177587e-03 5.916417e-01
5.151515e-01 4.848485e-01 5.805700e-01 -5.178720e-03 5.857487e-01
5.252525e-01 4.848485e-01 5.747352e-01 -5.172908e-03 5.799081e-01
5.353535e-01 4.848485e-01 5.689590e-01 -5.176514e-03 5.741355e-01
5.454545e-01 4.848485e-01 5.632409e-01 -5.179107e-03 5.684200e-01
5.555556e-01 4.848485e-01 5.575802e-01 -5.178392e-03 5.627586e-01
5.656566e-01 4.848485e-01 5.519764e-01 -5.175203e-03 5.571516e-01
5.757576e-01 4.848485e-01 5.464290e-01 -5.175829e-03 5.516048e-01
5.858586e-01 4.848485e-01 5.409373e-01 -5.177379e-03 5.461147e-01
5.959596e-01 4.848485e-01 5.355008e-01 -5.180061e-03 5.406808e-01
6.060606e-01 4.848485e-01 5.301189e-01 -5.173624e-03 5.352925e-01
6.161616e-01 4.848485e-01 5.247911e-01 -5.176455e-03 5.299676e-01
6.262626e-01 4.848485e-01 5.195169e-01 -5.178869e-03 5.246957e-01
6.363636e-01 4.848485e-01 5.142956e-01 -5.171448e-03 5.194671e-01
6.464646e-01 4.848485e-01 5.091269e-01 -5.180120e-03 5.143070e-01
6.565657e-01 4.848485e-01 5.040101e-01 -5.179971e-03 5.091901e-01
6.666667e-01 4.848485e-01 4.989447e-01 -5.184352e-03 5.041290e-01
6.767677e-01 4.848485e-01 4.939302e-01 -5.180597e-03 4.991108e-01
6.868687e-01 4.848485e-01 4.889661e-01 -5.172193e-03 4.941383e-01
6.969697e-01 4.848485e-01 4.840519e-01 -5.166948e-03 4.892189e-01
7.070707e-01 4.848485e-01 4.791871e-01 -5.180508e-03 4.843677e-01
7.171717e-01 4.848485e-01 4.743712e-01 -5.177796e-03 4.795490e-01
7.272727e-01 4.848485e-01 4.696037e-01 -5.179644e-03 4.747834e-01
7.373737e-01 4.848485e-01 4.648841e-01 -5.176842e-03 4.700610e-01
7.474747e-01 4.848485e-01 4.602120e-01 -5.178392e-03 4.653904e-01
7.575758e-01 4.848485e-01 4.555868e-01 -5.181342e-03 4.607681e-01
7.676768e-01 4.848485e-01 4.510080e-01 -5.177975e-03 4.561860e-01
7.777778e-01 4.848485e-01 4.464753e-01 -5.175054e-03 4.516504e-01
7.878788e-01 4.848485e-01 4.419882e-01 -5.178511e-03 4.471667e-01
7.979798e-01 4.848485e-01 4.375461e-01 -5.174428e-03 4.427206e-01
8.080808e-01 4.848485e-01 4.331487e-01 -5.170703e-03 4.383194e-01
8.181818e-01 4.848485e-01 4.287955e-01 -5.179226e-03 4.339747e-01
8.282828e-01 4.848485e-01 4.244860e-01 -5.175710e-03 4.296617e-01
8.383838e-01 4.848485e-01 4.202199e-01 -5.178303e-03 4.253982e-01
8.484848e-01 4.848485e-01 4.159966e-01 -5.178750e-03 4.211753e-01
8.585859e-01 4.848485e-01 4.118158e-01 -5.174965e-03 4.169907e-01
8.686869e-01 4.848485e-01 4.076769e-01 -5.180478e-03 4.128574e-01
8.787879e-01 4.848485e-01 4.035797e-01 -5.181164e-03 4.087609e-01
8.888889e-01 4.848485e-01 3.995237e-01 -5.171031e-03 4.046947e-01
8.989899e-01 4.848485e-01 3.955084e-01 -5.177826e-03 4.006862e-01
9.090909e-01 4.848485e-01 3.915335e-01 -5.179644e-03 3.967131e-01
9.191919e-01 4.848485e-01 3.875985e-01 -5.178034e-03 3.927765e-01
9.292929e-01 4.848485e-01 3.837031e-01 -5.181909e-03 3.888850e-01
9.393939e-01 4.848485e-01 3.798468e-01 -5.172372e-03 3.850192e-01
9.494949e-01 4.848485e-01 3.760293e-01 -5.180836e-03 3.812101e-01
9.595960e-01 4.848485e-01 3.722501e-01 -5.179912e-03 3.774300e-01
9.696970e-01 4.848485e-01 3.685089e-01 -5.175769e-03 3.736847e-01
9.797980e-01 4.848485e-01 3.648054e-01 -5.177587e-03 3.699829e-01
9.898990e-01 4.848485e-01 3.611390e-01 -5.176961e-03 3.663160e-01
1.000000e+00 4.848485e-01 3.575095e-01 -5.176455e-03 3.626860e-01
0.000000e+00 4.949495e-01 -9.968548e-01 -5.177021e-03 9.916778e-01
1.010101e-02 4.949495e-01 -9.868362e-01 -5.179107e-03 9.816571e-01
2.020202e-02 4.949495e-01 -9.769184e-01 -5.182862e-03 9.717355e-01
3.030303e-02 4.949495e-01 -9.671002e-01 -5.179137e-03 9.619210e-01
4.040404e-02 4.949495e-01 -9.573806e-01 -5.184233e-03 9.521964e-01
5.050505e-02 4.949495e-01 -9.477588e-01 -5.174160e-03 9.425846e-01
6.060606e-02 4.949495e-01 -9.382337e-01 -5.171686e-03 9.330620e-01
7.070707e-02 4.949495e-01 -9.288043e-01 -5.179048e-03 9.236252e-01
8.080808e-02 4.949495e-01 -9.194696e-01 -5.180836e-03 9.142888e-01
9.090909e-02 4.949495e-01 -9.102288e-01 -5.173087e-03 9.050557e-01
1.010101e-01 4.949495e-01 -9.010809e-01 -5.165577e-03 8.959153e-01
1.111111e-01 4.949495e-01 -8.920248e-01 -5.176038e-03 8.868488e-01
1.212121e-01 4.949495e-01 -8.830598e-01 -5.183786e-03 8.778761e-01
1.313131e-01 4.949495e-01 -8.741850e-01 -5.174220e-03 8.690107e-01
1.414141e-01 4.949495e-01 -8.653992e-01 -5.173087e-03 8.602262e-01
1.515152e-01 4.949495e-01 -8.567018e-01 -5.183339e-03 8.515185e-01
1.616162e-01 4.949495e-01 -8.480918e-01 -5.162895e-03 8.429289e-01
1.717172e-01 4.949495e-01 -8.395684e-01 -5.178660e-03 8.343897e-01
1.818182e-01 4.949495e-01 -8.311306e-01 -5.181372e-03 8.259492e-01
1.919192e-01 4.949495e-01 -8.227776e-01 -5.181432e-03 8.175961e-01
2.020202e-01 4.949495e-01 -8.145085e-01 -5.181283e-03 8.093272e-01
2.121212e-01 4.949495e-01 -8.063226e-01 -5.182654e-03 8.011399e-01
2.222222e-01 4.949495e-01 -7.982189e-01 -5.174577e-03 7.930443e-01
2.323232e-01 4.949495e-01 -7.901967e-01 -5.179048e-03 7.850176e-01
2.424242e-01 4.949495e-01 -7.822551e-01 -5.182266e-03 7.770728e-01
2.525253e-01 4.949495e-01 -7.743933e-01 -5.178541e-03 7.692147e-01
2.626263e-01 4.949495e-01 -7.666105e-01 -5.175292e-03 7.614352e-01
2.727273e-01 4.949495e-01 -7.589059e-01 -5.173057e-03 7.537329e-01
2.828283e-01 4.949495e-01 -7.512788e-01 -5.175948e-03 7.461028e-01
2.929293e-01 4.949495e-01 -7.437283e-01 -5.177289e-03 7.385510e-01
3.030303e-01 4.949495e-01 -7.362537e-01 -5.175173e-03 7.310786e-01
3.131313e-01 4.949495e-01 -7.288543e-01 -5.176902e-03 7.236774e-01
3.232323e-01 4.949495e-01 -7.215291e-01 -5.176812e-03 7.163523e-01
3.333333e-01 4.949495e-01 -7.142777e-01 -5.172223e-03 7.091054e-01
3.434343e-01 4.949495e-01 -7.070990e-01 -5.175769e-03 7.019233e-01
3.535354e-01 4.949495e-01 -6.999926e-01 -5.181372e-03 6.948112e-01
3.636364e-01 4.949495e-01 -6.929575e-01 -5.175948e-03 6.877816e-01
3.737374e-01 4.949495e-01 -6.859932e-01 -5.181730e-03 6.808115e-01
3.838384e-01 4.949495e-01 -6.790989e-01 -5.177885e-03 6.739210e-01
3.939394e-01 4.949495e-01 -6.722738e-01 -5.174994e-03 6.670988e-01
4.040404e-01 4.949495e-01 -6.655173e-01 -5.180240e-03 6.603371e-01
4.141414e-01 4.949495e-01 -6.588288e-01 -5.176157e-03 6.536526e-01
4.242424e-01 4.949495e-01 -6.522074e-01 -5.178660e-03 6.470288e-01
4.343434e-01 4.949495e-01 -6.456526e-01 -5.176902e-03 6.404757e-01
4.444444e-01 4.949495e-01 -6.391637e-01 -5.173147e-03 6.339906e-01
4.545455e-01 4.949495e-01 -6.327400e-01 -5.178094e-03 6.275619e-01
4.646465e-01 4.949495e-01 -6.263809e-01 -5.178869e-03 6.212020e-01
4.747475e-01 4.949495e-01 -6.200857e-01 -5.172759e-03 6.149129e-01
4.848485e-01 4.949495e-01 -6.138537e-01 -5.176157e-03 6.086775e-01
4.949495e-01 4.949495e-01 -6.076844e-01 -5.181998e-03 6.025024e-01
5.050505e-01 4.949495e-01 -6.015770e-01 -5.175620e-03 5.964014e-01
5.151515e-01 4.949495e-01 -5.955311e-01 -5.179942e-03 5.903511e-01
5.252525e-01 4.949495e-01 -5.895459e-01 -5.175143e-03 5.843708e-01
5.353535e-01 4.949495e-01 -5.836209e-01 -5.178869e-03 5.784420e-01
5.454545e-01 4.949495e-01 -5.777554e-01 -5.176753e-03 5.725786e-01
5.555556e-01 4.949495e-01 -5.719488e-01 -5.176485e-03 5.667724e-01
5.656566e-01 4.949495e-01 -5.662007e-01 -5.179465e-03 5.610212e-01
5.757576e-01 4.949495e-01 -5.605102e-01 -5.182236e-03 5.553280e-01
5.858586e-01 4.949495e-01 -5.548770e-01 -5.178750e-03 5.496983e-01
5.959596e-01 4.949495e-01 -5.493004e-01 -5.177319e-03 5.441231e-01
6.060606e-01 4.949495e-01 -5.437799e-01 -5.172908e-03 5.386069e-01
6.161616e-01 4.949495e-01 -5.383148e-01 -5.177140e-03 5.331376e-01
6.262626e-01 4.949495e-01 -5.329046e-01 -5.181521e-03 5.277231e-01
6.363636e-01 4.949495e-01 -5.275488e-01 -5.174398e-03 5.223744e-01
6.464646e-01 4.949495e-01 -5.222469e-01 -5.179077e-03 5.170678e-01
6.565657e-01 4.949495e-01 -5.169982e-01 -5.172312e-03 5.118259e-01
6.666667e-01 4.949495e-01 -5.118023e-01 -5.170733e-03 5.066316e-01
6.767677e-01 4.949495e-01 -5.066586e-01 -5.180717e-03 5.014779e-01
6.868687e-01 4.949495e-01 -5.015666e-01 -5.183280e-03 4.963833e-01
6.969697e-01 4.949495e-01 -4.965258e-01 -5.174547e-03 4.913512e-01
7.070707e-01 4.949495e-01 -4.915356e-01 -5.175084e-03 4.863605e-01
7.171717e-01 4.949495e-01 -4.865956e-01 -5.176187e-03 4.814194e-01
7.272727e-01 4.949495e-01 -4.817052e-01 -5.173445e-03 4.765318e-01
7.373737e-01 4.949495e-01 -4.768640e-01 -5.174518e-03 4.716895e-01
7.474747e-01 4.949495e-01 -4.720714e-01 -5.182505e-03 4.668889e-01
7.575758e-01 4.949495e-01 -4.673271e-01 -5.166411e-03 4.621606e-01
7.676768e-01 4.949495e-01 -4.626303e-01 -5.176455e-03 4.574539e-01
7.777778e-01 4.949495e-01 -4.579808e-01 -5.189806e-03 4.527910e-01
7.878788e-01 4.949495e-01 -4.533780e-01 -5.181134e-03 4.481969e-01
7.979798e-01 4.949495e-01 -4.488215e-01 -5.174816e-03 4.436467e-01
8.080808e-01 4.949495e-01 -4.443108e-01 -5.172342e-03 4.391384e-01
8.181818e-01 4.949495e-01 -4.398454e-01 -5.178869e-03 4.346665e-01
8.282828e-01 4.949495e-01 -4.354249e-01 -5.175233e-03 4.302496e-01
8.383838e-01 4.949495e-01 -4.310488e-01 -5.181015e-03 4.258678e-01
8.484848e-01 4.949495e-01 -4.267167e-01 -5.183101e-03 4.215336e-01
8.585859e-01 4.949495e-01 -4.224281e-01 -5.170375e-03 4.172577e-01
8.686869e-01 4.949495e-01 -4.181826e-01 -5.176187e-03 4.130064e-01
8.787879e-01 4.949495e-01 -4.139798e-01 -5.178690e-03 4.088011e-01
8.888889e-01 4.949495e-01 -4.098193e-01 -5.177021e-03 4.046422e-01
8.989899e-01 4.949495e-01 -4.057005e-01 -5.181134e-03 4.005194e-01
9.090909e-01 4.949495e-01 -4.016231e-01 -5.179375e-03 3.964438e-01
9.191919e-01 4.949495e-01 -3.975868e-01 -5.175412e-03 3.924114e-01
9.292929e-01 4.949495e-01 -3.935909e-01 -5.180836e-03 3.884101e-01
9.393939e-01 4.949495e-01 -3.896353e-01 -5.176753e-03 3.844585e-01
9.494949e-01 4.949495e-01 -3.857194e-01 -5.177766e-03 3.805416e-01
9.595960e-01 4.949495e-01 -3.818429e-01 -5.186260e-03 3.766566e-01
9.696970e-01 4.949495e-01 -3.780053e-01 -5.186707e-03 3.728186e-01
9.797980e-01 4.949495e-01 -3.742063e-01 -5.176157e-03 3.690301e-01
9.898990e-01 4.949495e-01 -3.704454e-01 -5.183339e-03 3.652621e-01
1.000000e+00 4.949495e-01 -3.667224e-01 -5.174458e-03 3.615479e-01
0.000000e+00 5.050505e-01 9.968548e-01 -5.172819e-03 1.002028e+00
1.010101e-02 5.050505e-01 9.868362e-01 -5.177259e-03 9.920135e-01
2.020202e-02 5.050505e-01 9.769184e-01 -5.179405e-03 9.820978e-01
3.030303e-02 5.050505e-01 9.671002e-01 -5.178243e-03 9.722784e-01
4.040404e-02 5.050505e-01 9.573806e-01 -5.174309e-03 9.625550e-01
5.050505e-02 5.050505e-01 9.477588e-01 -5.179793e-03 9.529386e-01
6.060606e-02 5.050505e-01 9.382337e-01 -5.178630e-03 9.434123e-01
7.070707e-02 5.050505e-01 9.288043e-01 -5.173028e-03 9.339773e-01
8.080808e-02 5.050505e-01 9.194696e-01 -5.176038e-03 9.246457e-01
9.090909e-02 5.050505e-01 9.102288e-01 -5.173981e-03 9.154028e-01
1.010101e-01 5.050505e-01 9.010809e-01 -5.173564e-03 9.062544e-01
1.111111e-01 5.050505e-01 8.920248e-01 -5.169451e-03 8.971943e-01
1.212121e-01 5.050505e-01 8.830598e-01 -5.178928e-03 8.882388e-01
1.313131e-01 5.050505e-01 8.741850e-01 -5.175173e-03 8.793601e-01
1.414141e-01 5.050505e-01 8.653992e-01 -5.181015e-03 8.705803e-01
1.515152e-01 5.050505e-01 8.567018e-01 -5.184412e-03 8.618863e-01
1.616162e-01 5.050505e-01 8.480918e-01 -5.178928e-03 8.532708e-01
1.717172e-01 5.050505e-01 8.395684e-01 -5.172491e-03 8.447409e-01
1.818182e-01 5.050505e-01 8.311306e-01 -5.175471e-03 8.363060e-01
1.919192e-01 5.050505e-01 8.227776e-01 -5.182624e-03 8.279602e-01
2.020202e-01 5.050505e-01 8.145085e-01 -5.181611e-03 8.196901e-01
2.121212e-01 5.050505e-01 8.063226e-01 -5.189538e-03 8.115121e-01
2.222222e-01 5.050505e-01 7.982189e-01 -5.177438e-03 8.033963e-01
2.323232e-01 5.050505e-01 7.901967e-01 -5.176842e-03 7.953735e-01
2.424242e-01 5.050505e-01 7.822551e-01 -5.177587e-03 7.874327e-01
2.525253e-01 5.050505e-01 7.743933e-01 -5.175471e-03 7.795687e-01
2.626263e-01 5.050505e-01 7.666105e-01 -5.178750e-03 7.717892e-01
2.727273e-01 5.050505e-01 7.589059e-01 -5.176306e-03 7.640822e-01
2.828283e-01 5.050505e-01 7.512788e-01 -5.172908e-03 7.564517e-01
2.929293e-01 5.050505e-01 7.437283e-01 -5.177021e-03 7.489053e-01
3.030303e-01 5.050505e-01 7.362537e-01 -5.176574e-03 7.414303e-01
3.131313e-01 5.050505e-01 7.288543e-01 -5.180657e-03 7.340349e-01
3.232323e-01 5.050505e-01 7.215291e-01 -5.179226e-03 7.267084e-01
3.333333e-01 5.050505e-01 7.142777e-01 -5.182177e-03 7.194598e-01
3.434343e-01 5.050505e-01 7.070990e-01 -5.175292e-03 7.122743e-01
3.535354e-01 5.050505e-01 6.999926e-01 -5.177528e-03 7.051701e-01
3.636364e-01 5.050505e-01 6.929575e-01 -5.177617e-03 6.981352e-01
3.737374e-01 5.050505e-01 6.859932e-01 -5.180001e-03 6.911732e-01
3.838384e-01 5.050505e-01 6.790989e-01 -5.178243e-03 6.842771e-01
3.939394e-01 5.050505e-01 6.722738e-01 -5.174696e-03 6.774485e-01
4.040404e-01 5.050505e-01 6.655173e-01 -5.182058e-03 6.706994e-01
4.141414e-01 5.050505e-01 6.588288e-01 -5.174607e-03 6.640034e-01
4.242424e-01 5.050505e-01 6.522074e-01 -5.178899e-03 6.573863e-01
4.343434e-01 5.050505e-01 6.456526e-01 -5.177170e-03 6.508298e-01
4.444444e-01 5.050505e-01 6.391637e-01 -5.170643e-03 6.443344e-01
4.545455e-01 5.050505e-01 6.327400e-01 -5.179167e-03 6.379192e-01
4.646465e-01 5.050505e-01 6.263809e-01 -5.177498e-03 6.315584e-01
4.747475e-01 5.050505e-01 6.200857e-01 -5.176663e-03 6.252623e-01
4.848485e-01 5.050505e-01 6.138537e-01 -5.165368e-03 6.190191e-01
4.949495e-01 5.050505e-01 6.076844e-01 -5.177706e-03 6.128621e-01
5.050505e-01 5.050505e-01 6.015770e-01 -5.175769e-03 6.067528e-01
5.151515e-01 5.050505e-01 5.955311e-01 -5.176872e-03 6.007080e-01
5.252525e-01 5.050505e-01 5.895459e-01 -5.185068e-03 5.947310e-01
5.353535e-01 5.050505e-01 5.836209e-01 -5.173832e-03 5.887947e-01
5.454545e-01 5.050505e-01 5.777554e-01 -5.174309e-03 5.829297e-01
5.555556e-01 5.050505e-01 5.719488e-01 -5.172938e-03 5.771218e-01
5.656566e-01 5.050505e-01 5.662007e-01 -5.172282e-03 5.713729e-01
5.757576e-01 5.050505e-01 5.605102e-01 -5.179971e-03 5.656902e-01
5.858586e-01 5.050505e-01 5.548770e-01 -5.177855e-03 5.600549e-01
5.959596e-01 5.050505e-01 5.493004e-01 -5.180776e-03 5.544812e-01
6.060606e-01 5.050505e-01 5.437799e-01 -5.181491e-03 5.489613e-01
6.161616e-01 5.050505e-01 5.383148e-01 -5.177289e-03 5.434921e-01
6.262626e-01 5.050505e-01 5.329046e-01 -5.181879e-03 5.380865e-01
6.363636e-01 5.050505e-01 5.275488e-01 -5.176008e-03 5.327249e-01
6.464646e-01 5.050505e-01 5.222469e-01 -5.175054e-03 5.274219e-01
6.565657e-01 5.050505e-01 5.169982e-01 -5.181521e-03 5.221797e-01
6.666667e-01 5.050505e-01 5.118023e-01 -5.171418e-03 5.169737e-01
6.767677e-01 5.050505e-01 5.066586e-01 -5.177826e-03 5.118364e-01
6.868687e-01 5.050505e-01 5.015666e-01 -5.180538e-03 5.067471e-01
6.969697e-01 5.050505e-01 4.965258e-01 -5.175203e-03 5.017010e-01
7.070707e-01 5.050505e-01 4.915356e-01 -5.177319e-03 4.967129e-01
7.171717e-01 5.050505e-01 4.865956e-01 -5.174518e-03 4.917701e-01
7.272727e-01 5.050505e-01 4.817052e-01 -5.177081e-03 4.868823e-01
7.373737e-01 5.050505e-01 4.768640e-01 -5.178124e-03 4.820421e-01
7.474747e-01 5.050505e-01 4.720714e-01 -5.181402e-03 4.772529e-01
7.575758e-01 5.050505e-01 4.673271e-01 -5.174220e-03 4.725013e-01
7.676768e-01 5.050505e-01 4.626303e-01 -5.174637e-03 4.678050e-01
7.777778e-01 5.050505e-01 4.579808e-01 -5.166292e-03 4.631471e-01
7.878788e-01 5.050505e-01 4.533780e-01 -5.181283e-03 4.585593e-01
7.979798e-01 5.050505e-01 4.488215e-01 -5.181670e-03 4.540032e-01
8.080808e-01 5.050505e-01 4.443108e-01 -5.177200e-03 4.494880e-01
8.181818e-01 5.050505e-01 4.398454e-01 -5.181789e-03 4.450272e-01
8.282828e-01 5.050505e-01 4.354249e-01 -5.176425e-03 4.406013e-01
8.383838e-01 5.050505e-01 4.310488e-01 -5.171597e-03 4.362204e-01
8.484848e-01 5.050505e-01 4.267167e-01 -5.175471e-03 4.318921e-01
8.585859e-01 5.050505e-01 4.224281e-01 -5.179793e-03 4.276079e-01
8.686869e-01 5.050505e-01 4.181826e-01 -5.168796e-03 4.233514e-01
8.787879e-01 5.050505e-01 4.139798e-01 -5.171686e-03 4.191515e-01
8.888889e-01 5.050505e-01 4.098193e-01 -5.174249e-03 4.149935e-01
8.989899e-01 5.050505e-01 4.057005e-01 -5.178213e-03 4.108787e-01
9.090909e-01 5.050505e-01 4.016231e-01 -5.180776e-03 4.068039e-01
9.191919e-01 5.050505e-01 3.975868e-01 -5.168766e-03 4.027555e-01
9.292929e-01 5.050505e-01 3.935909e-01 -5.178839e-03 3.987698e-01
9.393939e-01 5.050505e-01 3.896353e-01 -5.180269e-03 3.948156e-01
9.494949e-01 5.050505e-01 3.857194e-01 -5.177140e-03 3.908965e-01
9.595960e-01 5.050505e-01 3.818429e-01 -5.180806e-03 3.870237e-01
9.696970e-01 5.050505e-01 3.780053e-01 -5.173862e-03 3.831791e-01
9.797980e-01 5.050505e-01 3.742063e-01 -5.178571e-03 3.793848e-01
9.898990e-01 5.050505e-01 3.704454e-01 -5.180418e-03 3.756258e-01
1.000000e+00 5.050505e-01 3.667224e-01 -5.181074e-03 3.719035e-01
0.000000e+00 5.151515e-01 -9.718116e-01 -5.172372e-03 9.666392e-01
1.010101e-02 5.151515e-01 -9.620447e-01 -5.173415e-03 9.568713e-01
2.020202e-02 5.151515e-01 -9.523760e-01 -5.182743e-03 9.471932e-01
3.030303e-02 5.151515e-01 -9.428045e-01 -5.181402e-03 9.376231e-01
4.040404e-02 5.151515e-01 -9.333291e-01 -5.175948e-03 9.281532e-01
5.050505e-02 5.151515e-01 -9.239490e-01 -5.177796e-03 9.187712e-01
6.060606e-02 5.151515e-01 -9.146632e-01 -5.177706e-03 9.094855e-01
7.070707e-02 5.151515e-01 -9.054706e-01 -5.175710e-03 9.002949e-01
8.080808e-02 5.151515e-01 -8.963705e-01 -5.176127e-03 8.911944e-01
9.090909e-02 5.151515e-01 -8.873618e-01 -5.184025e-03 8.821778e-01
1.010101e-01 5.151515e-01 -8.784437e-01 -5.172074e-03 8.732716e-01
1.111111e-01 5.151515e-01 -8.696152e-01 -5.180180e-03 8.644350e-01
1.212121e-01 5.151515e-01 -8.608754e-01 -5.177200e-03 8.556982e-01
1.313131e-01 5.151515e-01 -8.522235e-01 -5.181521e-03 8.470420e-01
1.414141e-01 5.151515e-01 -8.436585e-01 -5.176276e-03 8.384822e-01
1.515152e-01 5.151515e-01 -8.351796e-01 -5.176514e-03 8.300031e-01
1.616162e-01 5.151515e-01 -8.267859e-01 -5.179703e-03 8.216062e-01
1.717172e-01 5.151515e-01 -8.184766e-01 -5.171597e-03 8.133050e-01
1.818182e-01 5.151515e-01 -8.102507e-01 -5.178183e-03 8.050725e-01
1.919192e-01 5.151515e-01 -8.021076e-01 -5.174279e-03 7.969333e-01
2.020202e-01 5.151515e-01 -7.940463e-01 -5.176306e-03 7.888700e-01
2.121212e-01 5.151515e-01 -7.860660e-01 -5.179524e-03 7.808864e-01
2.222222e-01 5.151515e-01 -7.781659e-01 -5.180866e-03 7.729850e-01
2.323232e-01 5.151515e-01 -7.703452e-01 -5.176067e-03 7.651691e-01
2.424242e-01 5.151515e-01 -7.626031e-01 -5.180061e-03 7.574230e-01
2.525253e-01 5.151515e-01 -7.549388e-01 -5.175561e-03 7.497632e-01
2.626263e-01 5.151515e-01 -7.473515e-01 -5.177438e-03 7.421741e-01
2.727273e-01 5.151515e-01 -7.398405e-01 -5.178273e-03 7.346623e-01
2.828283e-01 5.151515e-01 -7.324050e-01 -5.179048e-03 7.272260e-01
2.929293e-01 5.151515e-01 -7.250442e-01 -5.177766e-03 7.198664e-01
3.030303e-01 5.151515e-01 -7.177574e-01 -5.178213e-03 7.125792e-01
3.131313e-01 5.151515e-01 -7.105438e-01 -5.174100e-03 7.053697e-01
3.232323e-01 5.151515e-01 -7.034027e-01 -5.180717e-03 6.982220e-01
3.333333e-01 5.151515e-01 -6.963334e-01 -5.180776e-03 6.911526e-01
3.434343e-01 5.151515e-01 -6.893352e-01 -5.176604e-03 6.841585e-01
3.535354e-01 5.151515e-01 -6.824072e-01 -5.175918e-03 6.772313e-01
3.636364e-01 5.151515e-01 -6.755489e-01 -5.177230e-03 6.703717e-01
3.737374e-01 5.151515e-01 -6.687595e-01 -5.182296e-03 6.635772e-01
3.838384e-01 5.151515e-01 -6.620384e-01 -5.180657e-03 6.568577e-01
3.939394e-01 5.151515e-01 -6.553848e-01 -5.179644e-03 6.502051e-01
4.040404e-01 5.151515e-01 -6.487981e-01 -5.173892e-03 6.436242e-01
4.141414e-01 5.151515e-01 -6.422775e-01 -5.177736e-03 6.370998e-01
4.242424e-01 5.151515e-01 -6.358225e-01 -5.171955e-03 6.306506e-01
4.343434e-01 5.151515e-01 -6.294324e-01 -5.177468e-03 6.242550e-01
4.444444e-01 5.151515e-01 -6.231065e-01 -5.179882e-03 6.179266e-01
4.545455e-01 5.151515e-01 -6.168442e-01 -5.176932e-03 6.116673e-01
4.646465e-01 5.151515e-01 -6.106448e-01 -5.181551e-03 6.054633e-01
4.747475e-01 5.151515e-01 -6.045077e-01 -5.180240e-03 5.993275e-01
4.848485e-01 5.151515e-01 -5.984323e-01 -5.177408e-03 5.932549e-01
4.949495e-01 5.151515e-01 -5.924180e-01 -5.174607e-03 5.872434e-01
5.050505e-01 5.151515e-01 -5.864641e-01 -5.177230e-03 5.812868e-01
5.151515e-01 5.151515e-01 -5.805700e-01 -5.178988e-03 5.753910e-01
5.252525e-01 5.151515e-01 -5.747352e-01 -5.187035e-03 5.695482e-01
5.353535e-01 5.151515e-01 -5.689590e-01 -5.177826e-03 5.637812e-01
5.454545e-01 5.151515e-01 -5.632409e-01 -5.176991e-03 5.580639e-01
5.555556e-01 5.151515e-01 -5.575802e-01 -5.174398e-03 5.524058e-01
5.656566e-01 5.151515e-01 -5.519764e-01 -5.176395e-03 5.468000e-01
5.757576e-01 5.151515e-01 -5.464290e-01 -5.176634e-03 5.412523e-01
5.858586e-01 5.151515e-01 -5.409373e-01 -5.177915e-03 5.357594e-01
5.959596e-01 5.151515e-01 -5.355008e-01 -5.173534e-03 5.303272e-01
6.060606e-01 5.151515e-01 -5.301189e-01 -5.176663e-03 5.249422e-01
6.161616e-01 5.151515e-01 -5.247911e-01 -5.177379e-03 5.196137e-01
6.262626e-01 5.151515e-01 -5.195169e-01 -5.179763e-03 5.143371e-01
6.363636e-01 5.151515e-01 -5.142956e-01 -5.182564e-03 5.091131e-01
6.464646e-01 5.151515e-01 -5.091269e-01 -5.172491e-03 5.039544e-01
6.565657e-01 5.151515e-01 -5.040101e-01 -5.178392e-03 4.988317e-01
6.666667e-01 5.151515e-01 -4.989447e-01 -5.171746e-03 4.937729e-01
6.767677e-01 5.151515e-01 -4.939302e-01 -5.177945e-03 4.887523e-01
6.868687e-01 5.151515e-01 -4.889661e-01 -5.179584e-03 4.837866e-01
6.969697e-01 5.151515e-01 -4.840519e-01 -5.171984e-03 4.788800e-01
7.070707e-01 5.151515e-01 -4.791871e-01 -5.177408e-03 4.740097e-01
7.171717e-01 5.151515e-01 -4.743712e-01 -5.173594e-03 4.691976e-01
7.272727e-01 5.151515e-01 -4.696037e-01 -5.180687e-03 4.644230e-01
7.373737e-01 5.151515e-01 -4.648841e-01 -5.180180e-03 4.597039e-01
7.474747e-01 5.151515e-01 -4.602120e-01 -5.172879e-03 4.550391e-01
7.575758e-01 5.151515e-01 -4.555868e-01 -5.177587e-03 4.504092e-01
7.676768e-01 5.151515e-01 -4.510080e-01 -5.180120e-03 4.458279e-01
7.777778e-01 5.151515e-01 -4.464753e-01 -5.181342e-03 4.412940e-01
7.878788e-01 5.151515e-01 -4.419882e-01 -5.170912e-03 4.368173e-01
7.979798e-01 5.151515e-01 -4.375461e-01 -5.180061e-03 4.323661e-01
8.080808e-01 5.151515e-01 -4.331487e-01 -5.174816e-03 4.279739e-01
8.181818e-01 5.151515e-01 -4.287955e-01 -5.177081e-03 4.236184e-01
8.282828e-01 5.151515e-01 -4.244860e-01 -5.178809e-03 4.193072e-01
8.383838e-01 5.151515e-01 -4.202199e-01 -5.177200e-03 4.150427e-01
8.484848e-01 5.151515e-01 -4.159966e-01 -5.177826e-03 4.108188e-01
8.585859e-01 5.151515e-01 -4.118158e-01 -5.177975e-03 4.066378e-01
8.686869e-01 5.151515e-01 -4.076769e-01 -5.170852e-03 4.025061e-01
8.787879e-01 5.151515e-01 -4.035797e-01 -5.172133e-03 3.984076e-01
8.888889e-01 5.151515e-01 -3.995237e-01 -5.175501e-03 3.943482e-01
8.989899e-01 5.151515e-01 -3.955084e-01 -5.177438e-03 3.903310e-01
9.090909e-01 5.151515e-01 -3.915335e-01 -5.178034e-03 3.863554e-01
9.191919e-01 5.151515e-01 -3.875985e-01 -5.178690e-03 3.824198e-01
9.292929e-01 5.151515e-01 -3.837031e-01 -5.180925e-03 3.785221e-01
9.393939e-01 5.151515e-01 -3.798468e-01 -5.178481e-03 3.746683e-01
9.494949e-01 5.151515e-01 -3.760293e-01 -5.176485e-03 3.708528e-01
9.595960e-01 5.151515e-01 -3.722501e-01 -5.175889e-03 3.670742e-01
9.696970e-01 5.151515e-01 -3.685089e-01 -5.177557e-03 3.633314e-01
9.797980e-01 5.151515e-01 -3.648054e-01 -5.182385e-03 3.596230e-01
9.898990e-01 5.151515e-01 -3.611390e-01 -5.180299e-03 3.559587e-01
1.000000e+00 5.151515e-01 -3.575095e-01 -5.174816e-03 3.523347e-01
0.000000e+00 5.252525e-01 9.223543e-01 -5.177140e-03 9.275314e-01
1.010101e-02 5.252525e-01 9.130845e-01 -5.176634e-03 9.182611e-01
2.020202e-02 5.252525e-01 9.039078e-01 -5.172908e-03 9.090807e-01
3.030303e-02 5.252525e-01 8.948234e-01 -5.169928e-03 8.999933e-01
4.040404e-02 5.252525e-01 8.858303e-01 -5.180299e-03 8.910106e-01
5.050505e-02 5.252525e-01 8.769275e-01 -5.179226e-03 8.821068e-01
6.060606e-02 5.252525e-01 8.681143e-01 -5.180508e-03 8.732948e-01
7.070707e-02 5.252525e-01 8.593896e-01 -5.172729e-03 8.645623e-01
8.080808e-02 5.252525e-01 8.507526e-01 -5.173713e-03 8.559263e-01
9.090909e-02 5.252525e-01 8.422024e-01 -5.179971e-03 8.473823e-01
1.010101e-01 5.252525e-01 8.337381e-01 -5.180538e-03 8.389186e-01
1.111111e-01 5.252525e-01 8.253589e-01 -5.179524e-03 8.305384e-01
1.212121e-01 5.252525e-01 8.170639e-01 -5.175173e-03 8.222391e-01
1.313131e-01 5.252525e-01 8.088523e-01 -5.176902e-03 8.140292e-01
1.414141e-01 5.252525e-01 8.007232e-01 -5.170226e-03 8.058934e-01
1.515152e-01 5.252525e-01 7.926758e-01 -5.176812e-03 7.978526e-01
1.616162e-01 5.252525e-01 7.847092e-01 -5.181193e-03 7.898904e-01
1.717172e-01 5.252525e-01 7.768228e-01 -5.179286e-03 7.820021e-01
1.818182e-01 5.252525e-01 7.690156e-01 -5.174160e-03 7.741897e-01
1.919192e-01 5.252525e-01 7.612868e-01 -5.174994e-03 7.664618e-01
2.020202e-01 5.252525e-01 7.536358e-01 -5.169332e-03 7.588051e-01
2.121212e-01 5.252525e-01 7.460616e-01 -5.182862e-03 7.512445e-01
2.222222e-01 5.252525e-01 7.385636e-01 -5.175591e-03 7.437392e-01
2.323232e-01 5.252525e-01 7.311409e-01 -5.173862e-03 7.363148e-01
2.424242e-01 5.252525e-01 7.237928e-01 -5.175233e-03 7.289680e-01
2.525253e-01 5.252525e-01 7.165186e-01 -5.173981e-03 7.216926e-01
2.626263e-01 5.252525e-01 7.093174e-01 -5.177736e-03 7.144952e-01
2.727273e-01 5.252525e-01 7.021887e-01 -5.176544e-03 7.073652e-01
2.828283e-01 5.252525e-01 6.951316e-01 -5.181313e-03 7.003129e-01
2.929293e-01 5.252525e-01 6.881454e-01 -5.181402e-03 6.933268e-01
3.030303e-01 5.252525e-01 6.812294e-01 -5.174696e-03 6.864041e-01
3.131313e-01 5.252525e-01 6.743829e-01 -5.172521e-03 6.795555e-01
3.232323e-01 5.252525e-01 6.676053e-01 -5.176425e-03 6.727817e-01
3.333333e-01 5.252525e-01 6.608957e-01 -5.179077e-03 6.660748e-01
3.434343e-01 5.252525e-01 6.542536e-01 -5.178571e-03 6.594322e-01
3.535354e-01 5.252525e-01 6.476783e-01 -5.180061e-03 6.528583e-01
3.636364e-01 5.252525e-01 6.411690e-01 -5.175591e-03 6.463446e-01
3.737374e-01 5.252525e-01 6.347251e-01 -5.177885e-03 6.399030e-01
3.838384e-01 5.252525e-01 6.283460e-01 -5.179137e-03 6.335252e-01
3.939394e-01 5.252525e-01 6.220311e-01 -5.176038e-03 6.272071e-01
4.040404e-01 5.252525e-01 6.157795e-01 -5.171388e-03 6.209509e-01
4.141414e-01 5.252525e-01 6.095909e-01 -5.182475e-03 6.147733e-01
4.242424e-01 5.252525e-01 6.034644e-01 -5.176246e-03 6.086406e-01
4.343434e-01 5.252525e-01 5.973994e-01 -5.177081e-03 6.025765e-01
4.444444e-01 5.252525e-01 5.913955e-01 -5.174756e-03 5.965702e-01
4.545455e-01 5.252525e-01 5.854519e-01 -5.182266e-03 5.906341e-01
4.646465e-01 5.252525e-01 5.795680e-01 -5.177855e-03 5.847458e-01
4.747475e-01 5.252525e-01 5.737432e-01 -5.172223e-03 5.789154e-01
4.848485e-01 5.252525e-01 5.679770e-01 -5.180001e-03 5.731570e-01
4.949495e-01 5.252525e-01 5.622687e-01 -5.178392e-03 5.674471e-01
5.050505e-01 5.252525e-01 5.566178e-01 -5.183756e-03 5.618016e-01
5.151515e-01 5.252525e-01 5.510237e-01 -5.177289e-03 5.562010e-01
5.252525e-01 5.252525e-01 5.454859e-01 -5.182147e-03 5.506680e-01
5.353535e-01 5.252525e-01 5.400036e-01 -5.178899e-03 5.451825e-01
5.454545e-01 5.252525e-01 5.345765e-01 -5.179435e-03 5.397559e-01
5.555556e-01 5.252525e-01 5.292039e-01 -5.176008e-03 5.343799e-01
5.656566e-01 5.252525e-01 5.238853e-01 -5.175203e-03 5.290605e-01
5.757576e-01 5.252525e-01 5.186202e-01 -5.173981e-03 5.237942e-01
5.858586e-01 5.252525e-01 5.134080e-01 -5.178005e-03 5.185860e-01
5.959596e-01 5.252525e-01 5.082482e-01 -5.178839e-03 5.134270e-01
6.060606e-01 5.252525e-01 5.031402e-01 -5.176067e-03 5.083162e-01
6.161616e-01 5.252525e-01 4.980835e-01 -5.178541e-03 5.032621e-01
6.262626e-01 5.252525e-01 4.930777e-01 -5.174160e-03 4.982519e-01
6.363636e-01 5.252525e-01 4.881222e-01 -5.177885e-03 4.933001e-01
6.464646e-01 5.252525e-01 4.832165e-01 -5.178541e-03 4.883950e-01
6.565657e-01 5.252525e-01 4.783601e-01 -5.177706e-03 4.835378e-01
6.666667e-01 5.252525e-01 4.735525e-01 -5.185455e-03 4.787379e-01
6.767677e-01 5.252525e-01 4.687932e-01 -5.178183e-03 4.739714e-01
6.868687e-01 5.252525e-01 4.640818e-01 -5.172700e-03 4.692545e-01
6.969697e-01 5.252525e-01 4.594177e-01 -5.177736e-03 4.645954e-01
7.070707e-01 5.252525e-01 4.548004e-01 -5.182207e-03 4.599826e-01
7.171717e-01 5.252525e-01 4.502296e-01 -5.173266e-03 4.554029e-01
7.272727e-01 5.252525e-01 4.457047e-01 -5.174905e-03 4.508796e-01
7.373737e-01 5.252525e-01 4.412253e-01 -5.181611e-03 4.464069e-01
7.474747e-01 5.252525e-01 4.367909e-01 -5.180269e-03 4.419712e-01
7.575758e-01 5.252525e-01 4.324011e-01 -5.185395e-03 4.375865e-01
7.676768e-01 5.252525e-01 4.280554e-01 -5.178183e-03 4.332336e-01
7.777778e-01 5.252525e-01 4.237534e-01 -5.167067e-03 4.289204e-01
7.878788e-01 5.252525e-01 4.194946e-01 -5.174786e-03 4.246694e-01
7.979798e-01 5.252525e-01 4.152786e-01 -5.180240e-03 4.204588e-01
8.080808e-01 5.252525e-01 4.111050e-01 -5.181432e-03 4.162864e-01
8.181818e-01 5.252525e-01 4.069733e-01 -5.179167e-03 4.121525e-01
8.282828e-01 5.252525e-01 4.028832e-01 -5.176753e-03 4.080599e-01
8.383838e-01 5.252525e-01 3.988341e-01 -5.181849e-03 4.040160e-01
8.484848e-01 5.252525e-01 3.948258e-01 -5.179465e-03 4.000052e-01
8.585859e-01 5.252525e-01 3.908577e-01 -5.178630e-03 3.960363e-01
8.686869e-01 5.252525e-01 3.869295e-01 -5.175292e-03 3.921048e-01
8.787879e-01 5.252525e-01 3.830408e-01 -5.174816e-03 3.882156e-01
8.888889e-01 5.252525e-01 3.791912e-01 -5.181491e-03 3.843727e-01
8.989899e-01 5.252525e-01 3.753803e-01 -5.176276e-03 3.805565e-01
9.090909e-01 5.252525e-01 3.716076e-01 -5.179524e-03 3.767871e-01
9.191919e-01 5.252525e-01 3.678729e-01 -5.180985e-03 3.730539e-01
9.292929e-01 5.252525e-01 3.641757e-01 -5.181134e-03 3.693568e-01
9.393939e-01 5.252525e-01 3.605157e-01 -5.178452e-03 3.656941e-01
9.494949e-01 5.252525e-01 3.568924e-01 -5.182385e-03 3.620748e-01
9.595960e-01 5.252525e-01 3.533056e-01 -5.180597e-03 3.584862e-01
9.696970e-01 5.252525e-01 3.497548e-01 -5.177557e-03 3.549324e-01
9.797980e-01 5.252525e-01 3.462397e-01 -5.181402e-03 3.514211e-01
9.898990e-01 5.252525e-01 3.427600e-01 -5.177528e-03 3.479375e-01
1.000000e+00 5.252525e-01 3.393152e-01 -5.175889e-03 3.444911e-01
0.000000e+00 5.353535e-01 -8.497254e-01 -5.179286e-03 8.445461e-01
1.010101e-02 5.353535e-01 -8.411855e-01 -5.177319e-03 8.360082e-01
2.020202e-02 5.353535e-01 -8.327315e-01 -5.173981e-03 8.275575e-01
3.030303e-02 5.353535e-01 -8.243624e-01 -5.171061e-03 8.191913e-01
4.040404e-02 5.353535e-01 -8.160774e-01 -5.174875e-03 8.109025e-01
5.050505e-02 5.353535e-01 -8.078757e-01 -5.176008e-03 8.026997e-01
6.060606e-02 5.353535e-01 -7.997564e-01 -5.178630e-03 7.945778e-01
7.070707e-02 5.353535e-01 -7.917187e-01 -5.180418e-03 7.865383e-01
8.080808e-02 5.353535e-01 -7.837618e-01 -5.174816e-03 7.785870e-01
9.090909e-02 5.353535e-01 -7.758849e-01 -5.172312e-03 7.707126e-01
1.010101e-01 5.353535e-01 -7.680871e-01 -5.176902e-03 7.629102e-01
1.111111e-01 5.353535e-01 -7.603677e-01 -5.186856e-03 7.551809e-01
1.212121e-01 5.353535e-01 -7.527259e-01 -5.184144e-03 7.475418e-01
1.313131e-01 5.353535e-01 -7.451609e-01 -5.176455e-03 7.399844e-01
1.414141e-01 5.353535e-01 -7.376719e-01 -5.174309e-03 7.324976e-01
1.515152e-01 5.353535e-01 -7.302582e-01 -5.175889e-03 7.250823e-01
1.616162e-01 5.353535e-01 -7.229189e-01 -5.172819e-03 7.177461e-01
1.717172e-01 5.353535e-01 -7.156535e-01 -5.179435e-03 7.104741e-01
1.818182e-01 5.353535e-01 -7.084611e-01 -5.176455e-03 7.032846e-01
1.919192e-01 5.353535e-01 -7.013409e-01 -5.181432e-03 6.961595e-01
2.020202e-01 5.353535e-01 -6.942923e-01 -5.176574e-03 6.891157e-01
2.121212e-01 5.353535e-01 -6.873146e-01 -5.177647e-03 6.821369e-01
2.222222e-01 5.353535e-01 -6.804069e-01 -5.169451e-03 6.752375e-01
2.323232e-01 5.353535e-01 -6.735687e-01 -5.175352e-03 6.683934e-01
2.424242e-01 5.353535e-01 -6.667993e-01 -5.180269e-03 6.616190e-01
2.525253e-01 5.353535e-01 -6.600978e-01 -5.173832e-03 6.549240e-01
2.626263e-01 5.353535e-01 -6.534637e-01 -5.178243e-03 6.482855e-01
2.727273e-01 5.353535e-01 -6.468963e-01 -5.175859e-03 6.417204e-01
2.828283e-01 5.353535e-01 -6.403949e-01 -5.183578e-03 6.352113e-01
2.929293e-01 5.353535e-01 -6.339588e-01 -5.182505e-03 6.287763e-01
3.030303e-01 5.353535e-01 -6.275874e-01 -5.176008e-03 6.224114e-01
3.131313e-01 5.353535e-01 -6.212801e-01 -5.178809e-03 6.161012e-01
3.232323e-01 5.353535e-01 -6.150361e-01 -5.177140e-03 6.098590e-01
3.333333e-01 5.353535e-01 -6.088549e-01 -5.178809e-03 6.036761e-01
3.434343e-01 5.353535e-01 -6.027358e-01 -5.173385e-03 5.975624e-01
3.535354e-01 5.353535e-01 -5.966782e-01 -5.178154e-03 5.915000e-01
3.636364e-01 5.353535e-01 -5.906815e-01 -5.177647e-03 5.855038e-01
3.737374e-01 5.353535e-01 -5.847450e-01 -5.179703e-03 5.795653e-01
3.838384e-01 5.353535e-01 -5.788682e-01 -5.179346e-03 5.736889e-01
3.939394e-01 5.353535e-01 -5.730505e-01 -5.172491e-03 5.678780e-01
4.040404e-01 5.353535e-01 -5.672913e-01 -5.175680e-03 5.621156e-01
4.141414e-01 5.353535e-01 -5.615899e-01 -5.175024e-03 5.564149e-01
4.242424e-01 5.353535e-01 -5.559458e-01 -5.172580e-03 5.507732e-01
4.343434e-01 5.353535e-01 -5.503585e-01 -5.176872e-03 5.451816e-01
4.444444e-01 5.353535e-01 -5.448273e-01 -5.177885e-03 5.396494e-01
4.545455e-01 5.353535e-01 -5.393517e-01 -5.176008e-03 5.341757e-01
4.646465e-01 5.353535e-01 -5.339311e-01 -5.177289e-03 5.287538e-01
4.747475e-01 5.353535e-01 -5.285650e-01 -5.178869e-03 5.233861e-01
4.848485e-01 5.353535e-01 -5.232528e-01 -5.181164e-03 5.180717e-01
4.949495e-01 5.353535e-01 -5.179941e-01 -5.181640e-03 5.128124e-01
5.050505e-01 5.353535e-01 -5.127881e-01 -5.174965e-03 5.076132e-01
5.151515e-01 5.353535e-01 -5.076345e-01 -5.177170e-03 5.024574e-01
5.252525e-01 5.353535e-01 -5.025327e-01 -5.174309e-03 4.973584e-01
5.353535e-01 5.353535e-01 -4.974822e-01 -5.177855e-03 4.923043e-01
5.454545e-01 5.353535e-01 -4.924824e-01 -5.179852e-03 4.873025e-01
5.555556e-01 5.353535e-01 -4.875329e-01 -5.170494e-03 4.823624e-01
5.656566e-01 5.353535e-01 -4.826331e-01 -5.174577e-03 4.774585e-01
5.757576e-01 5.353535e-01 -4.777825e-01 -5.178660e-03 4.726039e-01
5.858586e-01 5.353535e-01 -4.729807e-01 -5.178034e-03 4.678027e-01
5.959596e-01 5.353535e-01 -4.682272e-01 -5.182028e-03 4.630452e-01
6.060606e-01 5.353535e-01 -4.635215e-01 -5.171478e-03 4.583500e-01
6.161616e-01 5.353535e-01 -4.588630e-01 -5.181998e-03 4.536810e-01
6.262626e-01 5.353535e-01 -4.542513e-01 -5.177766e-03 4.490736e-01
6.363636e-01 5.353535e-01 -4.496860e-01 -5.171657e-03 4.445144e-01
6.464646e-01 5.353535e-01 -4.451666e-01 -5.183101e-03 4.399835e-01
6.565657e-01 5.353535e-01 -4.406926e-01 -5.178869e-03 4.355137e-01
6.666667e-01 5.353535e-01 -4.362636e-01 -5.187035e-03 4.310765e-01
6.767677e-01 5.353535e-01 -4.318791e-01 -5.177379e-03 4.267017e-01
6.868687e-01 5.353535e-01 -4.275386e-01 -5.172759e-03 4.223658e-01
6.969697e-01 5.353535e-01 -4.232418e-01 -5.168587e-03 4.180732e-01
7.070707e-01 5.353535e-01 -4.189881e-01 -5.172670e-03 4.138155e-01
7.171717e-01 5.353535e-01 -4.147772e-01 -5.182832e-03 4.095944e-01
7.272727e-01 5.353535e-01 -4.106086e-01 -5.172938e-03 4.054357e-01
7.373737e-01 5.353535e-01 -4.064820e-01 -5.179554e-03 4.013024e-01
7.474747e-01 5.353535e-01 -4.023967e-01 -5.170107e-03 3.972266e-01
7.575758e-01 5.353535e-01 -3.983526e-01 -5.175501e-03 3.931771e-01
7.676768e-01 5.353535e-01 -3.943491e-01 -5.175382e-03 3.891737e-01
7.777778e-01 5.353535e-01 -3.903858e-01 -5.176038e-03 3.852098e-01
7.878788e-01 5.353535e-01 -3.864624e-01 -5.177855e-03 3.812845e-01
7.979798e-01 5.353535e-01 -3.825784e-01 -5.177021e-03 3.774013e-01
8.080808e-01 5.353535e-01 -3.787334e-01 -5.168557e-03 3.735648e-01
8.181818e-01 5.353535e-01 -3.749270e-01 -5.184084e-03 3.697430e-01
8.282828e-01 5.353535e-01 -3.711590e-01 -5.175263e-03 3.659837e-01
8.383838e-01 5.353535e-01 -3.674288e-01 -5.175829e-03 3.622529e-01
8.484848e-01 5.353535e-01 -3.637360e-01 -5.177379e-03 3.585587e-01
8.585859e-01 5.353535e-01 -3.600804e-01 -5.176932e-03 3.549035e-01
8.686869e-01 5.353535e-01 -3.564616e-01 -5.176961e-03 3.512846e-01
8.787879e-01 5.353535e-01 -3.528791e-01 -5.180120e-03 3.476989e-01
8.888889e-01 5.353535e-01 -3.493326e-01 -5.178243e-03 3.441543e-01
8.989899e-01 5.353535e-01 -3.458217e-01 -5.175352e-03 3.406464e-01
9.090909e-01 5.353535e-01 -3.423462e-01 -5.178690e-03 3.371675e-01
9.191919e-01 5.353535e-01 -3.389055e-01 -5.172789e-03 3.337327e-01
9.292929e-01 5.353535e-01 -3.354995e-01 -5.179524e-03 3.303199e-01
9.393939e-01 5.353535e-01 -3.321276e-01 -5.170614e-03 3.269570e-01
9.494949e-01 5.353535e-01 -3.287897e-01 -5.171418e-03 3.236183e-01
9.595960e-01 5.353535e-01 -3.254853e-01 -5.176753e-03 3.203086e-01
9.696970e-01 5.353535e-01 -3.222141e-01 -5.180299e-03 3.170338e-01
9.797980e-01 5.353535e-01 -3.189758e-01 -5.179524e-03 3.137963e-01
9.898990e-01 5.353535e-01 -3.157701e-01 -5.176485e-03 3.105936e-01
1.000000e+00 5.353535e-01 -3.125965e-01 -5.180478e-03 3.074160e-01
0.000000e+00 5.454545e-01 7.557496e-01 -5.176246e-03 7.609258e-01
1.010101e-02 5.454545e-01 7.481542e-01 -5.180776e-03 7.533349e-01
2.020202e-02 5.454545e-01 7.406351e-01 -5.183041e-03 7.458181e-01
3.030303e-02 5.454545e-01 7.331916e-01 -5.172610e-03 7.383642e-01
4.040404e-02 5.454545e-01 7.258229e-01 -5.171329e-03 7.309942e-01
5.050505e-02 5.454545e-01 7.185282e-01 -5.177259e-03 7.237055e-01
6.060606e-02 5.454545e-01 7.113069e-01 -5.176216e-03 7.164831e-01
7.070707e-02 5.454545e-01 7.041582e-01 -5.173564e-03 7.093317e-01
8.080808e-02 5.454545e-01 6.970813e-01 -5.179167e-03 7.022604e-01
9.090909e-02 5.454545e-01 6.900755e-01 -5.173922e-03 6.952494e-01
1.010101e-01 5.454545e-01 6.831401e-01 -5.181074e-03 6.883212e-01
1.111111e-01 5.454545e-01 6.762744e-01 -5.177379e-03 6.814518e-01
1.212121e-01 5.454545e-01 6.694778e-01 -5.180180e-03 6.746579e-01
1.313131e-01 5.454545e-01 6.627494e-01 -5.178243e-03 6.679276e-01
1.414141e-01 5.454545e-01 6.560887e-01 -5.176574e-03 6.612652e-01
1.515152e-01 5.454545e-01 6.494949e-01 -5.180597e-03 6.546755e-01
1.616162e-01 5.454545e-01 6.429673e-01 -5.174637e-03 6.481420e-01
1.717172e-01 5.454545e-01 6.365054e-01 -5.175799e-03 6.416812e-01
1.818182e-01 5.454545e-01 6.301084e-01 -5.177379e-03 6.352858e-01
1.919192e-01 5.454545e-01 6.237757e-01 -5.176902e-03 6.289526e-01
2.020202e-01 5.454545e-01 6.175067e-01 -5.176604e-03 6.226833e-01
2.121212e-01 5.454545e-01 6.113006e-01 -5.175561e-03 6.164762e-01
2.222222e-01 5.454545e-01 6.051570e-01 -5.178094e-03 6.103350e-01
2.323232e-01 5.454545e-01 5.990750e-01 -5.173832e-03 6.042489e-01
2.424242e-01 5.454545e-01 5.930542e-01 -5.180955e-03 5.982352e-01
2.525253e-01 5.454545e-01 5.870939e-01 -5.175591e-03 5.922695e-01
2.626263e-01 5.454545e-01 5.811935e-01 -5.178779e-03 5.863723e-01
2.727273e-01 5.454545e-01 5.753524e-01 -5.180180e-03 5.805326e-01
2.828283e-01 5.454545e-01 5.695701e-01 -5.172163e-03 5.747422e-01
2.929293e-01 5.454545e-01 5.638458e-01 -5.176246e-03 5.690220e-01
3.030303e-01 5.454545e-01 5.581790e-01 -5.179942e-03 5.633590e-01
3.131313e-01 5.454545e-01 5.525692e-01 -5.179554e-03 5.577488e-01
3.232323e-01 5.454545e-01 5.470158e-01 -5.181998e-03 5.521978e-01
3.333333e-01 5.454545e-01 5.415182e-01 -5.177021e-03 5.466953e-01
3.434343e-01 5.454545e-01 5.360759e-01 -5.178988e-03 5.412549e-01
3.535354e-01 5.454545e-01 5.306882e-01 -5.180001e-03 5.358682e-01
3.636364e-01 5.454545e-01 5.253547e-01 -5.177349e-03 5.305321e-01
3.737374e-01 5.454545e-01 5.200748e-01 -5.178452e-03 5.252533e-01
3.838384e-01 5.454545e-01 5.148480e-01 -5.177557e-03 5.200255e-01
3.939394e-01 5.454545e-01 5.096737e-01 -5.174845e-03 5.148485e-01
4.040404e-01 5.454545e-01 5.045514e-01 -5.179584e-03 5.097310e-01
4.141414e-01 5.454545e-01 4.994805e-01 -5.180269e-03 5.046608e-01
4.242424e-01 5.454545e-01 4.944607e-01 -5.174518e-03 4.996352e-01
4.343434e-01 5.454545e-01 4.894913e-01 -5.174458e-03 4.946657e-01
4.444444e-01 5.454545e-01 4.845718e-01 -5.182624e-03 4.897544e-01
4.545455e-01 5.454545e-01 4.797018e-01 -5.177975e-03 4.848798e-01
4.646465e-01 5.454545e-01 4.748807e-01 -5.176067e-03 4.800568e-01
4.747475e-01 5.454545e-01 4.701081e-01 -5.176634e-03 4.752847e-01
4.848485e-01 5.454545e-01 4.653834e-01 -5.183429e-03 4.705668e-01
4.949495e-01 5.454545e-01 4.607062e-01 -5.181462e-03 4.658877e-01
5.050505e-01 5.454545e-01 4.560760e-01 -5.175620e-03 4.612517e-01
5.151515e-01 5.454545e-01 4.514924e-01 -5.179763e-03 4.566722e-01
5.252525e-01 5.454545e-01 4.469548e-01 -5.173922e-03 4.521288e-01
5.353535e-01 5.454545e-01 4.424629e-01 -5.176753e-03 4.476396e-01
5.454545e-01 5.454545e-01 4.380160e-01 -5.176395e-03 4.431924e-01
5.555556e-01 5.454545e-01 4.336139e-01 -5.178601e-03 4.387925e-01
5.656566e-01 5.454545e-01 4.292560e-01 -5.176634e-03 4.344326e-01
5.757576e-01 5.454545e-01 4.249419e-01 -5.176723e-03 4.301186e-01
5.858586e-01 5.454545e-01 4.206712e-01 -5.171061e-03 4.258422e-01
5.959596e-01 5.454545e-01 4.164434e-01 -5.175591e-03 4.216190e-01
6.060606e-01 5.454545e-01 4.122580e-01 -5.175352e-03 4.174334e-01
6.161616e-01 5.454545e-01 4.081148e-01 -5.178690e-03 4.132935e-01
6.262626e-01 5.454545e-01 4.040132e-01 -5.177170e-03 4.091903e-01
6.363636e-01 5.454545e-01 3.999528e-01 -5.173087e-03 4.051258e-01
6.464646e-01 5.454545e-01 3.959332e-01 -5.179793e-03 4.011130e-01
6.565657e-01 5.454545e-01 3.919540e-01 -5.184621e-03 3.971386e-01
6.666667e-01 5.454545e-01 3.880148e-01 -5.174816e-03 3.931896e-01
6.767677e-01 5.454545e-01 3.841152e-01 -5.175769e-03 3.892909e-01
6.868687e-01 5.454545e-01 3.802547e-01 -5.183011e-03 3.854377e-01
6.969697e-01 5.454545e-01 3.764331e-01 -5.183250e-03 3.816164e-01
7.070707e-01 5.454545e-01 3.726499e-01 -5.176663e-03 3.778266e-01
7.171717e-01 5.454545e-01 3.689047e-01 -5.172849e-03 3.740776e-01
7.272727e-01 5.454545e-01 3.651971e-01 -5.175471e-03 3.703726e-01
7.373737e-01 5.454545e-01 3.615269e-01 -5.177736e-03 3.667046e-01
7.474747e-01 5.454545e-01 3.578935e-01 -5.178541e-03 3.630720e-01
7.575758e-01 5.454545e-01 3.542966e-01 -5.175531e-03 3.594721e-01
7.676768e-01 5.454545e-01 3.507358e-01 -5.178988e-03 3.559148e-01
7.777778e-01 5.454545e-01 3.472109e-01 -5.172610e-03 3.523835e-01
7.878788e-01 5.454545e-01 3.437213e-01 -5.179435e-03 3.489008e-01
7.979798e-01 5.454545e-01 3.402669e-01 -5.179584e-03 3.454465e-01
8.080808e-01 5.454545e-01 3.368471e-01 -5.172968e-03 3.420201e-01
8.181818e-01 5.454545e-01 3.334618e-01 -5.184263e-03 3.386460e-01
8.282828e-01 5.454545e-01 3.301104e-01 -5.181551e-03 3.352920e-01
8.383838e-01 5.454545e-01 3.267928e-01 -5.176961e-03 3.319697e-01
8.484848e-01 5.454545e-01 3.235084e-01 -5.181015e-03 3.286895e-01
8.585859e-01 5.454545e-01 3.202571e-01 -5.175948e-03 3.254331e-01
8.686869e-01 5.454545e-01 3.170385e-01 -5.175591e-03 3.222141e-01
8.787879e-01 5.454545e-01 3.138522e-01 -5.180866e-03 3.190331e-01
8.888889e-01 5.454545e-01 3.106979e-01 -5.177677e-03 3.158756e-01
8.989899e-01 5.454545e-01 3.075754e-01 -5.175978e-03 3.127514e-01
9.090909e-01 5.454545e-01 3.044842e-01 -5.177438e-03 3.096616e-01
9.191919e-01 5.454545e-01 3.014241e-01 -5.180269e-03 3.066043e-01
9.292929e-01 5.454545e-01 2.983947e-01 -5.174100e-03 3.035688e-01
9.393939e-01 5.454545e-01 2.953958e-01 -5.175948e-03 3.005717e-01
9.494949e-01 5.454545e-01 2.924270e-01 -5.177170e-03 2.976042e-01
9.595960e-01 5.454545e-01 2.894881e-01 -5.177140e-03 2.946652e-01
9.696970e-01 5.454545e-01 2.865787e-01 -5.184919e-03 2.917636e-01
9.797980e-01 5.454545e-01 2.836985e-01 -5.175322e-03 2.888738e-01
9.898990e-01 5.454545e-01 2.808473e-01 -5.178928e-03 2.860262e-01
1.000000e+00 5.454545e-01 2.780247e-01 -5.176306e-03 2.832010e-01
0.000000e+00 5.555556e-01 -6.427876e-01 -5.173773e-03 6.376138e-01
1.010101e-02 5.555556e-01 -6.363275e-01 -5.174428e-03 6.311531e-01
2.020202e-02 5.555556e-01 -6.299323e-01 -5.179048e-03 6.247532e-01
3.030303e-02 5.555556e-01 -6.236014e-01 -5.175501e-03 6.184259e-01
4.040404e-02 5.555556e-01 -6.173341e-01 -5.175531e-03 6.121585e-01
5.050505e-02 5.555556e-01 -6.111298e-01 -5.177140e-03 6.059526e-01
6.060606e-02 5.555556e-01 -6.049878e-01 -5.176485e-03 5.998113e-01
7.070707e-02 5.555556e-01 -5.989076e-01 -5.178362e-03 5.937292e-01
8.080808e-02 5.555556e-01 -5.928885e-01 -5.181074e-03 5.877074e-01
9.090909e-02 5.555556e-01 -5.869298e-01 -5.175382e-03 5.817544e-01
1.010101e-01 5.555556e-01 -5.810311e-01 -5.172670e-03 5.758584e-01
1.111111e-01 5.555556e-01 -5.751916e-01 -5.175143e-03 5.700165e-01
1.212121e-01 5.555556e-01 -5.694109e-01 -5.174667e-03 5.642362e-01
1.313131e-01 5.555556e-01 -5.636882e-01 -5.184948e-03 5.585032e-01
1.414141e-01 5.555556e-01 -5.580230e-01 -5.175471e-03 5.528475e-01
1.515152e-01 5.555556e-01 -5.524148e-01 -5.181909e-03 5.472329e-01
1.616162e-01 5.555556e-01 -5.468629e-01 -5.172491e-03 5.416904e-01
1.717172e-01 5.555556e-01 -5.413669e-01 -5.177051e-03 5.361898e-01
1.818182e-01 5.555556e-01 -5.359260e-01 -5.181581e-03 5.307445e-01
1.919192e-01 5.555556e-01 -5.305399e-01 -5.176991e-03 5.253629e-01
2.020202e-01 5.555556e-01 -5.252079e-01 -5.172521e-03 5.200354e-01
2.121212e-01 5.555556e-01 -5.199295e-01 -5.174428e-03 5.147550e-01
2.222222e-01 5.555556e-01 -5.147041e-01 -5.179524e-03 5.095246e-01
2.323232e-01 5.555556e-01 -5.095312e-01 -5.179942e-03 5.043513e-01
2.424242e-01 5.555556e-01 -5.044103e-01 -5.178869e-03 4.992315e-01
2.525253e-01 5.555556e-01 -4.993409e-01 -5.177885e-03 4.941631e-01
2.626263e-01 5.555556e-01 -4.943225e-01 -5.175889e-03 4.891466e-01
2.727273e-01 5.555556e-01 -4.893545e-01 -5.181223e-03 4.841732e-01
2.828283e-01 5.555556e-01 -4.844364e-01 -5.173475e-03 4.792629e-01
2.929293e-01 5.555556e-01 -4.795677e-01 -5.173236e-03 4.743945e-01
3.030303e-01 5.555556e-01 -4.747480e-01 -5.175471e-03 4.695725e-01
3.131313e-01 5.555556e-01 -4.699767e-01 -5.177379e-03 4.647993e-01
3.232323e-01 5.555556e-01 -4.652533e-01 -5.176783e-03 4.600765e-01
3.333333e-01 5.555556e-01 -4.605774e-01 -5.179256e-03 4.553982e-01
3.434343e-01 5.555556e-01 -4.559486e-01 -5.178899e-03 4.507697e-01
3.535354e-01 5.555556e-01 -4.513662e-01 -5.183786e-03 4.461824e-01
3.636364e-01 5.555556e-01 -4.468299e-01 -5.167216e-03 4.416627e-01
3.737374e-01 5.555556e-01 -4.423392e-01 -5.170643e-03 4.371685e-01
3.838384e-01 5.555556e-01 -4.378936e-01 -5.179733e-03 4.327139e-01
3.939394e-01 5.555556e-01 -4.334927e-01 -5.179614e-03 4.283131e-01
4.040404e-01 5.555556e-01 -4.291360e-01 -5.177408e-03 4.239586e-01
4.141414e-01 5.555556e-01 -4.248231e-01 -5.174369e-03 4.196488e-01
4.242424e-01 5.555556e-01 -4.205536e-01 -5.169988e-03 4.153836e-01
4.343434e-01 5.555556e-01 -4.163270e-01 -5.178481e-03 4.111485e-01
4.444444e-01 5.555556e-01 -4.121428e-01 -5.175740e-03 4.069671e-01
4.545455e-01 5.555556e-01 -4.080007e-01 -5.175322e-03 4.028254e-01
4.646465e-01 5.555556e-01 -4.039002e-01 -5.181849e-03 3.987184e-01
4.747475e-01 5.555556e-01 -3.998410e-01 -5.178094e-03 3.946629e-01
4.848485e-01 5.555556e-01 -3.958225e-01 -5.174160e-03 3.906483e-01
4.949495e-01 5.555556e-01 -3.918444e-01 -5.177021e-03 3.866674e-01
5.050505e-01 5.555556e-01 -3.879063e-01 -5.179912e-03 3.827264e-01
5.151515e-01 5.555556e-01 -3.840078e-01 -5.179107e-03 3.788287e-01
5.252525e-01 5.555556e-01 -3.801484e-01 -5.185276e-03 3.749632e-01
5.353535e-01 5.555556e-01 -3.763279e-01 -5.173594e-03 3.711543e-01
5.454545e-01 5.555556e-01 -3.725457e-01 -5.174577e-03 3.673712e-01
5.555556e-01 5.555556e-01 -3.688016e-01 -5.175948e-03 3.636256e-01
5.656566e-01 5.555556e-01 -3.650951e-01 -5.175173e-03 3.599199e-01
5.757576e-01 5.555556e-01 -3.614258e-01 -5.179018e-03 3.562468e-01
5.858586e-01 5.555556e-01 -3.577934e-01 -5.172580e-03 3.526208e-01
5.959596e-01 5.555556e-01 -3.541975e-01 -5.177617e-03 3.490199e-01
6.060606e-01 5.555556e-01 -3.506378e-01 -5.179375e-03 3.454584e-01
6.161616e-01 5.555556e-01 -3.471138e-01 -5.174547e-03 3.419393e-01
6.262626e-01 5.555556e-01 -3.436253e-01 -5.182177e-03 3.384431e-01
6.363636e-01 5.555556e-01 -3.401718e-01 -5.181134e-03 3.349906e-01
6.464646e-01 5.555556e-01 -3.367530e-01 -5.169332e-03 3.315837e-01
6.565657e-01 5.555556e-01 -3.333686e-01 -5.176574e-03 3.281920e-01
6.666667e-01 5.555556e-01 -3.300182e-01 -5.178094e-03 3.248401e-01
6.767677e-01 5.555556e-01 -3.267014e-01 -5.179584e-03 3.215218e-01
6.868687e-01 5.555556e-01 -3.234180e-01 -5.182356e-03 3.182357e-01
6.969697e-01 5.555556e-01 -3.201676e-01 -5.170494e-03 3.149971e-01
7.070707e-01 5.555556e-01 -3.169499e-01 -5.168676e-03 3.117812e-01
7.171717e-01 5.555556e-01 -3.137645e-01 -5.177945e-03 3.085865e-01
7.272727e-01 5.555556e-01 -3.106111e-01 -5.183756e-03 3.054273e-01
7.373737e-01 5.555556e-01 -3.074894e-01 -5.171627e-03 3.023178e-01
7.474747e-01 5.555556e-01 -3.043991e-01 -5.178541e-03 2.992205e-01
7.575758e-01 5.555556e-01 -3.013398e-01 -5.171686e-03 2.961681e-01
7.676768e-01 5.555556e-01 -2.983113e-01 -5.179346e-03 2.931320e-01
7.777778e-01 5.555556e-01 -2.953132e-01 -5.177915e-03 2.901353e-01
7.878788e-01 5.555556e-01 -2.923453e-01 -5.177170e-03 2.871681e-01
7.979798e-01 5.555556e-01 -2.894072e-01 -5.180508e-03 2.842267e-01
8.080808e-01 5.555556e-01 -2.864986e-01 -5.179107e-03 2.813195e-01
8.181818e-01 5.555556e-01 -2.836192e-01 -5.180001e-03 2.784392e-01
8.282828e-01 5.555556e-01 -2.807688e-01 -5.179912e-03 2.755889e-01
8.383838e-01 5.555556e-01 -2.779470e-01 -5.177677e-03 2.727693e-01
8.484848e-01 5.555556e-01 -2.751536e-01 -5.175769e-03 2.699778e-01
8.585859e-01 5.555556e-01 -2.723883e-01 -5.181462e-03 2.672068e-01
8.686869e-01 5.555556e-01 -2.696507e-01 -5.175978e-03 2.644747e-01
8.787879e-01 5.555556e-01 -2.669407e-01 -5.181015e-03 2.617597e-01
8.888889e-01 5.555556e-01 -2.642579e-01 -5.176425e-03 2.590815e-01
8.989899e-01 5.555556e-01 -2.616021e-01 -5.166829e-03 2.564352e-01
9.090909e-01 5.555556e-01 -2.589729e-01 -5.179882e-03 2.537930e-01
9.191919e-01 5.555556e-01 -2.563702e-01 -5.177319e-03 2.511929e-01
9.292929e-01 5.555556e-01 -2.537936e-01 -5.176634e-03 2.486170e-01
9.393939e-01 5.555556e-01 -2.512430e-01 -5.183071e-03 2.460599e-01
9.494949e-01 5.555556e-01 -2.487179e-01 -5.181581e-03 2.435363e-01
9.595960e-01 5.555556e-01 -2.462183e-01 -5.171508e-03 2.410468e-01
9.696970e-01 5.555556e-01 -2.437437e-01 -5.174696e-03 2.385690e-01
9.797980e-01 5.555556e-01 -2.412941e-01 -5.179524e-03 2.361145e-01
9.898990e-01 5.555556e-01 -2.388690e-01 -5.177021e-03 2.336920e-01
1.000000e+00 5.555556e-01 -2.364683e-01 -5.184352e-03 2.312840e-01
0.000000e+00 5.656566e-01 5.136774e-01 -5.174488e-03 5.188519e-01
1.010101e-02 5.656566e-01 5.085148e-01 -5.174458e-03 5.136893e-01
2.020202e-02 5.656566e-01 5.034042e-01 -5.183280e-03 5.085875e-01
3.030303e-02 5.656566e-01 4.983449e-01 -5.173624e-03 5.035185e-01
4.040404e-02 5.656566e-01 4.933364e-01 -5.179644e-03 4.985161e-01
5.050505e-02 5.656566e-01 4.883783e-01 -5.176753e-03 4.935551e-01
6.060606e-02 5.656566e-01 4.834700e-01 -5.176157e-03 4.886462e-01
7.070707e-02 5.656566e-01 4.786111e-01 -5.176097e-03 4.837872e-01
8.080808e-02 5.656566e-01 4.738010e-01 -5.175471e-03 4.789764e-01
9.090909e-02 5.656566e-01 4.690392e-01 -5.182266e-03 4.742215e-01
1.010101e-01 5.656566e-01 4.643253e-01 -5.179673e-03 4.695049e-01
1.111111e-01 5.656566e-01 4.596587e-01 -5.178481e-03 4.648372e-01
1.212121e-01 5.656566e-01 4.550391e-01 -5.173922e-03 4.602130e-01
1.313131e-01 5.656566e-01 4.504659e-01 -5.172819e-03 4.556387e-01
1.414141e-01 5.656566e-01 4.459386e-01 -5.176187e-03 4.511148e-01
1.515152e-01 5.656566e-01 4.414568e-01 -5.175889e-03 4.466327e-01
1.616162e-01 5.656566e-01 4.370201e-01 -5.181760e-03 4.422019e-01
1.717172e-01 5.656566e-01 4.326280e-01 -5.186737e-03 4.378147e-01
1.818182e-01 5.656566e-01 4.282800e-01 -5.178988e-03 4.334590e-01
1.919192e-01 5.656566e-01 4.239757e-01 -5.176604e-03 4.291523e-01
2.020202e-01 5.656566e-01 4.197147e-01 -5.175382e-03 4.248901e-01
2.121212e-01 5.656566e-01 4.154965e-01 -5.179942e-03 4.206765e-01
2.222222e-01 5.656566e-01 4.113207e-01 -5.179077e-03 4.164998e-01
2.323232e-01 5.656566e-01 4.071869e-01 -5.172998e-03 4.123599e-01
2.424242e-01 5.656566e-01 4.030946e-01 -5.177736e-03 4.082723e-01
2.525253e-01 5.656566e-01 3.990434e-01 -5.181730e-03 4.042251e-01
2.626263e-01 5.656566e-01 3.950329e-01 -5.173922e-03 4.002069e-01
2.727273e-01 5.656566e-01 3.910628e-01 -5.177140e-03 3.962399e-01
2.828283e-01 5.656566e-01 3.871326e-01 -5.178928e-03 3.923115e-01
2.929293e-01 5.656566e-01 3.832418e-01 -5.176872e-03 3.884187e-01
3.030303e-01 5.656566e-01 3.793902e-01 -5.179435e-03 3.845696e-01
3.131313e-01 5.656566e-01 3.755772e-01 -5.172879e-03 3.807501e-01
3.232323e-01 5.656566e-01 3.718026e-01 -5.175591e-03 3.769782e-01
3.333333e-01 5.656566e-01 3.680659e-01 -5.177170e-03 3.732431e-01
3.434343e-01 5.656566e-01 3.643668e-01 -5.175710e-03 3.695425e-01
3.535354e-01 5.656566e-01 3.607049e-01 -5.188107e-03 3.658930e-01
3.636364e-01 5.656566e-01 3.570797e-01 -5.173117e-03 3.622528e-01
3.737374e-01 5.656566e-01 3.534910e-01 -5.175203e-03 3.586662e-01
3.838384e-01 5.656566e-01 3.499384e-01 -5.181193e-03 3.551196e-01
3.939394e-01 5.656566e-01 3.464214e-01 -5.178452e-03 3.515999e-01
4.040404e-01 5.656566e-01 3.429398e-01 -5.179733e-03 3.481196e-01
4.141414e-01 5.656566e-01 3.394932e-01 -5.180031e-03 3.446733e-01
4.242424e-01 5.656566e-01 3.360813e-01 -5.176127e-03 3.412574e-01
4.343434e-01 5.656566e-01 3.327036e-01 -5.172759e-03 3.378764e-01
4.444444e-01 5.656566e-01 3.293599e-01 -5.177855e-03 3.345377e-01
4.545455e-01 5.656566e-01 3.260497e-01 -5.178839e-03 3.312286e-01
4.646465e-01 5.656566e-01 3.227729e-01 -5.179971e-03 3.279529e-01
4.747475e-01 5.656566e-01 3.195290e-01 -5.177826e-03 3.247068e-01
4.848485e-01 5.656566e-01 3.163177e-01 -5.175769e-03 3.214934e-01
4.949495e-01 5.656566e-01 3.131386e-01 -5.173028e-03 3.183116e-01
5.050505e-01 5.656566e-01 3.099915e-01 -5.178928e-03 3.151704e-01
5.151515e-01 5.656566e-01 3.068760e-01 -5.172014e-03 3.120481e-01
5.252525e-01 5.656566e-01 3.037919e-01 -5.183965e-03 3.089759e-01
5.353535e-01 5.656566e-01 3.007387e-01 -5.172193e-03 3.059109e-01
5.454545e-01 5.656566e-01 2.977163e-01 -5.177349e-03 3.028936e-01
5.555556e-01 5.656566e-01 2.947242e-01 -5.179077e-03 2.999032e-01
5.656566e-01 5.656566e-01 2.917621e-01 -5.174339e-03 2.969365e-01
5.757576e-01 5.656566e-01 2.888299e-01 -5.175918e-03 2.940058e-01
5.858586e-01 5.656566e-01 2.859271e-01 -5.176187e-03 2.911033e-01
5.959596e-01 5.656566e-01 2.830535e-01 -5.176216e-03 2.882297e-01
6.060606e-01 5.656566e-01 2.802087e-01 -5.175531e-03 2.853843e-01
6.161616e-01 5.656566e-01 2.773926e-01 -5.177855e-03 2.825704e-01
6.262626e-01 5.656566e-01 2.746048e-01 -5.175114e-03 2.797799e-01
6.363636e-01 5.656566e-01 2.718449e-01 -5.185455e-03 2.770304e-01
6.464646e-01 5.656566e-01 2.691128e-01 -5.178928e-03 2.742918e-01
6.565657e-01 5.656566e-01 2.664082e-01 -5.177736e-03 2.715859e-01
6.666667e-01 5.656566e-01 2.637308e-01 -5.173445e-03 2.689042e-01
6.767677e-01 5.656566e-01 2.610802e-01 -5.174875e-03 2.662551e-01
6.868687e-01 5.656566e-01 2.584563e-01 -5.179763e-03 2.636361e-01
6.969697e-01 5.656566e-01 2.558588e-01 -5.176157e-03 2.610350e-01
7.070707e-01 5.656566e-01 2.532874e-01 -5.175412e-03 2.584628e-01
7.171717e-01 5.656566e-01 2.507418e-01 -5.174100e-03 2.559159e-01
7.272727e-01 5.656566e-01 2.482218e-01 -5.178869e-03 2.534007e-01
7.373737e-01 5.656566e-01 2.457271e-01 -5.174786e-03 2.509019e-01
7.474747e-01 5.656566e-01 2.432575e-01 -5.177379e-03 2.484349e-01
7.575758e-01 5.656566e-01 2.408128e-01 -5.182832e-03 2.459956e-01
7.676768e-01 5.656566e-01 2.383925e-01 -5.179256e-03 2.435718e-01
7.777778e-01 5.656566e-01 2.359967e-01 -5.180985e-03 2.411776e-01
7.878788e-01 5.656566e-01 2.336249e-01 -5.174845e-03 2.387997e-01
7.979798e-01 5.656566e-01 2.312769e-01 -5.182952e-03 2.364598e-01
8.080808e-01 5.656566e-01 2.289525e-01 -5.180597e-03 2.341331e-01
8.181818e-01 5.656566e-01 2.266515e-01 -5.175412e-03 2.318269e-01
8.282828e-01 5.656566e-01 2.243736e-01 -5.174279e-03 2.295479e-01
8.383838e-01 5.656566e-01 2.221186e-01 -5.176485e-03 2.272951e-01
8.484848e-01 5.656566e-01 2.198863e-01 -5.175173e-03 2.250615e-01
8.585859e-01 5.656566e-01 2.176764e-01 -5.182594e-03 2.228590e-01
8.686869e-01 5.656566e-01 2.154887e-01 -5.171508e-03 2.206602e-01
8.787879e-01 5.656566e-01 2.133230e-01 -5.176604e-03 2.184996e-01
8.888889e-01 5.656566e-01 2.111791e-01 -5.177975e-03 2.163571e-01
8.989899e-01 5.656566e-01 2.090567e-01 -5.173951e-03 2.142307e-01
9.090909e-01 5.656566e-01 2.069556e-01 -5.181551e-03 2.121372e-01
9.191919e-01 5.656566e-01 2.048757e-01 -5.175143e-03 2.100509e-01
9.292929e-01 5.656566e-01 2.028167e-01 -5.178213e-03 2.079949e-01
9.393939e-01 5.656566e-01 2.007783e-01 -5.172670e-03 2.059510e-01
9.494949e-01 5.656566e-01 1.987605e-01 -5.182058e-03 2.039425e-01
9.595960e-01 5.656566e-01 1.967629e-01 -5.176663e-03 2.019396e-01
9.696970e-01 5.656566e-01 1.947854e-01 -5.172312e-03 1.999577e-01
9.797980e-01 5.656566e-01 1.928278e-01 -5.173922e-03 1.980017e-01
9.898990e-01 5.656566e-01 1.908898e-01 -5.173445e-03 1.960633e-01
1.000000e+00 5.656566e-01 1.889714e-01 -5.176991e-03 1.941483e-01
0.000000e+00 5.757576e-01 -3.716625e-01 -5.183309e-03 3.664791e-01
1.010101e-02 5.757576e-01 -3.679272e-01 -5.179107e-03 3.627481e-01
2.020202e-02 5.757576e-01 -3.642295e-01 -5.177170e-03 3.590523e-01
3.030303e-02 5.757576e-01 -3.605689e-01 -5.175948e-03 3.553929e-01
4.040404e-02 5.757576e-01 -3.569451e-01 -5.177110e-03 3.517680e-01
5.050505e-02 5.757576e-01 -3.533578e-01 -5.181581e-03 3.481762e-01
6.060606e-02 5.757576e-01 -3.498065e-01 -5.178452e-03 3.446280e-01
7.070707e-02 5.757576e-01 -3.462908e-01 -5.177498e-03 3.411133e-01
8.080808e-02 5.757576e-01 -3.428106e-01 -5.180061e-03 3.376305e-01
9.090909e-02 5.757576e-01 -3.393653e-01 -5.177587e-03 3.341877e-01
1.010101e-01 5.757576e-01 -3.359546e-01 -5.174428e-03 3.307801e-01
1.111111e-01 5.757576e-01 -3.325782e-01 -5.181283e-03 3.273969e-01
1.212121e-01 5.757576e-01 -3.292357e-01 -5.178064e-03 3.240576e-01
1.313131e-01 5.757576e-01 -3.259268e-01 -5.177706e-03 3.207491e-01
1.414141e-01 5.757576e-01 -3.226512e-01 -5.177379e-03 3.174738e-01
1.515152e-01 5.757576e-01 -3.194085e-01 -5.174994e-03 3.142335e-01
1.616162e-01 5.757576e-01 -3.161984e-01 -5.175114e-03 3.110233e-01
1.717172e-01 5.757576e-01 -3.130206e-01 -5.180031e-03 3.078405e-01
1.818182e-01 5.757576e-01 -3.098747e-01 -5.173594e-03 3.047011e-01
1.919192e-01 5.757576e-01 -3.067604e-01 -5.177945e-03 3.015824e-01
2.020202e-01 5.757576e-01 -3.036774e-01 -5.168706e-03 2.985087e-01
2.121212e-01 5.757576e-01 -3.006254e-01 -5.181074e-03 2.954443e-01
2.222222e-01 5.757576e-01 -2.976040e-01 -5.178392e-03 2.924256e-01
2.323232e-01 5.757576e-01 -2.946131e-01 -5.179375e-03 2.894337e-01
2.424242e-01 5.757576e-01 -2.916521e-01 -5.179495e-03 2.864727e-01
2.525253e-01 5.757576e-01 -2.887210e-01 -5.175382e-03 2.835456e-01
2.626263e-01 5.757576e-01 -2.858193e-01 -5.176485e-03 2.806428e-01
2.727273e-01 5.757576e-01 -2.829468e-01 -5.176485e-03 2.777703e-01
2.828283e-01 5.757576e-01 -2.801031e-01 -5.180359e-03 2.749228e-01
2.929293e-01 5.757576e-01 -2.772880e-01 -5.188048e-03 2.721000e-01
3.030303e-01 5.757576e-01 -2.745012e-01 -5.176008e-03 2.693252e-01
3.131313e-01 5.757576e-01 -2.717425e-01 -5.176604e-03 2.665658e-01
3.232323e-01 5.757576e-01 -2.690114e-01 -5.174458e-03 2.638369e-01
3.333333e-01 5.757576e-01 -2.663078e-01 -5.175650e-03 2.611321e-01
3.434343e-01 5.757576e-01 -2.636313e-01 -5.179524e-03 2.584518e-01
3.535354e-01 5.757576e-01 -2.609818e-01 -5.171299e-03 2.558105e-01
3.636364e-01 5.757576e-01 -2.583589e-01 -5.185246e-03 2.531737e-01
3.737374e-01 5.757576e-01 -2.557623e-01 -5.177855e-03 2.505845e-01
3.838384e-01 5.757576e-01 -2.531919e-01 -5.177379e-03 2.480145e-01
3.939394e-01 5.757576e-01 -2.506473e-01 -5.180269e-03 2.454670e-01
4.040404e-01 5.757576e-01 -2.481282e-01 -5.177140e-03 2.429511e-01
4.141414e-01 5.757576e-01 -2.456345e-01 -5.184710e-03 2.404498e-01
4.242424e-01 5.757576e-01 -2.431658e-01 -5.177140e-03 2.379887e-01
4.343434e-01 5.757576e-01 -2.407220e-01 -5.176336e-03 2.355456e-01
4.444444e-01 5.757576e-01 -2.383027e-01 -5.171806e-03 2.331309e-01
4.545455e-01 5.757576e-01 -2.359077e-01 -5.176604e-03 2.307311e-01
4.646465e-01 5.757576e-01 -2.335368e-01 -5.179107e-03 2.283577e-01
4.747475e-01 5.757576e-01 -2.311897e-01 -5.183041e-03 2.260067e-01
4.848485e-01 5.757576e-01 -2.288662e-01 -5.177438e-03 2.236888e-01
4.949495e-01 5.757576e-01 -2.265661e-01 -5.172700e-03 2.213934e-01
5.050505e-01 5.757576e-01 -2.242890e-01 -5.174756e-03 2.191143e-01
5.151515e-01 5.757576e-01 -2.220349e-01 -5.171478e-03 2.168634e-01
5.252525e-01 5.757576e-01 -2.198034e-01 -5.177289e-03 2.146261e-01
5.353535e-01 5.757576e-01 -2.175943e-01 -5.176991e-03 2.124174e-01
5.454545e-01 5.757576e-01 -2.154075e-01 -5.180895e-03 2.102266e-01
5.555556e-01 5.757576e-01 -2.132426e-01 -5.176187e-03 2.080664e-01
5.656566e-01 5.757576e-01 -2.110995e-01 -5.172074e-03 2.059274e-01
5.757576e-01 5.757576e-01 -2.089779e-01 -5.179346e-03 2.037986e-01
5.858586e-01 5.757576e-01 -2.068776e-01 -5.179137e-03 2.016985e-01
5.959596e-01 5.757576e-01 -2.047985e-01 -5.178809e-03 1.996197e-01
6.060606e-01 5.757576e-01 -2.027402e-01 -5.177349e-03 1.975629e-01
6.161616e-01 5.757576e-01 -2.007026e-01 -5.176157e-03 1.955265e-01
6.262626e-01 5.757576e-01 -1.986856e-01 -5.176187e-03 1.935094e-01
6.363636e-01 5.757576e-01 -1.966887e-01 -5.173922e-03 1.915148e-01
6.464646e-01 5.757576e-01 -1.947120e-01 -5.175412e-03 1.895366e-01
6.565657e-01 5.757576e-01 -1.927551e-01 -5.175531e-03 1.875796e-01
6.666667e-01 5.757576e-01 -1.908179e-01 -5.172640e-03 1.856452e-01
6.767677e-01 5.757576e-01 -1.889001e-01 -5.185902e-03 1.837142e-01
6.868687e-01 5.757576e-01 -1.870016e-01 -5.177438e-03 1.818242e-01
6.969697e-01 5.757576e-01 -1.851222e-01 -5.173326e-03 1.799489e-01
7.070707e-01 5.757576e-01 -1.832617e-01 -5.180568e-03 1.780812e-01
7.171717e-01 5.757576e-01 -1.814199e-01 -5.176783e-03 1.762431e-01
7.272727e-01 5.757576e-01 -1.795966e-01 -5.176991e-03 1.744196e-01
7.373737e-01 5.757576e-01 -1.777916e-01 -5.174935e-03 1.726167e-01
7.474747e-01 5.757576e-01 -1.760048e-01 -5.176783e-03 1.708280e-01
7.575758e-01 5.757576e-01 -1.742359e-01 -5.176187e-03 1.690597e-01
7.676768e-01 5.757576e-01 -1.724848e-01 -5.176663e-03 1.673082e-01
7.777778e-01 5.757576e-01 -1.707513e-01 -5.180120e-03 1.655712e-01
7.878788e-01 5.757576e-01 -1.690353e-01 -5.176425e-03 1.638588e-01
7.979798e-01 5.757576e-01 -1.673364e-01 -5.176425e-03 1.621600e-01
8.080808e-01 5.757576e-01 -1.656547e-01 -5.174994e-03 1.604797e-01
8.181818e-01 5.757576e-01 -1.639898e-01 -5.175948e-03 1.588139e-01
8.282828e-01 5.757576e-01 -1.623417e-01 -5.174935e-03 1.571667e-01
8.383838e-01 5.757576e-01 -1.607101e-01 -5.180776e-03 1.555293e-01
8.484848e-01 5.757576e-01 -1.590950e-01 -5.173713e-03 1.539212e-01
8.585859e-01 5.757576e-01 -1.574960e-01 -5.180925e-03 1.523151e-01
8.686869e-01 5.757576e-01 -1.559132e-01 -5.178303e-03 1.507349e-01
8.787879e-01 5.757576e-01 -1.543462e-01 -5.175322e-03 1.491709e-01
8.888889e-01 5.757576e-01 -1.527950e-01 -5.180359e-03 1.476146e-01
8.989899e-01 5.757576e-01 -1.512594e-01 -5.172759e-03 1.460866e-01
9.090909e-01 5.757576e-01 -1.497392e-01 -5.179286e-03 1.445599e-01
9.191919e-01 5.757576e-01 -1.482343e-01 -5.174309e-03 1.430600e-01
9.292929e-01 5.757576e-01 -1.467445e-01 -5.178630e-03 1.415659e-01
9.393939e-01 5.757576e-01 -1.452697e-01 -5.181313e-03 1.400884e-01
9.494949e-01 5.757576e-01 -1.438097e-01 -5.177021e-03 1.386327e-01
9.595960e-01 5.757576e-01 -1.423644e-01 -5.180448e-03 1.371840e-01
9.696970e-01 5.757576e-01 -1.409336e-01 -5.173624e-03 1.357600e-01
9.797980e-01 5.757576e-01 -1.395172e-01 -5.173922e-03 1.343433e-01
9.898990e-01 5.757576e-01 -1.381151e-01 -5.173653e-03 1.329414e-01
1.000000e+00 5.757576e-01 -1.367270e-01 -5.177975e-03 1.315490e-01
0.000000e+00 5.858586e-01 2.203105e-01 -5.176812e-03 2.254873e-01
1.010101e-02 5.858586e-01 2.180964e-01 -5.176723e-03 2.232731e-01
2.020202e-02 5.858586e-01 2.159045e-01 -5.176365e-03 2.210808e-01
3.030303e-02 5.858586e-01 2.137346e-01 -5.174935e-03 2.189095e-01
4.040404e-02 5.858586e-01 2.115865e-01 -5.176276e-03 2.167628e-01
5.050505e-02 5.858586e-01 2.094600e-01 -5.167276e-03 2.146273e-01
6.060606e-02 5.858586e-01 2.073549e-01 -5.180210e-03 2.125351e-01
7.070707e-02 5.858586e-01 2.052710e-01 -5.177021e-03 2.104480e-01
8.080808e-02 5.858586e-01 2.032080e-01 -5.178928e-03 2.083869e-01
9.090909e-02 5.858586e-01 2.011657e-01 -5.174875e-03 2.063406e-01
1.010101e-01 5.858586e-01 1.991440e-01 -5.172908e-03 2.043169e-01
1.111111e-01 5.858586e-01 1.971425e-01 -5.182296e-03 2.023248e-01
1.212121e-01 5.858586e-01 1.951612e-01 -5.178481e-03 2.003397e-01
1.313131e-01 5.858586e-01 1.931998e-01 -5.174816e-03 1.983746e-01
1.414141e-01 5.858586e-01 1.912581e-01 -5.179822e-03 1.964379e-01
1.515152e-01 5.858586e-01 1.893359e-01 -5.179971e-03 1.945159e-01
1.616162e-01 5.858586e-01 1.874331e-01 -5.174875e-03 1.926080e-01
1.717172e-01 5.858586e-01 1.855494e-01 -5.174726e-03 1.907241e-01
1.818182e-01 5.858586e-01 1.836845e-01 -5.170166e-03 1.888547e-01
1.919192e-01 5.858586e-01 1.818385e-01 -5.179375e-03 1.870179e-01
2.020202e-01 5.858586e-01 1.800110e-01 -5.183339e-03 1.851943e-01
2.121212e-01 5.858586e-01 1.782018e-01 -5.184412e-03 1.833863e-01
2.222222e-01 5.858586e-01 1.764109e-01 -5.173266e-03 1.815841e-01
2.323232e-01 5.858586e-01 1.746379e-01 -5.178481e-03 1.798164e-01
2.424242e-01 5.858586e-01 1.728828e-01 -5.184352e-03 1.780671e-01
2.525253e-01 5.858586e-01 1.711453e-01 -5.182028e-03 1.763273e-01
2.626263e-01 5.858586e-01 1.694252e-01 -5.182356e-03 1.746076e-01
2.727273e-01 5.858586e-01 1.677225e-01 -5.175769e-03 1.728983e-01
2.828283e-01 5.858586e-01 1.660369e-01 -5.171716e-03 1.712086e-01
2.929293e-01 5.858586e-01 1.643682e-01 -5.175769e-03 1.695439e-01
3.030303e-01 5.858586e-01 1.627162e-01 -5.179554e-03 1.678958e-01
3.131313e-01 5.858586e-01 1.610809e-01 -5.181879e-03 1.662628e-01
3.232323e-01 5.858586e-01 1.594620e-01 -5.179793e-03 1.646418e-01
3.333333e-01 5.858586e-01 1.578594e-01 -5.169958e-03 1.630294e-01
3.434343e-01 5.858586e-01 1.562729e-01 -5.172759e-03 1.614456e-01
3.535354e-01 5.858586e-01 1.547023e-01 -5.171388e-03 1.598737e-01
3.636364e-01 5.858586e-01 1.531475e-01 -5.181819e-03 1.583293e-01
3.737374e-01 5.858586e-01 1.516084e-01 -5.181134e-03 1.567895e-01
3.838384e-01 5.858586e-01 1.500847e-01 -5.177230e-03 1.552619e-01
3.939394e-01 5.858586e-01 1.485763e-01 -5.167365e-03 1.537437e-01
4.040404e-01 5.858586e-01 1.470831e-01 -5.171895e-03 1.522550e-01
4.141414e-01 5.858586e-01 1.456049e-01 -5.183339e-03 1.507882e-01
4.242424e-01 5.858586e-01 1.441415e-01 -5.184114e-03 1.493256e-01
4.343434e-01 5.858586e-01 1.426929e-01 -5.180687e-03 1.478736e-01
4.444444e-01 5.858586e-01 1.412588e-01 -5.178690e-03 1.464375e-01
4.545455e-01 5.858586e-01 1.398391e-01 -5.178392e-03 1.450175e-01
4.646465e-01 5.858586e-01 1.384337e-01 -5.180955e-03 1.436147e-01
4.747475e-01 5.858586e-01 1.370424e-01 -5.169511e-03 1.422119e-01
4.848485e-01 5.858586e-01 1.356651e-01 -5.176634e-03 1.408418e-01
4.949495e-01 5.858586e-01 1.343017e-01 -5.177587e-03 1.394793e-01
5.050505e-01 5.858586e-01 1.329519e-01 -5.173385e-03 1.381253e-01
5.151515e-01 5.858586e-01 1.316157e-01 -5.178601e-03 1.367943e-01
5.252525e-01 5.858586e-01 1.302930e-01 -5.177617e-03 1.354706e-01
5.353535e-01 5.858586e-01 1.289835e-01 -5.181342e-03 1.341648e-01
5.454545e-01 5.858586e-01 1.276872e-01 -5.183578e-03 1.328708e-01
5.555556e-01 5.858586e-01 1.264039e-01 -5.174369e-03 1.315783e-01
5.656566e-01 5.858586e-01 1.251335e-01 -5.171180e-03 1.303047e-01
5.757576e-01 5.858586e-01 1.238759e-01 -5.174220e-03 1.290501e-01
5.858586e-01 5.858586e-01 1.226310e-01 -5.180508e-03 1.278115e-01
5.959596e-01 5.858586e-01 1.213985e-01 -5.182028e-03 1.265805e-01
6.060606e-01 5.858586e-01 1.201784e-01 -5.174696e-03 1.253531e-01
6.161616e-01 5.858586e-01 1.189706e-01 -5.182117e-03 1.241527e-01
6.262626e-01 5.858586e-01 1.177749e-01 -5.173862e-03 1.229488e-01
6.363636e-01 5.858586e-01 1.165913e-01 -5.177826e-03 1.217691e-01
6.464646e-01 5.858586e-01 1.154195e-01 -5.175740e-03 1.205953e-01
6.565657e-01 5.858586e-01 1.142595e-01 -5.174994e-03 1.194345e-01
6.666667e-01 5.858586e-01 1.131112e-01 -5.176276e-03 1.182875e-01
6.767677e-01 5.858586e-01 1.119744e-01 -5.177319e-03 1.171517e-01
6.868687e-01 5.858586e-01 1.108491e-01 -5.179703e-03 1.160288e-01
6.969697e-01 5.858586e-01 1.097350e-01 -5.176723e-03 1.149117e-01
7.070707e-01 5.858586e-01 1.086321e-01 -5.177051e-03 1.138092e-01
7.171717e-01 5.858586e-01 1.075404e-01 -5.177736e-03 1.127181e-01
7.272727e-01 5.858586e-01 1.064596e-01 -5.171776e-03 1.116314e-01
7.373737e-01 5.858586e-01 1.053896e-01 -5.174011e-03 1.105636e-01
7.474747e-01 5.858586e-01 1.043305e-01 -5.178839e-03 1.095093e-01
7.575758e-01 5.858586e-01 1.032819e-01 -5.178005e-03 1.084599e-01
7.676768e-01 5.858586e-01 1.022439e-01 -5.176842e-03 1.074208e-01
7.777778e-01 5.858586e-01 1.012163e-01 -5.177826e-03 1.063942e-01
7.878788e-01 5.858586e-01 1.001991e-01 -5.182177e-03 1.053813e-01
7.979798e-01 5.858586e-01 9.919209e-02 -5.177677e-03 1.043698e-01
8.080808e-01 5.858586e-01 9.819519e-02 -5.174845e-03 1.033700e-01
8.181818e-01 5.858586e-01 9.720831e-02 -5.175203e-03 1.023835e-01
8.282828e-01 5.858586e-01 9.623135e-02 -5.177438e-03 1.014088e-01
8.383838e-01 5.858586e-01 9.526421e-02 -5.175620e-03 1.004398e-01
8.484848e-01 5.858586e-01 9.430679e-02 -5.177379e-03 9.948417e-02
8.585859e-01 5.858586e-01 9.335899e-02 -5.176157e-03 9.853515e-02
8.686869e-01 5.858586e-01 9.242072e-02 -5.175173e-03 9.759589e-02
8.787879e-01 5.858586e-01 9.149188e-02 -5.177796e-03 9.666967e-02
8.888889e-01 5.858586e-01 9.057237e-02 -5.174905e-03 9.574727e-02
8.989899e-01 5.858586e-01 8.966210e-02 -5.176306e-03 9.483841e-02
9.090909e-01 5.858586e-01 8.876098e-02 -5.181491e-03 9.394247e-02
9.191919e-01 5.858586e-01 8.786892e-02 -5.182534e-03 9.305145e-02
9.292929e-01 5.858586e-01 8.698582e-02 -5.177885e-03 9.216371e-02
9.393939e-01 5.858586e-01 8.611160e-02 -5.173206e-03 9.128481e-02
9.494949e-01 5.858586e-01 8.524616e-02 -5.171031e-03 9.041719e-02
9.595960e-01 5.858586e-01 8.438943e-02 -5.178481e-03 8.956791e-02
9.696970e-01 5.858586e-01 8.354130e-02 -5.182177e-03 8.872347e-02
9.797980e-01 5.858586e-01 8.270169e-02 -5.178839e-03 8.788053e-02
9.898990e-01 5.858586e-01 8.187053e-02 -5.179971e-03 8.705050e-02
1.000000e+00 5.858586e-01 8.104772e-02 -5.174905e-03 8.622262e-02
0.000000e+00 5.959596e-01 -6.342392e-02 -5.171359e-03 5.825256e-02
1.010101e-02 5.959596e-01 -6.278650e-02 -5.178601e-03 5.760790e-02
2.020202e-02 5.959596e-01 -6.215548e-02 -5.177051e-03 5.697843e-02
3.030303e-02 5.959596e-01 -6.153081e-02 -5.191237e-03 5.633957e-02
4.040404e-02 5.959596e-01 -6.091242e-02 -5.173594e-03 5.573882e-02
5.050505e-02 5.959596e-01 -6.030024e-02 -5.174309e-03 5.512593e-02
6.060606e-02 5.959596e-01 -5.969421e-02 -5.189210e-03 5.450500e-02
7.070707e-02 5.959596e-01 -5.909427e-02 -5.181760e-03 5.391251e-02
8.080808e-02 5.959596e-01 -5.850036e-02 -5.178005e-03 5.332236e-02
9.090909e-02 5.959596e-01 -5.791243e-02 -5.174696e-03 5.273773e-02
1.010101e-01 5.959596e-01 -5.733040e-02 -5.179584e-03 5.215081e-02
1.111111e-01 5.959596e-01 -5.675422e-02 -5.175591e-03 5.157863e-02
1.212121e-01 5.959596e-01 -5.618383e-02 -5.173296e-03 5.101053e-02
1.313131e-01 5.959596e-01 -5.561917e-02 -5.177647e-03 5.044152e-02
1.414141e-01 5.959596e-01 -5.506019e-02 -5.179971e-03 4.988022e-02
1.515152e-01 5.959596e-01 -5.450682e-02 -5.179226e-03 4.932760e-02
1.616162e-01 5.959596e-01 -5.395902e-02 -5.178899e-03 4.878012e-02
1.717172e-01 5.959596e-01 -5.341673e-02 -5.173504e-03 4.824322e-02
1.818182e-01 5.959596e-01 -5.287988e-02 -5.172968e-03 4.770691e-02
1.919192e-01 5.959596e-01 -5.234843e-02 -5.176932e-03 4.717149e-02
2.020202e-01 5.959596e-01 -5.182232e-02 -5.176961e-03 4.664535e-02
2.121212e-01 5.959596e-01 -5.130149e-02 -5.181462e-03 4.612003e-02
2.222222e-01 5.959596e-01 -5.078590e-02 -5.179882e-03 4.560602e-02
2.323232e-01 5.959596e-01 -5.027550e-02 -5.185425e-03 4.509007e-02
2.424242e-01 5.959596e-01 -4.977022e-02 -5.178481e-03 4.459174e-02
2.525253e-01 5.959596e-01 -4.927002e-02 -5.176663e-03 4.409336e-02
2.626263e-01 5.959596e-01 -4.877485e-02 -5.180120e-03 4.359473e-02
2.727273e-01 5.959596e-01 -4.828465e-02 -5.188048e-03 4.309661e-02
2.828283e-01 5.959596e-01 -4.779939e-02 -5.178809e-03 4.262058e-02
2.929293e-01 5.959596e-01 -4.731899e-02 -5.174935e-03 4.214406e-02
3.030303e-01 5.959596e-01 -4.684343e-02 -5.182534e-03 4.166090e-02
3.131313e-01 5.959596e-01 -4.637265e-02 -5.177110e-03 4.119554e-02
3.232323e-01 5.959596e-01 -4.590659e-02 -5.181104e-03 4.072549e-02
3.333333e-01 5.959596e-01 -4.544522e-02 -5.178422e-03 4.026680e-02
3.434343e-01 5.959596e-01 -4.498849e-02 -5.175054e-03 3.981344e-02
3.535354e-01 5.959596e-01 -4.453635e-02 -5.175442e-03 3.936091e-02
3.636364e-01 5.959596e-01 -4.408875e-02 -5.174726e-03 3.891403e-02
3.737374e-01 5.959596e-01 -4.364565e-02 -5.181909e-03 3.846374e-02
3.838384e-01 5.959596e-01 -4.320701e-02 -5.178034e-03 3.802897e-02
3.939394e-01 5.959596e-01 -4.277277e-02 -5.174339e-03 3.759843e-02
4.040404e-01 5.959596e-01 -4.234290e-02 -5.175650e-03 3.716725e-02
4.141414e-01 5.959596e-01 -4.191734e-02 -5.179197e-03 3.673815e-02
4.242424e-01 5.959596e-01 -4.149607e-02 -5.178630e-03 3.631744e-02
4.343434e-01 5.959596e-01 -4.107902e-02 -5.179048e-03 3.589998e-02
4.444444e-01 5.959596e-01 -4.066617e-02 -5.180776e-03 3.548540e-02
4.545455e-01 5.959596e-01 -4.025747e-02 -5.172610e-03 3.508486e-02
4.646465e-01 5.959596e-01 -3.985288e-02 -5.174845e-03 3.467803e-02
4.747475e-01 5.959596e-01 -3.945235e-02 -5.174339e-03 3.427801e-02
4.848485e-01 5.959596e-01 -3.905585e-02 -5.176961e-03 3.387889e-02
4.949495e-01 5.959596e-01 -3.866333e-02 -5.177647e-03 3.348568e-02
5.050505e-01 5.959596e-01 -3.827476e-02 -5.170792e-03 3.310396e-02
5.151515e-01 5.959596e-01 -3.789009e-02 -5.176067e-03 3.271402e-02
5.252525e-01 5.959596e-01 -3.750929e-02 -5.177319e-03 3.233197e-02
5.353535e-01 5.959596e-01 -3.713231e-02 -5.169660e-03 3.196265e-02
5.454545e-01 5.959596e-01 -3.675913e-02 -5.179405e-03 3.157972e-02
5.555556e-01 5.959596e-01 -3.638969e-02 -5.183458e-03 3.120623e-02
5.656566e-01 5.959596e-01 -3.602397e-02 -5.175173e-03 3.084880e-02
5.757576e-01 5.959596e-01 -3.566192e-02 -5.178690e-03 3.048323e-02
5.858586e-01 5.959596e-01 -3.530351e-02 -5.173802e-03 3.012971e-02
5.959596e-01 5.959596e-01 -3.494871e-02 -5.175054e-03 2.977365e-02
6.060606e-01 5.959596e-01 -3.459747e-02 -5.174845e-03 2.942262e-02
6.161616e-01 5.959596e-01 -3.424976e-02 -5.180418e-03 2.906934e-02
6.262626e-01 5.959596e-01 -3.390554e-02 -5.177081e-03 2.872846e-02
6.363636e-01 5.959596e-01 -3.356478e-02 -5.176395e-03 2.838839e-02
6.464646e-01 5.959596e-01 -3.322745e-02 -5.172044e-03 2.805541e-02
6.565657e-01 5.959596e-01 -3.289351e-02 -5.179167e-03 2.771434e-02
6.666667e-01 5.959596e-01 -3.256293e-02 -5.179435e-03 2.738349e-02
6.767677e-01 5.959596e-01 -3.223566e-02 -5.174994e-03 2.706067e-02
6.868687e-01 5.959596e-01 -3.191169e-02 -5.181253e-03 2.673044e-02
6.969697e-01 5.959596e-01 -3.159097e-02 -5.178481e-03 2.641249e-02
7.070707e-01 5.959596e-01 -3.127348e-02 -5.178511e-03 2.609497e-02
7.171717e-01 5.959596e-01 -3.095917e-02 -5.167782e-03 2.579139e-02
7.272727e-01 5.959596e-01 -3.064803e-02 -5.175024e-03 2.547300e-02
7.373737e-01 5.959596e-01 -3.034001e-02 -5.178064e-03 2.516195e-02
7.474747e-01 5.959596e-01 -3.003509e-02 -5.184293e-03 2.485080e-02
7.575758e-01 5.959596e-01 -2.973323e-02 -5.179286e-03 2.455395e-02
7.676768e-01 5.959596e-01 -2.943441e-02 -5.178869e-03 2.425554e-02
7.777778e-01 5.959596e-01 -2.913859e-02 -5.175799e-03 2.396279e-02
7.878788e-01 5.959596e-01 -2.884574e-02 -5.174011e-03 2.367173e-02
7.979798e-01 5.959596e-01 -2.855583e-02 -5.176008e-03 2.337983e-02
8.080808e-01 5.959596e-01 -2.826884e-02 -5.177021e-03 2.309182e-02
8.181818e-01 5.959596e-01 -2.798474e-02 -5.181551e-03 2.280319e-02
8.282828e-01 5.959596e-01 -2.770349e-02 -5.184174e-03 2.251931e-02
8.383838e-01 5.959596e-01 -2.742506e-02 -5.172163e-03 2.225290e-02
8.484848e-01 5.959596e-01 -2.714943e-02 -5.177319e-03 2.197212e-02
8.585859e-01 5.959596e-01 -2.687658e-02 -5.177557e-03 2.169902e-02
8.686869e-01 5.959596e-01 -2.660646e-02 -5.177855e-03 2.142861e-02
8.787879e-01 5.959596e-01 -2.633906e-02 -5.179316e-03 2.115975e-02
8.888889e-01 5.959596e-01 -2.607435e-02 -5.171746e-03 2.090261e-02
8.989899e-01 5.959596e-01 -2.581230e-02 -5.170822e-03 2.064148e-02
9.090909e-01 5.959596e-01 -2.555288e-02 -5.174994e-03 2.037789e-02
9.191919e-01 5.959596e-01 -2.529607e-02 -5.178958e-03 2.011711e-02
9.292929e-01 5.959596e-01 -2.504184e-02 -5.178303e-03 1.986354e-02
9.393939e-01 5.959596e-01 -2.479017e-02 -5.172879e-03 1.961729e-02
9.494949e-01 5.959596e-01 -2.454102e-02 -5.172461e-03 1.936856e-02
9.595960e-01 5.959596e-01 -2.429438e-02 -5.167484e-03 1.912690e-02
9.696970e-01 5.959596e-01 -2.405022e-02 -5.181789e-03 1.886843e-02
9.797980e-01 5.959596e-01 -2.380851e-02 -5.178869e-03 1.862964e-02
9.898990e-01 5.959596e-01 -2.356923e-02 -5.174816e-03 1.839442e-02
1.000000e+00 5.959596e-01 -2.333236e-02 -5.171686e-03 1.816067e-02
0.000000e+00 6.060606e-01 -9.505604e-02 -5.176842e-03 8.987920e-02
1.010101e-02 6.060606e-01 -9.410071e-02 -5.178630e-03 8.892208e-02
2.020202e-02 6.060606e-01 -9.315499e-02 -5.172998e-03 8.798199e-02
3.030303e-02 6.060606e-01 -9.221876e-02 -5.176961e-03 8.704180e-02
4.040404e-02 6.060606e-01 -9.129195e-02 -5.177528e-03 8.611442e-02
5.050505e-02 6.060606e-01 -9.037445e-02 -5.184501e-03 8.518995e-02
6.060606e-02 6.060606e-01 -8.946617e-02 -5.174935e-03 8.429124e-02
7.070707e-02 6.060606e-01 -8.856702e-02 -5.174160e-03 8.339286e-02
8.080808e-02 6.060606e-01 -8.767691e-02 -5.172879e-03 8.250403e-02
9.090909e-02 6.060606e-01 -8.679574e-02 -5.173445e-03 8.162230e-02
1.010101e-01 6.060606e-01 -8.592343e-02 -5.184770e-03 8.073866e-02
1.111111e-01 6.060606e-01 -8.505988e-02 -5.176991e-03 7.988289e-02
1.212121e-01 6.060606e-01 -8.420502e-02 -5.172521e-03 7.903250e-02
1.313131e-01 6.060606e-01 -8.335874e-02 -5.176097e-03 7.818265e-02
1.414141e-01 6.060606e-01 -8.252098e-02 -5.179584e-03 7.734139e-02
1.515152e-01 6.060606e-01 -8.169163e-02 -5.176097e-03 7.651553e-02
1.616162e-01 6.060606e-01 -8.087061e-02 -5.171239e-03 7.569937e-02
1.717172e-01 6.060606e-01 -8.005785e-02 -5.177081e-03 7.488077e-02
1.818182e-01 6.060606e-01 -7.925325e-02 -5.175561e-03 7.407769e-02
1.919192e-01 6.060606e-01 -7.845675e-02 -5.172074e-03 7.328467e-02
2.020202e-01 6.060606e-01 -7.766824e-02 -5.175442e-03 7.249280e-02
2.121212e-01 6.060606e-01 -7.688766e-02 -5.175680e-03 7.171198e-02
2.222222e-01 6.060606e-01 -7.611493e-02 -5.176663e-03 7.093827e-02
2.323232e-01 6.060606e-01 -7.534996e-02 -5.175292e-03 7.017467e-02
2.424242e-01 6.060606e-01 -7.459268e-02 -5.175710e-03 6.941697e-02
2.525253e-01 6.060606e-01 -7.384301e-02 -5.179346e-03 6.866367e-02
2.626263e-01 6.060606e-01 -7.310088e-02 -5.175173e-03 6.792571e-02
2.727273e-01 6.060606e-01 -7.236620e-02 -5.180717e-03 6.718549e-02
2.828283e-01 6.060606e-01 -7.163891e-02 -5.183339e-03 6.645557e-02
2.929293e-01 6.060606e-01 -7.091893e-02 -5.170107e-03 6.574882e-02
3.030303e-01 6.060606e-01 -7.020618e-02 -5.179226e-03 6.502695e-02
3.131313e-01 6.060606e-01 -6.950060e-02 -5.177140e-03 6.432346e-02
3.232323e-01 6.060606e-01 -6.880210e-02 -5.171746e-03 6.363036e-02
3.333333e-01 6.060606e-01 -6.811063e-02 -5.178958e-03 6.293167e-02
3.434343e-01 6.060606e-01 -6.742611e-02 -5.173236e-03 6.225287e-02
3.535354e-01 6.060606e-01 -6.674846e-02 -5.179316e-03 6.156915e-02
3.636364e-01 6.060606e-01 -6.607763e-02 -5.175710e-03 6.090192e-02
3.737374e-01 6.060606e-01 -6.541354e-02 -5.171239e-03 6.024230e-02
3.838384e-01 6.060606e-01 -6.475612e-02 -5.183786e-03 5.957234e-02
3.939394e-01 6.060606e-01 -6.410531e-02 -5.179465e-03 5.892585e-02
4.040404e-01 6.060606e-01 -6.346104e-02 -5.179584e-03 5.828146e-02
4.141414e-01 6.060606e-01 -6.282325e-02 -5.179435e-03 5.764382e-02
4.242424e-01 6.060606e-01 -6.219187e-02 -5.168110e-03 5.702376e-02
4.343434e-01 6.060606e-01 -6.156683e-02 -5.173326e-03 5.639350e-02
4.444444e-01 6.060606e-01 -6.094807e-02 -5.185127e-03 5.576294e-02
4.545455e-01 6.060606e-01 -6.033553e-02 -5.180210e-03 5.515532e-02
4.646465e-01 6.060606e-01 -5.972915e-02 -5.178332e-03 5.455082e-02
4.747475e-01 6.060606e-01 -5.912886e-02 -5.179644e-03 5.394922e-02
4.848485e-01 6.060606e-01 -5.853461e-02 -5.178034e-03 5.335657e-02
4.949495e-01 6.060606e-01 -5.794633e-02 -5.172938e-03 5.277339e-02
5.050505e-01 6.060606e-01 -5.736395e-02 -5.178779e-03 5.218518e-02
5.151515e-01 6.060606e-01 -5.678744e-02 -5.177498e-03 5.160994e-02
5.252525e-01 6.060606e-01 -5.621671e-02 -5.181670e-03 5.103504e-02
5.353535e-01 6.060606e-01 -5.565173e-02 -5.175352e-03 5.047637e-02
5.454545e-01 6.060606e-01 -5.509242e-02 -5.174994e-03 4.991742e-02
5.555556e-01 6.060606e-01 -5.453873e-02 -5.176365e-03 4.936236e-02
5.656566e-01 6.060606e-01 -5.399061e-02 -5.177259e-03 4.881335e-02
5.757576e-01 6.060606e-01 -5.344799e-02 -5.182803e-03 4.826519e-02
5.858586e-01 6.060606e-01 -5.291083e-02 -5.179495e-03 4.773134e-02
5.959596e-01 6.060606e-01 -5.237907e-02 -5.175829e-03 4.720324e-02
6.060606e-01 6.060606e-01 -5.185265e-02 -5.181074e-03 4.667158e-02
6.161616e-01 6.060606e-01 -5.133152e-02 -5.174994e-03 4.615653e-02
6.262626e-01 6.060606e-01 -5.081563e-02 -5.173624e-03 4.564201e-02
6.363636e-01 6.060606e-01 -5.030493e-02 -5.181223e-03 4.512370e-02
6.464646e-01 6.060606e-01 -4.979935e-02 -5.181313e-03 4.461804e-02
6.565657e-01 6.060606e-01 -4.929886e-02 -5.178511e-03 4.412035e-02
6.666667e-01 6.060606e-01 -4.880340e-02 -5.177736e-03 4.362566e-02
6.767677e-01 6.060606e-01 -4.831292e-02 -5.172044e-03 4.314087e-02
6.868687e-01 6.060606e-01 -4.782736e-02 -5.176038e-03 4.265133e-02
6.969697e-01 6.060606e-01 -4.734669e-02 -5.180180e-03 4.216651e-02
7.070707e-01 6.060606e-01 -4.687085e-02 -5.173683e-03 4.169717e-02
7.171717e-01 6.060606e-01 -4.639979e-02 -5.181134e-03 4.121866e-02
7.272727e-01 6.060606e-01 -4.593346e-02 -5.179882e-03 4.075358e-02
7.373737e-01 6.060606e-01 -4.547183e-02 -5.174667e-03 4.029716e-02
7.474747e-01 6.060606e-01 -4.501483e-02 -5.186975e-03 3.982785e-02
7.575758e-01 6.060606e-01 -4.456242e-02 -5.177200e-03 3.938522e-02
7.676768e-01 6.060606e-01 -4.411456e-02 -5.177647e-03 3.893691e-02
7.777778e-01 6.060606e-01 -4.367120e-02 -5.178332e-03 3.849287e-02
7.878788e-01 6.060606e-01 -4.323230e-02 -5.176544e-03 3.805575e-02
7.979798e-01 6.060606e-01 -4.279781e-02 -5.177617e-03 3.762019e-02
8.080808e-01 6.060606e-01 -4.236768e-02 -5.178809e-03 3.718887e-02
8.181818e-01 6.060606e-01 -4.194188e-02 -5.181253e-03 3.676063e-02
8.282828e-01 6.060606e-01 -4.152036e-02 -5.178541e-03 3.634182e-02
8.383838e-01 6.060606e-01 -4.110307e-02 -5.179077e-03 3.592399e-02
8.484848e-01 6.060606e-01 -4.068998e-02 -5.176961e-03 3.551302e-02
8.585859e-01 6.060606e-01 -4.028104e-02 -5.181313e-03 3.509972e-02
8.686869e-01 6.060606e-01 -3.987620e-02 -5.177528e-03 3.469868e-02
8.787879e-01 6.060606e-01 -3.947544e-02 -5.177975e-03 3.429747e-02
8.888889e-01 6.060606e-01 -3.907871e-02 -5.176246e-03 3.390246e-02
8.989899e-01 6.060606e-01 -3.868596e-02 -5.177885e-03 3.350807e-02
9.090909e-01 6.060606e-01 -3.829716e-02 -5.174041e-03 3.312312e-02
9.191919e-01 6.060606e-01 -3.791227e-02 -5.182117e-03 3.273015e-02
9.292929e-01 6.060606e-01 -3.753124e-02 -5.175918e-03 3.235532e-02
9.393939e-01 6.060606e-01 -3.715405e-02 -5.175322e-03 3.197872e-02
9.494949e-01 6.060606e-01 -3.678064e-02 -5.184829e-03 3.159581e-02
9.595960e-01 6.060606e-01 -3.641099e-02 -5.171716e-03 3.123928e-02
9.696970e-01 6.060606e-01 -3.604505e-02 -5.177706e-03 3.086735e-02
9.797980e-01 6.060606e-01 -3.568280e-02 -5.179375e-03 3.050342e-02
9.898990e-01 6.060606e-01 -3.532418e-02 -5.179912e-03 3.014427e-02
1.000000e+00 6.060606e-01 -3.496916e-02 -5.183190e-03 2.978597e-02
0.000000e+00 6.161616e-01 2.511480e-01 -5.178630e-03 2.563266e-01
1.010101e-02 6.161616e-01 2.486239e-01 -5.181670e-03 2.538056e-01
2.020202e-02 6.161616e-01 2.461252e-01 -5.174041e-03 2.512992e-01
3.030303e-02 6.161616e-01 2.436516e-01 -5.176365e-03 2.488280e-01
4.040404e-02 6.161616e-01 2.412029e-01 -5.176842e-03 2.463797e-01
5.050505e-02 6.161616e-01 2.387787e-01 -5.174339e-03 2.439531e-01
6.060606e-02 6.161616e-01 2.363790e-01 -5.173504e-03 2.415525e-01
7.070707e-02 6.161616e-01 2.340033e-01 -5.176425e-03 2.391797e-01
8.080808e-02 6.161616e-01 2.316515e-01 -5.178958e-03 2.368305e-01
9.090909e-02 6.161616e-01 2.293234e-01 -5.175561e-03 2.344990e-01
1.010101e-01 6.161616e-01 2.270187e-01 -5.173802e-03 2.321925e-01
1.111111e-01 6.161616e-01 2.247371e-01 -5.181730e-03 2.299188e-01
1.212121e-01 6.161616e-01 2.224784e-01 -5.176365e-03 2.276548e-01
1.313131e-01 6.161616e-01 2.202425e-01 -5.179584e-03 2.254221e-01
1.414141e-01 6.161616e-01 2.180290e-01 -5.176812e-03 2.232058e-01
1.515152e-01 6.161616e-01 2.158378e-01 -5.181015e-03 2.210188e-01
1.616162e-01 6.161616e-01 2.136686e-01 -5.176038e-03 2.188446e-01
1.717172e-01 6.161616e-01 2.115212e-01 -5.185127e-03 2.167063e-01
1.818182e-01 6.161616e-01 2.093954e-01 -5.176038e-03 2.145714e-01
1.919192e-01 6.161616e-01 2.072909e-01 -5.171776e-03 2.124627e-01
2.020202e-01 6.161616e-01 2.052076e-01 -5.173355e-03 2.103810e-01
2.121212e-01 6.161616e-01 2.031452e-01 -5.180240e-03 2.083255e-01
2.222222e-01 6.161616e-01 2.011036e-01 -5.182356e-03 2.062859e-01
2.323232e-01 6.161616e-01 1.990825e-01 -5.182773e-03 2.042652e-01
2.424242e-01 6.161616e-01 1.970817e-01 -5.176663e-03 2.022583e-01
2.525253e-01 6.161616e-01 1.951009e-01 -5.174279e-03 2.002752e-01
2.626263e-01 6.161616e-01 1.931402e-01 -5.174100e-03 1.983143e-01
2.727273e-01 6.161616e-01 1.911991e-01 -5.176723e-03 1.963758e-01
2.828283e-01 6.161616e-01 1.892775e-01 -5.185515e-03 1.944630e-01
2.929293e-01 6.161616e-01 1.873752e-01 -5.178988e-03 1.925542e-01
3.030303e-01 6.161616e-01 1.854921e-01 -5.168408e-03 1.906605e-01
3.131313e-01 6.161616e-01 1.836278e-01 -5.176455e-03 1.888043e-01
3.232323e-01 6.161616e-01 1.817823e-01 -5.174637e-03 1.869570e-01
3.333333e-01 6.161616e-01 1.799554e-01 -5.179673e-03 1.851351e-01
3.434343e-01 6.161616e-01 1.781468e-01 -5.169183e-03 1.833160e-01
3.535354e-01 6.161616e-01 1.763564e-01 -5.174547e-03 1.815310e-01
3.636364e-01 6.161616e-01 1.745840e-01 -5.173087e-03 1.797571e-01
3.737374e-01 6.161616e-01 1.728294e-01 -5.172700e-03 1.780021e-01
3.838384e-01 6.161616e-01 1.710924e-01 -5.178720e-03 1.762712e-01
3.939394e-01 6.161616e-01 1.693729e-01 -5.177408e-03 1.745503e-01
4.040404e-01 6.161616e-01 1.676707e-01 -5.178511e-03 1.728492e-01
4.141414e-01 6.161616e-01 1.659856e-01 -5.178958e-03 1.711645e-01
4.242424e-01 6.161616e-01 1.643174e-01 -5.178988e-03 1.694964e-01
4.343434e-01 6.161616e-01 1.626660e-01 -5.170882e-03 1.678369e-01
4.444444e-01 6.161616e-01 1.610312e-01 -5.187958e-03 1.662191e-01
4.545455e-01 6.161616e-01 1.594128e-01 -5.177468e-03 1.645902e-01
4.646465e-01 6.161616e-01 1.578106e-01 -5.171716e-03 1.629824e-01
4.747475e-01 6.161616e-01 1.562246e-01 -5.179465e-03 1.614041e-01
4.848485e-01 6.161616e-01 1.546545e-01 -5.175143e-03 1.598297e-01
4.949495e-01 6.161616e-01 1.531002e-01 -5.166531e-03 1.582668e-01
5.050505e-01 6.161616e-01 1.515616e-01 -5.177438e-03 1.567390e-01
5.151515e-01 6.161616e-01 1.500383e-01 -5.172491e-03 1.552108e-01
5.252525e-01 6.161616e-01 1.485304e-01 -5.177557e-03 1.537080e-01
5.353535e-01 6.161616e-01 1.470377e-01 -5.176216e-03 1.522139e-01
5.454545e-01 6.161616e-01 1.455599e-01 -5.176395e-03 1.507363e-01
5.555556e-01 6.161616e-01 1.440970e-01 -5.180269e-03 1.492773e-01
5.656566e-01 6.161616e-01 1.426488e-01 -5.176842e-03 1.478257e-01
5.757576e-01 6.161616e-01 1.412152e-01 -5.180418e-03 1.463956e-01
5.858586e-01 6.161616e-01 1.397959e-01 -5.174547e-03 1.449705e-01
5.959596e-01 6.161616e-01 1.383910e-01 -5.176067e-03 1.435670e-01
6.060606e-01 6.161616e-01 1.370001e-01 -5.180776e-03 1.421809e-01
6.161616e-01 6.161616e-01 1.356232e-01 -5.174905e-03 1.407981e-01
6.262626e-01 6.161616e-01 1.342602e-01 -5.176514e-03 1.394367e-01
6.363636e-01 6.161616e-01 1.329109e-01 -5.182803e-03 1.380937e-01
6.464646e-01 6.161616e-01 1.315751e-01 -5.177438e-03 1.367525e-01
6.565657e-01 6.161616e-01 1.302527e-01 -5.180568e-03 1.354333e-01
6.666667e-01 6.161616e-01 1.289437e-01 -5.174935e-03 1.341186e-01
6.767677e-01 6.161616e-01 1.276478e-01 -5.175740e-03 1.328235e-01
6.868687e-01 6.161616e-01 1.263649e-01 -5.171835e-03 1.315367e-01
6.969697e-01 6.161616e-01 1.250949e-01 -5.182922e-03 1.302778e-01
7.070707e-01 6.161616e-01 1.238377e-01 -5.179524e-03 1.290172e-01
7.171717e-01 6.161616e-01 1.225931e-01 -5.178303e-03 1.277714e-01
7.272727e-01 6.161616e-01 1.213610e-01 -5.177140e-03 1.265381e-01
7.373737e-01 6.161616e-01 1.201413e-01 -5.172402e-03 1.253137e-01
7.474747e-01 6.161616e-01 1.189339e-01 -5.174756e-03 1.241086e-01
7.575758e-01 6.161616e-01 1.177386e-01 -5.176574e-03 1.229151e-01
7.676768e-01 6.161616e-01 1.165553e-01 -5.184561e-03 1.217398e-01
7.777778e-01 6.161616e-01 1.153839e-01 -5.174816e-03 1.205587e-01
7.878788e-01 6.161616e-01 1.142242e-01 -5.171835e-03 1.193961e-01
7.979798e-01 6.161616e-01 1.130763e-01 -5.170733e-03 1.182470e-01
8.080808e-01 6.161616e-01 1.119398e-01 -5.171895e-03 1.171117e-01
8.181818e-01 6.161616e-01 1.108148e-01 -5.178154e-03 1.159930e-01
8.282828e-01 6.161616e-01 1.097011e-01 -5.180001e-03 1.148811e-01
8.383838e-01 6.161616e-01 1.085986e-01 -5.182594e-03 1.137812e-01
8.484848e-01 6.161616e-01 1.075072e-01 -5.172014e-03 1.126792e-01
8.585859e-01 6.161616e-01 1.064267e-01 -5.174816e-03 1.116015e-01
8.686869e-01 6.161616e-01 1.053571e-01 -5.175769e-03 1.105329e-01
8.787879e-01 6.161616e-01 1.042982e-01 -5.177408e-03 1.094756e-01
8.888889e-01 6.161616e-01 1.032500e-01 -5.181044e-03 1.084311e-01
8.989899e-01 6.161616e-01 1.022123e-01 -5.177259e-03 1.073896e-01
9.090909e-01 6.161616e-01 1.011851e-01 -5.174696e-03 1.063598e-01
9.191919e-01 6.161616e-01 1.001682e-01 -5.171746e-03 1.053399e-01
9.292929e-01 6.161616e-01 9.916146e-02 -5.178690e-03 1.043401e-01
9.393939e-01 6.161616e-01 9.816487e-02 -5.178988e-03 1.033439e-01
9.494949e-01 6.161616e-01 9.717830e-02 -5.179226e-03 1.023575e-01
9.595960e-01 6.161616e-01 9.620164e-02 -5.178630e-03 1.013803e-01
9.696970e-01 6.161616e-01 9.523480e-02 -5.184114e-03 1.004189e-01
9.797980e-01 6.161616e-01 9.427767e-02 -5.180895e-03 9.945857e-02
9.898990e-01 6.161616e-01 9.333016e-02 -5.170107e-03 9.850027e-02
1.000000e+00 6.161616e-01 9.239218e-02 -5.182207e-03 9.757439e-02
0.000000e+00 6.262626e-01 -4.009305e-01 -5.176008e-03 3.957545e-01
1.010101e-02 6.262626e-01 -3.969011e-01 -5.183637e-03 3.917175e-01
2.020202e-02 6.262626e-01 -3.929122e-01 -5.173802e-03 3.877384e-01
3.030303e-02 6.262626e-01 -3.889634e-01 -5.176336e-03 3.837870e-01
4.040404e-02 6.262626e-01 -3.850542e-01 -5.178243e-03 3.798760e-01
5.050505e-02 6.262626e-01 -3.811844e-01 -5.171984e-03 3.760124e-01
6.060606e-02 6.262626e-01 -3.773534e-01 -5.177647e-03 3.721757e-01
7.070707e-02 6.262626e-01 -3.735609e-01 -5.171269e-03 3.683897e-01
8.080808e-02 6.262626e-01 -3.698066e-01 -5.181342e-03 3.646252e-01
9.090909e-02 6.262626e-01 -3.660900e-01 -5.174220e-03 3.609157e-01
1.010101e-01 6.262626e-01 -3.624107e-01 -5.174845e-03 3.572358e-01
1.111111e-01 6.262626e-01 -3.587684e-01 -5.173832e-03 3.535946e-01
1.212121e-01 6.262626e-01 -3.551627e-01 -5.178273e-03 3.499845e-01
1.313131e-01 6.262626e-01 -3.515933e-01 -5.182475e-03 3.464108e-01
1.414141e-01 6.262626e-01 -3.480597e-01 -5.176514e-03 3.428832e-01
1.515152e-01 6.262626e-01 -3.445617e-01 -5.176246e-03 3.393854e-01
1.616162e-01 6.262626e-01 -3.410987e-01 -5.168796e-03 3.359300e-01
1.717172e-01 6.262626e-01 -3.376707e-01 -5.174905e-03 3.324957e-01
1.818182e-01 6.262626e-01 -3.342770e-01 -5.177677e-03 3.290993e-01
1.919192e-01 6.262626e-01 -3.309175e-01 -5.175352e-03 3.257421e-01
2.020202e-01 6.262626e-01 -3.275917e-01 -5.181044e-03 3.224106e-01
2.121212e-01 6.262626e-01 -3.242993e-01 -5.176425e-03 3.191229e-01
2.222222e-01 6.262626e-01 -3.210401e-01 -5.174935e-03 3.158651e-01
2.323232e-01 6.262626e-01 -3.178136e-01 -5.178183e-03 3.126354e-01
2.424242e-01 6.262626e-01 -3.146195e-01 -5.182564e-03 3.094369e-01
2.525253e-01 6.262626e-01 -3.114575e-01 -5.180568e-03 3.062769e-01
2.626263e-01 6.262626e-01 -3.083273e-01 -5.170703e-03 3.031566e-01
2.727273e-01 6.262626e-01 -3.052286e-01 -5.172521e-03 3.000561e-01
2.828283e-01 6.262626e-01 -3.021610e-01 -5.175143e-03 2.969858e-01
2.929293e-01 6.262626e-01 -2.991242e-01 -5.183637e-03 2.939406e-01
3.030303e-01 6.262626e-01 -2.961180e-01 -5.180299e-03 2.909377e-01
3.131313e-01 6.262626e-01 -2.931419e-01 -5.180091e-03 2.879618e-01
3.232323e-01 6.262626e-01 -2.901958e-01 -5.181164e-03 2.850146e-01
3.333333e-01 6.262626e-01 -2.872793e-01 -5.177706e-03 2.821016e-01
3.434343e-01 6.262626e-01 -2.843921e-01 -5.181402e-03 2.792107e-01
3.535354e-01 6.262626e-01 -2.815339e-01 -5.175501e-03 2.763584e-01
3.636364e-01 6.262626e-01 -2.787044e-01 -5.177855e-03 2.735266e-01
3.737374e-01 6.262626e-01 -2.759034e-01 -5.172521e-03 2.707309e-01
3.838384e-01 6.262626e-01 -2.731305e-01 -5.174935e-03 2.679556e-01
3.939394e-01 6.262626e-01 -2.703855e-01 -5.175084e-03 2.652104e-01
4.040404e-01 6.262626e-01 -2.676681e-01 -5.176157e-03 2.624919e-01
4.141414e-01 6.262626e-01 -2.649780e-01 -5.184531e-03 2.597935e-01
4.242424e-01 6.262626e-01 -2.623149e-01 -5.175501e-03 2.571394e-01
4.343434e-01 6.262626e-01 -2.596786e-01 -5.175054e-03 2.545036e-01
4.444444e-01 6.262626e-01 -2.570688e-01 -5.168170e-03 2.519006e-01
4.545455e-01 6.262626e-01 -2.544852e-01 -5.180180e-03 2.493050e-01
4.646465e-01 6.262626e-01 -2.519276e-01 -5.178154e-03 2.467494e-01
4.747475e-01 6.262626e-01 -2.493957e-01 -5.180508e-03 2.442152e-01
4.848485e-01 6.262626e-01 -2.468892e-01 -5.175561e-03 2.417137e-01
4.949495e-01 6.262626e-01 -2.444079e-01 -5.169034e-03 2.392389e-01
5.050505e-01 6.262626e-01 -2.419516e-01 -5.180329e-03 2.367713e-01
5.151515e-01 6.262626e-01 -2.395199e-01 -5.175918e-03 2.343440e-01
5.252525e-01 6.262626e-01 -2.371127e-01 -5.174041e-03 2.319387e-01
5.353535e-01 6.262626e-01 -2.347297e-01 -5.181164e-03 2.295485e-01
5.454545e-01 6.262626e-01 -2.323706e-01 -5.181938e-03 2.271887e-01
5.555556e-01 6.262626e-01 -2.300353e-01 -5.179286e-03 2.248560e-01
5.656566e-01 6.262626e-01 -2.277234e-01 -5.177230e-03 2.225461e-01
5.757576e-01 6.262626e-01 -2.254347e-01 -5.171478e-03 2.202632e-01
5.858586e-01 6.262626e-01 -2.231691e-01 -5.179435e-03 2.179896e-01
5.959596e-01 6.262626e-01 -2.209262e-01 -5.176216e-03 2.157500e-01
6.060606e-01 6.262626e-01 -2.187058e-01 -5.181193e-03 2.135246e-01
6.161616e-01 6.262626e-01 -2.165078e-01 -5.181581e-03 2.113262e-01
6.262626e-01 6.262626e-01 -2.143319e-01 -5.177289e-03 2.091546e-01
6.363636e-01 6.262626e-01 -2.121778e-01 -5.175591e-03 2.070022e-01
6.464646e-01 6.262626e-01 -2.100454e-01 -5.175650e-03 2.048697e-01
6.565657e-01 6.262626e-01 -2.079344e-01 -5.178750e-03 2.027556e-01
6.666667e-01 6.262626e-01 -2.058446e-01 -5.177259e-03 2.006673e-01
6.767677e-01 6.262626e-01 -2.037758e-01 -5.182624e-03 1.985932e-01
6.868687e-01 6.262626e-01 -2.017278e-01 -5.176693e-03 1.965512e-01
6.969697e-01 6.262626e-01 -1.997004e-01 -5.184501e-03 1.945159e-01
7.070707e-01 6.262626e-01 -1.976934e-01 -5.182087e-03 1.925113e-01
7.171717e-01 6.262626e-01 -1.957066e-01 -5.181074e-03 1.905255e-01
7.272727e-01 6.262626e-01 -1.937397e-01 -5.181968e-03 1.885577e-01
7.373737e-01 6.262626e-01 -1.917926e-01 -5.179524e-03 1.866131e-01
7.474747e-01 6.262626e-01 -1.898650e-01 -5.176216e-03 1.846888e-01
7.575758e-01 6.262626e-01 -1.879569e-01 -5.173951e-03 1.827829e-01
7.676768e-01 6.262626e-01 -1.860679e-01 -5.172372e-03 1.808955e-01
7.777778e-01 6.262626e-01 -1.841978e-01 -5.178332e-03 1.790195e-01
7.878788e-01 6.262626e-01 -1.823466e-01 -5.179167e-03 1.771675e-01
7.979798e-01 6.262626e-01 -1.805140e-01 -5.178869e-03 1.753351e-01
8.080808e-01 6.262626e-01 -1.786998e-01 -5.176485e-03 1.735233e-01
8.181818e-01 6.262626e-01 -1.769039e-01 -5.175620e-03 1.717282e-01
8.282828e-01 6.262626e-01 -1.751259e-01 -5.172998e-03 1.699529e-01
8.383838e-01 6.262626e-01 -1.733659e-01 -5.176991e-03 1.681889e-01
8.484848e-01 6.262626e-01 -1.716235e-01 -5.177647e-03 1.664459e-01
8.585859e-01 6.262626e-01 -1.698987e-01 -5.176246e-03 1.647224e-01
8.686869e-01 6.262626e-01 -1.681912e-01 -5.176246e-03 1.630149e-01
8.787879e-01 6.262626e-01 -1.665008e-01 -5.173057e-03 1.613278e-01
8.888889e-01 6.262626e-01 -1.648275e-01 -5.179226e-03 1.596482e-01
8.989899e-01 6.262626e-01 -1.631709e-01 -5.176514e-03 1.579944e-01
9.090909e-01 6.262626e-01 -1.615310e-01 -5.174994e-03 1.563560e-01
9.191919e-01 6.262626e-01 -1.599076e-01 -5.171537e-03 1.547361e-01
9.292929e-01 6.262626e-01 -1.583005e-01 -5.174607e-03 1.531259e-01
9.393939e-01 6.262626e-01 -1.567096e-01 -5.175650e-03 1.515339e-01
9.494949e-01 6.262626e-01 -1.551346e-01 -5.172342e-03 1.499623e-01
9.595960e-01 6.262626e-01 -1.535755e-01 -5.168617e-03 1.484069e-01
9.696970e-01 6.262626e-01 -1.520320e-01 -5.174220e-03 1.468578e-01
9.797980e-01 6.262626e-01 -1.505041e-01 -5.172521e-03 1.453316e-01
9.898990e-01 6.262626e-01 -1.489915e-01 -5.174398e-03 1.438171e-01
1.000000e+00 6.262626e-01 -1.474941e-01 -5.184740e-03 1.423094e-01
0.000000e+00 6.363636e-01 5.406408e-01 -5.178064e-03 5.458189e-01
1.010101e-02 6.363636e-01 5.352073e-01 -5.175769e-03 5.403831e-01
2.020202e-02 6.363636e-01 5.298284e-01 -5.179048e-03 5.350074e-01
3.030303e-02 6.363636e-01 5.245035e-01 -5.178958e-03 5.296825e-01
4.040404e-02 6.363636e-01 5.192322e-01 -5.175084e-03 5.244072e-01
5.050505e-02 6.363636e-01 5.140138e-01 -5.175829e-03 5.191896e-01
6.060606e-02 6.363636e-01 5.088479e-01 -5.181909e-03 5.140298e-01
7.070707e-02 6.363636e-01 5.037339e-01 -5.171239e-03 5.089051e-01
8.080808e-02 6.363636e-01 4.986712e-01 -5.177796e-03 5.038490e-01
9.090909e-02 6.363636e-01 4.936595e-01 -5.177855e-03 4.988374e-01
1.010101e-01 6.363636e-01 4.886982e-01 -5.169302e-03 4.938675e-01
1.111111e-01 6.363636e-01 4.837867e-01 -5.175531e-03 4.889622e-01
1.212121e-01 6.363636e-01 4.789245e-01 -5.177796e-03 4.841023e-01
1.313131e-01 6.363636e-01 4.741113e-01 -5.165607e-03 4.792769e-01
1.414141e-01 6.363636e-01 4.693464e-01 -5.178720e-03 4.745251e-01
1.515152e-01 6.363636e-01 4.646293e-01 -5.176634e-03 4.698060e-01
1.616162e-01 6.363636e-01 4.599597e-01 -5.175531e-03 4.651353e-01
1.717172e-01 6.363636e-01 4.553371e-01 -5.175531e-03 4.605126e-01
1.818182e-01 6.363636e-01 4.507609e-01 -5.181134e-03 4.559420e-01
1.919192e-01 6.363636e-01 4.462306e-01 -5.179763e-03 4.514104e-01
2.020202e-01 6.363636e-01 4.417459e-01 -5.173236e-03 4.469192e-01
2.121212e-01 6.363636e-01 4.373063e-01 -5.176514e-03 4.424828e-01
2.222222e-01 6.363636e-01 4.329113e-01 -5.172491e-03 4.380838e-01
2.323232e-01 6.363636e-01 4.285605e-01 -5.170941e-03 4.337314e-01
2.424242e-01 6.363636e-01 4.242534e-01 -5.183309e-03 4.294367e-01
2.525253e-01 6.363636e-01 4.199896e-01 -5.181819e-03 4.251714e-01
2.626263e-01 6.363636e-01 4.157686e-01 -5.177438e-03 4.209460e-01
2.727273e-01 6.363636e-01 4.115901e-01 -5.178303e-03 4.167684e-01
2.828283e-01 6.363636e-01 4.074535e-01 -5.177379e-03 4.126309e-01
2.929293e-01 6.363636e-01 4.033585e-01 -5.173802e-03 4.085323e-01
3.030303e-01 6.363636e-01 3.993047e-01 -5.180001e-03 4.044847e-01
3.131313e-01 6.363636e-01 3.952916e-01 -5.181581e-03 4.004732e-01
3.232323e-01 6.363636e-01 3.913189e-01 -5.178750e-03 3.964976e-01
3.333333e-01 6.363636e-01 3.873861e-01 -5.169988e-03 3.925561e-01
3.434343e-01 6.363636e-01 3.834928e-01 -5.177349e-03 3.886701e-01
3.535354e-01 6.363636e-01 3.796386e-01 -5.173534e-03 3.848121e-01
3.636364e-01 6.363636e-01 3.758232e-01 -5.178630e-03 3.810018e-01
3.737374e-01 6.363636e-01 3.720461e-01 -5.181938e-03 3.772280e-01
3.838384e-01 6.363636e-01 3.683070e-01 -5.178690e-03 3.734857e-01
3.939394e-01 6.363636e-01 3.646054e-01 -5.176127e-03 3.697816e-01
4.040404e-01 6.363636e-01 3.609411e-01 -5.177021e-03 3.661181e-01
4.141414e-01 6.363636e-01 3.573136e-01 -5.173504e-03 3.624871e-01
4.242424e-01 6.363636e-01 3.537225e-01 -5.174756e-03 3.588973e-01
4.343434e-01 6.363636e-01 3.501675e-01 -5.182534e-03 3.553501e-01
4.444444e-01 6.363636e-01 3.466483e-01 -5.181670e-03 3.518300e-01
4.545455e-01 6.363636e-01 3.431644e-01 -5.179346e-03 3.483438e-01
4.646465e-01 6.363636e-01 3.397156e-01 -5.176187e-03 3.448917e-01
4.747475e-01 6.363636e-01 3.363014e-01 -5.176067e-03 3.414774e-01
4.848485e-01 6.363636e-01 3.329215e-01 -5.173445e-03 3.380949e-01
4.949495e-01 6.363636e-01 3.295756e-01 -5.172402e-03 3.347480e-01
5.050505e-01 6.363636e-01 3.262633e-01 -5.177021e-03 3.314403e-01
5.151515e-01 6.363636e-01 3.229843e-01 -5.175143e-03 3.281594e-01
5.252525e-01 6.363636e-01 3.197382e-01 -5.181491e-03 3.249197e-01
5.353535e-01 6.363636e-01 3.165248e-01 -5.178839e-03 3.217036e-01
5.454545e-01 6.363636e-01 3.133437e-01 -5.176604e-03 3.185203e-01
5.555556e-01 6.363636e-01 3.101945e-01 -5.182803e-03 3.153773e-01
5.656566e-01 6.363636e-01 3.070770e-01 -5.180091e-03 3.122571e-01
5.757576e-01 6.363636e-01 3.039908e-01 -5.176306e-03 3.091671e-01
5.858586e-01 6.363636e-01 3.009357e-01 -5.172014e-03 3.061077e-01
5.959596e-01 6.363636e-01 2.979112e-01 -5.171597e-03 3.030828e-01
6.060606e-01 6.363636e-01 2.949172e-01 -5.175114e-03 3.000923e-01
6.161616e-01 6.363636e-01 2.919532e-01 -5.180895e-03 2.971341e-01
6.262626e-01 6.363636e-01 2.890190e-01 -5.177855e-03 2.941969e-01
6.363636e-01 6.363636e-01 2.861143e-01 -5.180717e-03 2.912951e-01
6.464646e-01 6.363636e-01 2.832388e-01 -5.173385e-03 2.884122e-01
6.565657e-01 6.363636e-01 2.803922e-01 -5.176067e-03 2.855683e-01
6.666667e-01 6.363636e-01 2.775743e-01 -5.176038e-03 2.827503e-01
6.767677e-01 6.363636e-01 2.747846e-01 -5.170852e-03 2.799554e-01
6.868687e-01 6.363636e-01 2.720230e-01 -5.183667e-03 2.772066e-01
6.969697e-01 6.363636e-01 2.692891e-01 -5.180299e-03 2.744694e-01
7.070707e-01 6.363636e-01 2.665827e-01 -5.178243e-03 2.717609e-01
7.171717e-01 6.363636e-01 2.639035e-01 -5.178809e-03 2.690823e-01
7.272727e-01 6.363636e-01 2.612512e-01 -5.179971e-03 2.664312e-01
7.373737e-01 6.363636e-01 2.586256e-01 -5.177945e-03 2.638035e-01
7.474747e-01 6.363636e-01 2.560264e-01 -5.175889e-03 2.612022e-01
7.575758e-01 6.363636e-01 2.534532e-01 -5.172759e-03 2.586260e-01
7.676768e-01 6.363636e-01 2.509060e-01 -5.179226e-03 2.560852e-01
7.777778e-01 6.363636e-01 2.483844e-01 -5.181849e-03 2.535662e-01
7.878788e-01 6.363636e-01 2.458880e-01 -5.180568e-03 2.510686e-01
7.979798e-01 6.363636e-01 2.434168e-01 -5.180269e-03 2.485971e-01
8.080808e-01 6.363636e-01 2.409705e-01 -5.175769e-03 2.461462e-01
8.181818e-01 6.363636e-01 2.385487e-01 -5.176544e-03 2.437252e-01
8.282828e-01 6.363636e-01 2.361512e-01 -5.178332e-03 2.413295e-01
8.383838e-01 6.363636e-01 2.337778e-01 -5.181074e-03 2.389589e-01
8.484848e-01 6.363636e-01 2.314283e-01 -5.175740e-03 2.366041e-01
8.585859e-01 6.363636e-01 2.291024e-01 -5.183250e-03 2.342857e-01
8.686869e-01 6.363636e-01 2.267999e-01 -5.179852e-03 2.319798e-01
8.787879e-01 6.363636e-01 2.245206e-01 -5.176634e-03 2.296972e-01
8.888889e-01 6.363636e-01 2.222641e-01 -5.178273e-03 2.274424e-01
8.989899e-01 6.363636e-01 2.200303e-01 -5.173981e-03 2.252043e-01
9.090909e-01 6.363636e-01 2.178190e-01 -5.185515e-03 2.230045e-01
9.191919e-01 6.363636e-01 2.156298e-01 -5.179822e-03 2.208097e-01
9.292929e-01 6.363636e-01 2.134627e-01 -5.179167e-03 2.186419e-01
9.393939e-01 6.363636e-01 2.113174e-01 -5.172014e-03 2.164894e-01
9.494949e-01 6.363636e-01 2.091936e-01 -5.175531e-03 2.143691e-01
9.595960e-01 6.363636e-01 2.070912e-01 -5.175650e-03 2.122668e-01
9.696970e-01 6.363636e-01 2.050099e-01 -5.179167e-03 2.101890e-01
9.797980e-01 6.363636e-01 2.029495e-01 -5.177826e-03 2.081273e-01
9.898990e-01 6.363636e-01 2.009098e-01 -5.181611e-03 2.060914e-01
1.000000e+00 6.363636e-01 1.988906e-01 -5.172610e-03 2.040633e-01
0.000000e+00 6.464646e-01 -6.667690e-01 -5.174428e-03 6.615946e-01
1.010101e-02 6.464646e-01 -6.600679e-01 -5.175620e-03 6.548922e-01
2.020202e-02 6.464646e-01 -6.534341e-01 -5.177706e-03 6.482564e-01
3.030303e-02 6.464646e-01 -6.468669e-01 -5.153894e-03 6.417131e-01
4.040404e-02 6.464646e-01 -6.403658e-01 -5.172372e-03 6.351935e-01
5.050505e-02 6.464646e-01 -6.339300e-01 -5.179644e-03 6.287504e-01
6.060606e-02 6.464646e-01 -6.275589e-01 -5.172193e-03 6.223867e-01
7.070707e-02 6.464646e-01 -6.212519e-01 -5.173147e-03 6.160787e-01
8.080808e-02 6.464646e-01 -6.150082e-01 -5.181372e-03 6.098268e-01
9.090909e-02 6.464646e-01 -6.088273e-01 -5.177259e-03 6.036500e-01
1.010101e-01 6.464646e-01 -6.027084e-01 -5.179912e-03 5.975285e-01
1.111111e-01 6.464646e-01 -5.966511e-01 -5.177379e-03 5.914737e-01
1.212121e-01 6.464646e-01 -5.906547e-01 -5.173594e-03 5.854811e-01
1.313131e-01 6.464646e-01 -5.847185e-01 -5.173296e-03 5.795452e-01
1.414141e-01 6.464646e-01 -5.788420e-01 -5.185604e-03 5.736564e-01
1.515152e-01 6.464646e-01 -5.730245e-01 -5.184948e-03 5.678396e-01
1.616162e-01 6.464646e-01 -5.672655e-01 -5.178928e-03 5.620866e-01
1.717172e-01 6.464646e-01 -5.615644e-01 -5.174667e-03 5.563897e-01
1.818182e-01 6.464646e-01 -5.559206e-01 -5.174309e-03 5.507463e-01
1.919192e-01 6.464646e-01 -5.503335e-01 -5.180448e-03 5.451531e-01
2.020202e-01 6.464646e-01 -5.448026e-01 -5.178243e-03 5.396243e-01
2.121212e-01 6.464646e-01 -5.393272e-01 -5.182207e-03 5.341450e-01
2.222222e-01 6.464646e-01 -5.339069e-01 -5.177736e-03 5.287291e-01
2.323232e-01 6.464646e-01 -5.285410e-01 -5.176544e-03 5.233645e-01
2.424242e-01 6.464646e-01 -5.232291e-01 -5.172223e-03 5.180569e-01
2.525253e-01 6.464646e-01 -5.179706e-01 -5.175829e-03 5.127947e-01
2.626263e-01 6.464646e-01 -5.127649e-01 -5.171239e-03 5.075936e-01
2.727273e-01 6.464646e-01 -5.076115e-01 -5.177319e-03 5.024342e-01
2.828283e-01 6.464646e-01 -5.025099e-01 -5.183458e-03 4.973265e-01
2.929293e-01 6.464646e-01 -4.974596e-01 -5.175292e-03 4.922843e-01
3.030303e-01 6.464646e-01 -4.924601e-01 -5.179614e-03 4.872804e-01
3.131313e-01 6.464646e-01 -4.875108e-01 -5.176216e-03 4.823345e-01
3.232323e-01 6.464646e-01 -4.826112e-01 -5.174518e-03 4.774367e-01
3.333333e-01 6.464646e-01 -4.777609e-01 -5.177140e-03 4.725837e-01
3.434343e-01 6.464646e-01 -4.729593e-01 -5.174756e-03 4.677845e-01
3.535354e-01 6.464646e-01 -4.682060e-01 -5.176067e-03 4.630299e-01
3.636364e-01 6.464646e-01 -4.635004e-01 -5.173832e-03 4.583266e-01
3.737374e-01 6.464646e-01 -4.588422e-01 -5.175918e-03 4.536662e-01
3.838384e-01 6.464646e-01 -4.542307e-01 -5.176038e-03 4.490547e-01
3.939394e-01 6.464646e-01 -4.496656e-01 -5.180538e-03 4.444851e-01
4.040404e-01 6.464646e-01 -4.451464e-01 -5.180955e-03 4.399655e-01
4.141414e-01 6.464646e-01 -4.406726e-01 -5.177796e-03 4.354948e-01
4.242424e-01 6.464646e-01 -4.362438e-01 -5.169392e-03 4.310744e-01
4.343434e-01 6.464646e-01 -4.318595e-01 -5.174279e-03 4.266852e-01
4.444444e-01 6.464646e-01 -4.275192e-01 -5.179971e-03 4.223392e-01
4.545455e-01 6.464646e-01 -4.232226e-01 -5.170405e-03 4.180522e-01
4.646465e-01 6.464646e-01 -4.189691e-01 -5.181611e-03 4.137875e-01
4.747475e-01 6.464646e-01 -4.147584e-01 -5.179703e-03 4.095787e-01
4.848485e-01 6.464646e-01 -4.105900e-01 -5.169719e-03 4.054203e-01
4.949495e-01 6.464646e-01 -4.064635e-01 -5.180061e-03 4.012835e-01
5.050505e-01 6.464646e-01 -4.023785e-01 -5.172431e-03 3.972061e-01
5.151515e-01 6.464646e-01 -3.983345e-01 -5.173296e-03 3.931612e-01
5.252525e-01 6.464646e-01 -3.943312e-01 -5.179733e-03 3.891515e-01
5.353535e-01 6.464646e-01 -3.903681e-01 -5.176604e-03 3.851915e-01
5.454545e-01 6.464646e-01 -3.864448e-01 -5.178869e-03 3.812660e-01
5.555556e-01 6.464646e-01 -3.825610e-01 -5.179465e-03 3.773815e-01
5.656566e-01 6.464646e-01 -3.787162e-01 -5.180180e-03 3.735360e-01
5.757576e-01 6.464646e-01 -3.749100e-01 -5.178452e-03 3.697316e-01
5.858586e-01 6.464646e-01 -3.711421e-01 -5.174249e-03 3.659679e-01
5.959596e-01 6.464646e-01 -3.674121e-01 -5.172133e-03 3.622400e-01
6.060606e-01 6.464646e-01 -3.637195e-01 -5.174249e-03 3.585453e-01
6.161616e-01 6.464646e-01 -3.600641e-01 -5.179435e-03 3.548847e-01
6.262626e-01 6.464646e-01 -3.564454e-01 -5.177855e-03 3.512675e-01
6.363636e-01 6.464646e-01 -3.528631e-01 -5.179137e-03 3.476839e-01
6.464646e-01 6.464646e-01 -3.493167e-01 -5.180955e-03 3.441358e-01
6.565657e-01 6.464646e-01 -3.458060e-01 -5.171031e-03 3.406350e-01
6.666667e-01 6.464646e-01 -3.423306e-01 -5.173683e-03 3.371569e-01
6.767677e-01 6.464646e-01 -3.388901e-01 -5.173296e-03 3.337168e-01
6.868687e-01 6.464646e-01 -3.354842e-01 -5.184829e-03 3.302994e-01
6.969697e-01 6.464646e-01 -3.321126e-01 -5.182654e-03 3.269299e-01
7.070707e-01 6.464646e-01 -3.287748e-01 -5.178601e-03 3.235962e-01
7.171717e-01 6.464646e-01 -3.254705e-01 -5.172968e-03 3.202976e-01
7.272727e-01 6.464646e-01 -3.221995e-01 -5.174756e-03 3.170247e-01
7.373737e-01 6.464646e-01 -3.189613e-01 -5.176425e-03 3.137849e-01
7.474747e-01 6.464646e-01 -3.157557e-01 -5.187511e-03 3.105682e-01
7.575758e-01 6.464646e-01 -3.125823e-01 -5.168796e-03 3.074135e-01
7.676768e-01 6.464646e-01 -3.094408e-01 -5.173832e-03 3.042670e-01
7.777778e-01 6.464646e-01 -3.063309e-01 -5.175024e-03 3.011559e-01
7.878788e-01 6.464646e-01 -3.032522e-01 -5.175710e-03 2.980765e-01
7.979798e-01 6.464646e-01 -3.002045e-01 -5.169868e-03 2.950346e-01
8.080808e-01 6.464646e-01 -2.971874e-01 -5.180269e-03 2.920071e-01
8.181818e-01 6.464646e-01 -2.942006e-01 -5.173266e-03 2.890273e-01
8.282828e-01 6.464646e-01 -2.912438e-01 -5.172849e-03 2.860710e-01
8.383838e-01 6.464646e-01 -2.883168e-01 -5.184889e-03 2.831319e-01
8.484848e-01 6.464646e-01 -2.854192e-01 -5.177677e-03 2.802415e-01
8.585859e-01 6.464646e-01 -2.825506e-01 -5.180657e-03 2.773700e-01
8.686869e-01 6.464646e-01 -2.797110e-01 -5.176365e-03 2.745346e-01
8.787879e-01 6.464646e-01 -2.768998e-01 -5.176067e-03 2.717238e-01
8.888889e-01 6.464646e-01 -2.741169e-01 -5.178154e-03 2.689388e-01
8.989899e-01 6.464646e-01 -2.713620e-01 -5.175471e-03 2.661865e-01
9.090909e-01 6.464646e-01 -2.686348e-01 -5.176336e-03 2.634584e-01
9.191919e-01 6.464646e-01 -2.659350e-01 -5.179077e-03 2.607559e-01
9.292929e-01 6.464646e-01 -2.632623e-01 -5.179346e-03 2.580829e-01
9.393939e-01 6.464646e-01 -2.606164e-01 -5.178988e-03 2.554374e-01
9.494949e-01 6.464646e-01 -2.579972e-01 -5.182654e-03 2.528145e-01
9.595960e-01 6.464646e-01 -2.554043e-01 -5.171478e-03 2.502328e-01
9.696970e-01 6.464646e-01 -2.528374e-01 -5.170941e-03 2.476665e-01
9.797980e-01 6.464646e-01 -2.502964e-01 -5.171955e-03 2.451244e-01
9.898990e-01 6.464646e-01 -2.477808e-01 -5.180687e-03 2.426002e-01
1.000000e+00 6.464646e-01 -2.452906e-01 -5.176544e-03 2.401141e-01
0.000000e+00 6.565657e-01 7.761465e-01 -5.180299e-03 7.813268e-01
1.010101e-02 6.565657e-01 7.683461e-01 -5.184412e-03 7.735305e-01
2.020202e-02 6.565657e-01 7.606241e-01 -5.173713e-03 7.657978e-01
3.030303e-02 6.565657e-01 7.529797e-01 -5.176842e-03 7.581565e-01
4.040404e-02 6.565657e-01 7.454121e-01 -5.173504e-03 7.505856e-01
5.050505e-02 6.565657e-01 7.379206e-01 -5.181581e-03 7.431022e-01
6.060606e-02 6.565657e-01 7.305043e-01 -5.182147e-03 7.356865e-01
7.070707e-02 6.565657e-01 7.231627e-01 -5.171269e-03 7.283339e-01
8.080808e-02 6.565657e-01 7.158948e-01 -5.186915e-03 7.210817e-01
9.090909e-02 6.565657e-01 7.086999e-01 -5.172789e-03 7.138727e-01
1.010101e-01 6.565657e-01 7.015773e-01 -5.181581e-03 7.067589e-01
1.111111e-01 6.565657e-01 6.945264e-01 -5.177915e-03 6.997043e-01
1.212121e-01 6.565657e-01 6.875463e-01 -5.180180e-03 6.927264e-01
1.313131e-01 6.565657e-01 6.806363e-01 -5.174637e-03 6.858109e-01
1.414141e-01 6.565657e-01 6.737958e-01 -5.177915e-03 6.789737e-01
1.515152e-01 6.565657e-01 6.670240e-01 -5.173266e-03 6.721973e-01
1.616162e-01 6.565657e-01 6.603203e-01 -5.172670e-03 6.654930e-01
1.717172e-01 6.565657e-01 6.536840e-01 -5.185723e-03 6.588697e-01
1.818182e-01 6.565657e-01 6.471144e-01 -5.173683e-03 6.522881e-01
1.919192e-01 6.565657e-01 6.406108e-01 -5.178750e-03 6.457895e-01
2.020202e-01 6.565657e-01 6.341725e-01 -5.179971e-03 6.393525e-01
2.121212e-01 6.565657e-01 6.277990e-01 -5.176693e-03 6.329757e-01
2.222222e-01 6.565657e-01 6.214895e-01 -5.182922e-03 6.266724e-01
2.323232e-01 6.565657e-01 6.152434e-01 -5.182862e-03 6.204263e-01
2.424242e-01 6.565657e-01 6.090601e-01 -5.174994e-03 6.142351e-01
2.525253e-01 6.565657e-01 6.029390e-01 -5.172640e-03 6.081116e-01
2.626263e-01 6.565657e-01 5.968793e-01 -5.176544e-03 6.020559e-01
2.727273e-01 6.565657e-01 5.908806e-01 -5.179703e-03 5.960603e-01
2.828283e-01 6.565657e-01 5.849422e-01 -5.179644e-03 5.901218e-01
2.929293e-01 6.565657e-01 5.790634e-01 -5.178005e-03 5.842414e-01
3.030303e-01 6.565657e-01 5.732437e-01 -5.182207e-03 5.784259e-01
3.131313e-01 6.565657e-01 5.674825e-01 -5.180210e-03 5.726627e-01
3.232323e-01 6.565657e-01 5.617792e-01 -5.179107e-03 5.669583e-01
3.333333e-01 6.565657e-01 5.561332e-01 -5.181164e-03 5.613144e-01
3.434343e-01 6.565657e-01 5.505440e-01 -5.175084e-03 5.557191e-01
3.535354e-01 6.565657e-01 5.450110e-01 -5.174309e-03 5.501853e-01
3.636364e-01 6.565657e-01 5.395335e-01 -5.178452e-03 5.447120e-01
3.737374e-01 6.565657e-01 5.341111e-01 -5.182326e-03 5.392934e-01
3.838384e-01 6.565657e-01 5.287432e-01 -5.172968e-03 5.339162e-01
3.939394e-01 6.565657e-01 5.234292e-01 -5.189300e-03 5.286185e-01
4.040404e-01 6.565657e-01 5.181687e-01 -5.177468e-03 5.233462e-01
4.141414e-01 6.565657e-01 5.129610e-01 -5.174518e-03 5.181355e-01
4.242424e-01 6.565657e-01 5.078057e-01 -5.168080e-03 5.129737e-01
4.343434e-01 6.565657e-01 5.027021e-01 -5.177736e-03 5.078799e-01
4.444444e-01 6.565657e-01 4.976499e-01 -5.174547e-03 5.028244e-01
4.545455e-01 6.565657e-01 4.926484e-01 -5.177349e-03 4.978258e-01
4.646465e-01 6.565657e-01 4.876972e-01 -5.179524e-03 4.928768e-01
4.747475e-01 6.565657e-01 4.827958e-01 -5.178928e-03 4.879747e-01
4.848485e-01 6.565657e-01 4.779436e-01 -5.181611e-03 4.831252e-01
4.949495e-01 6.565657e-01 4.731402e-01 -5.170554e-03 4.783108e-01
5.050505e-01 6.565657e-01 4.683851e-01 -5.179942e-03 4.735650e-01
5.151515e-01 6.565657e-01 4.636777e-01 -5.173564e-03 4.688513e-01
5.252525e-01 6.565657e-01 4.590177e-01 -5.180627e-03 4.641983e-01
5.353535e-01 6.565657e-01 4.544045e-01 -5.187184e-03 4.595917e-01
5.454545e-01 6.565657e-01 4.498376e-01 -5.177438e-03 4.550151e-01
5.555556e-01 6.565657e-01 4.453167e-01 -5.175442e-03 4.504921e-01
5.656566e-01 6.565657e-01 4.408412e-01 -5.173296e-03 4.460145e-01
5.757576e-01 6.565657e-01 4.364107e-01 -5.179554e-03 4.415902e-01
5.858586e-01 6.565657e-01 4.320247e-01 -5.183607e-03 4.372083e-01
5.959596e-01 6.565657e-01 4.276827e-01 -5.179614e-03 4.328623e-01
6.060606e-01 6.565657e-01 4.233845e-01 -5.176127e-03 4.285606e-01
6.161616e-01 6.565657e-01 4.191294e-01 -5.174905e-03 4.243043e-01
6.262626e-01 6.565657e-01 4.149170e-01 -5.171180e-03 4.200882e-01
6.363636e-01 6.565657e-01 4.107471e-01 -5.179793e-03 4.159269e-01
6.464646e-01 6.565657e-01 4.066190e-01 -5.180210e-03 4.117992e-01
6.565657e-01 6.565657e-01 4.025324e-01 -5.176842e-03 4.077092e-01
6.666667e-01 6.565657e-01 3.984869e-01 -5.179346e-03 4.036662e-01
6.767677e-01 6.565657e-01 3.944820e-01 -5.175710e-03 3.996577e-01
6.868687e-01 6.565657e-01 3.905174e-01 -5.174816e-03 3.956922e-01
6.969697e-01 6.565657e-01 3.865926e-01 -5.181938e-03 3.917746e-01
7.070707e-01 6.565657e-01 3.827073e-01 -5.181640e-03 3.878890e-01
7.171717e-01 6.565657e-01 3.788611e-01 -5.180418e-03 3.840415e-01
7.272727e-01 6.565657e-01 3.750534e-01 -5.176276e-03 3.802297e-01
7.373737e-01 6.565657e-01 3.712841e-01 -5.172163e-03 3.764563e-01
7.474747e-01 6.565657e-01 3.675526e-01 -5.179703e-03 3.727323e-01
7.575758e-01 6.565657e-01 3.638587e-01 -5.177528e-03 3.690362e-01
7.676768e-01 6.565657e-01 3.602018e-01 -5.182981e-03 3.653848e-01
7.777778e-01 6.565657e-01 3.565817e-01 -5.184829e-03 3.617666e-01
7.878788e-01 6.565657e-01 3.529980e-01 -5.172074e-03 3.581701e-01
7.979798e-01 6.565657e-01 3.494503e-01 -5.176842e-03 3.546272e-01
8.080808e-01 6.565657e-01 3.459383e-01 -5.174756e-03 3.511131e-01
8.181818e-01 6.565657e-01 3.424616e-01 -5.176038e-03 3.476376e-01
8.282828e-01 6.565657e-01 3.390198e-01 -5.171776e-03 3.441915e-01
8.383838e-01 6.565657e-01 3.356126e-01 -5.180717e-03 3.407933e-01
8.484848e-01 6.565657e-01 3.322396e-01 -5.178660e-03 3.374183e-01
8.585859e-01 6.565657e-01 3.289005e-01 -5.180329e-03 3.340809e-01
8.686869e-01 6.565657e-01 3.255950e-01 -5.183190e-03 3.307782e-01
8.787879e-01 6.565657e-01 3.223227e-01 -5.184621e-03 3.275074e-01
8.888889e-01 6.565657e-01 3.190834e-01 -5.176723e-03 3.242601e-01
8.989899e-01 6.565657e-01 3.158765e-01 -5.177557e-03 3.210541e-01
9.090909e-01 6.565657e-01 3.127019e-01 -5.170166e-03 3.178721e-01
9.191919e-01 6.565657e-01 3.095592e-01 -5.180717e-03 3.147399e-01
9.292929e-01 6.565657e-01 3.064481e-01 -5.182952e-03 3.116310e-01
9.393939e-01 6.565657e-01 3.033682e-01 -5.177557e-03 3.085458e-01
9.494949e-01 6.565657e-01 3.003193e-01 -5.176783e-03 3.054961e-01
9.595960e-01 6.565657e-01 2.973011e-01 -5.175769e-03 3.024768e-01
9.696970e-01 6.565657e-01 2.943131e-01 -5.180478e-03 2.994936e-01
9.797980e-01 6.565657e-01 2.913552e-01 -5.176187e-03 2.965314e-01
9.898990e-01 6.565657e-01 2.884271e-01 -5.173743e-03 2.936008e-01
1.000000e+00 6.565657e-01 2.855283e-01 -5.176246e-03 2.907046e-01
0.000000e+00 6.666667e-01 -8.660254e-01 -5.176932e-03 8.608485e-01
1.010101e-02 6.666667e-01 -8.573217e-01 -5.177855e-03 8.521438e-01
2.020202e-02 6.666667e-01 -8.487055e-01 -5.175620e-03 8.435299e-01
3.030303e-02 6.666667e-01 -8.401758e-01 -5.176932e-03 8.349989e-01
4.040404e-02 6.666667e-01 -8.317319e-01 -5.177855e-03 8.265541e-01
5.050505e-02 6.666667e-01 -8.233729e-01 -5.178392e-03 8.181945e-01
6.060606e-02 6.666667e-01 -8.150979e-01 -5.177140e-03 8.099207e-01
7.070707e-02 6.666667e-01 -8.069060e-01 -5.177319e-03 8.017287e-01
8.080808e-02 6.666667e-01 -7.987965e-01 -5.181670e-03 7.936148e-01
9.090909e-02 6.666667e-01 -7.907684e-01 -5.175799e-03 7.855926e-01
1.010101e-01 6.666667e-01 -7.828211e-01 -5.176783e-03 7.776443e-01
1.111111e-01 6.666667e-01 -7.749536e-01 -5.178362e-03 7.697752e-01
1.212121e-01 6.666667e-01 -7.671652e-01 -5.176604e-03 7.619886e-01
1.313131e-01 6.666667e-01 -7.594550e-01 -5.176514e-03 7.542785e-01
1.414141e-01 6.666667e-01 -7.518224e-01 -5.172133e-03 7.466502e-01
1.515152e-01 6.666667e-01 -7.442664e-01 -5.178690e-03 7.390878e-01
1.616162e-01 6.666667e-01 -7.367864e-01 -5.175948e-03 7.316105e-01
1.717172e-01 6.666667e-01 -7.293816e-01 -5.180657e-03 7.242010e-01
1.818182e-01 6.666667e-01 -7.220512e-01 -5.175591e-03 7.168756e-01
1.919192e-01 6.666667e-01 -7.147945e-01 -5.177647e-03 7.096168e-01
2.020202e-01 6.666667e-01 -7.076107e-01 -5.176157e-03 7.024345e-01
2.121212e-01 6.666667e-01 -7.004991e-01 -5.174637e-03 6.953244e-01
2.222222e-01 6.666667e-01 -6.934589e-01 -5.172640e-03 6.882863e-01
2.323232e-01 6.666667e-01 -6.864896e-01 -5.180389e-03 6.813092e-01
2.424242e-01 6.666667e-01 -6.795902e-01 -5.177289e-03 6.744129e-01
2.525253e-01 6.666667e-01 -6.727602e-01 -5.175292e-03 6.675849e-01
2.626263e-01 6.666667e-01 -6.659989e-01 -5.176127e-03 6.608227e-01
2.727273e-01 6.666667e-01 -6.593055e-01 -5.172670e-03 6.541328e-01
2.828283e-01 6.666667e-01 -6.526793e-01 -5.180538e-03 6.474988e-01
2.929293e-01 6.666667e-01 -6.461198e-01 -5.175024e-03 6.409448e-01
3.030303e-01 6.666667e-01 -6.396262e-01 -5.177379e-03 6.344488e-01
3.131313e-01 6.666667e-01 -6.331978e-01 -5.184531e-03 6.280133e-01
3.232323e-01 6.666667e-01 -6.268341e-01 -5.171478e-03 6.216626e-01
3.333333e-01 6.666667e-01 -6.205343e-01 -5.178511e-03 6.153558e-01
3.434343e-01 6.666667e-01 -6.142978e-01 -5.180418e-03 6.091174e-01
3.535354e-01 6.666667e-01 -6.081240e-01 -5.169421e-03 6.029546e-01
3.636364e-01 6.666667e-01 -6.020123e-01 -5.177438e-03 5.968349e-01
3.737374e-01 6.666667e-01 -5.959620e-01 -5.177110e-03 5.907849e-01
3.838384e-01 6.666667e-01 -5.899725e-01 -5.176038e-03 5.847964e-01
3.939394e-01 6.666667e-01 -5.840431e-01 -5.176008e-03 5.788671e-01
4.040404e-01 6.666667e-01 -5.781734e-01 -5.174518e-03 5.729989e-01
4.141414e-01 6.666667e-01 -5.723627e-01 -5.179524e-03 5.671831e-01
4.242424e-01 6.666667e-01 -5.666103e-01 -5.181313e-03 5.614290e-01
4.343434e-01 6.666667e-01 -5.609158e-01 -5.178303e-03 5.557375e-01
4.444444e-01 6.666667e-01 -5.552785e-01 -5.176723e-03 5.501018e-01
4.545455e-01 6.666667e-01 -5.496979e-01 -5.181193e-03 5.445167e-01
4.646465e-01 6.666667e-01 -5.441733e-01 -5.172133e-03 5.390012e-01
4.747475e-01 6.666667e-01 -5.387043e-01 -5.181164e-03 5.335231e-01
4.848485e-01 6.666667e-01 -5.332902e-01 -5.179018e-03 5.281112e-01
4.949495e-01 6.666667e-01 -5.279306e-01 -5.177617e-03 5.227529e-01
5.050505e-01 6.666667e-01 -5.226248e-01 -5.179316e-03 5.174454e-01
5.151515e-01 6.666667e-01 -5.173723e-01 -5.172700e-03 5.121996e-01
5.252525e-01 6.666667e-01 -5.121726e-01 -5.175173e-03 5.069974e-01
5.353535e-01 6.666667e-01 -5.070252e-01 -5.177855e-03 5.018473e-01
5.454545e-01 6.666667e-01 -5.019295e-01 -5.179822e-03 4.967497e-01
5.555556e-01 6.666667e-01 -4.968850e-01 -5.177647e-03 4.917074e-01
5.656566e-01 6.666667e-01 -4.918913e-01 -5.175829e-03 4.867154e-01
5.757576e-01 6.666667e-01 -4.869477e-01 -5.174875e-03 4.817728e-01
5.858586e-01 6.666667e-01 -4.820538e-01 -5.178154e-03 4.768756e-01
5.959596e-01 6.666667e-01 -4.772090e-01 -5.176723e-03 4.720323e-01
6.060606e-01 6.666667e-01 -4.724130e-01 -5.178094e-03 4.672349e-01
6.161616e-01 6.666667e-01 -4.676652e-01 -5.182028e-03 4.624832e-01
6.262626e-01 6.666667e-01 -4.629651e-01 -5.175352e-03 4.577897e-01
6.363636e-01 6.666667e-01 -4.583122e-01 -5.172640e-03 4.531396e-01
6.464646e-01 6.666667e-01 -4.537061e-01 -5.178213e-03 4.485279e-01
6.565657e-01 6.666667e-01 -4.491463e-01 -5.176365e-03 4.439699e-01
6.666667e-01 6.666667e-01 -4.446323e-01 -5.172074e-03 4.394602e-01
6.767677e-01 6.666667e-01 -4.401636e-01 -5.181104e-03 4.349825e-01
6.868687e-01 6.666667e-01 -4.357399e-01 -5.172521e-03 4.305674e-01
6.969697e-01 6.666667e-01 -4.313607e-01 -5.178630e-03 4.261820e-01
7.070707e-01 6.666667e-01 -4.270254e-01 -5.184919e-03 4.218405e-01
7.171717e-01 6.666667e-01 -4.227337e-01 -5.176306e-03 4.175574e-01
7.272727e-01 6.666667e-01 -4.184852e-01 -5.176723e-03 4.133085e-01
7.373737e-01 6.666667e-01 -4.142794e-01 -5.174637e-03 4.091047e-01
7.474747e-01 6.666667e-01 -4.101158e-01 -5.181074e-03 4.049347e-01
7.575758e-01 6.666667e-01 -4.059940e-01 -5.184799e-03 4.008092e-01
7.676768e-01 6.666667e-01 -4.019137e-01 -5.176723e-03 3.967370e-01
7.777778e-01 6.666667e-01 -3.978744e-01 -5.179584e-03 3.926949e-01
7.878788e-01 6.666667e-01 -3.938757e-01 -5.175948e-03 3.886998e-01
7.979798e-01 6.666667e-01 -3.899172e-01 -5.174011e-03 3.847432e-01
8.080808e-01 6.666667e-01 -3.859985e-01 -5.176783e-03 3.808217e-01
8.181818e-01 6.666667e-01 -3.821191e-01 -5.166620e-03 3.769525e-01
8.282828e-01 6.666667e-01 -3.782788e-01 -5.177557e-03 3.731012e-01
8.383838e-01 6.666667e-01 -3.744770e-01 -5.178750e-03 3.692983e-01
8.484848e-01 6.666667e-01 -3.707135e-01 -5.179197e-03 3.655343e-01
8.585859e-01 6.666667e-01 -3.669877e-01 -5.175710e-03 3.618120e-01
8.686869e-01 6.666667e-01 -3.632994e-01 -5.175591e-03 3.581238e-01
8.787879e-01 6.666667e-01 -3.596482e-01 -5.177468e-03 3.544707e-01
8.888889e-01 6.666667e-01 -3.560337e-01 -5.179495e-03 3.508542e-01
8.989899e-01 6.666667e-01 -3.524555e-01 -5.180955e-03 3.472745e-01
9.090909e-01 6.666667e-01 -3.489133e-01 -5.173355e-03 3.437399e-01
9.191919e-01 6.666667e-01 -3.454066e-01 -5.172282e-03 3.402343e-01
9.292929e-01 6.666667e-01 -3.419352e-01 -5.175710e-03 3.367595e-01
9.393939e-01 6.666667e-01 -3.384987e-01 -5.172461e-03 3.333263e-01
9.494949e-01 6.666667e-01 -3.350967e-01 -5.178869e-03 3.299179e-01
9.595960e-01 6.666667e-01 -3.317290e-01 -5.176574e-03 3.265524e-01
9.696970e-01 6.666667e-01 -3.283950e-01 -5.177796e-03 3.232172e-01
9.797980e-01 6.666667e-01 -3.250946e-01 -5.177259e-03 3.199174e-01
9.898990e-01 6.666667e-01 -3.218274e-01 -5.172014e-03 3.166553e-01
1.000000e+00 6.666667e-01 -3.185929e-01 -5.180091e-03 3.134129e-01
0.000000e+00 6.767677e-01 9.341479e-01 -5.175948e-03 9.393238e-01
1.010101e-02 6.767677e-01 9.247595e-01 -5.182207e-03 9.299417e-01
2.020202e-02 6.767677e-01 9.154655e-01 -5.175918e-03 9.206415e-01
3.030303e-02 6.767677e-01 9.062650e-01 -5.174756e-03 9.114397e-01
4.040404e-02 6.767677e-01 8.971568e-01 -5.177975e-03 9.023348e-01
5.050505e-02 6.767677e-01 8.881403e-01 -5.176723e-03 8.933170e-01
6.060606e-02 6.767677e-01 8.792143e-01 -5.189180e-03 8.844035e-01
7.070707e-02 6.767677e-01 8.703781e-01 -5.181223e-03 8.755593e-01
8.080808e-02 6.767677e-01 8.616306e-01 -5.181253e-03 8.668119e-01
9.090909e-02 6.767677e-01 8.529711e-01 -5.176395e-03 8.581475e-01
1.010101e-01 6.767677e-01 8.443986e-01 -5.174637e-03 8.495732e-01
1.111111e-01 6.767677e-01 8.359122e-01 -5.181909e-03 8.410941e-01
1.212121e-01 6.767677e-01 8.275112e-01 -5.177408e-03 8.326886e-01
1.313131e-01 6.767677e-01 8.191946e-01 -5.182594e-03 8.243771e-01
1.414141e-01 6.767677e-01 8.109615e-01 -5.174279e-03 8.161358e-01
1.515152e-01 6.767677e-01 8.028112e-01 -5.178213e-03 8.079894e-01
1.616162e-01 6.767677e-01 7.947428e-01 -5.177200e-03 7.999200e-01
1.717172e-01 6.767677e-01 7.867555e-01 -5.172372e-03 7.919279e-01
1.818182e-01 6.767677e-01 7.788485e-01 -5.172729e-03 7.840212e-01
1.919192e-01 6.767677e-01 7.710209e-01 -5.175948e-03 7.761969e-01
2.020202e-01 6.767677e-01 7.632721e-01 -5.180210e-03 7.684523e-01
2.121212e-01 6.767677e-01 7.556010e-01 -5.175531e-03 7.607766e-01
2.222222e-01 6.767677e-01 7.480071e-01 -5.175501e-03 7.531826e-01
2.323232e-01 6.767677e-01 7.404895e-01 -5.179286e-03 7.456688e-01
2.424242e-01 6.767677e-01 7.330475e-01 -5.176961e-03 7.382245e-01
2.525253e-01 6.767677e-01 7.256802e-01 -5.180746e-03 7.308610e-01
2.626263e-01 6.767677e-01 7.183870e-01 -5.186886e-03 7.235739e-01
2.727273e-01 6.767677e-01 7.111671e-01 -5.178601e-03 7.163457e-01
2.828283e-01 6.767677e-01 7.040198e-01 -5.177736e-03 7.091975e-01
2.929293e-01 6.767677e-01 6.969443e-01 -5.171955e-03 7.021162e-01
3.030303e-01 6.767677e-01 6.899399e-01 -5.176485e-03 6.951163e-01
3.131313e-01 6.767677e-01 6.830058e-01 -5.178511e-03 6.881844e-01
3.232323e-01 6.767677e-01 6.761415e-01 -5.179971e-03 6.813215e-01
3.333333e-01 6.767677e-01 6.693462e-01 -5.181015e-03 6.745272e-01
3.434343e-01 6.767677e-01 6.626192e-01 -5.178899e-03 6.677980e-01
3.535354e-01 6.767677e-01 6.559597e-01 -5.172104e-03 6.611318e-01
3.636364e-01 6.767677e-01 6.493672e-01 -5.173743e-03 6.545410e-01
3.737374e-01 6.767677e-01 6.428410e-01 -5.178839e-03 6.480198e-01
3.838384e-01 6.767677e-01 6.363803e-01 -5.174577e-03 6.415549e-01
3.939394e-01 6.767677e-01 6.299846e-01 -5.174518e-03 6.351591e-01
4.040404e-01 6.767677e-01 6.236531e-01 -5.179584e-03 6.288327e-01
4.141414e-01 6.767677e-01 6.173853e-01 -5.177736e-03 6.225630e-01
4.242424e-01 6.767677e-01 6.111805e-01 -5.178094e-03 6.163586e-01
4.343434e-01 6.767677e-01 6.050380e-01 -5.181611e-03 6.102196e-01
4.444444e-01 6.767677e-01 5.989573e-01 -5.169123e-03 6.041264e-01
4.545455e-01 6.767677e-01 5.929377e-01 -5.178720e-03 5.981164e-01
4.646465e-01 6.767677e-01 5.869785e-01 -5.171806e-03 5.921504e-01
4.747475e-01 6.767677e-01 5.810793e-01 -5.176604e-03 5.862559e-01
4.848485e-01 6.767677e-01 5.752394e-01 -5.177706e-03 5.804171e-01
4.949495e-01 6.767677e-01 5.694581e-01 -5.175620e-03 5.746337e-01
5.050505e-01 6.767677e-01 5.637350e-01 -5.162120e-03 5.688971e-01
5.151515e-01 6.767677e-01 5.580693e-01 -5.175352e-03 5.632447e-01
5.252525e-01 6.767677e-01 5.524606e-01 -5.176693e-03 5.576373e-01
5.353535e-01 6.767677e-01 5.469083e-01 -5.181491e-03 5.520898e-01
5.454545e-01 6.767677e-01 5.414118e-01 -5.176306e-03 5.465881e-01
5.555556e-01 6.767677e-01 5.359705e-01 -5.177051e-03 5.411476e-01
5.656566e-01 6.767677e-01 5.305839e-01 -5.178630e-03 5.357626e-01
5.757576e-01 6.767677e-01 5.252515e-01 -5.175531e-03 5.304270e-01
5.858586e-01 6.767677e-01 5.199726e-01 -5.182058e-03 5.251547e-01
5.959596e-01 6.767677e-01 5.147468e-01 -5.174965e-03 5.199218e-01
6.060606e-01 6.767677e-01 5.095735e-01 -5.181253e-03 5.147548e-01
6.161616e-01 6.767677e-01 5.044522e-01 -5.179256e-03 5.096315e-01
6.262626e-01 6.767677e-01 4.993824e-01 -5.176187e-03 5.045586e-01
6.363636e-01 6.767677e-01 4.943635e-01 -5.179346e-03 4.995429e-01
6.464646e-01 6.767677e-01 4.893951e-01 -5.172312e-03 4.945674e-01
6.565657e-01 6.767677e-01 4.844766e-01 -5.182624e-03 4.896592e-01
6.666667e-01 6.767677e-01 4.796075e-01 -5.184561e-03 4.847921e-01
6.767677e-01 6.767677e-01 4.747874e-01 -5.177319e-03 4.799647e-01
6.868687e-01 6.767677e-01 4.700157e-01 -5.176067e-03 4.751917e-01
6.969697e-01 6.767677e-01 4.652919e-01 -5.174041e-03 4.704660e-01
7.070707e-01 6.767677e-01 4.606157e-01 -5.177826e-03 4.657935e-01
7.171717e-01 6.767677e-01 4.559864e-01 -5.179167e-03 4.611656e-01
7.272727e-01 6.767677e-01 4.514037e-01 -5.180657e-03 4.565843e-01
7.373737e-01 6.767677e-01 4.468670e-01 -5.181372e-03 4.520484e-01
7.474747e-01 6.767677e-01 4.423759e-01 -5.176604e-03 4.475525e-01
7.575758e-01 6.767677e-01 4.379300e-01 -5.181789e-03 4.431117e-01
7.676768e-01 6.767677e-01 4.335287e-01 -5.171865e-03 4.387006e-01
7.777778e-01 6.767677e-01 4.291717e-01 -5.176455e-03 4.343481e-01
7.878788e-01 6.767677e-01 4.248584e-01 -5.181819e-03 4.300402e-01
7.979798e-01 6.767677e-01 4.205885e-01 -5.176455e-03 4.257650e-01
8.080808e-01 6.767677e-01 4.163615e-01 -5.176693e-03 4.215382e-01
8.181818e-01 6.767677e-01 4.121770e-01 -5.173951e-03 4.173510e-01
8.282828e-01 6.767677e-01 4.080346e-01 -5.177408e-03 4.132120e-01
8.383838e-01 6.767677e-01 4.039338e-01 -5.173653e-03 4.091074e-01
8.484848e-01 6.767677e-01 3.998742e-01 -5.178809e-03 4.050530e-01
8.585859e-01 6.767677e-01 3.958554e-01 -5.176008e-03 4.010314e-01
8.686869e-01 6.767677e-01 3.918769e-01 -5.180031e-03 3.970570e-01
8.787879e-01 6.767677e-01 3.879385e-01 -5.177647e-03 3.931162e-01
8.888889e-01 6.767677e-01 3.840397e-01 -5.170912e-03 3.892106e-01
8.989899e-01 6.767677e-01 3.801800e-01 -5.172670e-03 3.853527e-01
9.090909e-01 6.767677e-01 3.763591e-01 -5.178601e-03 3.815377e-01
9.191919e-01 6.767677e-01 3.725767e-01 -5.176812e-03 3.777535e-01
9.292929e-01 6.767677e-01 3.688322e-01 -5.179077e-03 3.740113e-01
9.393939e-01 6.767677e-01 3.651254e-01 -5.176425e-03 3.703018e-01
9.494949e-01 6.767677e-01 3.614558e-01 -5.179226e-03 3.666350e-01
9.595960e-01 6.767677e-01 3.578231e-01 -5.178958e-03 3.630021e-01
9.696970e-01 6.767677e-01 3.542269e-01 -5.177706e-03 3.594046e-01
9.797980e-01 6.767677e-01 3.506669e-01 -5.180538e-03 3.558474e-01
9.898990e-01 6.767677e-01 3.471426e-01 -5.175054e-03 3.523177e-01
1.000000e+00 6.767677e-01 3.436538e-01 -5.179703e-03 3.488335e-01
0.000000e+00 6.868687e-01 -9.788024e-01 -5.175769e-03 9.736267e-01
1.010101e-02 6.868687e-01 -9.689653e-01 -5.175233e-03 9.637901e-01
2.020202e-02 6.868687e-01 -9.592271e-01 -5.179048e-03 9.540480e-01
3.030303e-02 6.868687e-01 -9.495867e-01 -5.178452e-03 9.444082e-01
4.040404e-02 6.868687e-01 -9.400432e-01 -5.176395e-03 9.348668e-01
5.050505e-02 6.868687e-01 -9.305956e-01 -5.175173e-03 9.254204e-01
6.060606e-02 6.868687e-01 -9.212429e-01 -5.171150e-03 9.160718e-01
7.070707e-02 6.868687e-01 -9.119843e-01 -5.185097e-03 9.067992e-01
8.080808e-02 6.868687e-01 -9.028187e-01 -5.180985e-03 8.976377e-01
9.090909e-02 6.868687e-01 -8.937452e-01 -5.177826e-03 8.885674e-01
1.010101e-01 6.868687e-01 -8.847629e-01 -5.179584e-03 8.795833e-01
1.111111e-01 6.868687e-01 -8.758709e-01 -5.177200e-03 8.706937e-01
1.212121e-01 6.868687e-01 -8.670683e-01 -5.179077e-03 8.618892e-01
1.313131e-01 6.868687e-01 -8.583541e-01 -5.175948e-03 8.531781e-01
1.414141e-01 6.868687e-01 -8.497275e-01 -5.173236e-03 8.445542e-01
1.515152e-01 6.868687e-01 -8.411876e-01 -5.169839e-03 8.360177e-01
1.616162e-01 6.868687e-01 -8.327335e-01 -5.177706e-03 8.275558e-01
1.717172e-01 6.868687e-01 -8.243644e-01 -5.177617e-03 8.191868e-01
1.818182e-01 6.868687e-01 -8.160794e-01 -5.182445e-03 8.108970e-01
1.919192e-01 6.868687e-01 -8.078777e-01 -5.178452e-03 8.026992e-01
2.020202e-01 6.868687e-01 -7.997584e-01 -5.171061e-03 7.945873e-01
2.121212e-01 6.868687e-01 -7.917207e-01 -5.181879e-03 7.865388e-01
2.222222e-01 6.868687e-01 -7.837637e-01 -5.174816e-03 7.785889e-01
2.323232e-01 6.868687e-01 -7.758868e-01 -5.185306e-03 7.707015e-01
2.424242e-01 6.868687e-01 -7.680890e-01 -5.180568e-03 7.629084e-01
2.525253e-01 6.868687e-01 -7.603696e-01 -5.179584e-03 7.551900e-01
2.626263e-01 6.868687e-01 -7.527277e-01 -5.178213e-03 7.475495e-01
2.727273e-01 6.868687e-01 -7.451627e-01 -5.178869e-03 7.399838e-01
2.828283e-01 6.868687e-01 -7.376737e-01 -5.181849e-03 7.324918e-01
2.929293e-01 6.868687e-01 -7.302599e-01 -5.180001e-03 7.250799e-01
3.030303e-01 6.868687e-01 -7.229207e-01 -5.180061e-03 7.177406e-01
3.131313e-01 6.868687e-01 -7.156552e-01 -5.183756e-03 7.104715e-01
3.232323e-01 6.868687e-01 -7.084628e-01 -5.173922e-03 7.032888e-01
3.333333e-01 6.868687e-01 -7.013426e-01 -5.174458e-03 6.961681e-01
3.434343e-01 6.868687e-01 -6.942940e-01 -5.180299e-03 6.891137e-01
3.535354e-01 6.868687e-01 -6.873162e-01 -5.175114e-03 6.821411e-01
3.636364e-01 6.868687e-01 -6.804086e-01 -5.178124e-03 6.752305e-01
3.737374e-01 6.868687e-01 -6.735704e-01 -5.176425e-03 6.683939e-01
3.838384e-01 6.868687e-01 -6.668009e-01 -5.178332e-03 6.616225e-01
3.939394e-01 6.868687e-01 -6.600994e-01 -5.174100e-03 6.549253e-01
4.040404e-01 6.868687e-01 -6.534653e-01 -5.179673e-03 6.482856e-01
4.141414e-01 6.868687e-01 -6.468979e-01 -5.179822e-03 6.417180e-01
4.242424e-01 6.868687e-01 -6.403964e-01 -5.164474e-03 6.352320e-01
4.343434e-01 6.868687e-01 -6.339603e-01 -5.182266e-03 6.287781e-01
4.444444e-01 6.868687e-01 -6.275889e-01 -5.181283e-03 6.224076e-01
4.545455e-01 6.868687e-01 -6.212816e-01 -5.177557e-03 6.161040e-01
4.646465e-01 6.868687e-01 -6.150376e-01 -5.169719e-03 6.098679e-01
4.747475e-01 6.868687e-01 -6.088563e-01 -5.177587e-03 6.036788e-01
4.848485e-01 6.868687e-01 -6.027372e-01 -5.176246e-03 5.975610e-01
4.949495e-01 6.868687e-01 -5.966796e-01 -5.181253e-03 5.914984e-01
5.050505e-01 6.868687e-01 -5.906829e-01 -5.180955e-03 5.855019e-01
5.151515e-01 6.868687e-01 -5.847464e-01 -5.174249e-03 5.795722e-01
5.252525e-01 6.868687e-01 -5.788696e-01 -5.174816e-03 5.736948e-01
5.353535e-01 6.868687e-01 -5.730519e-01 -5.172253e-03 5.678797e-01
5.454545e-01 6.868687e-01 -5.672926e-01 -5.174607e-03 5.621180e-01
5.555556e-01 6.868687e-01 -5.615913e-01 -5.176842e-03 5.564144e-01
5.656566e-01 6.868687e-01 -5.559472e-01 -5.186170e-03 5.507610e-01
5.757576e-01 6.868687e-01 -5.503598e-01 -5.184293e-03 5.451755e-01
5.858586e-01 6.868687e-01 -5.448286e-01 -5.172193e-03 5.396564e-01
5.959596e-01 6.868687e-01 -5.393530e-01 -5.174756e-03 5.341782e-01
6.060606e-01 6.868687e-01 -5.339324e-01 -5.172729e-03 5.287597e-01
6.161616e-01 6.868687e-01 -5.285663e-01 -5.181938e-03 5.233843e-01
6.262626e-01 6.868687e-01 -5.232541e-01 -5.177945e-03 5.180762e-01
6.363636e-01 6.868687e-01 -5.179953e-01 -5.177528e-03 5.128178e-01
6.464646e-01 6.868687e-01 -5.127894e-01 -5.182058e-03 5.076073e-01
6.565657e-01 6.868687e-01 -5.076358e-01 -5.177855e-03 5.024579e-01
6.666667e-01 6.868687e-01 -5.025339e-01 -5.182058e-03 4.973519e-01
6.767677e-01 6.868687e-01 -4.974834e-01 -5.176723e-03 4.923067e-01
6.868687e-01 6.868687e-01 -4.924836e-01 -5.178094e-03 4.873055e-01
6.969697e-01 6.868687e-01 -4.875340e-01 -5.176157e-03 4.823579e-01
7.070707e-01 6.868687e-01 -4.826343e-01 -5.178154e-03 4.774561e-01
7.171717e-01 6.868687e-01 -4.777837e-01 -5.175114e-03 4.726086e-01
7.272727e-01 6.868687e-01 -4.729819e-01 -5.177826e-03 4.678041e-01
7.373737e-01 6.868687e-01 -4.682283e-01 -5.179107e-03 4.630492e-01
7.474747e-01 6.868687e-01 -4.635226e-01 -5.180985e-03 4.583416e-01
7.575758e-01 6.868687e-01 -4.588641e-01 -5.177349e-03 4.536867e-01
7.676768e-01 6.868687e-01 -4.542524e-01 -5.177021e-03 4.490754e-01
7.777778e-01 6.868687e-01 -4.496871e-01 -5.180091e-03 4.445070e-01
7.878788e-01 6.868687e-01 -4.451677e-01 -5.172551e-03 4.399951e-01
7.979798e-01 6.868687e-01 -4.406937e-01 -5.176216e-03 4.355175e-01
8.080808e-01 6.868687e-01 -4.362646e-01 -5.176634e-03 4.310880e-01
8.181818e-01 6.868687e-01 -4.318801e-01 -5.178392e-03 4.267017e-01
8.282828e-01 6.868687e-01 -4.275396e-01 -5.177557e-03 4.223621e-01
8.383838e-01 6.868687e-01 -4.232428e-01 -5.181372e-03 4.180614e-01
8.484848e-01 6.868687e-01 -4.189891e-01 -5.179077e-03 4.138101e-01
8.585859e-01 6.868687e-01 -4.147782e-01 -5.178303e-03 4.095999e-01
8.686869e-01 6.868687e-01 -4.106096e-01 -5.177617e-03 4.054320e-01
8.787879e-01 6.868687e-01 -4.064829e-01 -5.181313e-03 4.013016e-01
8.888889e-01 6.868687e-01 -4.023977e-01 -5.177975e-03 3.972197e-01
8.989899e-01 6.868687e-01 -3.983536e-01 -5.169064e-03 3.931845e-01
9.090909e-01 6.868687e-01 -3.943500e-01 -5.180120e-03 3.891699e-01
9.191919e-01 6.868687e-01 -3.903867e-01 -5.180448e-03 3.852063e-01
9.292929e-01 6.868687e-01 -3.864633e-01 -5.172640e-03 3.812907e-01
9.393939e-01 6.868687e-01 -3.825793e-01 -5.183727e-03 3.773956e-01
9.494949e-01 6.868687e-01 -3.787343e-01 -5.173326e-03 3.735610e-01
9.595960e-01 6.868687e-01 -3.749279e-01 -5.173773e-03 3.697542e-01
9.696970e-01 6.868687e-01 -3.711599e-01 -5.178660e-03 3.659812e-01
9.797980e-01 6.868687e-01 -3.674296e-01 -5.175054e-03 3.622546e-01
9.898990e-01 6.868687e-01 -3.637369e-01 -5.176812e-03 3.585601e-01
1.000000e+00 6.868687e-01 -3.600813e-01 -5.177200e-03 3.549041e-01
0.000000e+00 6.969697e-01 9.988673e-01 -5.177438e-03 1.004045e+00
1.010101e-02 6.969697e-01 9.888286e-01 -5.184114e-03 9.940127e-01
2.020202e-02 6.969697e-01 9.788907e-01 -5.181611e-03 9.840723e-01
3.030303e-02 6.969697e-01 9.690527e-01 -5.180836e-03 9.742335e-01
4.040404e-02 6.969697e-01 9.593135e-01 -5.173534e-03 9.644870e-01
5.050505e-02 6.969697e-01 9.496723e-01 -5.172580e-03 9.548448e-01
6.060606e-02 6.969697e-01 9.401279e-01 -5.172580e-03 9.453005e-01
7.070707e-02 6.969697e-01 9.306794e-01 -5.177528e-03 9.358570e-01
8.080808e-02 6.969697e-01 9.213260e-01 -5.177617e-03 9.265036e-01
9.090909e-02 6.969697e-01 9.120665e-01 -5.181849e-03 9.172483e-01
1.010101e-01 6.969697e-01 9.029001e-01 -5.179048e-03 9.080791e-01
1.111111e-01 6.969697e-01 8.938258e-01 -5.173087e-03 8.989989e-01
1.212121e-01 6.969697e-01 8.848427e-01 -5.175591e-03 8.900183e-01
1.313131e-01 6.969697e-01 8.759499e-01 -5.171478e-03 8.811213e-01
1.414141e-01 6.969697e-01 8.671464e-01 -5.183131e-03 8.723295e-01
1.515152e-01 6.969697e-01 8.584314e-01 -5.172312e-03 8.636038e-01
1.616162e-01 6.969697e-01 8.498041e-01 -5.179763e-03 8.549838e-01
1.717172e-01 6.969697e-01 8.412634e-01 -5.179256e-03 8.464427e-01
1.818182e-01 6.969697e-01 8.328086e-01 -5.174816e-03 8.379834e-01
1.919192e-01 6.969697e-01 8.244387e-01 -5.176574e-03 8.296153e-01
2.020202e-01 6.969697e-01 8.161529e-01 -5.175889e-03 8.213288e-01
2.121212e-01 6.969697e-01 8.079505e-01 -5.172461e-03 8.131229e-01
2.222222e-01 6.969697e-01 7.998304e-01 -5.178958e-03 8.050094e-01
2.323232e-01 6.969697e-01 7.917920e-01 -5.173713e-03 7.969657e-01
2.424242e-01 6.969697e-01 7.838344e-01 -5.169868e-03 7.890042e-01
2.525253e-01 6.969697e-01 7.759567e-01 -5.178511e-03 7.811352e-01
2.626263e-01 6.969697e-01 7.681582e-01 -5.179197e-03 7.733374e-01
2.727273e-01 6.969697e-01 7.604381e-01 -5.175471e-03 7.656136e-01
2.828283e-01 6.969697e-01 7.527956e-01 -5.175114e-03 7.579707e-01
2.929293e-01 6.969697e-01 7.452298e-01 -5.173653e-03 7.504035e-01
3.030303e-01 6.969697e-01 7.377402e-01 -5.175978e-03 7.429161e-01
3.131313e-01 6.969697e-01 7.303257e-01 -5.177438e-03 7.355032e-01
3.232323e-01 6.969697e-01 7.229859e-01 -5.176187e-03 7.281620e-01
3.333333e-01 6.969697e-01 7.157197e-01 -5.174726e-03 7.208944e-01
3.434343e-01 6.969697e-01 7.085266e-01 -5.179822e-03 7.137064e-01
3.535354e-01 6.969697e-01 7.014058e-01 -5.173743e-03 7.065796e-01
3.636364e-01 6.969697e-01 6.943566e-01 -5.175829e-03 6.995324e-01
3.737374e-01 6.969697e-01 6.873782e-01 -5.172729e-03 6.925509e-01
3.838384e-01 6.969697e-01 6.804699e-01 -5.176127e-03 6.856460e-01
3.939394e-01 6.969697e-01 6.736311e-01 -5.179822e-03 6.788109e-01
4.040404e-01 6.969697e-01 6.668610e-01 -5.179822e-03 6.720408e-01
4.141414e-01 6.969697e-01 6.601589e-01 -5.183727e-03 6.653426e-01
4.242424e-01 6.969697e-01 6.535242e-01 -5.167902e-03 6.586921e-01
4.343434e-01 6.969697e-01 6.469562e-01 -5.177796e-03 6.521340e-01
4.444444e-01 6.969697e-01 6.404541e-01 -5.177736e-03 6.456319e-01
4.545455e-01 6.969697e-01 6.340175e-01 -5.176723e-03 6.391942e-01
4.646465e-01 6.969697e-01 6.276455e-01 -5.178928e-03 6.328244e-01
4.747475e-01 6.969697e-01 6.213376e-01 -5.182087e-03 6.265196e-01
4.848485e-01 6.969697e-01 6.150930e-01 -5.180985e-03 6.202740e-01
4.949495e-01 6.969697e-01 6.089112e-01 -5.172670e-03 6.140839e-01
5.050505e-01 6.969697e-01 6.027916e-01 -5.180478e-03 6.079720e-01
5.151515e-01 6.969697e-01 5.967334e-01 -5.175114e-03 6.019085e-01
5.252525e-01 6.969697e-01 5.907361e-01 -5.177617e-03 5.959138e-01
5.353535e-01 6.969697e-01 5.847991e-01 -5.178303e-03 5.899774e-01
5.454545e-01 6.969697e-01 5.789218e-01 -5.170375e-03 5.840922e-01
5.555556e-01 6.969697e-01 5.731036e-01 -5.179614e-03 5.782832e-01
5.656566e-01 6.969697e-01 5.673438e-01 -5.179107e-03 5.725229e-01
5.757576e-01 6.969697e-01 5.616419e-01 -5.178988e-03 5.668209e-01
5.858586e-01 6.969697e-01 5.559973e-01 -5.175501e-03 5.611728e-01
5.959596e-01 6.969697e-01 5.504094e-01 -5.175442e-03 5.555848e-01
6.060606e-01 6.969697e-01 5.448777e-01 -5.173683e-03 5.500514e-01
6.161616e-01 6.969697e-01 5.394016e-01 -5.184561e-03 5.445862e-01
6.262626e-01 6.969697e-01 5.339805e-01 -5.176306e-03 5.391568e-01
6.363636e-01 6.969697e-01 5.286139e-01 -5.183101e-03 5.337970e-01
6.464646e-01 6.969697e-01 5.233013e-01 -5.178511e-03 5.284798e-01
6.565657e-01 6.969697e-01 5.180420e-01 -5.174041e-03 5.232160e-01
6.666667e-01 6.969697e-01 5.128356e-01 -5.177826e-03 5.180134e-01
6.767677e-01 6.969697e-01 5.076815e-01 -5.178690e-03 5.128602e-01
6.868687e-01 6.969697e-01 5.025792e-01 -5.176544e-03 5.077558e-01
6.969697e-01 6.969697e-01 4.975282e-01 -5.178005e-03 5.027062e-01
7.070707e-01 6.969697e-01 4.925280e-01 -5.172312e-03 4.977003e-01
7.171717e-01 6.969697e-01 4.875780e-01 -5.174577e-03 4.927526e-01
7.272727e-01 6.969697e-01 4.826778e-01 -5.175233e-03 4.878530e-01
7.373737e-01 6.969697e-01 4.778268e-01 -5.173922e-03 4.830007e-01
7.474747e-01 6.969697e-01 4.730245e-01 -5.178720e-03 4.782032e-01
7.575758e-01 6.969697e-01 4.682705e-01 -5.177826e-03 4.734484e-01
7.676768e-01 6.969697e-01 4.635643e-01 -5.181074e-03 4.687454e-01
7.777778e-01 6.969697e-01 4.589055e-01 -5.175203e-03 4.640807e-01
7.878788e-01 6.969697e-01 4.542934e-01 -5.178869e-03 4.594722e-01
7.979798e-01 6.969697e-01 4.497277e-01 -5.176395e-03 4.549040e-01
8.080808e-01 6.969697e-01 4.452078e-01 -5.175710e-03 4.503835e-01
8.181818e-01 6.969697e-01 4.407334e-01 -5.184114e-03 4.459175e-01
8.282828e-01 6.969697e-01 4.363040e-01 -5.176812e-03 4.414808e-01
8.383838e-01 6.969697e-01 4.319190e-01 -5.174339e-03 4.370934e-01
8.484848e-01 6.969697e-01 4.275782e-01 -5.176157e-03 4.327543e-01
8.585859e-01 6.969697e-01 4.232809e-01 -5.179763e-03 4.284607e-01
8.686869e-01 6.969697e-01 4.190269e-01 -5.183339e-03 4.242102e-01
8.787879e-01 6.969697e-01 4.148156e-01 -5.177617e-03 4.199932e-01
8.888889e-01 6.969697e-01 4.106466e-01 -5.179286e-03 4.158259e-01
8.989899e-01 6.969697e-01 4.065196e-01 -5.180120e-03 4.116997e-01
9.090909e-01 6.969697e-01 4.024340e-01 -5.168378e-03 4.076024e-01
9.191919e-01 6.969697e-01 3.983895e-01 -5.176187e-03 4.035656e-01
9.292929e-01 6.969697e-01 3.943856e-01 -5.169958e-03 3.995555e-01
9.393939e-01 6.969697e-01 3.904219e-01 -5.180597e-03 3.956025e-01
9.494949e-01 6.969697e-01 3.864981e-01 -5.184561e-03 3.916827e-01
9.595960e-01 6.969697e-01 3.826138e-01 -5.178571e-03 3.877923e-01
9.696970e-01 6.969697e-01 3.787684e-01 -5.174130e-03 3.839426e-01
9.797980e-01 6.969697e-01 3.749617e-01 -5.171329e-03 3.801331e-01
9.898990e-01 6.969697e-01 3.711933e-01 -5.179882e-03 3.763732e-01
1.000000e+00 6.969697e-01 3.674628e-01 -5.177647e-03 3.726404e-01
0.000000e+00 7.070707e-01 -9.938385e-01 -5.177796e-03 9.886607e-01
1.010101e-02 7.070707e-01 -9.838502e-01 -5.178332e-03 9.786719e-01
2.020202e-02 7.070707e-01 -9.739624e-01 -5.159199e-03 9.688032e-01
3.030303e-02 7.070707e-01 -9.641739e-01 -5.185008e-03 9.589889e-01
4.040404e-02 7.070707e-01 -9.544838e-01 -5.182207e-03 9.493016e-01
5.050505e-02 7.070707e-01 -9.448911e-01 -5.180031e-03 9.397110e-01
6.060606e-02 7.070707e-01 -9.353947e-01 -5.180448e-03 9.302143e-01
7.070707e-02 7.070707e-01 -9.259939e-01 -5.171984e-03 9.208219e-01
8.080808e-02 7.070707e-01 -9.166875e-01 -5.177587e-03 9.115099e-01
9.090909e-02 7.070707e-01 -9.074746e-01 -5.174786e-03 9.022998e-01
1.010101e-01 7.070707e-01 -8.983543e-01 -5.178869e-03 8.931755e-01
1.111111e-01 7.070707e-01 -8.893257e-01 -5.171657e-03 8.841541e-01
1.212121e-01 7.070707e-01 -8.803879e-01 -5.181104e-03 8.752068e-01
1.313131e-01 7.070707e-01 -8.715398e-01 -5.173117e-03 8.663667e-01
1.414141e-01 7.070707e-01 -8.627807e-01 -5.177438e-03 8.576033e-01
1.515152e-01 7.070707e-01 -8.541096e-01 -5.172431e-03 8.489372e-01
1.616162e-01 7.070707e-01 -8.455257e-01 -5.174875e-03 8.403508e-01
1.717172e-01 7.070707e-01 -8.370280e-01 -5.178541e-03 8.318494e-01
1.818182e-01 7.070707e-01 -8.286157e-01 -5.172431e-03 8.234433e-01
1.919192e-01 7.070707e-01 -8.202880e-01 -5.176067e-03 8.151119e-01
2.020202e-01 7.070707e-01 -8.120440e-01 -5.180091e-03 8.068639e-01
2.121212e-01 7.070707e-01 -8.038828e-01 -5.173773e-03 7.987090e-01
2.222222e-01 7.070707e-01 -7.958036e-01 -5.179197e-03 7.906244e-01
2.323232e-01 7.070707e-01 -7.878057e-01 -5.182087e-03 7.826236e-01
2.424242e-01 7.070707e-01 -7.798881e-01 -5.180120e-03 7.747080e-01
2.525253e-01 7.070707e-01 -7.720501e-01 -5.180657e-03 7.668694e-01
2.626263e-01 7.070707e-01 -7.642909e-01 -5.180001e-03 7.591109e-01
2.727273e-01 7.070707e-01 -7.566096e-01 -5.176485e-03 7.514331e-01
2.828283e-01 7.070707e-01 -7.490056e-01 -5.172521e-03 7.438330e-01
2.929293e-01 7.070707e-01 -7.414779e-01 -5.176544e-03 7.363014e-01
3.030303e-01 7.070707e-01 -7.340259e-01 -5.183876e-03 7.288421e-01
3.131313e-01 7.070707e-01 -7.266489e-01 -5.179316e-03 7.214695e-01
3.232323e-01 7.070707e-01 -7.193459e-01 -5.178154e-03 7.141678e-01
3.333333e-01 7.070707e-01 -7.121164e-01 -5.178273e-03 7.069381e-01
3.434343e-01 7.070707e-01 -7.049595e-01 -5.185962e-03 6.997735e-01
3.535354e-01 7.070707e-01 -6.978745e-01 -5.174160e-03 6.927004e-01
3.636364e-01 7.070707e-01 -6.908608e-01 -5.175710e-03 6.856851e-01
3.737374e-01 7.070707e-01 -6.839175e-01 -5.173743e-03 6.787438e-01
3.838384e-01 7.070707e-01 -6.770440e-01 -5.169451e-03 6.718746e-01
3.939394e-01 7.070707e-01 -6.702396e-01 -5.184680e-03 6.650549e-01
4.040404e-01 7.070707e-01 -6.635036e-01 -5.178541e-03 6.583251e-01
4.141414e-01 7.070707e-01 -6.568353e-01 -5.177706e-03 6.516576e-01
4.242424e-01 7.070707e-01 -6.502340e-01 -5.179048e-03 6.450549e-01
4.343434e-01 7.070707e-01 -6.436990e-01 -5.177677e-03 6.385213e-01
4.444444e-01 7.070707e-01 -6.372297e-01 -5.174339e-03 6.320554e-01
4.545455e-01 7.070707e-01 -6.308255e-01 -5.176902e-03 6.256486e-01
4.646465e-01 7.070707e-01 -6.244856e-01 -5.181015e-03 6.193046e-01
4.747475e-01 7.070707e-01 -6.182094e-01 -5.177140e-03 6.130322e-01
4.848485e-01 7.070707e-01 -6.119963e-01 -5.175173e-03 6.068211e-01
4.949495e-01 7.070707e-01 -6.058456e-01 -5.172551e-03 6.006731e-01
5.050505e-01 7.070707e-01 -5.997568e-01 -5.178154e-03 5.945786e-01
5.151515e-01 7.070707e-01 -5.937291e-01 -5.178899e-03 5.885502e-01
5.252525e-01 7.070707e-01 -5.877620e-01 -5.176485e-03 5.825855e-01
5.353535e-01 7.070707e-01 -5.818549e-01 -5.176693e-03 5.766782e-01
5.454545e-01 7.070707e-01 -5.760072e-01 -5.178690e-03 5.708285e-01
5.555556e-01 7.070707e-01 -5.702182e-01 -5.179226e-03 5.650390e-01
5.656566e-01 7.070707e-01 -5.644874e-01 -5.178571e-03 5.593089e-01
5.757576e-01 7.070707e-01 -5.588142e-01 -5.174875e-03 5.536394e-01
5.858586e-01 7.070707e-01 -5.531981e-01 -5.180418e-03 5.480176e-01
5.959596e-01 7.070707e-01 -5.476383e-01 -5.181551e-03 5.424568e-01
6.060606e-01 7.070707e-01 -5.421345e-01 -5.177826e-03 5.369566e-01
6.161616e-01 7.070707e-01 -5.366859e-01 -5.173594e-03 5.315123e-01
6.262626e-01 7.070707e-01 -5.312921e-01 -5.178154e-03 5.261140e-01
6.363636e-01 7.070707e-01 -5.259526e-01 -5.180448e-03 5.207721e-01
6.464646e-01 7.070707e-01 -5.206667e-01 -5.185306e-03 5.154814e-01
6.565657e-01 7.070707e-01 -5.154339e-01 -5.174339e-03 5.102595e-01
6.666667e-01 7.070707e-01 -5.102537e-01 -5.173445e-03 5.050802e-01
6.767677e-01 7.070707e-01 -5.051255e-01 -5.180329e-03 4.999452e-01
6.868687e-01 7.070707e-01 -5.000490e-01 -5.172998e-03 4.948760e-01
6.969697e-01 7.070707e-01 -4.950234e-01 -5.181432e-03 4.898419e-01
7.070707e-01 7.070707e-01 -4.900483e-01 -5.179733e-03 4.848686e-01
7.171717e-01 7.070707e-01 -4.851232e-01 -5.175650e-03 4.799476e-01
7.272727e-01 7.070707e-01 -4.802477e-01 -5.183399e-03 4.750643e-01
7.373737e-01 7.070707e-01 -4.754211e-01 -5.173802e-03 4.702473e-01
7.474747e-01 7.070707e-01 -4.706430e-01 -5.174190e-03 4.654689e-01
7.575758e-01 7.070707e-01 -4.659130e-01 -5.173862e-03 4.607391e-01
7.676768e-01 7.070707e-01 -4.612305e-01 -5.177855e-03 4.560526e-01
7.777778e-01 7.070707e-01 -4.565951e-01 -5.180657e-03 4.514144e-01
7.878788e-01 7.070707e-01 -4.520062e-01 -5.178332e-03 4.468279e-01
7.979798e-01 7.070707e-01 -4.474635e-01 -5.175233e-03 4.422882e-01
8.080808e-01 7.070707e-01 -4.429664e-01 -5.178690e-03 4.377877e-01
8.181818e-01 7.070707e-01 -4.385145e-01 -5.171150e-03 4.333433e-01
8.282828e-01 7.070707e-01 -4.341074e-01 -5.175531e-03 4.289318e-01
8.383838e-01 7.070707e-01 -4.297445e-01 -5.178660e-03 4.245658e-01
8.484848e-01 7.070707e-01 -4.254255e-01 -5.182087e-03 4.202434e-01
8.585859e-01 7.070707e-01 -4.211499e-01 -5.174726e-03 4.159752e-01
8.686869e-01 7.070707e-01 -4.169173e-01 -5.178332e-03 4.117389e-01
8.787879e-01 7.070707e-01 -4.127272e-01 -5.178511e-03 4.075487e-01
8.888889e-01 7.070707e-01 -4.085792e-01 -5.175442e-03 4.034038e-01
8.989899e-01 7.070707e-01 -4.044729e-01 -5.185694e-03 3.992872e-01
9.090909e-01 7.070707e-01 -4.004079e-01 -5.175114e-03 3.952328e-01
9.191919e-01 7.070707e-01 -3.963837e-01 -5.176604e-03 3.912071e-01
9.292929e-01 7.070707e-01 -3.924000e-01 -5.177021e-03 3.872230e-01
9.393939e-01 7.070707e-01 -3.884563e-01 -5.180478e-03 3.832758e-01
9.494949e-01 7.070707e-01 -3.845523e-01 -5.188525e-03 3.793637e-01
9.595960e-01 7.070707e-01 -3.806875e-01 -5.173147e-03 3.755143e-01
9.696970e-01 7.070707e-01 -3.768615e-01 -5.181104e-03 3.716804e-01
9.797980e-01 7.070707e-01 -3.730740e-01 -5.173147e-03 3.679008e-01
9.898990e-01 7.070707e-01 -3.693245e-01 -5.176336e-03 3.641482e-01
1.000000e+00 7.070707e-01 -3.656127e-01 -5.178541e-03 3.604342e-01
0.000000e+00 7.171717e-01 9.638422e-01 -5.178005e-03 9.690202e-01
1.010101e-02 7.171717e-01 9.541554e-01 -5.177617e-03 9.593330e-01
2.020202e-02 7.171717e-01 9.445660e-01 -5.174160e-03 9.497401e-01
3.030303e-02 7.171717e-01 9.350729e-01 -5.167127e-03 9.402400e-01
4.040404e-02 7.171717e-01 9.256753e-01 -5.181879e-03 9.308572e-01
5.050505e-02 7.171717e-01 9.163721e-01 -5.176008e-03 9.215481e-01
6.060606e-02 7.171717e-01 9.071624e-01 -5.176961e-03 9.123394e-01
7.070707e-02 7.171717e-01 8.980453e-01 -5.176038e-03 9.032213e-01
8.080808e-02 7.171717e-01 8.890198e-01 -5.175173e-03 8.941949e-01
9.090909e-02 7.171717e-01 8.800850e-01 -5.179524e-03 8.852645e-01
1.010101e-01 7.171717e-01 8.712400e-01 -5.176961e-03 8.764169e-01
1.111111e-01 7.171717e-01 8.624839e-01 -5.172789e-03 8.676566e-01
1.212121e-01 7.171717e-01 8.538158e-01 -5.177677e-03 8.589934e-01
1.313131e-01 7.171717e-01 8.452348e-01 -5.172700e-03 8.504075e-01
1.414141e-01 7.171717e-01 8.367400e-01 -5.173236e-03 8.419132e-01
1.515152e-01 7.171717e-01 8.283306e-01 -5.183935e-03 8.335146e-01
1.616162e-01 7.171717e-01 8.200058e-01 -5.174547e-03 8.251803e-01
1.717172e-01 7.171717e-01 8.117646e-01 -5.173951e-03 8.169385e-01
1.818182e-01 7.171717e-01 8.036062e-01 -5.173206e-03 8.087794e-01
1.919192e-01 7.171717e-01 7.955298e-01 -5.170107e-03 8.006999e-01
2.020202e-01 7.171717e-01 7.875346e-01 -5.188584e-03 7.927232e-01
2.121212e-01 7.171717e-01 7.796198e-01 -5.178541e-03 7.847983e-01
2.222222e-01 7.171717e-01 7.717845e-01 -5.174100e-03 7.769586e-01
2.323232e-01 7.171717e-01 7.640279e-01 -5.176663e-03 7.692046e-01
2.424242e-01 7.171717e-01 7.563493e-01 -5.174220e-03 7.615235e-01
2.525253e-01 7.171717e-01 7.487479e-01 -5.179942e-03 7.539278e-01
2.626263e-01 7.171717e-01 7.412228e-01 -5.176008e-03 7.463988e-01
2.727273e-01 7.171717e-01 7.337734e-01 -5.175084e-03 7.389485e-01
2.828283e-01 7.171717e-01 7.263989e-01 -5.178750e-03 7.315776e-01
2.929293e-01 7.171717e-01 7.190984e-01 -5.175471e-03 7.242739e-01
3.030303e-01 7.171717e-01 7.118714e-01 -5.179852e-03 7.170512e-01
3.131313e-01 7.171717e-01 7.047169e-01 -5.180359e-03 7.098973e-01
3.232323e-01 7.171717e-01 6.976344e-01 -5.175382e-03 7.028098e-01
3.333333e-01 7.171717e-01 6.906231e-01 -5.180329e-03 6.958034e-01
3.434343e-01 7.171717e-01 6.836822e-01 -5.174756e-03 6.888570e-01
3.535354e-01 7.171717e-01 6.768111e-01 -5.181164e-03 6.819923e-01
3.636364e-01 7.171717e-01 6.700090e-01 -5.179971e-03 6.751890e-01
3.737374e-01 7.171717e-01 6.632753e-01 -5.185485e-03 6.684608e-01
3.838384e-01 7.171717e-01 6.566093e-01 -5.173832e-03 6.617831e-01
3.939394e-01 7.171717e-01 6.500103e-01 -5.171061e-03 6.551813e-01
4.040404e-01 7.171717e-01 6.434776e-01 -5.177140e-03 6.486547e-01
4.141414e-01 7.171717e-01 6.370105e-01 -5.176157e-03 6.421867e-01
4.242424e-01 7.171717e-01 6.306084e-01 -5.182236e-03 6.357907e-01
4.343434e-01 7.171717e-01 6.242707e-01 -5.177081e-03 6.294478e-01
4.444444e-01 7.171717e-01 6.179967e-01 -5.165726e-03 6.231624e-01
4.545455e-01 7.171717e-01 6.117857e-01 -5.180120e-03 6.169658e-01
4.646465e-01 7.171717e-01 6.056372e-01 -5.176455e-03 6.108136e-01
4.747475e-01 7.171717e-01 5.995504e-01 -5.180299e-03 6.047307e-01
4.848485e-01 7.171717e-01 5.935248e-01 -5.179197e-03 5.987040e-01
4.949495e-01 7.171717e-01 5.875598e-01 -5.175024e-03 5.927348e-01
5.050505e-01 7.171717e-01 5.816547e-01 -5.176544e-03 5.868313e-01
5.151515e-01 7.171717e-01 5.758090e-01 -5.176961e-03 5.809860e-01
5.252525e-01 7.171717e-01 5.700220e-01 -5.179256e-03 5.752013e-01
5.353535e-01 7.171717e-01 5.642932e-01 -5.179107e-03 5.694723e-01
5.454545e-01 7.171717e-01 5.586220e-01 -5.179673e-03 5.638017e-01
5.555556e-01 7.171717e-01 5.530077e-01 -5.179942e-03 5.581877e-01
5.656566e-01 7.171717e-01 5.474499e-01 -5.178452e-03 5.526284e-01
5.757576e-01 7.171717e-01 5.419480e-01 -5.174547e-03 5.471225e-01
5.858586e-01 7.171717e-01 5.365013e-01 -5.177617e-03 5.416789e-01
5.959596e-01 7.171717e-01 5.311094e-01 -5.179316e-03 5.362887e-01
6.060606e-01 7.171717e-01 5.257716e-01 -5.172312e-03 5.309439e-01
6.161616e-01 7.171717e-01 5.204875e-01 -5.178690e-03 5.256662e-01
6.262626e-01 7.171717e-01 5.152565e-01 -5.182266e-03 5.204388e-01
6.363636e-01 7.171717e-01 5.100781e-01 -5.180448e-03 5.152586e-01
6.464646e-01 7.171717e-01 5.049518e-01 -5.173683e-03 5.101254e-01
6.565657e-01 7.171717e-01 4.998769e-01 -5.176991e-03 5.050539e-01
6.666667e-01 7.171717e-01 4.948531e-01 -5.168229e-03 5.000213e-01
6.767677e-01 7.171717e-01 4.898797e-01 -5.182147e-03 4.950619e-01
6.868687e-01 7.171717e-01 4.849563e-01 -5.174756e-03 4.901311e-01
6.969697e-01 7.171717e-01 4.800824e-01 -5.177647e-03 4.852601e-01
7.070707e-01 7.171717e-01 4.752575e-01 -5.178750e-03 4.804363e-01
7.171717e-01 7.171717e-01 4.704811e-01 -5.184531e-03 4.756656e-01
7.272727e-01 7.171717e-01 4.657527e-01 -5.181938e-03 4.709346e-01
7.373737e-01 7.171717e-01 4.610718e-01 -5.180299e-03 4.662521e-01
7.474747e-01 7.171717e-01 4.564380e-01 -5.176991e-03 4.616150e-01
7.575758e-01 7.171717e-01 4.518507e-01 -5.181551e-03 4.570322e-01
7.676768e-01 7.171717e-01 4.473095e-01 -5.179346e-03 4.524889e-01
7.777778e-01 7.171717e-01 4.428140e-01 -5.173087e-03 4.479871e-01
7.878788e-01 7.171717e-01 4.383636e-01 -5.180001e-03 4.435436e-01
7.979798e-01 7.171717e-01 4.339580e-01 -5.179882e-03 4.391379e-01
8.080808e-01 7.171717e-01 4.295966e-01 -5.178809e-03 4.347755e-01
8.181818e-01 7.171717e-01 4.252791e-01 -5.176336e-03 4.304555e-01
8.282828e-01 7.171717e-01 4.210050e-01 -5.176276e-03 4.261813e-01
8.383838e-01 7.171717e-01 4.167738e-01 -5.180717e-03 4.219545e-01
8.484848e-01 7.171717e-01 4.125852e-01 -5.178779e-03 4.177640e-01
8.585859e-01 7.171717e-01 4.084386e-01 -5.170614e-03 4.136093e-01
8.686869e-01 7.171717e-01 4.043338e-01 -5.175591e-03 4.095094e-01
8.787879e-01 7.171717e-01 4.002701e-01 -5.179703e-03 4.054498e-01
8.888889e-01 7.171717e-01 3.962474e-01 -5.176067e-03 4.014234e-01
8.989899e-01 7.171717e-01 3.922650e-01 -5.178869e-03 3.974439e-01
9.090909e-01 7.171717e-01 3.883227e-01 -5.179167e-03 3.935018e-01
9.191919e-01 7.171717e-01 3.844200e-01 -5.171597e-03 3.895916e-01
9.292929e-01 7.171717e-01 3.805565e-01 -5.181462e-03 3.857379e-01
9.393939e-01 7.171717e-01 3.767318e-01 -5.171955e-03 3.819038e-01
9.494949e-01 7.171717e-01 3.729456e-01 -5.177200e-03 3.781228e-01
9.595960e-01 7.171717e-01 3.691974e-01 -5.180120e-03 3.743776e-01
9.696970e-01 7.171717e-01 3.654870e-01 -5.179048e-03 3.706660e-01
9.797980e-01 7.171717e-01 3.618137e-01 -5.181074e-03 3.669948e-01
9.898990e-01 7.171717e-01 3.581775e-01 -5.169153e-03 3.633466e-01
1.000000e+00 7.171717e-01 3.545777e-01 -5.179346e-03 3.597571e-01
0.000000e+00 7.272727e-01 -9.096320e-01 -5.179703e-03 9.044523e-01
1.010101e-02 7.272727e-01 -9.004900e-01 -5.179822e-03 8.953102e-01
2.020202e-02 7.272727e-01 -8.914400e-01 -5.170882e-03 8.862691e-01
3.030303e-02 7.272727e-01 -8.824808e-01 -5.177706e-03 8.773031e-01
4.040404e-02 7.272727e-01 -8.736118e-01 -5.177677e-03 8.684341e-01
5.050505e-02 7.272727e-01 -8.648318e-01 -5.173683e-03 8.596581e-01
6.060606e-02 7.272727e-01 -8.561401e-01 -5.184054e-03 8.509561e-01
7.070707e-02 7.272727e-01 -8.475358e-01 -5.179316e-03 8.423565e-01
8.080808e-02 7.272727e-01 -8.390179e-01 -5.175471e-03 8.338424e-01
9.090909e-02 7.272727e-01 -8.305856e-01 -5.173832e-03 8.254118e-01
1.010101e-01 7.272727e-01 -8.222381e-01 -5.177975e-03 8.170601e-01
1.111111e-01 7.272727e-01 -8.139745e-01 -5.180925e-03 8.087935e-01
1.212121e-01 7.272727e-01 -8.057939e-01 -5.179852e-03 8.006140e-01
1.313131e-01 7.272727e-01 -7.976955e-01 -5.176932e-03 7.925186e-01
1.414141e-01 7.272727e-01 -7.896786e-01 -5.174637e-03 7.845039e-01
1.515152e-01 7.272727e-01 -7.817422e-01 -5.177259e-03 7.765649e-01
1.616162e-01 7.272727e-01 -7.738855e-01 -5.178690e-03 7.687068e-01
1.717172e-01 7.272727e-01 -7.661078e-01 -5.177617e-03 7.609302e-01
1.818182e-01 7.272727e-01 -7.584083e-01 -5.181730e-03 7.532266e-01
1.919192e-01 7.272727e-01 -7.507862e-01 -5.184352e-03 7.456018e-01
2.020202e-01 7.272727e-01 -7.432407e-01 -5.180359e-03 7.380603e-01
2.121212e-01 7.272727e-01 -7.357710e-01 -5.178750e-03 7.305922e-01
2.222222e-01 7.272727e-01 -7.283764e-01 -5.169868e-03 7.232065e-01
2.323232e-01 7.272727e-01 -7.210561e-01 -5.177736e-03 7.158783e-01
2.424242e-01 7.272727e-01 -7.138093e-01 -5.179644e-03 7.086297e-01
2.525253e-01 7.272727e-01 -7.066354e-01 -5.176336e-03 7.014591e-01
2.626263e-01 7.272727e-01 -6.995336e-01 -5.189061e-03 6.943446e-01
2.727273e-01 7.272727e-01 -6.925032e-01 -5.176544e-03 6.873266e-01
2.828283e-01 7.272727e-01 -6.855434e-01 -5.179018e-03 6.803644e-01
2.929293e-01 7.272727e-01 -6.786536e-01 -5.172938e-03 6.734807e-01
3.030303e-01 7.272727e-01 -6.718330e-01 -5.165577e-03 6.666674e-01
3.131313e-01 7.272727e-01 -6.650810e-01 -5.175471e-03 6.599055e-01
3.232323e-01 7.272727e-01 -6.583968e-01 -5.182207e-03 6.532146e-01
3.333333e-01 7.272727e-01 -6.517798e-01 -5.178869e-03 6.466009e-01
3.434343e-01 7.272727e-01 -6.452293e-01 -5.181849e-03 6.400475e-01
3.535354e-01 7.272727e-01 -6.387446e-01 -5.176395e-03 6.335683e-01
3.636364e-01 7.272727e-01 -6.323252e-01 -5.174160e-03 6.271510e-01
3.737374e-01 7.272727e-01 -6.259702e-01 -5.183488e-03 6.207867e-01
3.838384e-01 7.272727e-01 -6.196791e-01 -5.181372e-03 6.144977e-01
3.939394e-01 7.272727e-01 -6.134512e-01 -5.172789e-03 6.082784e-01
4.040404e-01 7.272727e-01 -6.072859e-01 -5.178034e-03 6.021079e-01
4.141414e-01 7.272727e-01 -6.011826e-01 -5.173922e-03 5.960087e-01
4.242424e-01 7.272727e-01 -5.951406e-01 -5.174994e-03 5.899656e-01
4.343434e-01 7.272727e-01 -5.891593e-01 -5.177438e-03 5.839819e-01
4.444444e-01 7.272727e-01 -5.832382e-01 -5.169243e-03 5.780690e-01
4.545455e-01 7.272727e-01 -5.773766e-01 -5.179971e-03 5.721966e-01
4.646465e-01 7.272727e-01 -5.715738e-01 -5.174696e-03 5.663991e-01
4.747475e-01 7.272727e-01 -5.658294e-01 -5.177855e-03 5.606516e-01
4.848485e-01 7.272727e-01 -5.601427e-01 -5.176008e-03 5.549667e-01
4.949495e-01 7.272727e-01 -5.545132e-01 -5.181223e-03 5.493320e-01
5.050505e-01 7.272727e-01 -5.489403e-01 -5.177110e-03 5.437631e-01
5.151515e-01 7.272727e-01 -5.434233e-01 -5.169421e-03 5.382539e-01
5.252525e-01 7.272727e-01 -5.379618e-01 -5.178154e-03 5.327837e-01
5.353535e-01 7.272727e-01 -5.325552e-01 -5.180031e-03 5.273752e-01
5.454545e-01 7.272727e-01 -5.272029e-01 -5.184114e-03 5.220188e-01
5.555556e-01 7.272727e-01 -5.219045e-01 -5.174160e-03 5.167303e-01
5.656566e-01 7.272727e-01 -5.166592e-01 -5.172014e-03 5.114872e-01
5.757576e-01 7.272727e-01 -5.114667e-01 -5.179077e-03 5.062877e-01
5.858586e-01 7.272727e-01 -5.063264e-01 -5.179405e-03 5.011470e-01
5.959596e-01 7.272727e-01 -5.012377e-01 -5.179733e-03 4.960580e-01
6.060606e-01 7.272727e-01 -4.962002e-01 -5.176485e-03 4.910237e-01
6.161616e-01 7.272727e-01 -4.912133e-01 -5.171359e-03 4.860420e-01
6.262626e-01 7.272727e-01 -4.862765e-01 -5.175591e-03 4.811010e-01
6.363636e-01 7.272727e-01 -4.813894e-01 -5.179077e-03 4.762103e-01
6.464646e-01 7.272727e-01 -4.765513e-01 -5.170017e-03 4.713813e-01
6.565657e-01 7.272727e-01 -4.717619e-01 -5.177438e-03 4.665845e-01
6.666667e-01 7.272727e-01 -4.670206e-01 -5.172670e-03 4.618480e-01
6.767677e-01 7.272727e-01 -4.623270e-01 -5.177587e-03 4.571494e-01
6.868687e-01 7.272727e-01 -4.576805e-01 -5.174756e-03 4.525058e-01
6.969697e-01 7.272727e-01 -4.530808e-01 -5.175382e-03 4.479054e-01
7.070707e-01 7.272727e-01 -4.485272e-01 -5.179077e-03 4.433482e-01
7.171717e-01 7.272727e-01 -4.440195e-01 -5.174309e-03 4.388452e-01
7.272727e-01 7.272727e-01 -4.395570e-01 -5.175412e-03 4.343816e-01
7.373737e-01 7.272727e-01 -4.351394e-01 -5.182832e-03 4.299565e-01
7.474747e-01 7.272727e-01 -4.307662e-01 -5.178213e-03 4.255879e-01
7.575758e-01 7.272727e-01 -4.264369e-01 -5.174100e-03 4.212628e-01
7.676768e-01 7.272727e-01 -4.221511e-01 -5.176842e-03 4.169743e-01
7.777778e-01 7.272727e-01 -4.179084e-01 -5.175710e-03 4.127327e-01
7.878788e-01 7.272727e-01 -4.137084e-01 -5.179763e-03 4.085286e-01
7.979798e-01 7.272727e-01 -4.095505e-01 -5.177289e-03 4.043733e-01
8.080808e-01 7.272727e-01 -4.054345e-01 -5.175352e-03 4.002591e-01
8.181818e-01 7.272727e-01 -4.013598e-01 -5.176574e-03 3.961832e-01
8.282828e-01 7.272727e-01 -3.973261e-01 -5.174279e-03 3.921518e-01
8.383838e-01 7.272727e-01 -3.933329e-01 -5.180478e-03 3.881524e-01
8.484848e-01 7.272727e-01 -3.893798e-01 -5.175829e-03 3.842040e-01
8.585859e-01 7.272727e-01 -3.854665e-01 -5.181849e-03 3.802846e-01
8.686869e-01 7.272727e-01 -3.815925e-01 -5.180389e-03 3.764121e-01
8.787879e-01 7.272727e-01 -3.777574e-01 -5.181164e-03 3.725763e-01
8.888889e-01 7.272727e-01 -3.739609e-01 -5.176038e-03 3.687849e-01
8.989899e-01 7.272727e-01 -3.702025e-01 -5.169868e-03 3.650327e-01
9.090909e-01 7.272727e-01 -3.664819e-01 -5.181342e-03 3.613006e-01
9.191919e-01 7.272727e-01 -3.627987e-01 -5.176336e-03 3.576224e-01
9.292929e-01 7.272727e-01 -3.591525e-01 -5.181074e-03 3.539715e-01
9.393939e-01 7.272727e-01 -3.555430e-01 -5.175322e-03 3.503677e-01
9.494949e-01 7.272727e-01 -3.519697e-01 -5.173624e-03 3.467961e-01
9.595960e-01 7.272727e-01 -3.484324e-01 -5.176783e-03 3.432556e-01
9.696970e-01 7.272727e-01 -3.449306e-01 -5.178958e-03 3.397516e-01
9.797980e-01 7.272727e-01 -3.414640e-01 -5.180955e-03 3.362830e-01
9.898990e-01 7.272727e-01 -3.380322e-01 -5.178630e-03 3.328536e-01
1.000000e+00 7.272727e-01 -3.346349e-01 -5.178988e-03 3.294559e-01
0.000000e+00 7.373737e-01 8.325699e-01 -5.175889e-03 8.377457e-01
1.010101e-02 7.373737e-01 8.242024e-01 -5.176246e-03 8.293786e-01
2.020202e-02 7.373737e-01 8.159190e-01 -5.181670e-03 8.211007e-01
3.030303e-02 7.373737e-01 8.077189e-01 -5.181968e-03 8.129009e-01
4.040404e-02 7.373737e-01 7.996012e-01 -5.174696e-03 8.047759e-01
5.050505e-02 7.373737e-01 7.915651e-01 -5.176991e-03 7.967421e-01
6.060606e-02 7.373737e-01 7.836097e-01 -5.175859e-03 7.887856e-01
7.070707e-02 7.373737e-01 7.757343e-01 -5.176187e-03 7.809105e-01
8.080808e-02 7.373737e-01 7.679380e-01 -5.174816e-03 7.731129e-01
9.090909e-02 7.373737e-01 7.602201e-01 -5.174428e-03 7.653946e-01
1.010101e-01 7.373737e-01 7.525798e-01 -5.178809e-03 7.577586e-01
1.111111e-01 7.373737e-01 7.450162e-01 -5.178511e-03 7.501948e-01
1.212121e-01 7.373737e-01 7.375287e-01 -5.178779e-03 7.427075e-01
1.313131e-01 7.373737e-01 7.301164e-01 -5.177677e-03 7.352941e-01
1.414141e-01 7.373737e-01 7.227786e-01 -5.178094e-03 7.279567e-01
1.515152e-01 7.373737e-01 7.155146e-01 -5.179107e-03 7.206937e-01
1.616162e-01 7.373737e-01 7.083235e-01 -5.176276e-03 7.134998e-01
1.717172e-01 7.373737e-01 7.012048e-01 -5.179465e-03 7.063842e-01
1.818182e-01 7.373737e-01 6.941575e-01 -5.179852e-03 6.993374e-01
1.919192e-01 7.373737e-01 6.871811e-01 -5.184859e-03 6.923660e-01
2.020202e-01 7.373737e-01 6.802749e-01 -5.175978e-03 6.854508e-01
2.121212e-01 7.373737e-01 6.734380e-01 -5.177379e-03 6.786154e-01
2.222222e-01 7.373737e-01 6.666698e-01 -5.180806e-03 6.718506e-01
2.323232e-01 7.373737e-01 6.599697e-01 -5.180717e-03 6.651504e-01
2.424242e-01 7.373737e-01 6.533369e-01 -5.174100e-03 6.585110e-01
2.525253e-01 7.373737e-01 6.467707e-01 -5.173773e-03 6.519445e-01
2.626263e-01 7.373737e-01 6.402706e-01 -5.175710e-03 6.454463e-01
2.727273e-01 7.373737e-01 6.338358e-01 -5.179673e-03 6.390154e-01
2.828283e-01 7.373737e-01 6.274656e-01 -5.179822e-03 6.326454e-01
2.929293e-01 7.373737e-01 6.211595e-01 -5.176693e-03 6.263362e-01
3.030303e-01 7.373737e-01 6.149167e-01 -5.173266e-03 6.200900e-01
3.131313e-01 7.373737e-01 6.087367e-01 -5.180657e-03 6.139173e-01
3.232323e-01 7.373737e-01 6.026188e-01 -5.181074e-03 6.077999e-01
3.333333e-01 7.373737e-01 5.965624e-01 -5.174190e-03 6.017366e-01
3.434343e-01 7.373737e-01 5.905668e-01 -5.178452e-03 5.957453e-01
3.535354e-01 7.373737e-01 5.846315e-01 -5.176008e-03 5.898075e-01
3.636364e-01 7.373737e-01 5.787559e-01 -5.185932e-03 5.839418e-01
3.737374e-01 7.373737e-01 5.729393e-01 -5.173892e-03 5.781132e-01
3.838384e-01 7.373737e-01 5.671812e-01 -5.178660e-03 5.723598e-01
3.939394e-01 7.373737e-01 5.614809e-01 -5.178511e-03 5.666594e-01
4.040404e-01 7.373737e-01 5.558379e-01 -5.176723e-03 5.610146e-01
4.141414e-01 7.373737e-01 5.502516e-01 -5.176723e-03 5.554284e-01
4.242424e-01 7.373737e-01 5.447215e-01 -5.167902e-03 5.498894e-01
4.343434e-01 7.373737e-01 5.392470e-01 -5.180866e-03 5.444279e-01
4.444444e-01 7.373737e-01 5.338275e-01 -5.178183e-03 5.390056e-01
4.545455e-01 7.373737e-01 5.284624e-01 -5.174577e-03 5.336370e-01
4.646465e-01 7.373737e-01 5.231513e-01 -5.174518e-03 5.283258e-01
4.747475e-01 7.373737e-01 5.178935e-01 -5.171835e-03 5.230654e-01
4.848485e-01 7.373737e-01 5.126886e-01 -5.174071e-03 5.178627e-01
4.949495e-01 7.373737e-01 5.075360e-01 -5.179703e-03 5.127157e-01
5.050505e-01 7.373737e-01 5.024352e-01 -5.181789e-03 5.076170e-01
5.151515e-01 7.373737e-01 4.973856e-01 -5.179793e-03 5.025654e-01
5.252525e-01 7.373737e-01 4.923868e-01 -5.171955e-03 4.975588e-01
5.353535e-01 7.373737e-01 4.874382e-01 -5.176246e-03 4.926145e-01
5.454545e-01 7.373737e-01 4.825394e-01 -5.176365e-03 4.877158e-01
5.555556e-01 7.373737e-01 4.776898e-01 -5.179197e-03 4.828690e-01
5.656566e-01 7.373737e-01 4.728889e-01 -5.182266e-03 4.780712e-01
5.757576e-01 7.373737e-01 4.681363e-01 -5.183846e-03 4.733202e-01
5.858586e-01 7.373737e-01 4.634315e-01 -5.178154e-03 4.686096e-01
5.959596e-01 7.373737e-01 4.587739e-01 -5.175620e-03 4.639495e-01
6.060606e-01 7.373737e-01 4.541632e-01 -5.180776e-03 4.593439e-01
6.161616e-01 7.373737e-01 4.495987e-01 -5.180806e-03 4.547796e-01
6.262626e-01 7.373737e-01 4.450802e-01 -5.176812e-03 4.502570e-01
6.363636e-01 7.373737e-01 4.406071e-01 -5.175829e-03 4.457829e-01
6.464646e-01 7.373737e-01 4.361789e-01 -5.177081e-03 4.413560e-01
6.565657e-01 7.373737e-01 4.317952e-01 -5.178422e-03 4.369737e-01
6.666667e-01 7.373737e-01 4.274556e-01 -5.181611e-03 4.326372e-01
6.767677e-01 7.373737e-01 4.231596e-01 -5.177408e-03 4.283370e-01
6.868687e-01 7.373737e-01 4.189068e-01 -5.174786e-03 4.240816e-01
6.969697e-01 7.373737e-01 4.146967e-01 -5.184263e-03 4.198810e-01
7.070707e-01 7.373737e-01 4.105289e-01 -5.178809e-03 4.157077e-01
7.171717e-01 7.373737e-01 4.064031e-01 -5.174398e-03 4.115775e-01
7.272727e-01 7.373737e-01 4.023186e-01 -5.175084e-03 4.074937e-01
7.373737e-01 7.373737e-01 3.982753e-01 -5.173922e-03 4.034492e-01
7.474747e-01 7.373737e-01 3.942725e-01 -5.178720e-03 3.994513e-01
7.575758e-01 7.373737e-01 3.903100e-01 -5.185455e-03 3.954955e-01
7.676768e-01 7.373737e-01 3.863873e-01 -5.180717e-03 3.915681e-01
7.777778e-01 7.373737e-01 3.825041e-01 -5.173385e-03 3.876775e-01
7.878788e-01 7.373737e-01 3.786599e-01 -5.175114e-03 3.838350e-01
7.979798e-01 7.373737e-01 3.748543e-01 -5.174071e-03 3.800283e-01
8.080808e-01 7.373737e-01 3.710869e-01 -5.175352e-03 3.762623e-01
8.181818e-01 7.373737e-01 3.673574e-01 -5.179405e-03 3.725368e-01
8.282828e-01 7.373737e-01 3.636654e-01 -5.177438e-03 3.688429e-01
8.383838e-01 7.373737e-01 3.600105e-01 -5.172879e-03 3.651834e-01
8.484848e-01 7.373737e-01 3.563924e-01 -5.171001e-03 3.615634e-01
8.585859e-01 7.373737e-01 3.528106e-01 -5.177468e-03 3.579880e-01
8.686869e-01 7.373737e-01 3.492648e-01 -5.179971e-03 3.544447e-01
8.787879e-01 7.373737e-01 3.457546e-01 -5.179822e-03 3.509344e-01
8.888889e-01 7.373737e-01 3.422797e-01 -5.179077e-03 3.474588e-01
8.989899e-01 7.373737e-01 3.388397e-01 -5.185694e-03 3.440254e-01
9.090909e-01 7.373737e-01 3.354343e-01 -5.176455e-03 3.406108e-01
9.191919e-01 7.373737e-01 3.320632e-01 -5.178690e-03 3.372419e-01
9.292929e-01 7.373737e-01 3.287259e-01 -5.172968e-03 3.338988e-01
9.393939e-01 7.373737e-01 3.254221e-01 -5.180895e-03 3.306030e-01
9.494949e-01 7.373737e-01 3.221516e-01 -5.177319e-03 3.273289e-01
9.595960e-01 7.373737e-01 3.189139e-01 -5.182922e-03 3.240968e-01
9.696970e-01 7.373737e-01 3.157088e-01 -5.176514e-03 3.208853e-01
9.797980e-01 7.373737e-01 3.125358e-01 -5.172908e-03 3.177087e-01
9.898990e-01 7.373737e-01 3.093948e-01 -5.178720e-03 3.145735e-01
1.000000e+00 7.373737e-01 3.062853e-01 -5.173296e-03 3.114586e-01
0.000000e+00 7.474747e-01 -7.345917e-01 -5.178750e-03 7.294130e-01
1.010101e-02 7.474747e-01 -7.272089e-01 -5.186170e-03 7.220228e-01
2.020202e-02 7.474747e-01 -7.199004e-01 -5.177200e-03 7.147232e-01
3.030303e-02 7.474747e-01 -7.126653e-01 -5.180478e-03 7.074848e-01
4.040404e-02 7.474747e-01 -7.055028e-01 -5.169243e-03 7.003336e-01
5.050505e-02 7.474747e-01 -6.984124e-01 -5.174160e-03 6.932383e-01
6.060606e-02 7.474747e-01 -6.913933e-01 -5.169749e-03 6.862235e-01
7.070707e-02 7.474747e-01 -6.844446e-01 -5.174339e-03 6.792703e-01
8.080808e-02 7.474747e-01 -6.775659e-01 -5.178303e-03 6.723876e-01
9.090909e-02 7.474747e-01 -6.707562e-01 -5.180955e-03 6.655753e-01
1.010101e-01 7.474747e-01 -6.640150e-01 -5.177200e-03 6.588378e-01
1.111111e-01 7.474747e-01 -6.573415e-01 -5.172431e-03 6.521691e-01
1.212121e-01 7.474747e-01 -6.507352e-01 -5.175114e-03 6.455600e-01
1.313131e-01 7.474747e-01 -6.441952e-01 -5.181938e-03 6.390132e-01
1.414141e-01 7.474747e-01 -6.377209e-01 -5.183190e-03 6.325377e-01
1.515152e-01 7.474747e-01 -6.313117e-01 -5.173653e-03 6.261380e-01
1.616162e-01 7.474747e-01 -6.249669e-01 -5.176991e-03 6.197899e-01
1.717172e-01 7.474747e-01 -6.186859e-01 -5.179226e-03 6.135067e-01
1.818182e-01 7.474747e-01 -6.124680e-01 -5.178779e-03 6.072892e-01
1.919192e-01 7.474747e-01 -6.063126e-01 -5.176514e-03 6.011361e-01
2.020202e-01 7.474747e-01 -6.002190e-01 -5.177796e-03 5.950412e-01
2.121212e-01 7.474747e-01 -5.941867e-01 -5.175382e-03 5.890114e-01
2.222222e-01 7.474747e-01 -5.882151e-01 -5.177140e-03 5.830379e-01
2.323232e-01 7.474747e-01 -5.823034e-01 -5.180597e-03 5.771228e-01
2.424242e-01 7.474747e-01 -5.764512e-01 -5.173922e-03 5.712772e-01
2.525253e-01 7.474747e-01 -5.706577e-01 -5.177736e-03 5.654800e-01
2.626263e-01 7.474747e-01 -5.649225e-01 -5.177081e-03 5.597454e-01
2.727273e-01 7.474747e-01 -5.592450e-01 -5.180180e-03 5.540648e-01
2.828283e-01 7.474747e-01 -5.536244e-01 -5.176127e-03 5.484483e-01
2.929293e-01 7.474747e-01 -5.480604e-01 -5.177975e-03 5.428825e-01
3.030303e-01 7.474747e-01 -5.425523e-01 -5.174428e-03 5.373779e-01
3.131313e-01 7.474747e-01 -5.370996e-01 -5.174994e-03 5.319246e-01
3.232323e-01 7.474747e-01 -5.317016e-01 -5.180418e-03 5.265212e-01
3.333333e-01 7.474747e-01 -5.263580e-01 -5.182475e-03 5.211755e-01
3.434343e-01 7.474747e-01 -5.210680e-01 -5.187333e-03 5.158806e-01
3.535354e-01 7.474747e-01 -5.158312e-01 -5.175203e-03 5.106560e-01
3.636364e-01 7.474747e-01 -5.106470e-01 -5.174845e-03 5.054721e-01
3.737374e-01 7.474747e-01 -5.055149e-01 -5.178660e-03 5.003362e-01
3.838384e-01 7.474747e-01 -5.004344e-01 -5.177081e-03 4.952573e-01
3.939394e-01 7.474747e-01 -4.954049e-01 -5.184621e-03 4.902203e-01
4.040404e-01 7.474747e-01 -4.904260e-01 -5.174786e-03 4.852512e-01
4.141414e-01 7.474747e-01 -4.854972e-01 -5.177826e-03 4.803193e-01
4.242424e-01 7.474747e-01 -4.806178e-01 -5.178213e-03 4.754396e-01
4.343434e-01 7.474747e-01 -4.757875e-01 -5.175710e-03 4.706118e-01
4.444444e-01 7.474747e-01 -4.710058e-01 -5.181849e-03 4.658239e-01
4.545455e-01 7.474747e-01 -4.662721e-01 -5.175412e-03 4.610967e-01
4.646465e-01 7.474747e-01 -4.615860e-01 -5.170941e-03 4.564151e-01
4.747475e-01 7.474747e-01 -4.569470e-01 -5.181253e-03 4.517657e-01
4.848485e-01 7.474747e-01 -4.523546e-01 -5.178332e-03 4.471763e-01
4.949495e-01 7.474747e-01 -4.478084e-01 -5.179167e-03 4.426292e-01
5.050505e-01 7.474747e-01 -4.433078e-01 -5.178034e-03 4.381298e-01
5.151515e-01 7.474747e-01 -4.388525e-01 -5.174369e-03 4.336781e-01
5.252525e-01 7.474747e-01 -4.344419e-01 -5.175233e-03 4.292667e-01
5.353535e-01 7.474747e-01 -4.300757e-01 -5.179107e-03 4.248966e-01
5.454545e-01 7.474747e-01 -4.257534e-01 -5.187839e-03 4.205656e-01
5.555556e-01 7.474747e-01 -4.214745e-01 -5.178273e-03 4.162962e-01
5.656566e-01 7.474747e-01 -4.172386e-01 -5.179673e-03 4.120589e-01
5.757576e-01 7.474747e-01 -4.130453e-01 -5.178273e-03 4.078670e-01
5.858586e-01 7.474747e-01 -4.088941e-01 -5.176365e-03 4.037178e-01
5.959596e-01 7.474747e-01 -4.047847e-01 -5.179286e-03 3.996054e-01
6.060606e-01 7.474747e-01 -4.007165e-01 -5.178064e-03 3.955385e-01
6.161616e-01 7.474747e-01 -3.966893e-01 -5.179733e-03 3.915095e-01
6.262626e-01 7.474747e-01 -3.927025e-01 -5.169719e-03 3.875327e-01
6.363636e-01 7.474747e-01 -3.887557e-01 -5.174339e-03 3.835814e-01
6.464646e-01 7.474747e-01 -3.848487e-01 -5.175978e-03 3.796727e-01
6.565657e-01 7.474747e-01 -3.809809e-01 -5.181521e-03 3.757994e-01
6.666667e-01 7.474747e-01 -3.771520e-01 -5.179644e-03 3.719723e-01
6.767677e-01 7.474747e-01 -3.733615e-01 -5.172282e-03 3.681892e-01
6.868687e-01 7.474747e-01 -3.696092e-01 -5.176067e-03 3.644331e-01
6.969697e-01 7.474747e-01 -3.658945e-01 -5.178809e-03 3.607157e-01
7.070707e-01 7.474747e-01 -3.622172e-01 -5.181223e-03 3.570360e-01
7.171717e-01 7.474747e-01 -3.585769e-01 -5.178928e-03 3.533980e-01
7.272727e-01 7.474747e-01 -3.549731e-01 -5.179703e-03 3.497934e-01
7.373737e-01 7.474747e-01 -3.514056e-01 -5.180001e-03 3.462256e-01
7.474747e-01 7.474747e-01 -3.478739e-01 -5.176932e-03 3.426970e-01
7.575758e-01 7.474747e-01 -3.443777e-01 -5.177349e-03 3.392004e-01
7.676768e-01 7.474747e-01 -3.409167e-01 -5.179584e-03 3.357371e-01
7.777778e-01 7.474747e-01 -3.374904e-01 -5.178154e-03 3.323122e-01
7.878788e-01 7.474747e-01 -3.340986e-01 -5.178988e-03 3.289196e-01
7.979798e-01 7.474747e-01 -3.307408e-01 -5.174994e-03 3.255658e-01
8.080808e-01 7.474747e-01 -3.274168e-01 -5.180776e-03 3.222360e-01
8.181818e-01 7.474747e-01 -3.241262e-01 -5.181760e-03 3.189445e-01
8.282828e-01 7.474747e-01 -3.208687e-01 -5.177379e-03 3.156913e-01
8.383838e-01 7.474747e-01 -3.176439e-01 -5.178511e-03 3.124654e-01
8.484848e-01 7.474747e-01 -3.144515e-01 -5.168855e-03 3.092827e-01
8.585859e-01 7.474747e-01 -3.112913e-01 -5.173743e-03 3.061175e-01
8.686869e-01 7.474747e-01 -3.081627e-01 -5.182981e-03 3.029797e-01
8.787879e-01 7.474747e-01 -3.050656e-01 -5.182266e-03 2.998834e-01
8.888889e-01 7.474747e-01 -3.019997e-01 -5.180418e-03 2.968193e-01
8.989899e-01 7.474747e-01 -2.989645e-01 -5.177677e-03 2.937869e-01
9.090909e-01 7.474747e-01 -2.959599e-01 -5.171239e-03 2.907887e-01
9.191919e-01 7.474747e-01 -2.929854e-01 -5.174667e-03 2.878108e-01
9.292929e-01 7.474747e-01 -2.900409e-01 -5.178839e-03 2.848621e-01
9.393939e-01 7.474747e-01 -2.871259e-01 -5.182445e-03 2.819435e-01
9.494949e-01 7.474747e-01 -2.842403e-01 -5.182952e-03 2.790573e-01
9.595960e-01 7.474747e-01 -2.813836e-01 -5.169690e-03 2.762139e-01
9.696970e-01 7.474747e-01 -2.785557e-01 -5.179524e-03 2.733761e-01
9.797980e-01 7.474747e-01 -2.757561e-01 -5.174905e-03 2.705812e-01
9.898990e-01 7.474747e-01 -2.729847e-01 -5.175948e-03 2.678088e-01
1.000000e+00 7.474747e-01 -2.702412e-01 -5.176395e-03 2.650648e-01
0.000000e+00 7.575758e-01 6.181590e-01 -5.179614e-03 6.233386e-01
1.010101e-02 7.575758e-01 6.119464e-01 -5.177498e-03 6.171239e-01
2.020202e-02 7.575758e-01 6.057962e-01 -5.171090e-03 6.109673e-01
3.030303e-02 7.575758e-01 5.997079e-01 -5.176991e-03 6.048849e-01
4.040404e-02 7.575758e-01 5.936807e-01 -5.181253e-03 5.988620e-01
5.050505e-02 7.575758e-01 5.877141e-01 -5.177915e-03 5.928920e-01
6.060606e-02 7.575758e-01 5.818075e-01 -5.179465e-03 5.869870e-01
7.070707e-02 7.575758e-01 5.759602e-01 -5.176306e-03 5.811365e-01
8.080808e-02 7.575758e-01 5.701717e-01 -5.172074e-03 5.753438e-01
9.090909e-02 7.575758e-01 5.644414e-01 -5.181909e-03 5.696233e-01
1.010101e-01 7.575758e-01 5.587687e-01 -5.178094e-03 5.639468e-01
1.111111e-01 7.575758e-01 5.531530e-01 -5.178124e-03 5.583311e-01
1.212121e-01 7.575758e-01 5.475937e-01 -5.179554e-03 5.527732e-01
1.313131e-01 7.575758e-01 5.420903e-01 -5.176067e-03 5.472663e-01
1.414141e-01 7.575758e-01 5.366422e-01 -5.174607e-03 5.418168e-01
1.515152e-01 7.575758e-01 5.312488e-01 -5.176425e-03 5.364253e-01
1.616162e-01 7.575758e-01 5.259097e-01 -5.180985e-03 5.310907e-01
1.717172e-01 7.575758e-01 5.206242e-01 -5.185038e-03 5.258093e-01
1.818182e-01 7.575758e-01 5.153919e-01 -5.187333e-03 5.205792e-01
1.919192e-01 7.575758e-01 5.102121e-01 -5.172670e-03 5.153848e-01
2.020202e-01 7.575758e-01 5.050844e-01 -5.178273e-03 5.102626e-01
2.121212e-01 7.575758e-01 5.000082e-01 -5.175859e-03 5.051840e-01
2.222222e-01 7.575758e-01 4.949830e-01 -5.172849e-03 5.001559e-01
2.323232e-01 7.575758e-01 4.900084e-01 -5.182654e-03 4.951910e-01
2.424242e-01 7.575758e-01 4.850837e-01 -5.176485e-03 4.902602e-01
2.525253e-01 7.575758e-01 4.802085e-01 -5.180985e-03 4.853895e-01
2.626263e-01 7.575758e-01 4.753823e-01 -5.176961e-03 4.805593e-01
2.727273e-01 7.575758e-01 4.706047e-01 -5.176157e-03 4.757808e-01
2.828283e-01 7.575758e-01 4.658750e-01 -5.176723e-03 4.710517e-01
2.929293e-01 7.575758e-01 4.611929e-01 -5.173475e-03 4.663664e-01
3.030303e-01 7.575758e-01 4.565578e-01 -5.175382e-03 4.617332e-01
3.131313e-01 7.575758e-01 4.519694e-01 -5.175531e-03 4.571449e-01
3.232323e-01 7.575758e-01 4.474270e-01 -5.177617e-03 4.526046e-01
3.333333e-01 7.575758e-01 4.429303e-01 -5.176127e-03 4.481064e-01
3.434343e-01 7.575758e-01 4.384787e-01 -5.178034e-03 4.436568e-01
3.535354e-01 7.575758e-01 4.340720e-01 -5.179614e-03 4.392516e-01
3.636364e-01 7.575758e-01 4.297095e-01 -5.174905e-03 4.348844e-01
3.737374e-01 7.575758e-01 4.253908e-01 -5.176306e-03 4.305671e-01
3.838384e-01 7.575758e-01 4.211156e-01 -5.173504e-03 4.262891e-01
3.939394e-01 7.575758e-01 4.168833e-01 -5.179286e-03 4.220626e-01
4.040404e-01 7.575758e-01 4.126935e-01 -5.178154e-03 4.178717e-01
4.141414e-01 7.575758e-01 4.085459e-01 -5.176038e-03 4.137219e-01
4.242424e-01 7.575758e-01 4.044399e-01 -5.179256e-03 4.096192e-01
4.343434e-01 7.575758e-01 4.003753e-01 -5.177170e-03 4.055524e-01
4.444444e-01 7.575758e-01 3.963514e-01 -5.175829e-03 4.015272e-01
4.545455e-01 7.575758e-01 3.923680e-01 -5.178481e-03 3.975465e-01
4.646465e-01 7.575758e-01 3.884247e-01 -5.180150e-03 3.936048e-01
4.747475e-01 7.575758e-01 3.845209e-01 -5.176187e-03 3.896971e-01
4.848485e-01 7.575758e-01 3.806564e-01 -5.173206e-03 3.858296e-01
4.949495e-01 7.575758e-01 3.768308e-01 -5.176187e-03 3.820070e-01
5.050505e-01 7.575758e-01 3.730436e-01 -5.178720e-03 3.782223e-01
5.151515e-01 7.575758e-01 3.692944e-01 -5.183041e-03 3.744774e-01
5.252525e-01 7.575758e-01 3.655829e-01 -5.173713e-03 3.707566e-01
5.353535e-01 7.575758e-01 3.619088e-01 -5.172044e-03 3.670808e-01
5.454545e-01 7.575758e-01 3.582715e-01 -5.172968e-03 3.634445e-01
5.555556e-01 7.575758e-01 3.546708e-01 -5.176336e-03 3.598472e-01
5.656566e-01 7.575758e-01 3.511063e-01 -5.183160e-03 3.562895e-01
5.757576e-01 7.575758e-01 3.475777e-01 -5.174696e-03 3.527524e-01
5.858586e-01 7.575758e-01 3.440844e-01 -5.178154e-03 3.492626e-01
5.959596e-01 7.575758e-01 3.406263e-01 -5.179971e-03 3.458063e-01
6.060606e-01 7.575758e-01 3.372030e-01 -5.169272e-03 3.423723e-01
6.161616e-01 7.575758e-01 3.338140e-01 -5.181223e-03 3.389953e-01
6.262626e-01 7.575758e-01 3.304592e-01 -5.177289e-03 3.356364e-01
6.363636e-01 7.575758e-01 3.271380e-01 -5.177855e-03 3.323158e-01
6.464646e-01 7.575758e-01 3.238502e-01 -5.181491e-03 3.290317e-01
6.565657e-01 7.575758e-01 3.205954e-01 -5.176544e-03 3.257720e-01
6.666667e-01 7.575758e-01 3.173734e-01 -5.174518e-03 3.225479e-01
6.767677e-01 7.575758e-01 3.141838e-01 -5.176187e-03 3.193599e-01
6.868687e-01 7.575758e-01 3.110262e-01 -5.171180e-03 3.161973e-01
6.969697e-01 7.575758e-01 3.079003e-01 -5.176961e-03 3.130772e-01
7.070707e-01 7.575758e-01 3.048058e-01 -5.175829e-03 3.099817e-01
7.171717e-01 7.575758e-01 3.017425e-01 -5.184770e-03 3.069273e-01
7.272727e-01 7.575758e-01 2.987099e-01 -5.180597e-03 3.038905e-01
7.373737e-01 7.575758e-01 2.957078e-01 -5.179763e-03 3.008876e-01
7.474747e-01 7.575758e-01 2.927359e-01 -5.174786e-03 2.979107e-01
7.575758e-01 7.575758e-01 2.897939e-01 -5.173564e-03 2.949674e-01
7.676768e-01 7.575758e-01 2.868814e-01 -5.178303e-03 2.920597e-01
7.777778e-01 7.575758e-01 2.839982e-01 -5.184233e-03 2.891824e-01
7.878788e-01 7.575758e-01 2.811440e-01 -5.176961e-03 2.863209e-01
7.979798e-01 7.575758e-01 2.783184e-01 -5.178332e-03 2.834968e-01
8.080808e-01 7.575758e-01 2.755213e-01 -5.177140e-03 2.806984e-01
8.181818e-01 7.575758e-01 2.727522e-01 -5.176753e-03 2.779290e-01
8.282828e-01 7.575758e-01 2.700110e-01 -5.175203e-03 2.751862e-01
8.383838e-01 7.575758e-01 2.672974e-01 -5.177975e-03 2.724754e-01
8.484848e-01 7.575758e-01 2.646110e-01 -5.178630e-03 2.697896e-01
8.585859e-01 7.575758e-01 2.619516e-01 -5.168200e-03 2.671198e-01
8.686869e-01 7.575758e-01 2.593190e-01 -5.175561e-03 2.644945e-01
8.787879e-01 7.575758e-01 2.567128e-01 -5.184561e-03 2.618973e-01
8.888889e-01 7.575758e-01 2.541328e-01 -5.176365e-03 2.593091e-01
8.989899e-01 7.575758e-01 2.515787e-01 -5.185068e-03 2.567637e-01
9.090909e-01 7.575758e-01 2.490503e-01 -5.180061e-03 2.542303e-01
9.191919e-01 7.575758e-01 2.465473e-01 -5.177736e-03 2.517250e-01
9.292929e-01 7.575758e-01 2.440694e-01 -5.180955e-03 2.492504e-01
9.393939e-01 7.575758e-01 2.416165e-01 -5.175471e-03 2.467920e-01
9.494949e-01 7.575758e-01 2.391882e-01 -5.178005e-03 2.443662e-01
9.595960e-01 7.575758e-01 2.367843e-01 -5.173683e-03 2.419580e-01
9.696970e-01 7.575758e-01 2.344046e-01 -5.179197e-03 2.395838e-01
9.797980e-01 7.575758e-01 2.320488e-01 -5.180359e-03 2.372292e-01
9.898990e-01 7.575758e-01 2.297167e-01 -5.175859e-03 2.348925e-01
1.000000e+00 7.575758e-01 2.274080e-01 -5.172610e-03 2.325806e-01
0.000000e+00 7.676768e-01 -4.861967e-01 -5.181015e-03 4.810157e-01
1.010101e-02 7.676768e-01 -4.813104e-01 -5.179554e-03 4.761308e-01
2.020202e-02 7.676768e-01 -4.764731e-01 -5.174488e-03 4.712986e-01
3.030303e-02 7.676768e-01 -4.716845e-01 -5.178094e-03 4.665064e-01
4.040404e-02 7.676768e-01 -4.669440e-01 -5.174816e-03 4.617692e-01
5.050505e-02 7.676768e-01 -4.622511e-01 -5.176634e-03 4.570745e-01
6.060606e-02 7.676768e-01 -4.576054e-01 -5.173117e-03 4.524323e-01
7.070707e-02 7.676768e-01 -4.530064e-01 -5.179465e-03 4.478269e-01
8.080808e-02 7.676768e-01 -4.484536e-01 -5.175620e-03 4.432780e-01
9.090909e-02 7.676768e-01 -4.439466e-01 -5.178571e-03 4.387680e-01
1.010101e-01 7.676768e-01 -4.394849e-01 -5.177259e-03 4.343076e-01
1.111111e-01 7.676768e-01 -4.350680e-01 -5.175263e-03 4.298927e-01
1.212121e-01 7.676768e-01 -4.306954e-01 -5.177796e-03 4.255177e-01
1.313131e-01 7.676768e-01 -4.263669e-01 -5.177468e-03 4.211894e-01
1.414141e-01 7.676768e-01 -4.220818e-01 -5.176157e-03 4.169057e-01
1.515152e-01 7.676768e-01 -4.178398e-01 -5.178571e-03 4.126613e-01
1.616162e-01 7.676768e-01 -4.136405e-01 -5.173892e-03 4.084666e-01
1.717172e-01 7.676768e-01 -4.094833e-01 -5.179167e-03 4.043042e-01
1.818182e-01 7.676768e-01 -4.053679e-01 -5.179495e-03 4.001885e-01
1.919192e-01 7.676768e-01 -4.012939e-01 -5.180687e-03 3.961132e-01
2.020202e-01 7.676768e-01 -3.972609e-01 -5.176961e-03 3.920839e-01
2.121212e-01 7.676768e-01 -3.932683e-01 -5.179435e-03 3.880889e-01
2.222222e-01 7.676768e-01 -3.893159e-01 -5.168110e-03 3.841478e-01
2.323232e-01 7.676768e-01 -3.854032e-01 -5.176038e-03 3.802272e-01
2.424242e-01 7.676768e-01 -3.815299e-01 -5.179226e-03 3.763506e-01
2.525253e-01 7.676768e-01 -3.776954e-01 -5.176395e-03 3.725190e-01
2.626263e-01 7.676768e-01 -3.738995e-01 -5.182564e-03 3.687170e-01
2.727273e-01 7.676768e-01 -3.701418e-01 -5.173206e-03 3.649686e-01
2.828283e-01 7.676768e-01 -3.664218e-01 -5.181521e-03 3.612403e-01
2.929293e-01 7.676768e-01 -3.627392e-01 -5.179733e-03 3.575594e-01
3.030303e-01 7.676768e-01 -3.590936e-01 -5.181432e-03 3.539122e-01
3.131313e-01 7.676768e-01 -3.554846e-01 -5.178541e-03 3.503061e-01
3.232323e-01 7.676768e-01 -3.519120e-01 -5.180836e-03 3.467311e-01
3.333333e-01 7.676768e-01 -3.483752e-01 -5.177379e-03 3.431978e-01
3.434343e-01 7.676768e-01 -3.448740e-01 -5.178481e-03 3.396955e-01
3.535354e-01 7.676768e-01 -3.414079e-01 -5.176961e-03 3.362310e-01
3.636364e-01 7.676768e-01 -3.379767e-01 -5.176067e-03 3.328006e-01
3.737374e-01 7.676768e-01 -3.345800e-01 -5.174637e-03 3.294054e-01
3.838384e-01 7.676768e-01 -3.312174e-01 -5.175650e-03 3.260418e-01
3.939394e-01 7.676768e-01 -3.278886e-01 -5.173445e-03 3.227152e-01
4.040404e-01 7.676768e-01 -3.245933e-01 -5.178392e-03 3.194149e-01
4.141414e-01 7.676768e-01 -3.213311e-01 -5.172759e-03 3.161583e-01
4.242424e-01 7.676768e-01 -3.181016e-01 -5.177319e-03 3.129243e-01
4.343434e-01 7.676768e-01 -3.149047e-01 -5.182207e-03 3.097224e-01
4.444444e-01 7.676768e-01 -3.117398e-01 -5.170763e-03 3.065690e-01
4.545455e-01 7.676768e-01 -3.086068e-01 -5.178005e-03 3.034288e-01
4.646465e-01 7.676768e-01 -3.055052e-01 -5.179226e-03 3.003260e-01
4.747475e-01 7.676768e-01 -3.024348e-01 -5.179316e-03 2.972555e-01
4.848485e-01 7.676768e-01 -2.993953e-01 -5.179733e-03 2.942156e-01
4.949495e-01 7.676768e-01 -2.963864e-01 -5.178779e-03 2.912076e-01
5.050505e-01 7.676768e-01 -2.934076e-01 -5.179197e-03 2.882284e-01
5.151515e-01 7.676768e-01 -2.904588e-01 -5.171537e-03 2.852873e-01
5.252525e-01 7.676768e-01 -2.875397e-01 -5.176246e-03 2.823634e-01
5.353535e-01 7.676768e-01 -2.846498e-01 -5.181313e-03 2.794685e-01
5.454545e-01 7.676768e-01 -2.817891e-01 -5.178511e-03 2.766106e-01
5.555556e-01 7.676768e-01 -2.789570e-01 -5.174994e-03 2.737820e-01
5.656566e-01 7.676768e-01 -2.761535e-01 -5.173534e-03 2.709799e-01
5.757576e-01 7.676768e-01 -2.733781e-01 -5.179584e-03 2.681985e-01
5.858586e-01 7.676768e-01 -2.706306e-01 -5.173147e-03 2.654574e-01
5.959596e-01 7.676768e-01 -2.679107e-01 -5.179942e-03 2.627308e-01
6.060606e-01 7.676768e-01 -2.652182e-01 -5.179524e-03 2.600386e-01
6.161616e-01 7.676768e-01 -2.625527e-01 -5.174309e-03 2.573784e-01
6.262626e-01 7.676768e-01 -2.599140e-01 -5.178928e-03 2.547350e-01
6.363636e-01 7.676768e-01 -2.573018e-01 -5.179584e-03 2.521222e-01
6.464646e-01 7.676768e-01 -2.547159e-01 -5.175471e-03 2.495404e-01
6.565657e-01 7.676768e-01 -2.521559e-01 -5.180180e-03 2.469758e-01
6.666667e-01 7.676768e-01 -2.496217e-01 -5.174965e-03 2.444468e-01
6.767677e-01 7.676768e-01 -2.471130e-01 -5.180478e-03 2.419325e-01
6.868687e-01 7.676768e-01 -2.446295e-01 -5.175352e-03 2.394541e-01
6.969697e-01 7.676768e-01 -2.421709e-01 -5.180478e-03 2.369904e-01
7.070707e-01 7.676768e-01 -2.397370e-01 -5.169004e-03 2.345680e-01
7.171717e-01 7.676768e-01 -2.373276e-01 -5.176008e-03 2.321516e-01
7.272727e-01 7.676768e-01 -2.349425e-01 -5.175203e-03 2.297673e-01
7.373737e-01 7.676768e-01 -2.325812e-01 -5.180836e-03 2.274004e-01
7.474747e-01 7.676768e-01 -2.302438e-01 -5.178392e-03 2.250654e-01
7.575758e-01 7.676768e-01 -2.279298e-01 -5.178928e-03 2.227508e-01
7.676768e-01 7.676768e-01 -2.256390e-01 -5.178332e-03 2.204607e-01
7.777778e-01 7.676768e-01 -2.233713e-01 -5.178034e-03 2.181933e-01
7.878788e-01 7.676768e-01 -2.211264e-01 -5.175680e-03 2.159507e-01
7.979798e-01 7.676768e-01 -2.189041e-01 -5.174458e-03 2.137296e-01
8.080808e-01 7.676768e-01 -2.167040e-01 -5.177081e-03 2.115270e-01
8.181818e-01 7.676768e-01 -2.145261e-01 -5.180627e-03 2.093455e-01
8.282828e-01 7.676768e-01 -2.123701e-01 -5.174041e-03 2.071961e-01
8.383838e-01 7.676768e-01 -2.102357e-01 -5.178422e-03 2.050573e-01
8.484848e-01 7.676768e-01 -2.081228e-01 -5.177438e-03 2.029454e-01
8.585859e-01 7.676768e-01 -2.060312e-01 -5.171418e-03 2.008598e-01
8.686869e-01 7.676768e-01 -2.039605e-01 -5.175501e-03 1.987850e-01
8.787879e-01 7.676768e-01 -2.019107e-01 -5.175114e-03 1.967356e-01
8.888889e-01 7.676768e-01 -1.998815e-01 -5.176395e-03 1.947051e-01
8.989899e-01 7.676768e-01 -1.978726e-01 -5.178779e-03 1.926938e-01
9.090909e-01 7.676768e-01 -1.958840e-01 -5.177617e-03 1.907063e-01
9.191919e-01 7.676768e-01 -1.939153e-01 -5.172431e-03 1.887429e-01
9.292929e-01 7.676768e-01 -1.919664e-01 -5.179942e-03 1.867865e-01
9.393939e-01 7.676768e-01 -1.900371e-01 -5.178034e-03 1.848591e-01
9.494949e-01 7.676768e-01 -1.881272e-01 -5.179405e-03 1.829478e-01
9.595960e-01 7.676768e-01 -1.862365e-01 -5.181193e-03 1.810553e-01
9.696970e-01 7.676768e-01 -1.843648e-01 -5.172998e-03 1.791918e-01
9.797980e-01 7.676768e-01 -1.825119e-01 -5.178154e-03 1.773337e-01
9.898990e-01 7.676768e-01 -1.806776e-01 -5.179226e-03 1.754984e-01
1.000000e+00 7.676768e-01 -1.788618e-01 -5.176723e-03 1.736851e-01
0.000000e+00 7.777778e-01 3.420201e-01 -5.175680e-03 3.471958e-01
1.010101e-02 7.777778e-01 3.385828e-01 -5.174249e-03 3.437570e-01
2.020202e-02 7.777778e-01 3.351800e-01 -5.175412e-03 3.403554e-01
3.030303e-02 7.777778e-01 3.318114e-01 -5.179286e-03 3.369906e-01
4.040404e-02 7.777778e-01 3.284766e-01 -5.181640e-03 3.336582e-01
5.050505e-02 7.777778e-01 3.251754e-01 -5.176574e-03 3.303519e-01
6.060606e-02 7.777778e-01 3.219073e-01 -5.175591e-03 3.270829e-01
7.070707e-02 7.777778e-01 3.186721e-01 -5.179405e-03 3.238515e-01
8.080808e-02 7.777778e-01 3.154694e-01 -5.178303e-03 3.206477e-01
9.090909e-02 7.777778e-01 3.122988e-01 -5.175084e-03 3.174739e-01
1.010101e-01 7.777778e-01 3.091602e-01 -5.181611e-03 3.143418e-01
1.111111e-01 7.777778e-01 3.060531e-01 -5.177498e-03 3.112306e-01
1.212121e-01 7.777778e-01 3.029772e-01 -5.183876e-03 3.081611e-01
1.313131e-01 7.777778e-01 2.999322e-01 -5.173922e-03 3.051061e-01
1.414141e-01 7.777778e-01 2.969178e-01 -5.169719e-03 3.020876e-01
1.515152e-01 7.777778e-01 2.939338e-01 -5.178064e-03 2.991118e-01
1.616162e-01 7.777778e-01 2.909797e-01 -5.173564e-03 2.961533e-01
1.717172e-01 7.777778e-01 2.880553e-01 -5.172491e-03 2.932278e-01
1.818182e-01 7.777778e-01 2.851603e-01 -5.174488e-03 2.903348e-01
1.919192e-01 7.777778e-01 2.822944e-01 -5.182296e-03 2.874767e-01
2.020202e-01 7.777778e-01 2.794573e-01 -5.178958e-03 2.846362e-01
2.121212e-01 7.777778e-01 2.766487e-01 -5.179316e-03 2.818280e-01
2.222222e-01 7.777778e-01 2.738683e-01 -5.173117e-03 2.790414e-01
2.323232e-01 7.777778e-01 2.711159e-01 -5.176067e-03 2.762920e-01
2.424242e-01 7.777778e-01 2.683911e-01 -5.175173e-03 2.735663e-01
2.525253e-01 7.777778e-01 2.656938e-01 -5.181044e-03 2.708748e-01
2.626263e-01 7.777778e-01 2.630235e-01 -5.179644e-03 2.682031e-01
2.727273e-01 7.777778e-01 2.603801e-01 -5.178660e-03 2.655587e-01
2.828283e-01 7.777778e-01 2.577632e-01 -5.179703e-03 2.629429e-01
2.929293e-01 7.777778e-01 2.551726e-01 -5.175173e-03 2.603478e-01
3.030303e-01 7.777778e-01 2.526081e-01 -5.182445e-03 2.577906e-01
3.131313e-01 7.777778e-01 2.500694e-01 -5.186379e-03 2.552557e-01
3.232323e-01 7.777778e-01 2.475561e-01 -5.175143e-03 2.527313e-01
3.333333e-01 7.777778e-01 2.450681e-01 -5.177975e-03 2.502461e-01
3.434343e-01 7.777778e-01 2.426052e-01 -5.172551e-03 2.477777e-01
3.535354e-01 7.777778e-01 2.401669e-01 -5.175173e-03 2.453421e-01
3.636364e-01 7.777778e-01 2.377532e-01 -5.180448e-03 2.429337e-01
3.737374e-01 7.777778e-01 2.353638e-01 -5.174935e-03 2.405387e-01
3.838384e-01 7.777778e-01 2.329983e-01 -5.178571e-03 2.381769e-01
3.939394e-01 7.777778e-01 2.306566e-01 -5.174220e-03 2.358309e-01
4.040404e-01 7.777778e-01 2.283385e-01 -5.178362e-03 2.335169e-01
4.141414e-01 7.777778e-01 2.260437e-01 -5.175591e-03 2.312193e-01
4.242424e-01 7.777778e-01 2.237719e-01 -5.170941e-03 2.289428e-01
4.343434e-01 7.777778e-01 2.215230e-01 -5.178392e-03 2.267013e-01
4.444444e-01 7.777778e-01 2.192966e-01 -5.174279e-03 2.244709e-01
4.545455e-01 7.777778e-01 2.170926e-01 -5.180120e-03 2.222728e-01
4.646465e-01 7.777778e-01 2.149108e-01 -5.179524e-03 2.200903e-01
4.747475e-01 7.777778e-01 2.127509e-01 -5.178273e-03 2.179292e-01
4.848485e-01 7.777778e-01 2.106128e-01 -5.177468e-03 2.157902e-01
4.949495e-01 7.777778e-01 2.084961e-01 -5.177110e-03 2.136732e-01
5.050505e-01 7.777778e-01 2.064006e-01 -5.179346e-03 2.115800e-01
5.151515e-01 7.777778e-01 2.043263e-01 -5.179942e-03 2.095062e-01
5.252525e-01 7.777778e-01 2.022728e-01 -5.176246e-03 2.074490e-01
5.353535e-01 7.777778e-01 2.002399e-01 -5.174965e-03 2.054149e-01
5.454545e-01 7.777778e-01 1.982274e-01 -5.174100e-03 2.034015e-01
5.555556e-01 7.777778e-01 1.962352e-01 -5.173296e-03 2.014085e-01
5.656566e-01 7.777778e-01 1.942630e-01 -5.176127e-03 1.994392e-01
5.757576e-01 7.777778e-01 1.923107e-01 -5.176544e-03 1.974872e-01
5.858586e-01 7.777778e-01 1.903779e-01 -5.176395e-03 1.955543e-01
5.959596e-01 7.777778e-01 1.884646e-01 -5.171090e-03 1.936357e-01
6.060606e-01 7.777778e-01 1.865705e-01 -5.176663e-03 1.917471e-01
6.161616e-01 7.777778e-01 1.846954e-01 -5.176336e-03 1.898717e-01
6.262626e-01 7.777778e-01 1.828392e-01 -5.177408e-03 1.880166e-01
6.363636e-01 7.777778e-01 1.810016e-01 -5.178273e-03 1.861799e-01
6.464646e-01 7.777778e-01 1.791825e-01 -5.176753e-03 1.843593e-01
6.565657e-01 7.777778e-01 1.773817e-01 -5.180836e-03 1.825625e-01
6.666667e-01 7.777778e-01 1.755990e-01 -5.176723e-03 1.807757e-01
6.767677e-01 7.777778e-01 1.738342e-01 -5.180836e-03 1.790150e-01
6.868687e-01 7.777778e-01 1.720871e-01 -5.179107e-03 1.772662e-01
6.969697e-01 7.777778e-01 1.703576e-01 -5.176485e-03 1.755341e-01
7.070707e-01 7.777778e-01 1.686455e-01 -5.175889e-03 1.738214e-01
7.171717e-01 7.777778e-01 1.669506e-01 -5.182296e-03 1.721329e-01
7.272727e-01 7.777778e-01 1.652727e-01 -5.177706e-03 1.704504e-01
7.373737e-01 7.777778e-01 1.636117e-01 -5.180418e-03 1.687921e-01
7.474747e-01 7.777778e-01 1.619674e-01 -5.181611e-03 1.671490e-01
7.575758e-01 7.777778e-01 1.603396e-01 -5.174667e-03 1.655142e-01
7.676768e-01 7.777778e-01 1.587281e-01 -5.174398e-03 1.639025e-01
7.777778e-01 7.777778e-01 1.571329e-01 -5.177468e-03 1.623104e-01
7.878788e-01 7.777778e-01 1.555537e-01 -5.182117e-03 1.607358e-01
7.979798e-01 7.777778e-01 1.539903e-01 -5.181789e-03 1.591721e-01
8.080808e-01 7.777778e-01 1.524427e-01 -5.179077e-03 1.576218e-01
8.181818e-01 7.777778e-01 1.509106e-01 -5.177677e-03 1.560883e-01
8.282828e-01 7.777778e-01 1.493940e-01 -5.173326e-03 1.545673e-01
8.383838e-01 7.777778e-01 1.478925e-01 -5.177468e-03 1.530700e-01
8.484848e-01 7.777778e-01 1.464062e-01 -5.176663e-03 1.515828e-01
8.585859e-01 7.777778e-01 1.449348e-01 -5.188853e-03 1.501236e-01
8.686869e-01 7.777778e-01 1.434782e-01 -5.179316e-03 1.486575e-01
8.787879e-01 7.777778e-01 1.420362e-01 -5.176723e-03 1.472129e-01
8.888889e-01 7.777778e-01 1.406087e-01 -5.176604e-03 1.457853e-01
8.989899e-01 7.777778e-01 1.391955e-01 -5.174994e-03 1.443705e-01
9.090909e-01 7.777778e-01 1.377966e-01 -5.176961e-03 1.429736e-01
9.191919e-01 7.777778e-01 1.364117e-01 -5.177677e-03 1.415894e-01
9.292929e-01 7.777778e-01 1.350408e-01 -5.177557e-03 1.402183e-01
9.393939e-01 7.777778e-01 1.336836e-01 -5.175054e-03 1.388586e-01
9.494949e-01 7.777778e-01 1.323400e-01 -5.171597e-03 1.375116e-01
9.595960e-01 7.777778e-01 1.310100e-01 -5.174279e-03 1.361843e-01
9.696970e-01 7.777778e-01 1.296933e-01 -5.177498e-03 1.348708e-01
9.797980e-01 7.777778e-01 1.283899e-01 -5.178779e-03 1.335687e-01
9.898990e-01 7.777778e-01 1.270996e-01 -5.181640e-03 1.322812e-01
1.000000e+00 7.777778e-01 1.258222e-01 -5.185574e-03 1.310078e-01
0.000000e+00 7.878788e-01 -1.892512e-01 -5.171239e-03 1.840800e-01
1.010101e-02 7.878788e-01 -1.873492e-01 -5.177021e-03 1.821722e-01
2.020202e-02 7.878788e-01 -1.854663e-01 -5.175263e-03 1.802911e-01
3.030303e-02 7.878788e-01 -1.836024e-01 -5.187094e-03 1.784153e-01
4.040404e-02 7.878788e-01 -1.817571e-01 -5.177796e-03 1.765793e-01
5.050505e-02 7.878788e-01 -1.799305e-01 -5.177170e-03 1.747533e-01
6.060606e-02 7.878788e-01 -1.781221e-01 -5.181968e-03 1.729402e-01
7.070707e-02 7.878788e-01 -1.763320e-01 -5.174637e-03 1.711573e-01
8.080808e-02 7.878788e-01 -1.745598e-01 -5.176932e-03 1.693829e-01
9.090909e-02 7.878788e-01 -1.728054e-01 -5.180806e-03 1.676246e-01
1.010101e-01 7.878788e-01 -1.710687e-01 -5.178660e-03 1.658901e-01
1.111111e-01 7.878788e-01 -1.693495e-01 -5.177408e-03 1.641720e-01
1.212121e-01 7.878788e-01 -1.676475e-01 -5.175233e-03 1.624722e-01
1.313131e-01 7.878788e-01 -1.659626e-01 -5.179286e-03 1.607833e-01
1.414141e-01 7.878788e-01 -1.642946e-01 -5.179822e-03 1.591148e-01
1.515152e-01 7.878788e-01 -1.626434e-01 -5.179763e-03 1.574637e-01
1.616162e-01 7.878788e-01 -1.610088e-01 -5.179405e-03 1.558294e-01
1.717172e-01 7.878788e-01 -1.593907e-01 -5.173117e-03 1.542176e-01
1.818182e-01 7.878788e-01 -1.577888e-01 -5.172670e-03 1.526161e-01
1.919192e-01 7.878788e-01 -1.562030e-01 -5.175680e-03 1.510273e-01
2.020202e-01 7.878788e-01 -1.546331e-01 -5.173504e-03 1.494596e-01
2.121212e-01 7.878788e-01 -1.530790e-01 -5.171180e-03 1.479078e-01
2.222222e-01 7.878788e-01 -1.515405e-01 -5.178094e-03 1.463625e-01
2.323232e-01 7.878788e-01 -1.500175e-01 -5.177647e-03 1.448399e-01
2.424242e-01 7.878788e-01 -1.485098e-01 -5.175710e-03 1.433341e-01
2.525253e-01 7.878788e-01 -1.470173e-01 -5.175084e-03 1.418422e-01
2.626263e-01 7.878788e-01 -1.455397e-01 -5.173951e-03 1.403658e-01
2.727273e-01 7.878788e-01 -1.440770e-01 -5.184025e-03 1.388930e-01
2.828283e-01 7.878788e-01 -1.426290e-01 -5.178899e-03 1.374501e-01
2.929293e-01 7.878788e-01 -1.411956e-01 -5.177677e-03 1.360179e-01
3.030303e-01 7.878788e-01 -1.397766e-01 -5.176157e-03 1.346004e-01
3.131313e-01 7.878788e-01 -1.383718e-01 -5.174696e-03 1.331971e-01
3.232323e-01 7.878788e-01 -1.369811e-01 -5.180359e-03 1.318008e-01
3.333333e-01 7.878788e-01 -1.356044e-01 -5.172610e-03 1.304318e-01
3.434343e-01 7.878788e-01 -1.342416e-01 -5.176753e-03 1.290648e-01
3.535354e-01 7.878788e-01 -1.328924e-01 -5.167902e-03 1.277245e-01
3.636364e-01 7.878788e-01 -1.315569e-01 -5.177915e-03 1.263789e-01
3.737374e-01 7.878788e-01 -1.302347e-01 -5.176276e-03 1.250584e-01
3.838384e-01 7.878788e-01 -1.289258e-01 -5.175233e-03 1.237506e-01
3.939394e-01 7.878788e-01 -1.276301e-01 -5.175799e-03 1.224543e-01
4.040404e-01 7.878788e-01 -1.263474e-01 -5.173773e-03 1.211736e-01
4.141414e-01 7.878788e-01 -1.250776e-01 -5.173475e-03 1.199041e-01
4.242424e-01 7.878788e-01 -1.238205e-01 -5.182385e-03 1.186381e-01
4.343434e-01 7.878788e-01 -1.225761e-01 -5.179107e-03 1.173970e-01
4.444444e-01 7.878788e-01 -1.213442e-01 -5.180925e-03 1.161633e-01
4.545455e-01 7.878788e-01 -1.201247e-01 -5.169988e-03 1.149547e-01
4.646465e-01 7.878788e-01 -1.189174e-01 -5.169153e-03 1.137482e-01
4.747475e-01 7.878788e-01 -1.177222e-01 -5.175352e-03 1.125469e-01
4.848485e-01 7.878788e-01 -1.165391e-01 -5.181938e-03 1.113572e-01
4.949495e-01 7.878788e-01 -1.153679e-01 -5.184025e-03 1.101839e-01
5.050505e-01 7.878788e-01 -1.142084e-01 -5.175143e-03 1.090333e-01
5.151515e-01 7.878788e-01 -1.130606e-01 -5.177110e-03 1.078835e-01
5.252525e-01 7.878788e-01 -1.119243e-01 -5.177110e-03 1.067472e-01
5.353535e-01 7.878788e-01 -1.107995e-01 -5.179703e-03 1.056198e-01
5.454545e-01 7.878788e-01 -1.096859e-01 -5.171180e-03 1.045147e-01
5.555556e-01 7.878788e-01 -1.085835e-01 -5.172104e-03 1.034114e-01
5.656566e-01 7.878788e-01 -1.074923e-01 -5.176872e-03 1.023154e-01
5.757576e-01 7.878788e-01 -1.064120e-01 -5.172879e-03 1.012391e-01
5.858586e-01 7.878788e-01 -1.053425e-01 -5.183041e-03 1.001595e-01
5.959596e-01 7.878788e-01 -1.042838e-01 -5.175948e-03 9.910784e-02
6.060606e-01 7.878788e-01 -1.032357e-01 -5.183458e-03 9.805226e-02
6.161616e-01 7.878788e-01 -1.021982e-01 -5.178422e-03 9.701976e-02
6.262626e-01 7.878788e-01 -1.011711e-01 -5.175650e-03 9.599542e-02
6.363636e-01 7.878788e-01 -1.001543e-01 -5.177379e-03 9.497690e-02
6.464646e-01 7.878788e-01 -9.914772e-02 -5.172580e-03 9.397514e-02
6.565657e-01 7.878788e-01 -9.815127e-02 -5.180269e-03 9.297100e-02
6.666667e-01 7.878788e-01 -9.716483e-02 -5.174339e-03 9.199049e-02
6.767677e-01 7.878788e-01 -9.618831e-02 -5.173951e-03 9.101435e-02
6.868687e-01 7.878788e-01 -9.522160e-02 -5.180597e-03 9.004100e-02
6.969697e-01 7.878788e-01 -9.426460e-02 -5.177230e-03 8.908737e-02
7.070707e-01 7.878788e-01 -9.331723e-02 -5.180061e-03 8.813717e-02
7.171717e-01 7.878788e-01 -9.237938e-02 -5.171776e-03 8.720760e-02
7.272727e-01 7.878788e-01 -9.145095e-02 -5.172908e-03 8.627804e-02
7.373737e-01 7.878788e-01 -9.053185e-02 -5.175442e-03 8.535641e-02
7.474747e-01 7.878788e-01 -8.962199e-02 -5.175173e-03 8.444682e-02
7.575758e-01 7.878788e-01 -8.872127e-02 -5.180955e-03 8.354032e-02
7.676768e-01 7.878788e-01 -8.782961e-02 -5.183429e-03 8.264618e-02
7.777778e-01 7.878788e-01 -8.694691e-02 -5.173206e-03 8.177370e-02
7.878788e-01 7.878788e-01 -8.607308e-02 -5.174577e-03 8.089850e-02
7.979798e-01 7.878788e-01 -8.520803e-02 -5.180448e-03 8.002758e-02
8.080808e-01 7.878788e-01 -8.435167e-02 -5.181283e-03 7.917039e-02
8.181818e-01 7.878788e-01 -8.350393e-02 -5.181938e-03 7.832199e-02
8.282828e-01 7.878788e-01 -8.266470e-02 -5.176544e-03 7.748815e-02
8.383838e-01 7.878788e-01 -8.183390e-02 -5.174220e-03 7.665968e-02
8.484848e-01 7.878788e-01 -8.101146e-02 -5.172282e-03 7.583918e-02
8.585859e-01 7.878788e-01 -8.019728e-02 -5.180448e-03 7.501683e-02
8.686869e-01 7.878788e-01 -7.939128e-02 -5.179703e-03 7.421158e-02
8.787879e-01 7.878788e-01 -7.859339e-02 -5.172551e-03 7.342084e-02
8.888889e-01 7.878788e-01 -7.780351e-02 -5.180418e-03 7.262309e-02
8.989899e-01 7.878788e-01 -7.702157e-02 -5.183280e-03 7.183829e-02
9.090909e-01 7.878788e-01 -7.624749e-02 -5.174756e-03 7.107274e-02
9.191919e-01 7.878788e-01 -7.548119e-02 -5.173385e-03 7.030781e-02
9.292929e-01 7.878788e-01 -7.472260e-02 -5.175203e-03 6.954739e-02
9.393939e-01 7.878788e-01 -7.397162e-02 -5.176067e-03 6.879555e-02
9.494949e-01 7.878788e-01 -7.322819e-02 -5.179286e-03 6.804891e-02
9.595960e-01 7.878788e-01 -7.249224e-02 -5.175471e-03 6.731677e-02
9.696970e-01 7.878788e-01 -7.176368e-02 -5.178392e-03 6.658529e-02
9.797980e-01 7.878788e-01 -7.104244e-02 -5.176365e-03 6.586608e-02
9.898990e-01 7.878788e-01 -7.032845e-02 -5.181223e-03 6.514723e-02
1.000000e+00 7.878788e-01 -6.962164e-02 -5.176187e-03 6.444546e-02
0.000000e+00 7.979798e-01 3.172793e-02 -5.174488e-03 3.690242e-02
1.010101e-02 7.979798e-01 3.140906e-02 -5.177140e-03 3.658620e-02
2.020202e-02 7.979798e-01 3.109340e-02 -5.177438e-03 3.627083e-02
3.030303e-02 7.979798e-01 3.078090e-02 -5.178392e-03 3.595929e-02
4.040404e-02 7.979798e-01 3.047155e-02 -5.178154e-03 3.564970e-02
5.050505e-02 7.979798e-01 3.016531e-02 -5.179673e-03 3.534498e-02
6.060606e-02 7.979798e-01 2.986214e-02 -5.179584e-03 3.504172e-02
7.070707e-02 7.979798e-01 2.956202e-02 -5.172491e-03 3.473451e-02
8.080808e-02 7.979798e-01 2.926492e-02 -5.171746e-03 3.443666e-02
9.090909e-02 7.979798e-01 2.897080e-02 -5.175680e-03 3.414648e-02
1.010101e-01 7.979798e-01 2.867964e-02 -5.179673e-03 3.385931e-02
1.111111e-01 7.979798e-01 2.839140e-02 -5.179375e-03 3.357078e-02
1.212121e-01 7.979798e-01 2.810606e-02 -5.175412e-03 3.328148e-02
1.313131e-01 7.979798e-01 2.782359e-02 -5.173922e-03 3.299751e-02
1.414141e-01 7.979798e-01 2.754396e-02 -5.178064e-03 3.272203e-02
1.515152e-01 7.979798e-01 2.726714e-02 -5.174041e-03 3.244118e-02
1.616162e-01 7.979798e-01 2.699310e-02 -5.177647e-03 3.217075e-02
1.717172e-01 7.979798e-01 2.672182e-02 -5.177051e-03 3.189887e-02
1.818182e-01 7.979798e-01 2.645326e-02 -5.180627e-03 3.163388e-02
1.919192e-01 7.979798e-01 2.618740e-02 -5.174935e-03 3.136233e-02
2.020202e-01 7.979798e-01 2.592421e-02 -5.179822e-03 3.110403e-02
2.121212e-01 7.979798e-01 2.566367e-02 -5.184114e-03 3.084778e-02
2.222222e-01 7.979798e-01 2.540574e-02 -5.174845e-03 3.058059e-02
2.323232e-01 7.979798e-01 2.515041e-02 -5.178779e-03 3.032919e-02
2.424242e-01 7.979798e-01 2.489765e-02 -5.171657e-03 3.006930e-02
2.525253e-01 7.979798e-01 2.464742e-02 -5.178452e-03 2.982587e-02
2.626263e-01 7.979798e-01 2.439971e-02 -5.185008e-03 2.958472e-02
2.727273e-01 7.979798e-01 2.415449e-02 -5.184650e-03 2.933914e-02
2.828283e-01 7.979798e-01 2.391173e-02 -5.174398e-03 2.908613e-02
2.929293e-01 7.979798e-01 2.367141e-02 -5.184233e-03 2.885565e-02
3.030303e-01 7.979798e-01 2.343351e-02 -5.176604e-03 2.861012e-02
3.131313e-01 7.979798e-01 2.319800e-02 -5.178869e-03 2.837687e-02
3.232323e-01 7.979798e-01 2.296486e-02 -5.177975e-03 2.814283e-02
3.333333e-01 7.979798e-01 2.273406e-02 -5.180955e-03 2.791501e-02
3.434343e-01 7.979798e-01 2.250558e-02 -5.184650e-03 2.769023e-02
3.535354e-01 7.979798e-01 2.227939e-02 -5.175292e-03 2.745468e-02
3.636364e-01 7.979798e-01 2.205548e-02 -5.174875e-03 2.723036e-02
3.737374e-01 7.979798e-01 2.183382e-02 -5.175382e-03 2.700920e-02
3.838384e-01 7.979798e-01 2.161439e-02 -5.177319e-03 2.679170e-02
3.939394e-01 7.979798e-01 2.139716e-02 -5.184174e-03 2.658133e-02
4.040404e-01 7.979798e-01 2.118211e-02 -5.175829e-03 2.635794e-02
4.141414e-01 7.979798e-01 2.096923e-02 -5.178273e-03 2.614750e-02
4.242424e-01 7.979798e-01 2.075848e-02 -5.175591e-03 2.593407e-02
4.343434e-01 7.979798e-01 2.054986e-02 -5.173475e-03 2.572333e-02
4.444444e-01 7.979798e-01 2.034333e-02 -5.177915e-03 2.552124e-02
4.545455e-01 7.979798e-01 2.013887e-02 -5.183190e-03 2.532206e-02
4.646465e-01 7.979798e-01 1.993648e-02 -5.179763e-03 2.511624e-02
4.747475e-01 7.979798e-01 1.973611e-02 -5.175084e-03 2.491119e-02
4.848485e-01 7.979798e-01 1.953776e-02 -5.175054e-03 2.471281e-02
4.949495e-01 7.979798e-01 1.934140e-02 -5.174994e-03 2.451640e-02
5.050505e-01 7.979798e-01 1.914702e-02 -5.174756e-03 2.432177e-02
5.151515e-01 7.979798e-01 1.895459e-02 -5.179435e-03 2.413402e-02
5.252525e-01 7.979798e-01 1.876409e-02 -5.178690e-03 2.394278e-02
5.353535e-01 7.979798e-01 1.857551e-02 -5.176008e-03 2.375152e-02
5.454545e-01 7.979798e-01 1.838882e-02 -5.176127e-03 2.356495e-02
5.555556e-01 7.979798e-01 1.820401e-02 -5.176634e-03 2.338064e-02
5.656566e-01 7.979798e-01 1.802106e-02 -5.174786e-03 2.319584e-02
5.757576e-01 7.979798e-01 1.783994e-02 -5.176067e-03 2.301601e-02
5.858586e-01 7.979798e-01 1.766065e-02 -5.174696e-03 2.283534e-02
5.959596e-01 7.979798e-01 1.748316e-02 -5.182207e-03 2.266536e-02
6.060606e-01 7.979798e-01 1.730745e-02 -5.175859e-03 2.248331e-02
6.161616e-01 7.979798e-01 1.713350e-02 -5.180925e-03 2.231443e-02
6.262626e-01 7.979798e-01 1.696131e-02 -5.178213e-03 2.213952e-02
6.363636e-01 7.979798e-01 1.679085e-02 -5.178332e-03 2.196918e-02
6.464646e-01 7.979798e-01 1.662209e-02 -5.181909e-03 2.180400e-02
6.565657e-01 7.979798e-01 1.645504e-02 -5.180508e-03 2.163555e-02
6.666667e-01 7.979798e-01 1.628966e-02 -5.179346e-03 2.146901e-02
6.767677e-01 7.979798e-01 1.612595e-02 -5.187273e-03 2.131322e-02
6.868687e-01 7.979798e-01 1.596388e-02 -5.173534e-03 2.113742e-02
6.969697e-01 7.979798e-01 1.580344e-02 -5.177528e-03 2.098097e-02
7.070707e-01 7.979798e-01 1.564462e-02 -5.176753e-03 2.082137e-02
7.171717e-01 7.979798e-01 1.548738e-02 -5.177706e-03 2.066509e-02
7.272727e-01 7.979798e-01 1.533173e-02 -5.177379e-03 2.050911e-02
7.373737e-01 7.979798e-01 1.517765e-02 -5.177557e-03 2.035520e-02
7.474747e-01 7.979798e-01 1.502511e-02 -5.178094e-03 2.020320e-02
7.575758e-01 7.979798e-01 1.487410e-02 -5.176872e-03 2.005098e-02
7.676768e-01 7.979798e-01 1.472462e-02 -5.182326e-03 1.990694e-02
7.777778e-01 7.979798e-01 1.457663e-02 -5.174398e-03 1.975103e-02
7.878788e-01 7.979798e-01 1.443013e-02 -5.173802e-03 1.960394e-02
7.979798e-01 7.979798e-01 1.428511e-02 -5.176067e-03 1.946118e-02
8.080808e-01 7.979798e-01 1.414154e-02 -5.181789e-03 1.932333e-02
8.181818e-01 7.979798e-01 1.399942e-02 -5.177379e-03 1.917680e-02
8.282828e-01 7.979798e-01 1.385872e-02 -5.175233e-03 1.903395e-02
8.383838e-01 7.979798e-01 1.371944e-02 -5.179644e-03 1.889908e-02
8.484848e-01 7.979798e-01 1.358156e-02 -5.172759e-03 1.875431e-02
8.585859e-01 7.979798e-01 1.344506e-02 -5.177319e-03 1.862238e-02
8.686869e-01 7.979798e-01 1.330993e-02 -5.177736e-03 1.848767e-02
8.787879e-01 7.979798e-01 1.317617e-02 -5.175561e-03 1.835173e-02
8.888889e-01 7.979798e-01 1.304374e-02 -5.175173e-03 1.821892e-02
8.989899e-01 7.979798e-01 1.291265e-02 -5.177289e-03 1.808994e-02
9.090909e-01 7.979798e-01 1.278288e-02 -5.176902e-03 1.795978e-02
9.191919e-01 7.979798e-01 1.265441e-02 -5.175799e-03 1.783021e-02
9.292929e-01 7.979798e-01 1.252723e-02 -5.181193e-03 1.770842e-02
9.393939e-01 7.979798e-01 1.240133e-02 -5.175352e-03 1.757668e-02
9.494949e-01 7.979798e-01 1.227669e-02 -5.173355e-03 1.745005e-02
9.595960e-01 7.979798e-01 1.215331e-02 -5.173385e-03 1.732669e-02
9.696970e-01 7.979798e-01 1.203117e-02 -5.176425e-03 1.720759e-02
9.797980e-01 7.979798e-01 1.191025e-02 -5.177557e-03 1.708781e-02
9.898990e-01 7.979798e-01 1.179055e-02 -5.178750e-03 1.696930e-02
1.000000e+00 7.979798e-01 1.167205e-02 -5.175829e-03 1.684788e-02
0.000000e+00 8.080808e-01 1.265925e-01 -5.177706e-03 1.317702e-01
1.010101e-02 8.080808e-01 1.253202e-01 -5.177379e-03 1.304976e-01
2.020202e-02 8.080808e-01 1.240607e-01 -5.176008e-03 1.292367e-01
3.030303e-02 8.080808e-01 1.228139e-01 -5.173981e-03 1.279878e-01
4.040404e-02 8.080808e-01 1.215796e-01 -5.179346e-03 1.267589e-01
5.050505e-02 8.080808e-01 1.203577e-01 -5.181909e-03 1.255396e-01
6.060606e-02 8.080808e-01 1.191481e-01 -5.174518e-03 1.243226e-01
7.070707e-02 8.080808e-01 1.179506e-01 -5.174100e-03 1.231247e-01
8.080808e-02 8.080808e-01 1.167652e-01 -5.179107e-03 1.219443e-01
9.090909e-02 8.080808e-01 1.155917e-01 -5.176574e-03 1.207682e-01
1.010101e-01 8.080808e-01 1.144299e-01 -5.181640e-03 1.196116e-01
1.111111e-01 8.080808e-01 1.132799e-01 -5.178928e-03 1.184588e-01
1.212121e-01 8.080808e-01 1.121414e-01 -5.179763e-03 1.173212e-01
1.313131e-01 8.080808e-01 1.110144e-01 -5.171150e-03 1.161855e-01
1.414141e-01 8.080808e-01 1.098987e-01 -5.171359e-03 1.150700e-01
1.515152e-01 8.080808e-01 1.087942e-01 -5.175114e-03 1.139693e-01
1.616162e-01 8.080808e-01 1.077008e-01 -5.176812e-03 1.128776e-01
1.717172e-01 8.080808e-01 1.066184e-01 -5.180180e-03 1.117985e-01
1.818182e-01 8.080808e-01 1.055468e-01 -5.180001e-03 1.107268e-01
1.919192e-01 8.080808e-01 1.044861e-01 -5.175173e-03 1.096612e-01
2.020202e-01 8.080808e-01 1.034360e-01 -5.174220e-03 1.086102e-01
2.121212e-01 8.080808e-01 1.023964e-01 -5.179137e-03 1.075756e-01
2.222222e-01 8.080808e-01 1.013673e-01 -5.177915e-03 1.065452e-01
2.323232e-01 8.080808e-01 1.003486e-01 -5.181611e-03 1.055302e-01
2.424242e-01 8.080808e-01 9.934003e-02 -5.177706e-03 1.045177e-01
2.525253e-01 8.080808e-01 9.834165e-02 -5.175173e-03 1.035168e-01
2.626263e-01 8.080808e-01 9.735330e-02 -5.178511e-03 1.025318e-01
2.727273e-01 8.080808e-01 9.637488e-02 -5.177528e-03 1.015524e-01
2.828283e-01 8.080808e-01 9.540630e-02 -5.178213e-03 1.005845e-01
2.929293e-01 8.080808e-01 9.444745e-02 -5.187631e-03 9.963508e-02
3.030303e-01 8.080808e-01 9.349824e-02 -5.173475e-03 9.867171e-02
3.131313e-01 8.080808e-01 9.255857e-02 -5.173236e-03 9.773180e-02
3.232323e-01 8.080808e-01 9.162834e-02 -5.173862e-03 9.680220e-02
3.333333e-01 8.080808e-01 9.070746e-02 -5.175650e-03 9.588311e-02
3.434343e-01 8.080808e-01 8.979583e-02 -5.175054e-03 9.497089e-02
3.535354e-01 8.080808e-01 8.889337e-02 -5.177110e-03 9.407048e-02
3.636364e-01 8.080808e-01 8.799998e-02 -5.176723e-03 9.317670e-02
3.737374e-01 8.080808e-01 8.711556e-02 -5.180508e-03 9.229607e-02
3.838384e-01 8.080808e-01 8.624004e-02 -5.173922e-03 9.141396e-02
3.939394e-01 8.080808e-01 8.537331e-02 -5.173683e-03 9.054699e-02
4.040404e-01 8.080808e-01 8.451529e-02 -5.171478e-03 8.968677e-02
4.141414e-01 8.080808e-01 8.366590e-02 -5.174220e-03 8.884012e-02
4.242424e-01 8.080808e-01 8.282504e-02 -5.176932e-03 8.800198e-02
4.343434e-01 8.080808e-01 8.199264e-02 -5.181313e-03 8.717395e-02
4.444444e-01 8.080808e-01 8.116860e-02 -5.174190e-03 8.634279e-02
4.545455e-01 8.080808e-01 8.035284e-02 -5.181998e-03 8.553484e-02
4.646465e-01 8.080808e-01 7.954528e-02 -5.177855e-03 8.472314e-02
4.747475e-01 8.080808e-01 7.874584e-02 -5.177051e-03 8.392289e-02
4.848485e-01 8.080808e-01 7.795443e-02 -5.177379e-03 8.313181e-02
4.949495e-01 8.080808e-01 7.717097e-02 -5.181432e-03 8.235241e-02
5.050505e-01 8.080808e-01 7.639539e-02 -5.179703e-03 8.157510e-02
5.151515e-01 8.080808e-01 7.562761e-02 -5.167603e-03 8.079521e-02
5.252525e-01 8.080808e-01 7.486754e-02 -5.180478e-03 8.004801e-02
5.353535e-01 8.080808e-01 7.411511e-02 -5.174875e-03 7.928998e-02
5.454545e-01 8.080808e-01 7.337024e-02 -5.179584e-03 7.854982e-02
5.555556e-01 8.080808e-01 7.263285e-02 -5.169451e-03 7.780230e-02
5.656566e-01 8.080808e-01 7.190288e-02 -5.178154e-03 7.708103e-02
5.757576e-01 8.080808e-01 7.118025e-02 -5.173802e-03 7.635405e-02
5.858586e-01 8.080808e-01 7.046487e-02 -5.176306e-03 7.564118e-02
5.959596e-01 8.080808e-01 6.975669e-02 -5.182385e-03 7.493907e-02
6.060606e-01 8.080808e-01 6.905562e-02 -5.170852e-03 7.422647e-02
6.161616e-01 8.080808e-01 6.836160e-02 -5.178928e-03 7.354053e-02
6.262626e-01 8.080808e-01 6.767456e-02 -5.176246e-03 7.285080e-02
6.363636e-01 8.080808e-01 6.699442e-02 -5.178750e-03 7.217316e-02
6.464646e-01 8.080808e-01 6.632111e-02 -5.180627e-03 7.150174e-02
6.565657e-01 8.080808e-01 6.565457e-02 -5.179912e-03 7.083448e-02
6.666667e-01 8.080808e-01 6.499473e-02 -5.176693e-03 7.017143e-02
6.767677e-01 8.080808e-01 6.434152e-02 -5.174309e-03 6.951583e-02
6.868687e-01 8.080808e-01 6.369488e-02 -5.172729e-03 6.886761e-02
6.969697e-01 8.080808e-01 6.305474e-02 -5.175471e-03 6.823021e-02
7.070707e-01 8.080808e-01 6.242103e-02 -5.181402e-03 6.760243e-02
7.171717e-01 8.080808e-01 6.179369e-02 -5.183786e-03 6.697747e-02
7.272727e-01 8.080808e-01 6.117265e-02 -5.177319e-03 6.634997e-02
7.373737e-01 8.080808e-01 6.055785e-02 -5.178183e-03 6.573604e-02
7.474747e-01 8.080808e-01 5.994924e-02 -5.181968e-03 6.513121e-02
7.575758e-01 8.080808e-01 5.934674e-02 -5.177170e-03 6.452391e-02
7.676768e-01 8.080808e-01 5.875029e-02 -5.180448e-03 6.393074e-02
7.777778e-01 8.080808e-01 5.815984e-02 -5.176157e-03 6.333600e-02
7.878788e-01 8.080808e-01 5.757533e-02 -5.178571e-03 6.275390e-02
7.979798e-01 8.080808e-01 5.699668e-02 -5.178034e-03 6.217472e-02
8.080808e-01 8.080808e-01 5.642386e-02 -5.174130e-03 6.159799e-02
8.181818e-01 8.080808e-01 5.585679e-02 -5.178988e-03 6.103578e-02
8.282828e-01 8.080808e-01 5.529542e-02 -5.177438e-03 6.047286e-02
8.383838e-01 8.080808e-01 5.473969e-02 -5.178690e-03 5.991838e-02
8.484848e-01 8.080808e-01 5.418955e-02 -5.179971e-03 5.936952e-02
8.585859e-01 8.080808e-01 5.364493e-02 -5.175769e-03 5.882070e-02
8.686869e-01 8.080808e-01 5.310579e-02 -5.176842e-03 5.828264e-02
8.787879e-01 8.080808e-01 5.257207e-02 -5.174756e-03 5.774683e-02
8.888889e-01 8.080808e-01 5.204371e-02 -5.178303e-03 5.722202e-02
8.989899e-01 8.080808e-01 5.152067e-02 -5.183190e-03 5.670386e-02
9.090909e-01 8.080808e-01 5.100287e-02 -5.179405e-03 5.618228e-02
9.191919e-01 8.080808e-01 5.049029e-02 -5.171776e-03 5.566206e-02
9.292929e-01 8.080808e-01 4.998285e-02 -5.179495e-03 5.516235e-02
9.393939e-01 8.080808e-01 4.948052e-02 -5.177438e-03 5.465795e-02
9.494949e-01 8.080808e-01 4.898323e-02 -5.178660e-03 5.416189e-02
9.595960e-01 8.080808e-01 4.849094e-02 -5.177408e-03 5.366835e-02
9.696970e-01 8.080808e-01 4.800360e-02 -5.177915e-03 5.318151e-02
9.797980e-01 8.080808e-01 4.752115e-02 -5.178303e-03 5.269945e-02
9.898990e-01 8.080808e-01 4.704356e-02 -5.175740e-03 5.221930e-02
1.000000e+00 8.080808e-01 4.657076e-02 -5.177259e-03 5.174802e-02
0.000000e+00 8.181818e-01 -2.817326e-01 -5.178958e-03 2.765536e-01
1.010101e-02 8.181818e-01 -2.789011e-01 -5.185992e-03 2.737151e-01
2.020202e-02 8.181818e-01 -2.760981e-01 -5.180687e-03 2.709174e-01
3.030303e-02 8.181818e-01 -2.733233e-01 -5.176574e-03 2.681467e-01
4.040404e-02 8.181818e-01 -2.705763e-01 -5.181789e-03 2.653945e-01
5.050505e-02 8.181818e-01 -2.678570e-01 -5.176902e-03 2.626801e-01
6.060606e-02 8.181818e-01 -2.651650e-01 -5.178392e-03 2.599866e-01
7.070707e-02 8.181818e-01 -2.625000e-01 -5.180418e-03 2.573196e-01
8.080808e-02 8.181818e-01 -2.598619e-01 -5.181730e-03 2.546801e-01
9.090909e-02 8.181818e-01 -2.572502e-01 -5.171835e-03 2.520784e-01
1.010101e-01 8.181818e-01 -2.546648e-01 -5.179077e-03 2.494857e-01
1.111111e-01 8.181818e-01 -2.521054e-01 -5.173266e-03 2.469321e-01
1.212121e-01 8.181818e-01 -2.495717e-01 -5.180269e-03 2.443914e-01
1.313131e-01 8.181818e-01 -2.470634e-01 -5.179703e-03 2.418837e-01
1.414141e-01 8.181818e-01 -2.445804e-01 -5.171478e-03 2.394089e-01
1.515152e-01 8.181818e-01 -2.421223e-01 -5.180538e-03 2.369418e-01
1.616162e-01 8.181818e-01 -2.396890e-01 -5.177885e-03 2.345111e-01
1.717172e-01 8.181818e-01 -2.372800e-01 -5.173922e-03 2.321061e-01
1.818182e-01 8.181818e-01 -2.348953e-01 -5.180776e-03 2.297146e-01
1.919192e-01 8.181818e-01 -2.325346e-01 -5.178064e-03 2.273565e-01
2.020202e-01 8.181818e-01 -2.301976e-01 -5.180866e-03 2.250167e-01
2.121212e-01 8.181818e-01 -2.278841e-01 -5.183071e-03 2.227010e-01
2.222222e-01 8.181818e-01 -2.255938e-01 -5.184501e-03 2.204093e-01
2.323232e-01 8.181818e-01 -2.233265e-01 -5.177379e-03 2.181492e-01
2.424242e-01 8.181818e-01 -2.210821e-01 -5.174339e-03 2.159077e-01
2.525253e-01 8.181818e-01 -2.188602e-01 -5.179644e-03 2.136805e-01
2.626263e-01 8.181818e-01 -2.166606e-01 -5.177498e-03 2.114831e-01
2.727273e-01 8.181818e-01 -2.144831e-01 -5.173266e-03 2.093098e-01
2.828283e-01 8.181818e-01 -2.123275e-01 -5.181789e-03 2.071457e-01
2.929293e-01 8.181818e-01 -2.101936e-01 -5.180389e-03 2.050132e-01
3.030303e-01 8.181818e-01 -2.080811e-01 -5.174726e-03 2.029064e-01
3.131313e-01 8.181818e-01 -2.059899e-01 -5.175292e-03 2.008146e-01
3.232323e-01 8.181818e-01 -2.039196e-01 -5.178422e-03 1.987412e-01
3.333333e-01 8.181818e-01 -2.018702e-01 -5.174488e-03 1.966957e-01
3.434343e-01 8.181818e-01 -1.998414e-01 -5.176306e-03 1.946651e-01
3.535354e-01 8.181818e-01 -1.978329e-01 -5.178511e-03 1.926544e-01
3.636364e-01 8.181818e-01 -1.958447e-01 -5.175918e-03 1.906688e-01
3.737374e-01 8.181818e-01 -1.938764e-01 -5.176038e-03 1.887004e-01
3.838384e-01 8.181818e-01 -1.919279e-01 -5.175740e-03 1.867522e-01
3.939394e-01 8.181818e-01 -1.899990e-01 -5.177498e-03 1.848215e-01
4.040404e-01 8.181818e-01 -1.880895e-01 -5.180597e-03 1.829089e-01
4.141414e-01 8.181818e-01 -1.861992e-01 -5.185157e-03 1.810140e-01
4.242424e-01 8.181818e-01 -1.843278e-01 -5.171537e-03 1.791563e-01
4.343434e-01 8.181818e-01 -1.824753e-01 -5.180240e-03 1.772951e-01
4.444444e-01 8.181818e-01 -1.806414e-01 -5.172849e-03 1.754685e-01
4.545455e-01 8.181818e-01 -1.788259e-01 -5.175471e-03 1.736504e-01
4.646465e-01 8.181818e-01 -1.770287e-01 -5.177647e-03 1.718510e-01
4.747475e-01 8.181818e-01 -1.752495e-01 -5.174965e-03 1.700746e-01
4.848485e-01 8.181818e-01 -1.734882e-01 -5.181879e-03 1.683064e-01
4.949495e-01 8.181818e-01 -1.717446e-01 -5.185544e-03 1.665591e-01
5.050505e-01 8.181818e-01 -1.700186e-01 -5.180091e-03 1.648385e-01
5.151515e-01 8.181818e-01 -1.683099e-01 -5.178094e-03 1.631318e-01
5.252525e-01 8.181818e-01 -1.666183e-01 -5.177319e-03 1.614410e-01
5.353535e-01 8.181818e-01 -1.649438e-01 -5.175203e-03 1.597686e-01
5.454545e-01 8.181818e-01 -1.632861e-01 -5.179733e-03 1.581063e-01
5.555556e-01 8.181818e-01 -1.616450e-01 -5.178213e-03 1.564668e-01
5.656566e-01 8.181818e-01 -1.600205e-01 -5.178779e-03 1.548417e-01
5.757576e-01 8.181818e-01 -1.584122e-01 -5.176127e-03 1.532361e-01
5.858586e-01 8.181818e-01 -1.568202e-01 -5.179435e-03 1.516407e-01
5.959596e-01 8.181818e-01 -1.552441e-01 -5.181670e-03 1.500624e-01
6.060606e-01 8.181818e-01 -1.536839e-01 -5.175710e-03 1.485082e-01
6.161616e-01 8.181818e-01 -1.521393e-01 -5.176693e-03 1.469626e-01
6.262626e-01 8.181818e-01 -1.506103e-01 -5.181313e-03 1.454290e-01
6.363636e-01 8.181818e-01 -1.490966e-01 -5.168229e-03 1.439284e-01
6.464646e-01 8.181818e-01 -1.475982e-01 -5.169928e-03 1.424283e-01
6.565657e-01 8.181818e-01 -1.461148e-01 -5.182743e-03 1.409321e-01
6.666667e-01 8.181818e-01 -1.446463e-01 -5.186379e-03 1.394599e-01
6.767677e-01 8.181818e-01 -1.431926e-01 -5.184144e-03 1.380085e-01
6.868687e-01 8.181818e-01 -1.417535e-01 -5.170584e-03 1.365829e-01
6.969697e-01 8.181818e-01 -1.403288e-01 -5.175471e-03 1.351534e-01
7.070707e-01 8.181818e-01 -1.389185e-01 -5.174756e-03 1.337438e-01
7.171717e-01 8.181818e-01 -1.375224e-01 -5.176783e-03 1.323456e-01
7.272727e-01 8.181818e-01 -1.361402e-01 -5.177468e-03 1.309628e-01
7.373737e-01 8.181818e-01 -1.347720e-01 -5.177349e-03 1.295947e-01
7.474747e-01 8.181818e-01 -1.334175e-01 -5.180657e-03 1.282369e-01
7.575758e-01 8.181818e-01 -1.320767e-01 -5.177200e-03 1.268995e-01
7.676768e-01 8.181818e-01 -1.307493e-01 -5.181193e-03 1.255681e-01
7.777778e-01 8.181818e-01 -1.294352e-01 -5.176485e-03 1.242587e-01
7.878788e-01 8.181818e-01 -1.281344e-01 -5.174488e-03 1.229599e-01
7.979798e-01 8.181818e-01 -1.268466e-01 -5.176485e-03 1.216701e-01
8.080808e-01 8.181818e-01 -1.255718e-01 -5.173624e-03 1.203981e-01
8.181818e-01 8.181818e-01 -1.243097e-01 -5.180061e-03 1.191297e-01
8.282828e-01 8.181818e-01 -1.230604e-01 -5.179167e-03 1.178812e-01
8.383838e-01 8.181818e-01 -1.218236e-01 -5.167395e-03 1.166562e-01
8.484848e-01 8.181818e-01 -1.205993e-01 -5.173743e-03 1.154255e-01
8.585859e-01 8.181818e-01 -1.193872e-01 -5.173087e-03 1.142142e-01
8.686869e-01 8.181818e-01 -1.181874e-01 -5.174428e-03 1.130130e-01
8.787879e-01 8.181818e-01 -1.169996e-01 -5.184114e-03 1.118155e-01
8.888889e-01 8.181818e-01 -1.158237e-01 -5.177498e-03 1.106462e-01
8.989899e-01 8.181818e-01 -1.146597e-01 -5.175084e-03 1.094846e-01
9.090909e-01 8.181818e-01 -1.135073e-01 -5.175352e-03 1.083320e-01
9.191919e-01 8.181818e-01 -1.123666e-01 -5.174309e-03 1.071922e-01
9.292929e-01 8.181818e-01 -1.112373e-01 -5.175292e-03 1.060620e-01
9.393939e-01 8.181818e-01 -1.101193e-01 -5.182445e-03 1.049369e-01
9.494949e-01 8.181818e-01 -1.090126e-01 -5.175769e-03 1.038368e-01
9.595960e-01 8.181818e-01 -1.079170e-01 -5.180061e-03 1.027369e-01
9.696970e-01 8.181818e-01 -1.068324e-01 -5.178630e-03 1.016538e-01
9.797980e-01 8.181818e-01 -1.057587e-01 -5.177021e-03 1.005817e-01
9.898990e-01 8.181818e-01 -1.046958e-01 -5.172044e-03 9.952378e-02
1.000000e+00 8.181818e-01 -1.036436e-01 -5.177259e-03 9.846636e-02
0.000000e+00 8.282828e-01 4.297949e-01 -5.169958e-03 4.349649e-01
1.010101e-02 8.282828e-01 4.254754e-01 -5.174756e-03 4.306502e-01
2.020202e-02 8.282828e-01 4.211993e-01 -5.183071e-03 4.263824e-01
3.030303e-02 8.282828e-01 4.169662e-01 -5.180031e-03 4.221462e-01
4.040404e-02 8.282828e-01 4.127756e-01 -5.179554e-03 4.179552e-01
5.050505e-02 8.282828e-01 4.086271e-01 -5.178869e-03 4.138060e-01
6.060606e-02 8.282828e-01 4.045204e-01 -5.177081e-03 4.096974e-01
7.070707e-02 8.282828e-01 4.004549e-01 -5.175859e-03 4.056307e-01
8.080808e-02 8.282828e-01 3.964302e-01 -5.175471e-03 4.016057e-01
9.090909e-02 8.282828e-01 3.924460e-01 -5.178779e-03 3.976248e-01
1.010101e-01 8.282828e-01 3.885019e-01 -5.174160e-03 3.936761e-01
1.111111e-01 8.282828e-01 3.845974e-01 -5.172253e-03 3.897696e-01
1.212121e-01 8.282828e-01 3.807321e-01 -5.177259e-03 3.859094e-01
1.313131e-01 8.282828e-01 3.769057e-01 -5.182445e-03 3.820881e-01
1.414141e-01 8.282828e-01 3.731177e-01 -5.173445e-03 3.782912e-01
1.515152e-01 8.282828e-01 3.693678e-01 -5.175829e-03 3.745437e-01
1.616162e-01 8.282828e-01 3.656556e-01 -5.175620e-03 3.708312e-01
1.717172e-01 8.282828e-01 3.619807e-01 -5.172759e-03 3.671535e-01
1.818182e-01 8.282828e-01 3.583428e-01 -5.174607e-03 3.635174e-01
1.919192e-01 8.282828e-01 3.547414e-01 -5.182385e-03 3.599237e-01
2.020202e-01 8.282828e-01 3.511761e-01 -5.177647e-03 3.563538e-01
2.121212e-01 8.282828e-01 3.476468e-01 -5.176008e-03 3.528228e-01
2.222222e-01 8.282828e-01 3.441529e-01 -5.177945e-03 3.493308e-01
2.323232e-01 8.282828e-01 3.406941e-01 -5.181253e-03 3.458753e-01
2.424242e-01 8.282828e-01 3.372700e-01 -5.176604e-03 3.424466e-01
2.525253e-01 8.282828e-01 3.338804e-01 -5.176127e-03 3.390565e-01
2.626263e-01 8.282828e-01 3.305249e-01 -5.176365e-03 3.357012e-01
2.727273e-01 8.282828e-01 3.272030e-01 -5.177379e-03 3.323804e-01
2.828283e-01 8.282828e-01 3.239146e-01 -5.175471e-03 3.290901e-01
2.929293e-01 8.282828e-01 3.206592e-01 -5.173862e-03 3.258331e-01
3.030303e-01 8.282828e-01 3.174365e-01 -5.176216e-03 3.226127e-01
3.131313e-01 8.282828e-01 3.142462e-01 -5.175531e-03 3.194218e-01
3.232323e-01 8.282828e-01 3.110880e-01 -5.183607e-03 3.162716e-01
3.333333e-01 8.282828e-01 3.079615e-01 -5.176425e-03 3.131379e-01
3.434343e-01 8.282828e-01 3.048664e-01 -5.170703e-03 3.100372e-01
3.535354e-01 8.282828e-01 3.018025e-01 -5.175889e-03 3.069784e-01
3.636364e-01 8.282828e-01 2.987693e-01 -5.177915e-03 3.039472e-01
3.737374e-01 8.282828e-01 2.957666e-01 -5.178034e-03 3.009447e-01
3.838384e-01 8.282828e-01 2.927941e-01 -5.184114e-03 2.979783e-01
3.939394e-01 8.282828e-01 2.898515e-01 -5.173981e-03 2.950255e-01
4.040404e-01 8.282828e-01 2.869385e-01 -5.181581e-03 2.921200e-01
4.141414e-01 8.282828e-01 2.840547e-01 -5.177051e-03 2.892317e-01
4.242424e-01 8.282828e-01 2.811999e-01 -5.174220e-03 2.863741e-01
4.343434e-01 8.282828e-01 2.783738e-01 -5.182266e-03 2.835560e-01
4.444444e-01 8.282828e-01 2.755761e-01 -5.181074e-03 2.807571e-01
4.545455e-01 8.282828e-01 2.728065e-01 -5.175292e-03 2.779818e-01
4.646465e-01 8.282828e-01 2.700647e-01 -5.174696e-03 2.752394e-01
4.747475e-01 8.282828e-01 2.673505e-01 -5.169332e-03 2.725199e-01
4.848485e-01 8.282828e-01 2.646636e-01 -5.179286e-03 2.698429e-01
4.949495e-01 8.282828e-01 2.620037e-01 -5.181521e-03 2.671852e-01
5.050505e-01 8.282828e-01 2.593705e-01 -5.175501e-03 2.645460e-01
5.151515e-01 8.282828e-01 2.567638e-01 -5.177855e-03 2.619417e-01
5.252525e-01 8.282828e-01 2.541833e-01 -5.162299e-03 2.593456e-01
5.353535e-01 8.282828e-01 2.516287e-01 -5.172312e-03 2.568010e-01
5.454545e-01 8.282828e-01 2.490998e-01 -5.172670e-03 2.542725e-01
5.555556e-01 8.282828e-01 2.465963e-01 -5.172253e-03 2.517686e-01
5.656566e-01 8.282828e-01 2.441180e-01 -5.181998e-03 2.493000e-01
5.757576e-01 8.282828e-01 2.416645e-01 -5.178034e-03 2.468426e-01
5.858586e-01 8.282828e-01 2.392358e-01 -5.179584e-03 2.444154e-01
5.959596e-01 8.282828e-01 2.368314e-01 -5.177617e-03 2.420090e-01
6.060606e-01 8.282828e-01 2.344512e-01 -5.180418e-03 2.396316e-01
6.161616e-01 8.282828e-01 2.320949e-01 -5.179107e-03 2.372741e-01
6.262626e-01 8.282828e-01 2.297624e-01 -5.176783e-03 2.349391e-01
6.363636e-01 8.282828e-01 2.274532e-01 -5.181700e-03 2.326349e-01
6.464646e-01 8.282828e-01 2.251673e-01 -5.174160e-03 2.303414e-01
6.565657e-01 8.282828e-01 2.229043e-01 -5.182922e-03 2.280872e-01
6.666667e-01 8.282828e-01 2.206641e-01 -5.181849e-03 2.258459e-01
6.767677e-01 8.282828e-01 2.184464e-01 -5.170643e-03 2.236170e-01
6.868687e-01 8.282828e-01 2.162509e-01 -5.183190e-03 2.214341e-01
6.969697e-01 8.282828e-01 2.140776e-01 -5.180508e-03 2.192581e-01
7.070707e-01 8.282828e-01 2.119261e-01 -5.174607e-03 2.171007e-01
7.171717e-01 8.282828e-01 2.097962e-01 -5.175501e-03 2.149717e-01
7.272727e-01 8.282828e-01 2.076877e-01 -5.176783e-03 2.128645e-01
7.373737e-01 8.282828e-01 2.056004e-01 -5.180180e-03 2.107806e-01
7.474747e-01 8.282828e-01 2.035341e-01 -5.175471e-03 2.087095e-01
7.575758e-01 8.282828e-01 2.014885e-01 -5.176365e-03 2.066649e-01
7.676768e-01 8.282828e-01 1.994635e-01 -5.178094e-03 2.046416e-01
7.777778e-01 8.282828e-01 1.974589e-01 -5.176365e-03 2.026352e-01
7.878788e-01 8.282828e-01 1.954744e-01 -5.184382e-03 2.006588e-01
7.979798e-01 8.282828e-01 1.935098e-01 -5.179852e-03 1.986897e-01
8.080808e-01 8.282828e-01 1.915650e-01 -5.177498e-03 1.967425e-01
8.181818e-01 8.282828e-01 1.896398e-01 -5.173296e-03 1.948131e-01
8.282828e-01 8.282828e-01 1.877339e-01 -5.178422e-03 1.929123e-01
8.383838e-01 8.282828e-01 1.858471e-01 -5.175412e-03 1.910225e-01
8.484848e-01 8.282828e-01 1.839793e-01 -5.174428e-03 1.891537e-01
8.585859e-01 8.282828e-01 1.821303e-01 -5.180359e-03 1.873106e-01
8.686869e-01 8.282828e-01 1.802998e-01 -5.171955e-03 1.854718e-01
8.787879e-01 8.282828e-01 1.784878e-01 -5.181164e-03 1.836690e-01
8.888889e-01 8.282828e-01 1.766940e-01 -5.178005e-03 1.818720e-01
8.989899e-01 8.282828e-01 1.749182e-01 -5.177170e-03 1.800953e-01
9.090909e-01 8.282828e-01 1.731602e-01 -5.177051e-03 1.783373e-01
9.191919e-01 8.282828e-01 1.714199e-01 -5.176216e-03 1.765961e-01
9.292929e-01 8.282828e-01 1.696971e-01 -5.178422e-03 1.748755e-01
9.393939e-01 8.282828e-01 1.679916e-01 -5.174130e-03 1.731658e-01
9.494949e-01 8.282828e-01 1.663033e-01 -5.179346e-03 1.714826e-01
9.595960e-01 8.282828e-01 1.646319e-01 -5.174279e-03 1.698062e-01
9.696970e-01 8.282828e-01 1.629773e-01 -5.179107e-03 1.681564e-01
9.797980e-01 8.282828e-01 1.613394e-01 -5.177289e-03 1.665167e-01
9.898990e-01 8.282828e-01 1.597179e-01 -5.179256e-03 1.648972e-01
1.000000e+00 8.282828e-01 1.581127e-01 -5.183190e-03 1.632959e-01
0.000000e+00 8.383838e-01 -5.670599e-01 -5.176872e-03 5.618830e-01
1.010101e-02 8.383838e-01 -5.613608e-01 -5.173266e-03 5.561876e-01
2.020202e-02 8.383838e-01 -5.557190e-01 -5.177438e-03 5.505416e-01
3.030303e-02 8.383838e-01 -5.501340e-01 -5.179763e-03 5.449542e-01
4.040404e-02 8.383838e-01 -5.446050e-01 -5.171359e-03 5.394337e-01
5.050505e-02 8.383838e-01 -5.391317e-01 -5.176157e-03 5.339555e-01
6.060606e-02 8.383838e-01 -5.337133e-01 -5.176246e-03 5.285371e-01
7.070707e-02 8.383838e-01 -5.283494e-01 -5.180746e-03 5.231687e-01
8.080808e-02 8.383838e-01 -5.230394e-01 -5.178571e-03 5.178608e-01
9.090909e-02 8.383838e-01 -5.177828e-01 -5.178034e-03 5.126047e-01
1.010101e-01 8.383838e-01 -5.125790e-01 -5.177259e-03 5.074017e-01
1.111111e-01 8.383838e-01 -5.074275e-01 -5.173922e-03 5.022535e-01
1.212121e-01 8.383838e-01 -5.023277e-01 -5.170256e-03 4.971575e-01
1.313131e-01 8.383838e-01 -4.972793e-01 -5.176365e-03 4.921029e-01
1.414141e-01 8.383838e-01 -4.922815e-01 -5.180180e-03 4.871013e-01
1.515152e-01 8.383838e-01 -4.873340e-01 -5.174607e-03 4.821594e-01
1.616162e-01 8.383838e-01 -4.824362e-01 -5.180687e-03 4.772555e-01
1.717172e-01 8.383838e-01 -4.775877e-01 -5.175918e-03 4.724117e-01
1.818182e-01 8.383838e-01 -4.727878e-01 -5.178243e-03 4.676096e-01
1.919192e-01 8.383838e-01 -4.680362e-01 -5.173802e-03 4.628624e-01
2.020202e-01 8.383838e-01 -4.633324e-01 -5.176544e-03 4.581558e-01
2.121212e-01 8.383838e-01 -4.586758e-01 -5.177498e-03 4.534983e-01
2.222222e-01 8.383838e-01 -4.540660e-01 -5.178511e-03 4.488875e-01
2.323232e-01 8.383838e-01 -4.495026e-01 -5.178183e-03 4.443244e-01
2.424242e-01 8.383838e-01 -4.449850e-01 -5.176127e-03 4.398089e-01
2.525253e-01 8.383838e-01 -4.405129e-01 -5.180240e-03 4.353326e-01
2.626263e-01 8.383838e-01 -4.360856e-01 -5.174994e-03 4.309106e-01
2.727273e-01 8.383838e-01 -4.317029e-01 -5.178034e-03 4.265249e-01
2.828283e-01 8.383838e-01 -4.273642e-01 -5.171955e-03 4.221923e-01
2.929293e-01 8.383838e-01 -4.230691e-01 -5.180895e-03 4.178882e-01
3.030303e-01 8.383838e-01 -4.188172e-01 -5.172491e-03 4.136447e-01
3.131313e-01 8.383838e-01 -4.146080e-01 -5.176902e-03 4.094311e-01
3.232323e-01 8.383838e-01 -4.104411e-01 -5.174249e-03 4.052669e-01
3.333333e-01 8.383838e-01 -4.063161e-01 -5.174160e-03 4.011420e-01
3.434343e-01 8.383838e-01 -4.022326e-01 -5.181938e-03 3.970507e-01
3.535354e-01 8.383838e-01 -3.981901e-01 -5.181313e-03 3.930088e-01
3.636364e-01 8.383838e-01 -3.941882e-01 -5.180508e-03 3.890077e-01
3.737374e-01 8.383838e-01 -3.902266e-01 -5.173326e-03 3.850532e-01
3.838384e-01 8.383838e-01 -3.863047e-01 -5.175889e-03 3.811288e-01
3.939394e-01 8.383838e-01 -3.824223e-01 -5.174458e-03 3.772478e-01
4.040404e-01 8.383838e-01 -3.785789e-01 -5.179316e-03 3.733996e-01
4.141414e-01 8.383838e-01 -3.747741e-01 -5.176961e-03 3.695971e-01
4.242424e-01 8.383838e-01 -3.710076e-01 -5.178034e-03 3.658295e-01
4.343434e-01 8.383838e-01 -3.672789e-01 -5.176008e-03 3.621029e-01
4.444444e-01 8.383838e-01 -3.635877e-01 -5.179971e-03 3.584077e-01
4.545455e-01 8.383838e-01 -3.599335e-01 -5.181104e-03 3.547524e-01
4.646465e-01 8.383838e-01 -3.563162e-01 -5.177230e-03 3.511389e-01
4.747475e-01 8.383838e-01 -3.527351e-01 -5.177170e-03 3.475579e-01
4.848485e-01 8.383838e-01 -3.491901e-01 -5.175591e-03 3.440145e-01
4.949495e-01 8.383838e-01 -3.456807e-01 -5.181104e-03 3.404995e-01
5.050505e-01 8.383838e-01 -3.422065e-01 -5.174130e-03 3.370324e-01
5.151515e-01 8.383838e-01 -3.387673e-01 -5.173326e-03 3.335939e-01
5.252525e-01 8.383838e-01 -3.353626e-01 -5.180061e-03 3.301825e-01
5.353535e-01 8.383838e-01 -3.319922e-01 -5.174011e-03 3.268181e-01
5.454545e-01 8.383838e-01 -3.286556e-01 -5.175203e-03 3.234804e-01
5.555556e-01 8.383838e-01 -3.253525e-01 -5.177677e-03 3.201749e-01
5.656566e-01 8.383838e-01 -3.220827e-01 -5.181551e-03 3.169011e-01
5.757576e-01 8.383838e-01 -3.188457e-01 -5.176336e-03 3.136694e-01
5.858586e-01 8.383838e-01 -3.156413e-01 -5.175412e-03 3.104658e-01
5.959596e-01 8.383838e-01 -3.124690e-01 -5.174905e-03 3.072941e-01
6.060606e-01 8.383838e-01 -3.093286e-01 -5.184293e-03 3.041443e-01
6.161616e-01 8.383838e-01 -3.062198e-01 -5.181164e-03 3.010387e-01
6.262626e-01 8.383838e-01 -3.031423e-01 -5.181313e-03 2.979610e-01
6.363636e-01 8.383838e-01 -3.000956e-01 -5.179524e-03 2.949161e-01
6.464646e-01 8.383838e-01 -2.970796e-01 -5.171448e-03 2.919082e-01
6.565657e-01 8.383838e-01 -2.940939e-01 -5.174994e-03 2.889189e-01
6.666667e-01 8.383838e-01 -2.911382e-01 -5.164027e-03 2.859742e-01
6.767677e-01 8.383838e-01 -2.882123e-01 -5.178124e-03 2.830341e-01
6.868687e-01 8.383838e-01 -2.853157e-01 -5.178779e-03 2.801369e-01
6.969697e-01 8.383838e-01 -2.824482e-01 -5.176008e-03 2.772722e-01
7.070707e-01 8.383838e-01 -2.796096e-01 -5.176067e-03 2.744335e-01
7.171717e-01 8.383838e-01 -2.767994e-01 -5.171001e-03 2.716284e-01
7.272727e-01 8.383838e-01 -2.740175e-01 -5.176932e-03 2.688406e-01
7.373737e-01 8.383838e-01 -2.712636e-01 -5.176306e-03 2.660873e-01
7.474747e-01 8.383838e-01 -2.685374e-01 -5.180091e-03 2.633573e-01
7.575758e-01 8.383838e-01 -2.658385e-01 -5.180627e-03 2.606579e-01
7.676768e-01 8.383838e-01 -2.631668e-01 -5.179882e-03 2.579869e-01
7.777778e-01 8.383838e-01 -2.605219e-01 -5.176365e-03 2.553456e-01
7.878788e-01 8.383838e-01 -2.579037e-01 -5.176485e-03 2.527272e-01
7.979798e-01 8.383838e-01 -2.553117e-01 -5.172402e-03 2.501393e-01
8.080808e-01 8.383838e-01 -2.527458e-01 -5.182177e-03 2.475636e-01
8.181818e-01 8.383838e-01 -2.502056e-01 -5.182236e-03 2.450234e-01
8.282828e-01 8.383838e-01 -2.476910e-01 -5.171776e-03 2.425192e-01
8.383838e-01 8.383838e-01 -2.452017e-01 -5.176663e-03 2.400250e-01
8.484848e-01 8.383838e-01 -2.427374e-01 -5.170166e-03 2.375672e-01
8.585859e-01 8.383838e-01 -2.402978e-01 -5.177975e-03 2.351198e-01
8.686869e-01 8.383838e-01 -2.378828e-01 -5.179167e-03 2.327036e-01
8.787879e-01 8.383838e-01 -2.354920e-01 -5.174249e-03 2.303178e-01
8.888889e-01 8.383838e-01 -2.331253e-01 -5.177498e-03 2.279478e-01
8.989899e-01 8.383838e-01 -2.307823e-01 -5.182564e-03 2.255998e-01
9.090909e-01 8.383838e-01 -2.284629e-01 -5.175948e-03 2.232870e-01
9.191919e-01 8.383838e-01 -2.261668e-01 -5.180240e-03 2.209866e-01
9.292929e-01 8.383838e-01 -2.238938e-01 -5.174309e-03 2.187195e-01
9.393939e-01 8.383838e-01 -2.216437e-01 -5.179346e-03 2.164643e-01
9.494949e-01 8.383838e-01 -2.194161e-01 -5.178928e-03 2.142372e-01
9.595960e-01 8.383838e-01 -2.172109e-01 -5.179703e-03 2.120312e-01
9.696970e-01 8.383838e-01 -2.150279e-01 -5.180955e-03 2.098470e-01
9.797980e-01 8.383838e-01 -2.128669e-01 -5.174220e-03 2.076926e-01
9.898990e-01 8.383838e-01 -2.107275e-01 -5.175948e-03 2.055516e-01
1.000000e+00 8.383838e-01 -2.086097e-01 -5.176634e-03 2.034330e-01
0.000000e+00 8.484848e-01 6.900790e-01 -5.178541e-03 6.952576e-01
1.010101e-02 8.484848e-01 6.831436e-01 -5.171597e-03 6.883152e-01
2.020202e-02 8.484848e-01 6.762779e-01 -5.173028e-03 6.814509e-01
3.030303e-02 8.484848e-01 6.694812e-01 -5.174875e-03 6.746561e-01
4.040404e-02 8.484848e-01 6.627528e-01 -5.179226e-03 6.679320e-01
5.050505e-02 8.484848e-01 6.560920e-01 -5.181909e-03 6.612739e-01
6.060606e-02 8.484848e-01 6.494982e-01 -5.177557e-03 6.546757e-01
7.070707e-02 8.484848e-01 6.429706e-01 -5.180061e-03 6.481507e-01
8.080808e-02 8.484848e-01 6.365087e-01 -5.176485e-03 6.416851e-01
9.090909e-02 8.484848e-01 6.301116e-01 -5.181253e-03 6.352929e-01
1.010101e-01 8.484848e-01 6.237789e-01 -5.176663e-03 6.289556e-01
1.111111e-01 8.484848e-01 6.175098e-01 -5.173326e-03 6.226832e-01
1.212121e-01 8.484848e-01 6.113038e-01 -5.182266e-03 6.164860e-01
1.313131e-01 8.484848e-01 6.051601e-01 -5.178064e-03 6.103381e-01
1.414141e-01 8.484848e-01 5.990781e-01 -5.176663e-03 6.042548e-01
1.515152e-01 8.484848e-01 5.930573e-01 -5.177379e-03 5.982346e-01
1.616162e-01 8.484848e-01 5.870969e-01 -5.178064e-03 5.922750e-01
1.717172e-01 8.484848e-01 5.811965e-01 -5.178630e-03 5.863751e-01
1.818182e-01 8.484848e-01 5.753554e-01 -5.177557e-03 5.805329e-01
1.919192e-01 8.484848e-01 5.695730e-01 -5.176783e-03 5.747498e-01
2.020202e-01 8.484848e-01 5.638487e-01 -5.180657e-03 5.690293e-01
2.121212e-01 8.484848e-01 5.581819e-01 -5.184472e-03 5.633664e-01
2.222222e-01 8.484848e-01 5.525721e-01 -5.183041e-03 5.577551e-01
2.323232e-01 8.484848e-01 5.470186e-01 -5.177081e-03 5.521957e-01
2.424242e-01 8.484848e-01 5.415210e-01 -5.171835e-03 5.466928e-01
2.525253e-01 8.484848e-01 5.360786e-01 -5.179167e-03 5.412578e-01
2.626263e-01 8.484848e-01 5.306910e-01 -5.177140e-03 5.358681e-01
2.727273e-01 8.484848e-01 5.253574e-01 -5.174428e-03 5.305318e-01
2.828283e-01 8.484848e-01 5.200775e-01 -5.172253e-03 5.252497e-01
2.929293e-01 8.484848e-01 5.148506e-01 -5.181253e-03 5.200319e-01
3.030303e-01 8.484848e-01 5.096763e-01 -5.177408e-03 5.148537e-01
3.131313e-01 8.484848e-01 5.045540e-01 -5.175054e-03 5.097290e-01
3.232323e-01 8.484848e-01 4.994831e-01 -5.175650e-03 5.046588e-01
3.333333e-01 8.484848e-01 4.944632e-01 -5.177021e-03 4.996402e-01
3.434343e-01 8.484848e-01 4.894938e-01 -5.176902e-03 4.946707e-01
3.535354e-01 8.484848e-01 4.845743e-01 -5.180597e-03 4.897549e-01
3.636364e-01 8.484848e-01 4.797042e-01 -5.180746e-03 4.848850e-01
3.737374e-01 8.484848e-01 4.748831e-01 -5.176872e-03 4.800600e-01
3.838384e-01 8.484848e-01 4.701105e-01 -5.174726e-03 4.752852e-01
3.939394e-01 8.484848e-01 4.653858e-01 -5.176783e-03 4.705626e-01
4.040404e-01 8.484848e-01 4.607086e-01 -5.178988e-03 4.658876e-01
4.141414e-01 8.484848e-01 4.560784e-01 -5.171567e-03 4.612499e-01
4.242424e-01 8.484848e-01 4.514947e-01 -5.173832e-03 4.566686e-01
4.343434e-01 8.484848e-01 4.469571e-01 -5.174458e-03 4.521316e-01
4.444444e-01 8.484848e-01 4.424651e-01 -5.170584e-03 4.476357e-01
4.545455e-01 8.484848e-01 4.380183e-01 -5.181879e-03 4.432002e-01
4.646465e-01 8.484848e-01 4.336161e-01 -5.183667e-03 4.387998e-01
4.747475e-01 8.484848e-01 4.292582e-01 -5.179107e-03 4.344373e-01
4.848485e-01 8.484848e-01 4.249441e-01 -5.181372e-03 4.301255e-01
4.949495e-01 8.484848e-01 4.206733e-01 -5.171031e-03 4.258444e-01
5.050505e-01 8.484848e-01 4.164455e-01 -5.176663e-03 4.216222e-01
5.151515e-01 8.484848e-01 4.122602e-01 -5.179912e-03 4.174401e-01
5.252525e-01 8.484848e-01 4.081169e-01 -5.184114e-03 4.133010e-01
5.353535e-01 8.484848e-01 4.040152e-01 -5.176187e-03 4.091914e-01
5.454545e-01 8.484848e-01 3.999548e-01 -5.179167e-03 4.051340e-01
5.555556e-01 8.484848e-01 3.959352e-01 -5.174845e-03 4.011100e-01
5.656566e-01 8.484848e-01 3.919560e-01 -5.176216e-03 3.971322e-01
5.757576e-01 8.484848e-01 3.880168e-01 -5.177021e-03 3.931938e-01
5.858586e-01 8.484848e-01 3.841171e-01 -5.179644e-03 3.892968e-01
5.959596e-01 8.484848e-01 3.802567e-01 -5.181640e-03 3.854383e-01
6.060606e-01 8.484848e-01 3.764350e-01 -5.173683e-03 3.816087e-01
6.161616e-01 8.484848e-01 3.726518e-01 -5.175471e-03 3.778273e-01
6.262626e-01 8.484848e-01 3.689066e-01 -5.178094e-03 3.740847e-01
6.363636e-01 8.484848e-01 3.651990e-01 -5.180806e-03 3.703798e-01
6.464646e-01 8.484848e-01 3.615287e-01 -5.181462e-03 3.667102e-01
6.565657e-01 8.484848e-01 3.578953e-01 -5.178750e-03 3.630740e-01
6.666667e-01 8.484848e-01 3.542984e-01 -5.173981e-03 3.594724e-01
6.767677e-01 8.484848e-01 3.507376e-01 -5.182177e-03 3.559198e-01
6.868687e-01 8.484848e-01 3.472126e-01 -5.179644e-03 3.523923e-01
6.969697e-01 8.484848e-01 3.437231e-01 -5.175561e-03 3.488987e-01
7.070707e-01 8.484848e-01 3.402686e-01 -5.173922e-03 3.454426e-01
7.171717e-01 8.484848e-01 3.368489e-01 -5.171835e-03 3.420207e-01
7.272727e-01 8.484848e-01 3.334635e-01 -5.178690e-03 3.386422e-01
7.373737e-01 8.484848e-01 3.301121e-01 -5.176961e-03 3.352891e-01
7.474747e-01 8.484848e-01 3.267944e-01 -5.184710e-03 3.319792e-01
7.575758e-01 8.484848e-01 3.235101e-01 -5.171180e-03 3.286813e-01
7.676768e-01 8.484848e-01 3.202588e-01 -5.181283e-03 3.254401e-01
7.777778e-01 8.484848e-01 3.170401e-01 -5.173773e-03 3.222139e-01
7.878788e-01 8.484848e-01 3.138538e-01 -5.179018e-03 3.190328e-01
7.979798e-01 8.484848e-01 3.106995e-01 -5.175889e-03 3.158754e-01
8.080808e-01 8.484848e-01 3.075769e-01 -5.176067e-03 3.127530e-01
8.181818e-01 8.484848e-01 3.044857e-01 -5.178243e-03 3.096640e-01
8.282828e-01 8.484848e-01 3.014256e-01 -5.172193e-03 3.065978e-01
8.383838e-01 8.484848e-01 2.983962e-01 -5.178034e-03 3.035743e-01
8.484848e-01 8.484848e-01 2.953973e-01 -5.179167e-03 3.005765e-01
8.585859e-01 8.484848e-01 2.924285e-01 -5.174696e-03 2.976032e-01
8.686869e-01 8.484848e-01 2.894896e-01 -5.171776e-03 2.946613e-01
8.787879e-01 8.484848e-01 2.865801e-01 -5.171806e-03 2.917519e-01
8.888889e-01 8.484848e-01 2.837000e-01 -5.179167e-03 2.888791e-01
8.989899e-01 8.484848e-01 2.808487e-01 -5.178869e-03 2.860276e-01
9.090909e-01 8.484848e-01 2.780262e-01 -5.174547e-03 2.832007e-01
9.191919e-01 8.484848e-01 2.752319e-01 -5.177766e-03 2.804097e-01
9.292929e-01 8.484848e-01 2.724658e-01 -5.173683e-03 2.776395e-01
9.393939e-01 8.484848e-01 2.697275e-01 -5.183756e-03 2.749112e-01
9.494949e-01 8.484848e-01 2.670167e-01 -5.175173e-03 2.721919e-01
9.595960e-01 8.484848e-01 2.643331e-01 -5.180597e-03 2.695137e-01
9.696970e-01 8.484848e-01 2.616765e-01 -5.176932e-03 2.668535e-01
9.797980e-01 8.484848e-01 2.590466e-01 -5.175114e-03 2.642218e-01
9.898990e-01 8.484848e-01 2.564432e-01 -5.183339e-03 2.616265e-01
1.000000e+00 8.484848e-01 2.538659e-01 -5.174905e-03 2.590408e-01
0.000000e+00 8.585859e-01 -7.957618e-01 -5.180120e-03 7.905817e-01
1.010101e-02 8.585859e-01 -7.877643e-01 -5.172670e-03 7.825916e-01
2.020202e-02 8.585859e-01 -7.798471e-01 -5.176097e-03 7.746710e-01
3.030303e-02 8.585859e-01 -7.720095e-01 -5.177200e-03 7.668323e-01
4.040404e-02 8.585859e-01 -7.642507e-01 -5.174726e-03 7.590760e-01
5.050505e-02 8.585859e-01 -7.565699e-01 -5.178094e-03 7.513918e-01
6.060606e-02 8.585859e-01 -7.489662e-01 -5.170941e-03 7.437953e-01
7.070707e-02 8.585859e-01 -7.414390e-01 -5.180061e-03 7.362589e-01
8.080808e-02 8.585859e-01 -7.339874e-01 -5.170643e-03 7.288168e-01
9.090909e-02 8.585859e-01 -7.266107e-01 -5.177855e-03 7.214329e-01
1.010101e-01 8.585859e-01 -7.193081e-01 -5.178094e-03 7.141301e-01
1.111111e-01 8.585859e-01 -7.120790e-01 -5.181074e-03 7.068979e-01
1.212121e-01 8.585859e-01 -7.049225e-01 -5.179077e-03 6.997434e-01
1.313131e-01 8.585859e-01 -6.978379e-01 -5.181104e-03 6.926568e-01
1.414141e-01 8.585859e-01 -6.908245e-01 -5.173981e-03 6.856505e-01
1.515152e-01 8.585859e-01 -6.838816e-01 -5.172729e-03 6.787089e-01
1.616162e-01 8.585859e-01 -6.770085e-01 -5.178869e-03 6.718296e-01
1.717172e-01 8.585859e-01 -6.702044e-01 -5.175054e-03 6.650294e-01
1.818182e-01 8.585859e-01 -6.634688e-01 -5.177945e-03 6.582908e-01
1.919192e-01 8.585859e-01 -6.568008e-01 -5.179107e-03 6.516217e-01
2.020202e-01 8.585859e-01 -6.501998e-01 -5.176425e-03 6.450234e-01
2.121212e-01 8.585859e-01 -6.436652e-01 -5.179077e-03 6.384861e-01
2.222222e-01 8.585859e-01 -6.371963e-01 -5.171776e-03 6.320245e-01
2.323232e-01 8.585859e-01 -6.307923e-01 -5.176485e-03 6.256159e-01
2.424242e-01 8.585859e-01 -6.244528e-01 -5.179256e-03 6.192735e-01
2.525253e-01 8.585859e-01 -6.181769e-01 -5.171925e-03 6.130050e-01
2.626263e-01 8.585859e-01 -6.119641e-01 -5.175471e-03 6.067887e-01
2.727273e-01 8.585859e-01 -6.058138e-01 -5.177855e-03 6.006359e-01
2.828283e-01 8.585859e-01 -5.997253e-01 -5.177528e-03 5.945477e-01
2.929293e-01 8.585859e-01 -5.936979e-01 -5.185008e-03 5.885129e-01
3.030303e-01 8.585859e-01 -5.877312e-01 -5.181968e-03 5.825492e-01
3.131313e-01 8.585859e-01 -5.818244e-01 -5.176485e-03 5.766479e-01
3.232323e-01 8.585859e-01 -5.759769e-01 -5.176902e-03 5.708000e-01
3.333333e-01 8.585859e-01 -5.701883e-01 -5.173802e-03 5.650145e-01
3.434343e-01 8.585859e-01 -5.644578e-01 -5.175680e-03 5.592821e-01
3.535354e-01 8.585859e-01 -5.587849e-01 -5.176693e-03 5.536082e-01
3.636364e-01 8.585859e-01 -5.531690e-01 -5.183071e-03 5.479859e-01
3.737374e-01 8.585859e-01 -5.476096e-01 -5.186945e-03 5.424226e-01
3.838384e-01 8.585859e-01 -5.421060e-01 -5.174935e-03 5.369311e-01
3.939394e-01 8.585859e-01 -5.366577e-01 -5.170286e-03 5.314875e-01
4.040404e-01 8.585859e-01 -5.312642e-01 -5.175918e-03 5.260883e-01
4.141414e-01 8.585859e-01 -5.259250e-01 -5.179167e-03 5.207458e-01
4.242424e-01 8.585859e-01 -5.206393e-01 -5.178124e-03 5.154612e-01
4.343434e-01 8.585859e-01 -5.154068e-01 -5.185097e-03 5.102217e-01
4.444444e-01 8.585859e-01 -5.102269e-01 -5.172908e-03 5.050540e-01
4.545455e-01 8.585859e-01 -5.050990e-01 -5.177706e-03 4.999213e-01
4.646465e-01 8.585859e-01 -5.000227e-01 -5.177855e-03 4.948448e-01
4.747475e-01 8.585859e-01 -4.949974e-01 -5.177319e-03 4.898201e-01
4.848485e-01 8.585859e-01 -4.900226e-01 -5.172968e-03 4.848496e-01
4.949495e-01 8.585859e-01 -4.850978e-01 -5.180478e-03 4.799173e-01
5.050505e-01 8.585859e-01 -4.802225e-01 -5.175859e-03 4.750466e-01
5.151515e-01 8.585859e-01 -4.753961e-01 -5.175263e-03 4.702209e-01
5.252525e-01 8.585859e-01 -4.706183e-01 -5.180001e-03 4.654383e-01
5.353535e-01 8.585859e-01 -4.658885e-01 -5.174220e-03 4.607143e-01
5.454545e-01 8.585859e-01 -4.612063e-01 -5.176961e-03 4.560293e-01
5.555556e-01 8.585859e-01 -4.565711e-01 -5.175442e-03 4.513956e-01
5.656566e-01 8.585859e-01 -4.519825e-01 -5.171388e-03 4.468111e-01
5.757576e-01 8.585859e-01 -4.474400e-01 -5.179077e-03 4.422609e-01
5.858586e-01 8.585859e-01 -4.429431e-01 -5.179644e-03 4.377635e-01
5.959596e-01 8.585859e-01 -4.384915e-01 -5.179197e-03 4.333123e-01
6.060606e-01 8.585859e-01 -4.340846e-01 -5.179554e-03 4.289050e-01
6.161616e-01 8.585859e-01 -4.297219e-01 -5.172968e-03 4.245490e-01
6.262626e-01 8.585859e-01 -4.254032e-01 -5.181491e-03 4.202217e-01
6.363636e-01 8.585859e-01 -4.211278e-01 -5.179107e-03 4.159487e-01
6.464646e-01 8.585859e-01 -4.168954e-01 -5.175263e-03 4.117201e-01
6.565657e-01 8.585859e-01 -4.127055e-01 -5.180746e-03 4.075248e-01
6.666667e-01 8.585859e-01 -4.085578e-01 -5.177706e-03 4.033800e-01
6.767677e-01 8.585859e-01 -4.044517e-01 -5.181074e-03 3.992706e-01
6.868687e-01 8.585859e-01 -4.003869e-01 -5.174756e-03 3.952121e-01
6.969697e-01 8.585859e-01 -3.963629e-01 -5.175382e-03 3.911875e-01
7.070707e-01 8.585859e-01 -3.923794e-01 -5.177885e-03 3.872015e-01
7.171717e-01 8.585859e-01 -3.884359e-01 -5.178690e-03 3.832572e-01
7.272727e-01 8.585859e-01 -3.845321e-01 -5.168289e-03 3.793638e-01
7.373737e-01 8.585859e-01 -3.806675e-01 -5.176127e-03 3.754913e-01
7.474747e-01 8.585859e-01 -3.768417e-01 -5.177796e-03 3.716639e-01
7.575758e-01 8.585859e-01 -3.730544e-01 -5.177617e-03 3.678768e-01
7.676768e-01 8.585859e-01 -3.693051e-01 -5.183667e-03 3.641215e-01
7.777778e-01 8.585859e-01 -3.655935e-01 -5.178392e-03 3.604151e-01
7.878788e-01 8.585859e-01 -3.619193e-01 -5.175412e-03 3.567439e-01
7.979798e-01 8.585859e-01 -3.582819e-01 -5.178034e-03 3.531039e-01
8.080808e-01 8.585859e-01 -3.546811e-01 -5.178809e-03 3.495023e-01
8.181818e-01 8.585859e-01 -3.511165e-01 -5.173296e-03 3.459432e-01
8.282828e-01 8.585859e-01 -3.475877e-01 -5.181670e-03 3.424061e-01
8.383838e-01 8.585859e-01 -3.440944e-01 -5.177379e-03 3.389170e-01
8.484848e-01 8.585859e-01 -3.406362e-01 -5.180836e-03 3.354554e-01
8.585859e-01 8.585859e-01 -3.372128e-01 -5.176097e-03 3.320367e-01
8.686869e-01 8.585859e-01 -3.338237e-01 -5.174190e-03 3.286495e-01
8.787879e-01 8.585859e-01 -3.304687e-01 -5.178571e-03 3.252902e-01
8.888889e-01 8.585859e-01 -3.271475e-01 -5.179644e-03 3.219678e-01
8.989899e-01 8.585859e-01 -3.238596e-01 -5.178362e-03 3.186812e-01
9.090909e-01 8.585859e-01 -3.206047e-01 -5.180061e-03 3.154247e-01
9.191919e-01 8.585859e-01 -3.173826e-01 -5.178273e-03 3.122043e-01
9.292929e-01 8.585859e-01 -3.141929e-01 -5.172640e-03 3.090202e-01
9.393939e-01 8.585859e-01 -3.110352e-01 -5.178988e-03 3.058562e-01
9.494949e-01 8.585859e-01 -3.079092e-01 -5.177021e-03 3.027322e-01
9.595960e-01 8.585859e-01 -3.048147e-01 -5.184412e-03 2.996303e-01
9.696970e-01 8.585859e-01 -3.017512e-01 -5.184501e-03 2.965667e-01
9.797980e-01 8.585859e-01 -2.987186e-01 -5.171329e-03 2.935473e-01
9.898990e-01 8.585859e-01 -2.957164e-01 -5.177557e-03 2.905389e-01
1.000000e+00 8.585859e-01 -2.927444e-01 -5.175173e-03 2.875692e-01
0.000000e+00 8.686869e-01 8.814534e-01 -5.175442e-03 8.866288e-01
1.010101e-02 8.686869e-01 8.725946e-01 -5.175829e-03 8.777704e-01
2.020202e-02 8.686869e-01 8.638249e-01 -5.180836e-03 8.690057e-01
3.030303e-02 8.686869e-01 8.551433e-01 -5.179673e-03 8.603230e-01
4.040404e-02 8.686869e-01 8.465490e-01 -5.172819e-03 8.517218e-01
5.050505e-02 8.686869e-01 8.380410e-01 -5.175054e-03 8.432161e-01
6.060606e-02 8.686869e-01 8.296186e-01 -5.177140e-03 8.347957e-01
7.070707e-02 8.686869e-01 8.212808e-01 -5.179703e-03 8.264605e-01
8.080808e-02 8.686869e-01 8.130268e-01 -5.181938e-03 8.182087e-01
9.090909e-02 8.686869e-01 8.048557e-01 -5.172193e-03 8.100279e-01
1.010101e-01 8.686869e-01 7.967668e-01 -5.178630e-03 8.019454e-01
1.111111e-01 8.686869e-01 7.887591e-01 -5.175322e-03 7.939344e-01
1.212121e-01 8.686869e-01 7.808320e-01 -5.181789e-03 7.860138e-01
1.313131e-01 8.686869e-01 7.729845e-01 -5.176634e-03 7.781611e-01
1.414141e-01 8.686869e-01 7.652159e-01 -5.177945e-03 7.703938e-01
1.515152e-01 8.686869e-01 7.575253e-01 -5.180418e-03 7.627057e-01
1.616162e-01 8.686869e-01 7.499120e-01 -5.176961e-03 7.550890e-01
1.717172e-01 8.686869e-01 7.423753e-01 -5.175531e-03 7.475508e-01
1.818182e-01 8.686869e-01 7.349143e-01 -5.180687e-03 7.400950e-01
1.919192e-01 8.686869e-01 7.275283e-01 -5.177498e-03 7.327058e-01
2.020202e-01 8.686869e-01 7.202165e-01 -5.178779e-03 7.253953e-01
2.121212e-01 8.686869e-01 7.129782e-01 -5.179256e-03 7.181575e-01
2.222222e-01 8.686869e-01 7.058127e-01 -5.180120e-03 7.109928e-01
2.323232e-01 8.686869e-01 6.987191e-01 -5.174339e-03 7.038935e-01
2.424242e-01 8.686869e-01 6.916969e-01 -5.174756e-03 6.968717e-01
2.525253e-01 8.686869e-01 6.847452e-01 -5.174935e-03 6.899202e-01
2.626263e-01 8.686869e-01 6.778634e-01 -5.175292e-03 6.830387e-01
2.727273e-01 8.686869e-01 6.710508e-01 -5.177975e-03 6.762288e-01
2.828283e-01 8.686869e-01 6.643066e-01 -5.178452e-03 6.694851e-01
2.929293e-01 8.686869e-01 6.576302e-01 -5.174577e-03 6.628048e-01
3.030303e-01 8.686869e-01 6.510209e-01 -5.176306e-03 6.561972e-01
3.131313e-01 8.686869e-01 6.444781e-01 -5.175829e-03 6.496539e-01
3.232323e-01 8.686869e-01 6.380009e-01 -5.185932e-03 6.431869e-01
3.333333e-01 8.686869e-01 6.315889e-01 -5.178422e-03 6.367674e-01
3.434343e-01 8.686869e-01 6.252414e-01 -5.174905e-03 6.304163e-01
3.535354e-01 8.686869e-01 6.189576e-01 -5.182445e-03 6.241400e-01
3.636364e-01 8.686869e-01 6.127370e-01 -5.177617e-03 6.179146e-01
3.737374e-01 8.686869e-01 6.065788e-01 -5.174428e-03 6.117533e-01
3.838384e-01 8.686869e-01 6.004826e-01 -5.179524e-03 6.056622e-01
3.939394e-01 8.686869e-01 5.944477e-01 -5.173147e-03 5.996208e-01
4.040404e-01 8.686869e-01 5.884734e-01 -5.168557e-03 5.936419e-01
4.141414e-01 8.686869e-01 5.825591e-01 -5.181432e-03 5.877406e-01
4.242424e-01 8.686869e-01 5.767043e-01 -5.179107e-03 5.818834e-01
4.343434e-01 8.686869e-01 5.709083e-01 -5.176991e-03 5.760853e-01
4.444444e-01 8.686869e-01 5.651706e-01 -5.176604e-03 5.703472e-01
4.545455e-01 8.686869e-01 5.594906e-01 -5.178511e-03 5.646691e-01
4.646465e-01 8.686869e-01 5.538676e-01 -5.172610e-03 5.590402e-01
4.747475e-01 8.686869e-01 5.483011e-01 -5.177528e-03 5.534786e-01
4.848485e-01 8.686869e-01 5.427906e-01 -5.179793e-03 5.479704e-01
4.949495e-01 8.686869e-01 5.373355e-01 -5.181670e-03 5.425171e-01
5.050505e-01 8.686869e-01 5.319352e-01 -5.175561e-03 5.371107e-01
5.151515e-01 8.686869e-01 5.265891e-01 -5.177766e-03 5.317669e-01
5.252525e-01 8.686869e-01 5.212968e-01 -5.181313e-03 5.264781e-01
5.353535e-01 8.686869e-01 5.160577e-01 -5.179644e-03 5.212373e-01
5.454545e-01 8.686869e-01 5.108712e-01 -5.181730e-03 5.160530e-01
5.555556e-01 8.686869e-01 5.057369e-01 -5.174756e-03 5.109116e-01
5.656566e-01 8.686869e-01 5.006541e-01 -5.169868e-03 5.058240e-01
5.757576e-01 8.686869e-01 4.956225e-01 -5.173355e-03 5.007958e-01
5.858586e-01 8.686869e-01 4.906414e-01 -5.178720e-03 4.958201e-01
5.959596e-01 8.686869e-01 4.857104e-01 -5.176157e-03 4.908865e-01
6.060606e-01 8.686869e-01 4.808289e-01 -5.179048e-03 4.860079e-01
6.161616e-01 8.686869e-01 4.759965e-01 -5.175263e-03 4.811718e-01
6.262626e-01 8.686869e-01 4.712126e-01 -5.177528e-03 4.763902e-01
6.363636e-01 8.686869e-01 4.664769e-01 -5.178183e-03 4.716551e-01
6.464646e-01 8.686869e-01 4.617887e-01 -5.168140e-03 4.669568e-01
6.565657e-01 8.686869e-01 4.571477e-01 -5.177021e-03 4.623247e-01
6.666667e-01 8.686869e-01 4.525532e-01 -5.179882e-03 4.577331e-01
6.767677e-01 8.686869e-01 4.480050e-01 -5.176425e-03 4.531814e-01
6.868687e-01 8.686869e-01 4.435025e-01 -5.175203e-03 4.486777e-01
6.969697e-01 8.686869e-01 4.390452e-01 -5.185425e-03 4.442306e-01
7.070707e-01 8.686869e-01 4.346327e-01 -5.174339e-03 4.398071e-01
7.171717e-01 8.686869e-01 4.302646e-01 -5.173147e-03 4.354378e-01
7.272727e-01 8.686869e-01 4.259404e-01 -5.178869e-03 4.311192e-01
7.373737e-01 8.686869e-01 4.216596e-01 -5.175769e-03 4.268354e-01
7.474747e-01 8.686869e-01 4.174219e-01 -5.178571e-03 4.226004e-01
7.575758e-01 8.686869e-01 4.132267e-01 -5.174726e-03 4.184014e-01
7.676768e-01 8.686869e-01 4.090737e-01 -5.173534e-03 4.142472e-01
7.777778e-01 8.686869e-01 4.049624e-01 -5.174220e-03 4.101367e-01
7.878788e-01 8.686869e-01 4.008925e-01 -5.177379e-03 4.060699e-01
7.979798e-01 8.686869e-01 3.968635e-01 -5.179107e-03 4.020426e-01
8.080808e-01 8.686869e-01 3.928749e-01 -5.178034e-03 3.980530e-01
8.181818e-01 8.686869e-01 3.889265e-01 -5.173624e-03 3.941001e-01
8.282828e-01 8.686869e-01 3.850177e-01 -5.189538e-03 3.902072e-01
8.383838e-01 8.686869e-01 3.811482e-01 -5.167037e-03 3.863152e-01
8.484848e-01 8.686869e-01 3.773176e-01 -5.175650e-03 3.824932e-01
8.585859e-01 8.686869e-01 3.735255e-01 -5.180955e-03 3.787064e-01
8.686869e-01 8.686869e-01 3.697715e-01 -5.177200e-03 3.749487e-01
8.787879e-01 8.686869e-01 3.660552e-01 -5.183548e-03 3.712388e-01
8.888889e-01 8.686869e-01 3.623763e-01 -5.178630e-03 3.675549e-01
8.989899e-01 8.686869e-01 3.587344e-01 -5.179912e-03 3.639143e-01
9.090909e-01 8.686869e-01 3.551290e-01 -5.181670e-03 3.603107e-01
9.191919e-01 8.686869e-01 3.515599e-01 -5.179584e-03 3.567395e-01
9.292929e-01 8.686869e-01 3.480267e-01 -5.180836e-03 3.532075e-01
9.393939e-01 8.686869e-01 3.445290e-01 -5.171388e-03 3.497003e-01
9.494949e-01 8.686869e-01 3.410664e-01 -5.173981e-03 3.462404e-01
9.595960e-01 8.686869e-01 3.376386e-01 -5.175114e-03 3.428137e-01
9.696970e-01 8.686869e-01 3.342453e-01 -5.182505e-03 3.394278e-01
9.797980e-01 8.686869e-01 3.308861e-01 -5.176067e-03 3.360621e-01
9.898990e-01 8.686869e-01 3.275606e-01 -5.181670e-03 3.327423e-01
1.000000e+00 8.686869e-01 3.242686e-01 -5.178511e-03 3.294471e-01
0.000000e+00 8.787879e-01 -9.450008e-01 -5.177945e-03 9.398229e-01
1.010101e-02 8.787879e-01 -9.355034e-01 -5.177200e-03 9.303262e-01
2.020202e-02 8.787879e-01 -9.261014e-01 -5.176336e-03 9.209251e-01
3.030303e-02 8.787879e-01 -9.167940e-01 -5.179256e-03 9.116147e-01
4.040404e-02 8.787879e-01 -9.075800e-01 -5.174190e-03 9.024058e-01
5.050505e-02 8.787879e-01 -8.984587e-01 -5.177975e-03 8.932807e-01
6.060606e-02 8.787879e-01 -8.894290e-01 -5.179405e-03 8.842496e-01
7.070707e-02 8.787879e-01 -8.804901e-01 -5.175889e-03 8.753142e-01
8.080808e-02 8.787879e-01 -8.716411e-01 -5.180299e-03 8.664608e-01
9.090909e-02 8.787879e-01 -8.628809e-01 -5.180746e-03 8.577002e-01
1.010101e-01 8.787879e-01 -8.542088e-01 -5.180150e-03 8.490287e-01
1.111111e-01 8.787879e-01 -8.456239e-01 -5.180836e-03 8.404431e-01
1.212121e-01 8.787879e-01 -8.371252e-01 -5.177528e-03 8.319477e-01
1.313131e-01 8.787879e-01 -8.287120e-01 -5.178362e-03 8.235336e-01
1.414141e-01 8.787879e-01 -8.203833e-01 -5.182087e-03 8.152012e-01
1.515152e-01 8.787879e-01 -8.121383e-01 -5.179465e-03 8.069588e-01
1.616162e-01 8.787879e-01 -8.039762e-01 -5.180269e-03 7.987959e-01
1.717172e-01 8.787879e-01 -7.958961e-01 -5.179971e-03 7.907161e-01
1.818182e-01 8.787879e-01 -7.878972e-01 -5.179822e-03 7.827174e-01
1.919192e-01 8.787879e-01 -7.799787e-01 -5.168796e-03 7.748099e-01
2.020202e-01 8.787879e-01 -7.721398e-01 -5.173028e-03 7.669667e-01
2.121212e-01 8.787879e-01 -7.643796e-01 -5.177051e-03 7.592026e-01
2.222222e-01 8.787879e-01 -7.566975e-01 -5.173713e-03 7.515238e-01
2.323232e-01 8.787879e-01 -7.490926e-01 -5.176902e-03 7.439157e-01
2.424242e-01 8.787879e-01 -7.415641e-01 -5.180538e-03 7.363835e-01
2.525253e-01 8.787879e-01 -7.341112e-01 -5.176425e-03 7.289348e-01
2.626263e-01 8.787879e-01 -7.267333e-01 -5.176872e-03 7.215564e-01
2.727273e-01 8.787879e-01 -7.194295e-01 -5.176783e-03 7.142527e-01
2.828283e-01 8.787879e-01 -7.121991e-01 -5.176574e-03 7.070225e-01
2.929293e-01 8.787879e-01 -7.050414e-01 -5.174160e-03 6.998672e-01
3.030303e-01 8.787879e-01 -6.979556e-01 -5.175084e-03 6.927805e-01
3.131313e-01 8.787879e-01 -6.909410e-01 -5.177706e-03 6.857633e-01
3.232323e-01 8.787879e-01 -6.839970e-01 -5.186409e-03 6.788105e-01
3.333333e-01 8.787879e-01 -6.771227e-01 -5.180538e-03 6.719421e-01
3.434343e-01 8.787879e-01 -6.703175e-01 -5.177051e-03 6.651404e-01
3.535354e-01 8.787879e-01 -6.635807e-01 -5.178541e-03 6.584021e-01
3.636364e-01 8.787879e-01 -6.569116e-01 -5.178779e-03 6.517328e-01
3.737374e-01 8.787879e-01 -6.503095e-01 -5.172014e-03 6.451375e-01
3.838384e-01 8.787879e-01 -6.437738e-01 -5.179465e-03 6.385943e-01
3.939394e-01 8.787879e-01 -6.373038e-01 -5.173445e-03 6.321303e-01
4.040404e-01 8.787879e-01 -6.308987e-01 -5.174607e-03 6.257241e-01
4.141414e-01 8.787879e-01 -6.245581e-01 -5.175114e-03 6.193830e-01
4.242424e-01 8.787879e-01 -6.182812e-01 -5.172014e-03 6.131092e-01
4.343434e-01 8.787879e-01 -6.120674e-01 -5.177557e-03 6.068898e-01
4.444444e-01 8.787879e-01 -6.059160e-01 -5.183101e-03 6.007329e-01
4.545455e-01 8.787879e-01 -5.998264e-01 -5.178392e-03 5.946480e-01
4.646465e-01 8.787879e-01 -5.937981e-01 -5.171597e-03 5.886265e-01
4.747475e-01 8.787879e-01 -5.878303e-01 -5.178154e-03 5.826522e-01
4.848485e-01 8.787879e-01 -5.819225e-01 -5.175710e-03 5.767468e-01
4.949495e-01 8.787879e-01 -5.760741e-01 -5.186856e-03 5.708872e-01
5.050505e-01 8.787879e-01 -5.702845e-01 -5.178988e-03 5.651055e-01
5.151515e-01 8.787879e-01 -5.645530e-01 -5.180329e-03 5.593727e-01
5.252525e-01 8.787879e-01 -5.588792e-01 -5.179763e-03 5.536994e-01
5.353535e-01 8.787879e-01 -5.532623e-01 -5.173653e-03 5.480887e-01
5.454545e-01 8.787879e-01 -5.477019e-01 -5.181849e-03 5.425201e-01
5.555556e-01 8.787879e-01 -5.421975e-01 -5.178958e-03 5.370185e-01
5.656566e-01 8.787879e-01 -5.367483e-01 -5.178630e-03 5.315696e-01
5.757576e-01 8.787879e-01 -5.313539e-01 -5.178809e-03 5.261751e-01
5.858586e-01 8.787879e-01 -5.260137e-01 -5.175263e-03 5.208384e-01
5.959596e-01 8.787879e-01 -5.207271e-01 -5.172372e-03 5.155548e-01
6.060606e-01 8.787879e-01 -5.154938e-01 -5.176365e-03 5.103174e-01
6.161616e-01 8.787879e-01 -5.103130e-01 -5.175829e-03 5.051371e-01
6.262626e-01 8.787879e-01 -5.051842e-01 -5.178243e-03 5.000060e-01
6.363636e-01 8.787879e-01 -5.001070e-01 -5.175829e-03 4.949312e-01
6.464646e-01 8.787879e-01 -4.950809e-01 -5.174100e-03 4.899068e-01
6.565657e-01 8.787879e-01 -4.901052e-01 -5.177438e-03 4.849278e-01
6.666667e-01 8.787879e-01 -4.851796e-01 -5.182564e-03 4.799970e-01
6.767677e-01 8.787879e-01 -4.803035e-01 -5.173147e-03 4.751303e-01
6.868687e-01 8.787879e-01 -4.754763e-01 -5.168974e-03 4.703074e-01
6.969697e-01 8.787879e-01 -4.706977e-01 -5.183727e-03 4.655140e-01
7.070707e-01 8.787879e-01 -4.659671e-01 -5.179316e-03 4.607878e-01
7.171717e-01 8.787879e-01 -4.612841e-01 -5.177230e-03 4.561068e-01
7.272727e-01 8.787879e-01 -4.566481e-01 -5.178839e-03 4.514693e-01
7.373737e-01 8.787879e-01 -4.520587e-01 -5.175382e-03 4.468833e-01
7.474747e-01 8.787879e-01 -4.475154e-01 -5.174994e-03 4.423404e-01
7.575758e-01 8.787879e-01 -4.430178e-01 -5.176842e-03 4.378410e-01
7.676768e-01 8.787879e-01 -4.385654e-01 -5.177140e-03 4.333883e-01
7.777778e-01 8.787879e-01 -4.341578e-01 -5.174637e-03 4.289831e-01
7.878788e-01 8.787879e-01 -4.297944e-01 -5.175292e-03 4.246191e-01
7.979798e-01 8.787879e-01 -4.254749e-01 -5.171061e-03 4.203039e-01
8.080808e-01 8.787879e-01 -4.211988e-01 -5.178124e-03 4.160207e-01
8.181818e-01 8.787879e-01 -4.169657e-01 -5.181968e-03 4.117837e-01
8.282828e-01 8.787879e-01 -4.127751e-01 -5.181015e-03 4.075941e-01
8.383838e-01 8.787879e-01 -4.086267e-01 -5.181372e-03 4.034453e-01
8.484848e-01 8.787879e-01 -4.045199e-01 -5.170584e-03 3.993493e-01
8.585859e-01 8.787879e-01 -4.004544e-01 -5.181909e-03 3.952725e-01
8.686869e-01 8.787879e-01 -3.964298e-01 -5.178243e-03 3.912515e-01
8.787879e-01 8.787879e-01 -3.924456e-01 -5.179405e-03 3.872662e-01
8.888889e-01 8.787879e-01 -3.885015e-01 -5.173624e-03 3.833278e-01
8.989899e-01 8.787879e-01 -3.845969e-01 -5.176723e-03 3.794202e-01
9.090909e-01 8.787879e-01 -3.807317e-01 -5.173266e-03 3.755584e-01
9.191919e-01 8.787879e-01 -3.769053e-01 -5.181819e-03 3.717234e-01
9.292929e-01 8.787879e-01 -3.731173e-01 -5.180091e-03 3.679372e-01
9.393939e-01 8.787879e-01 -3.693674e-01 -5.173683e-03 3.641937e-01
9.494949e-01 8.787879e-01 -3.656552e-01 -5.174190e-03 3.604810e-01
9.595960e-01 8.787879e-01 -3.619803e-01 -5.175650e-03 3.568047e-01
9.696970e-01 8.787879e-01 -3.583424e-01 -5.173445e-03 3.531689e-01
9.797980e-01 8.787879e-01 -3.547410e-01 -5.180597e-03 3.495604e-01
9.898990e-01 8.787879e-01 -3.511757e-01 -5.183518e-03 3.459922e-01
1.000000e+00 8.787879e-01 -3.476464e-01 -5.181670e-03 3.424647e-01
0.000000e+00 8.888889e-01 9.848078e-01 -5.179435e-03 9.899872e-01
1.010101e-02 8.888889e-01 9.749103e-01 -5.180418e-03 9.800907e-01
2.020202e-02 8.888889e-01 9.651123e-01 -5.176038e-03 9.702883e-01
3.030303e-02 8.888889e-01 9.554127e-01 -5.173296e-03 9.605860e-01
4.040404e-02 8.888889e-01 9.458107e-01 -5.176663e-03 9.509873e-01
5.050505e-02 8.888889e-01 9.363051e-01 -5.176574e-03 9.414817e-01
6.060606e-02 8.888889e-01 9.268951e-01 -5.171001e-03 9.320661e-01
7.070707e-02 8.888889e-01 9.175796e-01 -5.172163e-03 9.227518e-01
8.080808e-02 8.888889e-01 9.083578e-01 -5.178541e-03 9.135364e-01
9.090909e-02 8.888889e-01 8.992287e-01 -5.179256e-03 9.044079e-01
1.010101e-01 8.888889e-01 8.901913e-01 -5.176336e-03 8.953676e-01
1.111111e-01 8.888889e-01 8.812447e-01 -5.172491e-03 8.864172e-01
1.212121e-01 8.888889e-01 8.723880e-01 -5.172074e-03 8.775601e-01
1.313131e-01 8.888889e-01 8.636204e-01 -5.176574e-03 8.687970e-01
1.414141e-01 8.888889e-01 8.549409e-01 -5.180240e-03 8.601211e-01
1.515152e-01 8.888889e-01 8.463486e-01 -5.174756e-03 8.515233e-01
1.616162e-01 8.888889e-01 8.378426e-01 -5.181044e-03 8.430237e-01
1.717172e-01 8.888889e-01 8.294222e-01 -5.174190e-03 8.345964e-01
1.818182e-01 8.888889e-01 8.210863e-01 -5.173296e-03 8.262596e-01
1.919192e-01 8.888889e-01 8.128343e-01 -5.176365e-03 8.180106e-01
2.020202e-01 8.888889e-01 8.046652e-01 -5.170971e-03 8.098361e-01
2.121212e-01 8.888889e-01 7.965781e-01 -5.177617e-03 8.017558e-01
2.222222e-01 8.888889e-01 7.885724e-01 -5.179226e-03 7.937516e-01
2.323232e-01 8.888889e-01 7.806471e-01 -5.176514e-03 7.858236e-01
2.424242e-01 8.888889e-01 7.728015e-01 -5.173773e-03 7.779753e-01
2.525253e-01 8.888889e-01 7.650347e-01 -5.177915e-03 7.702126e-01
2.626263e-01 8.888889e-01 7.573460e-01 -5.176455e-03 7.625224e-01
2.727273e-01 8.888889e-01 7.497345e-01 -5.176753e-03 7.549113e-01
2.828283e-01 8.888889e-01 7.421996e-01 -5.183905e-03 7.473835e-01
2.929293e-01 8.888889e-01 7.347403e-01 -5.182147e-03 7.399225e-01
3.030303e-01 8.888889e-01 7.273561e-01 -5.174577e-03 7.325307e-01
3.131313e-01 8.888889e-01 7.200460e-01 -5.177915e-03 7.252239e-01
3.232323e-01 8.888889e-01 7.128094e-01 -5.173177e-03 7.179826e-01
3.333333e-01 8.888889e-01 7.056456e-01 -5.182683e-03 7.108283e-01
3.434343e-01 8.888889e-01 6.985537e-01 -5.177021e-03 7.037308e-01
3.535354e-01 8.888889e-01 6.915332e-01 -5.184472e-03 6.967176e-01
3.636364e-01 8.888889e-01 6.845831e-01 -5.180001e-03 6.897631e-01
3.737374e-01 8.888889e-01 6.777030e-01 -5.170405e-03 6.828734e-01
3.838384e-01 8.888889e-01 6.708919e-01 -5.178750e-03 6.760707e-01
3.939394e-01 8.888889e-01 6.641494e-01 -5.178630e-03 6.693280e-01
4.040404e-01 8.888889e-01 6.574745e-01 -5.176872e-03 6.626514e-01
4.141414e-01 8.888889e-01 6.508668e-01 -5.179971e-03 6.560468e-01
4.242424e-01 8.888889e-01 6.443255e-01 -5.178243e-03 6.495037e-01
4.343434e-01 8.888889e-01 6.378499e-01 -5.176187e-03 6.430261e-01
4.444444e-01 8.888889e-01 6.314394e-01 -5.173951e-03 6.366134e-01
4.545455e-01 8.888889e-01 6.250933e-01 -5.179048e-03 6.302724e-01
4.646465e-01 8.888889e-01 6.188111e-01 -5.175382e-03 6.239864e-01
4.747475e-01 8.888889e-01 6.125919e-01 -5.178094e-03 6.177700e-01
4.848485e-01 8.888889e-01 6.064353e-01 -5.180299e-03 6.116155e-01
4.949495e-01 8.888889e-01 6.003405e-01 -5.178869e-03 6.055193e-01
5.050505e-01 8.888889e-01 5.943070e-01 -5.168021e-03 5.994750e-01
5.151515e-01 8.888889e-01 5.883341e-01 -5.181938e-03 5.935160e-01
5.252525e-01 8.888889e-01 5.824212e-01 -5.176663e-03 5.875979e-01
5.353535e-01 8.888889e-01 5.765678e-01 -5.175173e-03 5.817430e-01
5.454545e-01 8.888889e-01 5.707732e-01 -5.177081e-03 5.759503e-01
5.555556e-01 8.888889e-01 5.650368e-01 -5.178869e-03 5.702157e-01
5.656566e-01 8.888889e-01 5.593581e-01 -5.176961e-03 5.645351e-01
5.757576e-01 8.888889e-01 5.537365e-01 -5.174935e-03 5.589114e-01
5.858586e-01 8.888889e-01 5.481713e-01 -5.178660e-03 5.533500e-01
5.959596e-01 8.888889e-01 5.426621e-01 -5.170345e-03 5.478325e-01
6.060606e-01 8.888889e-01 5.372083e-01 -5.173832e-03 5.423821e-01
6.161616e-01 8.888889e-01 5.318092e-01 -5.178034e-03 5.369873e-01
6.262626e-01 8.888889e-01 5.264645e-01 -5.178839e-03 5.316433e-01
6.363636e-01 8.888889e-01 5.211734e-01 -5.179465e-03 5.263529e-01
6.464646e-01 8.888889e-01 5.159355e-01 -5.181730e-03 5.211173e-01
6.565657e-01 8.888889e-01 5.107503e-01 -5.178869e-03 5.159292e-01
6.666667e-01 8.888889e-01 5.056172e-01 -5.176812e-03 5.107940e-01
6.767677e-01 8.888889e-01 5.005356e-01 -5.182534e-03 5.057182e-01
6.868687e-01 8.888889e-01 4.955052e-01 -5.183637e-03 5.006888e-01
6.969697e-01 8.888889e-01 4.905252e-01 -5.179048e-03 4.957043e-01
7.070707e-01 8.888889e-01 4.855954e-01 -5.173504e-03 4.907689e-01
7.171717e-01 8.888889e-01 4.807151e-01 -5.177081e-03 4.858922e-01
7.272727e-01 8.888889e-01 4.758838e-01 -5.183637e-03 4.810674e-01
7.373737e-01 8.888889e-01 4.711011e-01 -5.176276e-03 4.762774e-01
7.474747e-01 8.888889e-01 4.663665e-01 -5.181432e-03 4.715479e-01
7.575758e-01 8.888889e-01 4.616794e-01 -5.176067e-03 4.668555e-01
7.676768e-01 8.888889e-01 4.570394e-01 -5.181551e-03 4.622210e-01
7.777778e-01 8.888889e-01 4.524461e-01 -5.175859e-03 4.576220e-01
7.878788e-01 8.888889e-01 4.478990e-01 -5.178750e-03 4.530777e-01
7.979798e-01 8.888889e-01 4.433975e-01 -5.170703e-03 4.485682e-01
8.080808e-01 8.888889e-01 4.389413e-01 -5.175829e-03 4.441171e-01
8.181818e-01 8.888889e-01 4.345298e-01 -5.179644e-03 4.397095e-01
8.282828e-01 8.888889e-01 4.301627e-01 -5.181193e-03 4.353439e-01
8.383838e-01 8.888889e-01 4.258395e-01 -5.177140e-03 4.310167e-01
8.484848e-01 8.888889e-01 4.215598e-01 -5.174696e-03 4.267345e-01
8.585859e-01 8.888889e-01 4.173230e-01 -5.177379e-03 4.225004e-01
8.686869e-01 8.888889e-01 4.131289e-01 -5.191743e-03 4.183206e-01
8.787879e-01 8.888889e-01 4.089769e-01 -5.182683e-03 4.141595e-01
8.888889e-01 8.888889e-01 4.048666e-01 -5.180687e-03 4.100473e-01
8.989899e-01 8.888889e-01 4.007976e-01 -5.172312e-03 4.059699e-01
9.090909e-01 8.888889e-01 3.967695e-01 -5.175859e-03 4.019454e-01
9.191919e-01 8.888889e-01 3.927819e-01 -5.171686e-03 3.979536e-01
9.292929e-01 8.888889e-01 3.888344e-01 -5.178511e-03 3.940129e-01
9.393939e-01 8.888889e-01 3.849265e-01 -5.181044e-03 3.901076e-01
9.494949e-01 8.888889e-01 3.810580e-01 -5.180299e-03 3.862383e-01
9.595960e-01 8.888889e-01 3.772283e-01 -5.176723e-03 3.824050e-01
9.696970e-01 8.888889e-01 3.734371e-01 -5.159706e-03 3.785968e-01
9.797980e-01 8.888889e-01 3.696840e-01 -5.173981e-03 3.748579e-01
9.898990e-01 8.888889e-01 3.659686e-01 -5.179137e-03 3.711477e-01
1.000000e+00 8.888889e-01 3.622905e-01 -5.181342e-03 3.674719e-01
0.000000e+00 8.989899e-01 -9.998741e-01 -5.182981e-03 9.946911e-01
1.010101e-02 8.989899e-01 -9.898252e-01 -5.180210e-03 9.846450e-01
2.020202e-02 8.989899e-01 -9.798773e-01 -5.179316e-03 9.746980e-01
3.030303e-02 8.989899e-01 -9.700294e-01 -5.173087e-03 9.648563e-01
4.040404e-02 8.989899e-01 -9.602804e-01 -5.179077e-03 9.551014e-01
5.050505e-02 8.989899e-01 -9.506295e-01 -5.177855e-03 9.454516e-01
6.060606e-02 8.989899e-01 -9.410755e-01 -5.178988e-03 9.358965e-01
7.070707e-02 8.989899e-01 -9.316175e-01 -5.178690e-03 9.264388e-01
8.080808e-02 8.989899e-01 -9.222546e-01 -5.174398e-03 9.170802e-01
9.090909e-02 8.989899e-01 -9.129858e-01 -5.178839e-03 9.078069e-01
1.010101e-01 8.989899e-01 -9.038101e-01 -5.179614e-03 8.986305e-01
1.111111e-01 8.989899e-01 -8.947267e-01 -5.175143e-03 8.895515e-01
1.212121e-01 8.989899e-01 -8.857345e-01 -5.180299e-03 8.805542e-01
1.313131e-01 8.989899e-01 -8.768328e-01 -5.181342e-03 8.716514e-01
1.414141e-01 8.989899e-01 -8.680204e-01 -5.170017e-03 8.628504e-01
1.515152e-01 8.989899e-01 -8.592967e-01 -5.174905e-03 8.541218e-01
1.616162e-01 8.989899e-01 -8.506606e-01 -5.179584e-03 8.454810e-01
1.717172e-01 8.989899e-01 -8.421113e-01 -5.175054e-03 8.369363e-01
1.818182e-01 8.989899e-01 -8.336480e-01 -5.177557e-03 8.284704e-01
1.919192e-01 8.989899e-01 -8.252697e-01 -5.177587e-03 8.200921e-01
2.020202e-01 8.989899e-01 -8.169756e-01 -5.176246e-03 8.117993e-01
2.121212e-01 8.989899e-01 -8.087648e-01 -5.174816e-03 8.035900e-01
2.222222e-01 8.989899e-01 -8.006366e-01 -5.182564e-03 7.954540e-01
2.323232e-01 8.989899e-01 -7.925901e-01 -5.175978e-03 7.874141e-01
2.424242e-01 8.989899e-01 -7.846244e-01 -5.180836e-03 7.794436e-01
2.525253e-01 8.989899e-01 -7.767388e-01 -5.179346e-03 7.715595e-01
2.626263e-01 8.989899e-01 -7.689325e-01 -5.171686e-03 7.637608e-01
2.727273e-01 8.989899e-01 -7.612046e-01 -5.173147e-03 7.560314e-01
2.828283e-01 8.989899e-01 -7.535543e-01 -5.173683e-03 7.483806e-01
2.929293e-01 8.989899e-01 -7.459810e-01 -5.181283e-03 7.407997e-01
3.030303e-01 8.989899e-01 -7.384837e-01 -5.179942e-03 7.333038e-01
3.131313e-01 8.989899e-01 -7.310619e-01 -5.174607e-03 7.258873e-01
3.232323e-01 8.989899e-01 -7.237146e-01 -5.173832e-03 7.185407e-01
3.333333e-01 8.989899e-01 -7.164411e-01 -5.178809e-03 7.112623e-01
3.434343e-01 8.989899e-01 -7.092408e-01 -5.177200e-03 7.040636e-01
3.535354e-01 8.989899e-01 -7.021128e-01 -5.176008e-03 6.969368e-01
3.636364e-01 8.989899e-01 -6.950564e-01 -5.175948e-03 6.898805e-01
3.737374e-01 8.989899e-01 -6.880710e-01 -5.177259e-03 6.828937e-01
3.838384e-01 8.989899e-01 -6.811558e-01 -5.177110e-03 6.759787e-01
3.939394e-01 8.989899e-01 -6.743100e-01 -5.176902e-03 6.691331e-01
4.040404e-01 8.989899e-01 -6.675331e-01 -5.177855e-03 6.623553e-01
4.141414e-01 8.989899e-01 -6.608243e-01 -5.182385e-03 6.556419e-01
4.242424e-01 8.989899e-01 -6.541829e-01 -5.177855e-03 6.490050e-01
4.343434e-01 8.989899e-01 -6.476083e-01 -5.175412e-03 6.424328e-01
4.444444e-01 8.989899e-01 -6.410997e-01 -5.172700e-03 6.359270e-01
4.545455e-01 8.989899e-01 -6.346565e-01 -5.177110e-03 6.294794e-01
4.646465e-01 8.989899e-01 -6.282781e-01 -5.182445e-03 6.230957e-01
4.747475e-01 8.989899e-01 -6.219638e-01 -5.179495e-03 6.167843e-01
4.848485e-01 8.989899e-01 -6.157130e-01 -5.174160e-03 6.105388e-01
4.949495e-01 8.989899e-01 -6.095250e-01 -5.174994e-03 6.043500e-01
5.050505e-01 8.989899e-01 -6.033991e-01 -5.179465e-03 5.982197e-01
5.151515e-01 8.989899e-01 -5.973349e-01 -5.183637e-03 5.921512e-01
5.252525e-01 8.989899e-01 -5.913316e-01 -5.177885e-03 5.861537e-01
5.353535e-01 8.989899e-01 -5.853886e-01 -5.185843e-03 5.802027e-01
5.454545e-01 8.989899e-01 -5.795053e-01 -5.176127e-03 5.743292e-01
5.555556e-01 8.989899e-01 -5.736812e-01 -5.177766e-03 5.685034e-01
5.656566e-01 8.989899e-01 -5.679156e-01 -5.174607e-03 5.627410e-01
5.757576e-01 8.989899e-01 -5.622080e-01 -5.172282e-03 5.570357e-01
5.858586e-01 8.989899e-01 -5.565577e-01 -5.178601e-03 5.513791e-01
5.959596e-01 8.989899e-01 -5.509642e-01 -5.179524e-03 5.457847e-01
6.060606e-01 8.989899e-01 -5.454269e-01 -5.178779e-03 5.402481e-01
6.161616e-01 8.989899e-01 -5.399453e-01 -5.171537e-03 5.347737e-01
6.262626e-01 8.989899e-01 -5.345187e-01 -5.172908e-03 5.293458e-01
6.363636e-01 8.989899e-01 -5.291467e-01 -5.173981e-03 5.239727e-01
6.464646e-01 8.989899e-01 -5.238287e-01 -5.183846e-03 5.186449e-01
6.565657e-01 8.989899e-01 -5.185641e-01 -5.184054e-03 5.133801e-01
6.666667e-01 8.989899e-01 -5.133525e-01 -5.178064e-03 5.081744e-01
6.767677e-01 8.989899e-01 -5.081932e-01 -5.176425e-03 5.030168e-01
6.868687e-01 8.989899e-01 -5.030858e-01 -5.177706e-03 4.979081e-01
6.969697e-01 8.989899e-01 -4.980297e-01 -5.175948e-03 4.928537e-01
7.070707e-01 8.989899e-01 -4.930244e-01 -5.175352e-03 4.878491e-01
7.171717e-01 8.989899e-01 -4.880694e-01 -5.183369e-03 4.828861e-01
7.272727e-01 8.989899e-01 -4.831643e-01 -5.175263e-03 4.779890e-01
7.373737e-01 8.989899e-01 -4.783084e-01 -5.176693e-03 4.731317e-01
7.474747e-01 8.989899e-01 -4.735013e-01 -5.174398e-03 4.683269e-01
7.575758e-01 8.989899e-01 -4.687425e-01 -5.175740e-03 4.635668e-01
7.676768e-01 8.989899e-01 -4.640316e-01 -5.180836e-03 4.588508e-01
7.777778e-01 8.989899e-01 -4.593680e-01 -5.176425e-03 4.541916e-01
7.878788e-01 8.989899e-01 -4.547513e-01 -5.179673e-03 4.495716e-01
7.979798e-01 8.989899e-01 -4.501809e-01 -5.179703e-03 4.450012e-01
8.080808e-01 8.989899e-01 -4.456566e-01 -5.175471e-03 4.404811e-01
8.181818e-01 8.989899e-01 -4.411776e-01 -5.181432e-03 4.359962e-01
8.282828e-01 8.989899e-01 -4.367437e-01 -5.173385e-03 4.315703e-01
8.383838e-01 8.989899e-01 -4.323544e-01 -5.181402e-03 4.271730e-01
8.484848e-01 8.989899e-01 -4.280091e-01 -5.180597e-03 4.228285e-01
8.585859e-01 8.989899e-01 -4.237076e-01 -5.169958e-03 4.185376e-01
8.686869e-01 8.989899e-01 -4.194492e-01 -5.178630e-03 4.142706e-01
8.787879e-01 8.989899e-01 -4.152337e-01 -5.177885e-03 4.100558e-01
8.888889e-01 8.989899e-01 -4.110605e-01 -5.180359e-03 4.058802e-01
8.989899e-01 8.989899e-01 -4.069293e-01 -5.179495e-03 4.017498e-01
9.090909e-01 8.989899e-01 -4.028396e-01 -5.175769e-03 3.976638e-01
9.191919e-01 8.989899e-01 -3.987910e-01 -5.177110e-03 3.936139e-01
9.292929e-01 8.989899e-01 -3.947831e-01 -5.175501e-03 3.896076e-01
9.393939e-01 8.989899e-01 -3.908155e-01 -5.180329e-03 3.856351e-01
9.494949e-01 8.989899e-01 -3.868877e-01 -5.171359e-03 3.817163e-01
9.595960e-01 8.989899e-01 -3.829994e-01 -5.180538e-03 3.778189e-01
9.696970e-01 8.989899e-01 -3.791502e-01 -5.176723e-03 3.739735e-01
9.797980e-01 8.989899e-01 -3.753397e-01 -5.173564e-03 3.701661e-01
9.898990e-01 8.989899e-01 -3.715674e-01 -5.182475e-03 3.663850e-01
1.000000e+00 8.989899e-01 -3.678331e-01 -5.177528e-03 3.626556e-01
0.000000e+00 9.090909e-01 9.898214e-01 -5.178571e-03 9.950000e-01
1.010101e-02 9.090909e-01 9.798736e-01 -5.171865e-03 9.850454e-01
2.020202e-02 9.090909e-01 9.700257e-01 -5.183160e-03 9.752088e-01
3.030303e-02 9.090909e-01 9.602768e-01 -5.181432e-03 9.654582e-01
4.040404e-02 9.090909e-01 9.506258e-01 -5.175412e-03 9.558012e-01
5.050505e-02 9.090909e-01 9.410719e-01 -5.178690e-03 9.462506e-01
6.060606e-02 9.090909e-01 9.316139e-01 -5.176961e-03 9.367909e-01
7.070707e-02 9.090909e-01 9.222511e-01 -5.177200e-03 9.274283e-01
8.080808e-02 9.090909e-01 9.129823e-01 -5.179435e-03 9.181617e-01
9.090909e-02 9.090909e-01 9.038067e-01 -5.182862e-03 9.089895e-01
1.010101e-01 9.090909e-01 8.947233e-01 -5.169541e-03 8.998928e-01
1.111111e-01 9.090909e-01 8.857311e-01 -5.174816e-03 8.909060e-01
1.212121e-01 9.090909e-01 8.768294e-01 -5.178481e-03 8.820079e-01
1.313131e-01 9.090909e-01 8.680171e-01 -5.178809e-03 8.731959e-01
1.414141e-01 9.090909e-01 8.592934e-01 -5.180120e-03 8.644735e-01
1.515152e-01 9.090909e-01 8.506574e-01 -5.181432e-03 8.558388e-01
1.616162e-01 9.090909e-01 8.421081e-01 -5.180299e-03 8.472884e-01
1.717172e-01 9.090909e-01 8.336448e-01 -5.170554e-03 8.388153e-01
1.818182e-01 9.090909e-01 8.252665e-01 -5.177349e-03 8.304439e-01
1.919192e-01 9.090909e-01 8.169724e-01 -5.176812e-03 8.221493e-01
2.020202e-01 9.090909e-01 8.087617e-01 -5.178869e-03 8.139406e-01
2.121212e-01 9.090909e-01 8.006336e-01 -5.178273e-03 8.058118e-01
2.222222e-01 9.090909e-01 7.925871e-01 -5.182087e-03 7.977691e-01
2.323232e-01 9.090909e-01 7.846214e-01 -5.178720e-03 7.898001e-01
2.424242e-01 9.090909e-01 7.767358e-01 -5.184919e-03 7.819208e-01
2.525253e-01 9.090909e-01 7.689295e-01 -5.182385e-03 7.741119e-01
2.626263e-01 9.090909e-01 7.612016e-01 -5.173177e-03 7.663748e-01
2.727273e-01 9.090909e-01 7.535514e-01 -5.170673e-03 7.587221e-01
2.828283e-01 9.090909e-01 7.459781e-01 -5.177766e-03 7.511559e-01
2.929293e-01 9.090909e-01 7.384809e-01 -5.178511e-03 7.436594e-01
3.030303e-01 9.090909e-01 7.310591e-01 -5.182445e-03 7.362415e-01
3.131313e-01 9.090909e-01 7.237118e-01 -5.176276e-03 7.288881e-01
3.232323e-01 9.090909e-01 7.164384e-01 -5.177647e-03 7.216160e-01
3.333333e-01 9.090909e-01 7.092381e-01 -5.175024e-03 7.144131e-01
3.434343e-01 9.090909e-01 7.021101e-01 -5.165756e-03 7.072759e-01
3.535354e-01 9.090909e-01 6.950538e-01 -5.178899e-03 7.002327e-01
3.636364e-01 9.090909e-01 6.880684e-01 -5.178630e-03 6.932470e-01
3.737374e-01 9.090909e-01 6.811532e-01 -5.176544e-03 6.863297e-01
3.838384e-01 9.090909e-01 6.743075e-01 -5.179465e-03 6.794869e-01
3.939394e-01 9.090909e-01 6.675306e-01 -5.173326e-03 6.727039e-01
4.040404e-01 9.090909e-01 6.608218e-01 -5.170703e-03 6.659925e-01
4.141414e-01 9.090909e-01 6.541804e-01 -5.181283e-03 6.593617e-01
4.242424e-01 9.090909e-01 6.476058e-01 -5.180597e-03 6.527864e-01
4.343434e-01 9.090909e-01 6.410972e-01 -5.176753e-03 6.462740e-01
4.444444e-01 9.090909e-01 6.346541e-01 -5.177259e-03 6.398314e-01
4.545455e-01 9.090909e-01 6.282757e-01 -5.168617e-03 6.334443e-01
4.646465e-01 9.090909e-01 6.219614e-01 -5.176753e-03 6.271382e-01
4.747475e-01 9.090909e-01 6.157106e-01 -5.176455e-03 6.208871e-01
4.848485e-01 9.090909e-01 6.095226e-01 -5.176038e-03 6.146987e-01
4.949495e-01 9.090909e-01 6.033968e-01 -5.183846e-03 6.085807e-01
5.050505e-01 9.090909e-01 5.973326e-01 -5.177408e-03 6.025100e-01
5.151515e-01 9.090909e-01 5.913293e-01 -5.173355e-03 5.965027e-01
5.252525e-01 9.090909e-01 5.853863e-01 -5.180091e-03 5.905664e-01
5.353535e-01 9.090909e-01 5.795031e-01 -5.175203e-03 5.846783e-01
5.454545e-01 9.090909e-01 5.736790e-01 -5.178005e-03 5.788570e-01
5.555556e-01 9.090909e-01 5.679134e-01 -5.175948e-03 5.730894e-01
5.656566e-01 9.090909e-01 5.622058e-01 -5.182654e-03 5.673885e-01
5.757576e-01 9.090909e-01 5.565556e-01 -5.179167e-03 5.617347e-01
5.858586e-01 9.090909e-01 5.509621e-01 -5.180210e-03 5.561423e-01
5.959596e-01 9.090909e-01 5.454248e-01 -5.176544e-03 5.506014e-01
6.060606e-01 9.090909e-01 5.399432e-01 -5.174965e-03 5.451182e-01
6.161616e-01 9.090909e-01 5.345167e-01 -5.182058e-03 5.396987e-01
6.262626e-01 9.090909e-01 5.291447e-01 -5.185544e-03 5.343302e-01
6.363636e-01 9.090909e-01 5.238267e-01 -5.174041e-03 5.290008e-01
6.464646e-01 9.090909e-01 5.185622e-01 -5.167186e-03 5.237294e-01
6.565657e-01 9.090909e-01 5.133505e-01 -5.172610e-03 5.185231e-01
6.666667e-01 9.090909e-01 5.081913e-01 -5.178809e-03 5.133701e-01
6.767677e-01 9.090909e-01 5.030839e-01 -5.178630e-03 5.082625e-01
6.868687e-01 9.090909e-01 4.980278e-01 -5.180836e-03 5.032086e-01
6.969697e-01 9.090909e-01 4.930225e-01 -5.179614e-03 4.982021e-01
7.070707e-01 9.090909e-01 4.880676e-01 -5.169332e-03 4.932369e-01
7.171717e-01 9.090909e-01 4.831624e-01 -5.179375e-03 4.883418e-01
7.272727e-01 9.090909e-01 4.783065e-01 -5.174458e-03 4.834810e-01
7.373737e-01 9.090909e-01 4.734995e-01 -5.176514e-03 4.786760e-01
7.474747e-01 9.090909e-01 4.687407e-01 -5.176425e-03 4.739172e-01
7.575758e-01 9.090909e-01 4.640298e-01 -5.176246e-03 4.692061e-01
7.676768e-01 9.090909e-01 4.593662e-01 -5.170405e-03 4.645366e-01
7.777778e-01 9.090909e-01 4.547495e-01 -5.180895e-03 4.599304e-01
7.878788e-01 9.090909e-01 4.501792e-01 -5.181193e-03 4.553604e-01
7.979798e-01 9.090909e-01 4.456548e-01 -5.177766e-03 4.508326e-01
8.080808e-01 9.090909e-01 4.411759e-01 -5.174518e-03 4.463505e-01
8.181818e-01 9.090909e-01 4.367421e-01 -5.171716e-03 4.419138e-01
8.282828e-01 9.090909e-01 4.323527e-01 -5.180478e-03 4.375332e-01
8.383838e-01 9.090909e-01 4.280075e-01 -5.180299e-03 4.331878e-01
8.484848e-01 9.090909e-01 4.237060e-01 -5.180717e-03 4.288867e-01
8.585859e-01 9.090909e-01 4.194476e-01 -5.176008e-03 4.246236e-01
8.686869e-01 9.090909e-01 4.152321e-01 -5.177438e-03 4.204096e-01
8.787879e-01 9.090909e-01 4.110590e-01 -5.182505e-03 4.162415e-01
8.888889e-01 9.090909e-01 4.069278e-01 -5.181104e-03 4.121089e-01
8.989899e-01 9.090909e-01 4.028381e-01 -5.175412e-03 4.080135e-01
9.090909e-01 9.090909e-01 3.987895e-01 -5.179882e-03 4.039694e-01
9.191919e-01 9.090909e-01 3.947816e-01 -5.174965e-03 3.999565e-01
9.292929e-01 9.090909e-01 3.908140e-01 -5.172372e-03 3.959863e-01
9.393939e-01 9.090909e-01 3.868862e-01 -5.176634e-03 3.920628e-01
9.494949e-01 9.090909e-01 3.829979e-01 -5.184174e-03 3.881821e-01
9.595960e-01 9.090909e-01 3.791487e-01 -5.177557e-03 3.843263e-01
9.696970e-01 9.090909e-01 3.753382e-01 -5.178928e-03 3.805172e-01
9.797980e-01 9.090909e-01 3.715660e-01 -5.171984e-03 3.767380e-01
9.898990e-01 9.090909e-01 3.678317e-01 -5.173653e-03 3.730054e-01
1.000000e+00 9.090909e-01 3.641350e-01 -5.179942e-03 3.693149e-01
0.000000e+00 9.191919e-01 -9.549022e-01 -5.176663e-03 9.497256e-01
1.010101e-02 9.191919e-01 -9.453053e-01 -5.173892e-03 9.401314e-01
2.020202e-02 9.191919e-01 -9.358048e-01 -5.178034e-03 9.306268e-01
3.030303e-02 9.191919e-01 -9.263998e-01 -5.182624e-03 9.212172e-01
4.040404e-02 9.191919e-01 -9.170894e-01 -5.172908e-03 9.119165e-01
5.050505e-02 9.191919e-01 -9.078725e-01 -5.177855e-03 9.026946e-01
6.060606e-02 9.191919e-01 -8.987482e-01 -5.183488e-03 8.935647e-01
7.070707e-02 9.191919e-01 -8.897156e-01 -5.180657e-03 8.845350e-01
8.080808e-02 9.191919e-01 -8.807738e-01 -5.178094e-03 8.755958e-01
9.090909e-02 9.191919e-01 -8.719219e-01 -5.177647e-03 8.667443e-01
1.010101e-01 9.191919e-01 -8.631590e-01 -5.175471e-03 8.579835e-01
1.111111e-01 9.191919e-01 -8.544841e-01 -5.175531e-03 8.493085e-01
1.212121e-01 9.191919e-01 -8.458964e-01 -5.173206e-03 8.407232e-01
1.313131e-01 9.191919e-01 -8.373950e-01 -5.177349e-03 8.322176e-01
1.414141e-01 9.191919e-01 -8.289790e-01 -5.178809e-03 8.238002e-01
1.515152e-01 9.191919e-01 -8.206476e-01 -5.178660e-03 8.154690e-01
1.616162e-01 9.191919e-01 -8.124000e-01 -5.180329e-03 8.072197e-01
1.717172e-01 9.191919e-01 -8.042352e-01 -5.172104e-03 7.990631e-01
1.818182e-01 9.191919e-01 -7.961525e-01 -5.170763e-03 7.909818e-01
1.919192e-01 9.191919e-01 -7.881511e-01 -5.175471e-03 7.829756e-01
2.020202e-01 9.191919e-01 -7.802300e-01 -5.178452e-03 7.750516e-01
2.121212e-01 9.191919e-01 -7.723886e-01 -5.178005e-03 7.672106e-01
2.222222e-01 9.191919e-01 -7.646259e-01 -5.177021e-03 7.594489e-01
2.323232e-01 9.191919e-01 -7.569413e-01 -5.174607e-03 7.517667e-01
2.424242e-01 9.191919e-01 -7.493339e-01 -5.177855e-03 7.441561e-01
2.525253e-01 9.191919e-01 -7.418030e-01 -5.179524e-03 7.366235e-01
2.626263e-01 9.191919e-01 -7.343478e-01 -5.184174e-03 7.291636e-01
2.727273e-01 9.191919e-01 -7.269674e-01 -5.179107e-03 7.217883e-01
2.828283e-01 9.191919e-01 -7.196613e-01 -5.175084e-03 7.144862e-01
2.929293e-01 9.191919e-01 -7.124286e-01 -5.171180e-03 7.072574e-01
3.030303e-01 9.191919e-01 -7.052686e-01 -5.176485e-03 7.000921e-01
3.131313e-01 9.191919e-01 -6.981805e-01 -5.172580e-03 6.930079e-01
3.232323e-01 9.191919e-01 -6.911637e-01 -5.181134e-03 6.859825e-01
3.333333e-01 9.191919e-01 -6.842174e-01 -5.178064e-03 6.790393e-01
3.434343e-01 9.191919e-01 -6.773409e-01 -5.174309e-03 6.721665e-01
3.535354e-01 9.191919e-01 -6.705335e-01 -5.178601e-03 6.653549e-01
3.636364e-01 9.191919e-01 -6.637945e-01 -5.179018e-03 6.586155e-01
3.737374e-01 9.191919e-01 -6.571233e-01 -5.178750e-03 6.519445e-01
3.838384e-01 9.191919e-01 -6.505191e-01 -5.181253e-03 6.453378e-01
3.939394e-01 9.191919e-01 -6.439812e-01 -5.177587e-03 6.388036e-01
4.040404e-01 9.191919e-01 -6.375091e-01 -5.176276e-03 6.323328e-01
4.141414e-01 9.191919e-01 -6.311020e-01 -5.175114e-03 6.259269e-01
4.242424e-01 9.191919e-01 -6.247594e-01 -5.177110e-03 6.195822e-01
4.343434e-01 9.191919e-01 -6.184804e-01 -5.174935e-03 6.133055e-01
4.444444e-01 9.191919e-01 -6.122646e-01 -5.179673e-03 6.070849e-01
4.545455e-01 9.191919e-01 -6.061112e-01 -5.179316e-03 6.009319e-01
4.646465e-01 9.191919e-01 -6.000197e-01 -5.175531e-03 5.948442e-01
4.747475e-01 9.191919e-01 -5.939894e-01 -5.174816e-03 5.888146e-01
4.848485e-01 9.191919e-01 -5.880197e-01 -5.170166e-03 5.828496e-01
4.949495e-01 9.191919e-01 -5.821100e-01 -5.171925e-03 5.769381e-01
5.050505e-01 9.191919e-01 -5.762597e-01 -5.174309e-03 5.710854e-01
5.151515e-01 9.191919e-01 -5.704682e-01 -5.175173e-03 5.652930e-01
5.252525e-01 9.191919e-01 -5.647349e-01 -5.179942e-03 5.595550e-01
5.353535e-01 9.191919e-01 -5.590592e-01 -5.179286e-03 5.538799e-01
5.454545e-01 9.191919e-01 -5.534406e-01 -5.177259e-03 5.482633e-01
5.555556e-01 9.191919e-01 -5.478784e-01 -5.185276e-03 5.426932e-01
5.656566e-01 9.191919e-01 -5.423722e-01 -5.175024e-03 5.371971e-01
5.757576e-01 9.191919e-01 -5.369212e-01 -5.176365e-03 5.317449e-01
5.858586e-01 9.191919e-01 -5.315251e-01 -5.175412e-03 5.263497e-01
5.959596e-01 9.191919e-01 -5.261832e-01 -5.174875e-03 5.210083e-01
6.060606e-01 9.191919e-01 -5.208949e-01 -5.183637e-03 5.157113e-01
6.161616e-01 9.191919e-01 -5.156599e-01 -5.178869e-03 5.104810e-01
6.262626e-01 9.191919e-01 -5.104774e-01 -5.174071e-03 5.053033e-01
6.363636e-01 9.191919e-01 -5.053470e-01 -5.178720e-03 5.001683e-01
6.464646e-01 9.191919e-01 -5.002682e-01 -5.174428e-03 4.950938e-01
6.565657e-01 9.191919e-01 -4.952404e-01 -5.176783e-03 4.900636e-01
6.666667e-01 9.191919e-01 -4.902632e-01 -5.178303e-03 4.850849e-01
6.767677e-01 9.191919e-01 -4.853359e-01 -5.177855e-03 4.801581e-01
6.868687e-01 9.191919e-01 -4.804582e-01 -5.176395e-03 4.752818e-01
6.969697e-01 9.191919e-01 -4.756295e-01 -5.184114e-03 4.704454e-01
7.070707e-01 9.191919e-01 -4.708494e-01 -5.175263e-03 4.656741e-01
7.171717e-01 9.191919e-01 -4.661173e-01 -5.169094e-03 4.609482e-01
7.272727e-01 9.191919e-01 -4.614327e-01 -5.172908e-03 4.562598e-01
7.373737e-01 9.191919e-01 -4.567952e-01 -5.180061e-03 4.516152e-01
7.474747e-01 9.191919e-01 -4.522044e-01 -5.179495e-03 4.470249e-01
7.575758e-01 9.191919e-01 -4.476596e-01 -5.175591e-03 4.424841e-01
7.676768e-01 9.191919e-01 -4.431606e-01 -5.176812e-03 4.379838e-01
7.777778e-01 9.191919e-01 -4.387067e-01 -5.175859e-03 4.335309e-01
7.878788e-01 9.191919e-01 -4.342977e-01 -5.175382e-03 4.291223e-01
7.979798e-01 9.191919e-01 -4.299329e-01 -5.181491e-03 4.247514e-01
8.080808e-01 9.191919e-01 -4.256120e-01 -5.184829e-03 4.204272e-01
8.181818e-01 9.191919e-01 -4.213345e-01 -5.171299e-03 4.161632e-01
8.282828e-01 9.191919e-01 -4.171001e-01 -5.180746e-03 4.119193e-01
8.383838e-01 9.191919e-01 -4.129081e-01 -5.176604e-03 4.077315e-01
8.484848e-01 9.191919e-01 -4.087583e-01 -5.180478e-03 4.035779e-01
8.585859e-01 9.191919e-01 -4.046502e-01 -5.179346e-03 3.994709e-01
8.686869e-01 9.191919e-01 -4.005834e-01 -5.174220e-03 3.954092e-01
8.787879e-01 9.191919e-01 -3.965575e-01 -5.171299e-03 3.913862e-01
8.888889e-01 9.191919e-01 -3.925720e-01 -5.173296e-03 3.873988e-01
8.989899e-01 9.191919e-01 -3.886266e-01 -5.175591e-03 3.834510e-01
9.090909e-01 9.191919e-01 -3.847209e-01 -5.173057e-03 3.795478e-01
9.191919e-01 9.191919e-01 -3.808544e-01 -5.182981e-03 3.756714e-01
9.292929e-01 9.191919e-01 -3.770267e-01 -5.181313e-03 3.718454e-01
9.393939e-01 9.191919e-01 -3.732375e-01 -5.175769e-03 3.680618e-01
9.494949e-01 9.191919e-01 -3.694864e-01 -5.177319e-03 3.643091e-01
9.595960e-01 9.191919e-01 -3.657730e-01 -5.172253e-03 3.606008e-01
9.696970e-01 9.191919e-01 -3.620970e-01 -5.177408e-03 3.569195e-01
9.797980e-01 9.191919e-01 -3.584578e-01 -5.179465e-03 3.532784e-01
9.898990e-01 9.191919e-01 -3.548553e-01 -5.177855e-03 3.496774e-01
1.000000e+00 9.191919e-01 -3.512889e-01 -5.180627e-03 3.461083e-01
0.000000e+00 9.292929e-01 8.959938e-01 -5.177468e-03 9.011712e-01
1.010101e-02 9.292929e-01 8.869889e-01 -5.177438e-03 8.921663e-01
2.020202e-02 9.292929e-01 8.780745e-01 -5.174220e-03 8.832487e-01
3.030303e-02 9.292929e-01 8.692497e-01 -5.178273e-03 8.744280e-01
4.040404e-02 9.292929e-01 8.605136e-01 -5.177796e-03 8.656914e-01
5.050505e-02 9.292929e-01 8.518653e-01 -5.187094e-03 8.570524e-01
6.060606e-02 9.292929e-01 8.433039e-01 -5.177379e-03 8.484813e-01
7.070707e-02 9.292929e-01 8.348286e-01 -5.176544e-03 8.400051e-01
8.080808e-02 9.292929e-01 8.264384e-01 -5.182505e-03 8.316209e-01
9.090909e-02 9.292929e-01 8.181326e-01 -5.174607e-03 8.233072e-01
1.010101e-01 9.292929e-01 8.099102e-01 -5.178392e-03 8.150886e-01
1.111111e-01 9.292929e-01 8.017705e-01 -5.182356e-03 8.069528e-01
1.212121e-01 9.292929e-01 7.937125e-01 -5.174786e-03 7.988873e-01
1.313131e-01 9.292929e-01 7.857356e-01 -5.170465e-03 7.909061e-01
1.414141e-01 9.292929e-01 7.778388e-01 -5.177766e-03 7.830166e-01
1.515152e-01 9.292929e-01 7.700214e-01 -5.178988e-03 7.752004e-01
1.616162e-01 9.292929e-01 7.622826e-01 -5.175710e-03 7.674583e-01
1.717172e-01 9.292929e-01 7.546215e-01 -5.183935e-03 7.598054e-01
1.818182e-01 9.292929e-01 7.470374e-01 -5.170226e-03 7.522076e-01
1.919192e-01 9.292929e-01 7.395296e-01 -5.181521e-03 7.447111e-01
2.020202e-01 9.292929e-01 7.320972e-01 -5.172938e-03 7.372701e-01
2.121212e-01 9.292929e-01 7.247395e-01 -5.177975e-03 7.299175e-01
2.222222e-01 9.292929e-01 7.174557e-01 -5.172908e-03 7.226286e-01
2.323232e-01 9.292929e-01 7.102452e-01 -5.179375e-03 7.154246e-01
2.424242e-01 9.292929e-01 7.031071e-01 -5.178392e-03 7.082855e-01
2.525253e-01 9.292929e-01 6.960408e-01 -5.178332e-03 7.012191e-01
2.626263e-01 9.292929e-01 6.890454e-01 -5.175352e-03 6.942208e-01
2.727273e-01 9.292929e-01 6.821204e-01 -5.175769e-03 6.872962e-01
2.828283e-01 9.292929e-01 6.752650e-01 -5.181611e-03 6.804466e-01
2.929293e-01 9.292929e-01 6.684785e-01 -5.174696e-03 6.736532e-01
3.030303e-01 9.292929e-01 6.617601e-01 -5.175412e-03 6.669356e-01
3.131313e-01 9.292929e-01 6.551093e-01 -5.176723e-03 6.602861e-01
3.232323e-01 9.292929e-01 6.485254e-01 -5.173802e-03 6.536992e-01
3.333333e-01 9.292929e-01 6.420076e-01 -5.177796e-03 6.471854e-01
3.434343e-01 9.292929e-01 6.355553e-01 -5.175680e-03 6.407310e-01
3.535354e-01 9.292929e-01 6.291679e-01 -5.174607e-03 6.343425e-01
3.636364e-01 9.292929e-01 6.228446e-01 -5.181015e-03 6.280256e-01
3.737374e-01 9.292929e-01 6.165849e-01 -5.174816e-03 6.217598e-01
3.838384e-01 9.292929e-01 6.103882e-01 -5.184472e-03 6.155726e-01
3.939394e-01 9.292929e-01 6.042537e-01 -5.180240e-03 6.094339e-01
4.040404e-01 9.292929e-01 5.981808e-01 -5.170226e-03 6.033510e-01
4.141414e-01 9.292929e-01 5.921690e-01 -5.175769e-03 5.973448e-01
4.242424e-01 9.292929e-01 5.862176e-01 -5.176127e-03 5.913937e-01
4.343434e-01 9.292929e-01 5.803260e-01 -5.179077e-03 5.855051e-01
4.444444e-01 9.292929e-01 5.744936e-01 -5.177289e-03 5.796709e-01
4.545455e-01 9.292929e-01 5.687199e-01 -5.182177e-03 5.739021e-01
4.646465e-01 9.292929e-01 5.630042e-01 -5.176574e-03 5.681807e-01
4.747475e-01 9.292929e-01 5.573459e-01 -5.178213e-03 5.625241e-01
4.848485e-01 9.292929e-01 5.517444e-01 -5.179107e-03 5.569236e-01
4.949495e-01 9.292929e-01 5.461993e-01 -5.174816e-03 5.513741e-01
5.050505e-01 9.292929e-01 5.407099e-01 -5.175412e-03 5.458853e-01
5.151515e-01 9.292929e-01 5.352757e-01 -5.180031e-03 5.404557e-01
5.252525e-01 9.292929e-01 5.298961e-01 -5.187452e-03 5.350835e-01
5.353535e-01 9.292929e-01 5.245706e-01 -5.176306e-03 5.297469e-01
5.454545e-01 9.292929e-01 5.192985e-01 -5.171359e-03 5.244699e-01
5.555556e-01 9.292929e-01 5.140795e-01 -5.181760e-03 5.192613e-01
5.656566e-01 9.292929e-01 5.089129e-01 -5.178511e-03 5.140914e-01
5.757576e-01 9.292929e-01 5.037982e-01 -5.183250e-03 5.089815e-01
5.858586e-01 9.292929e-01 4.987350e-01 -5.175382e-03 5.039104e-01
5.959596e-01 9.292929e-01 4.937226e-01 -5.172342e-03 4.988950e-01
6.060606e-01 9.292929e-01 4.887606e-01 -5.175918e-03 4.939365e-01
6.161616e-01 9.292929e-01 4.838485e-01 -5.178809e-03 4.890273e-01
6.262626e-01 9.292929e-01 4.789857e-01 -5.179733e-03 4.841655e-01
6.363636e-01 9.292929e-01 4.741719e-01 -5.175829e-03 4.793477e-01
6.464646e-01 9.292929e-01 4.694064e-01 -5.182326e-03 4.745887e-01
6.565657e-01 9.292929e-01 4.646887e-01 -5.174160e-03 4.698629e-01
6.666667e-01 9.292929e-01 4.600185e-01 -5.169272e-03 4.651878e-01
6.767677e-01 9.292929e-01 4.553953e-01 -5.177200e-03 4.605725e-01
6.868687e-01 9.292929e-01 4.508185e-01 -5.172193e-03 4.559907e-01
6.969697e-01 9.292929e-01 4.462877e-01 -5.180597e-03 4.514683e-01
7.070707e-01 9.292929e-01 4.418024e-01 -5.175948e-03 4.469784e-01
7.171717e-01 9.292929e-01 4.373622e-01 -5.170822e-03 4.425330e-01
7.272727e-01 9.292929e-01 4.329667e-01 -5.172253e-03 4.381389e-01
7.373737e-01 9.292929e-01 4.286153e-01 -5.173206e-03 4.337885e-01
7.474747e-01 9.292929e-01 4.243076e-01 -5.180269e-03 4.294879e-01
7.575758e-01 9.292929e-01 4.200433e-01 -5.183190e-03 4.252265e-01
7.676768e-01 9.292929e-01 4.158218e-01 -5.177677e-03 4.209994e-01
7.777778e-01 9.292929e-01 4.116427e-01 -5.176783e-03 4.168195e-01
7.878788e-01 9.292929e-01 4.075056e-01 -5.171061e-03 4.126767e-01
7.979798e-01 9.292929e-01 4.034101e-01 -5.173862e-03 4.085840e-01
8.080808e-01 9.292929e-01 3.993558e-01 -5.175442e-03 4.045312e-01
8.181818e-01 9.292929e-01 3.953422e-01 -5.177021e-03 4.005192e-01
8.282828e-01 9.292929e-01 3.913689e-01 -5.181491e-03 3.965504e-01
8.383838e-01 9.292929e-01 3.874356e-01 -5.180836e-03 3.926164e-01
8.484848e-01 9.292929e-01 3.835418e-01 -5.174011e-03 3.887158e-01
8.585859e-01 9.292929e-01 3.796871e-01 -5.182981e-03 3.848701e-01
8.686869e-01 9.292929e-01 3.758712e-01 -5.174458e-03 3.810457e-01
8.787879e-01 9.292929e-01 3.720937e-01 -5.175024e-03 3.772687e-01
8.888889e-01 9.292929e-01 3.683541e-01 -5.171716e-03 3.735258e-01
8.989899e-01 9.292929e-01 3.646520e-01 -5.177677e-03 3.698297e-01
9.090909e-01 9.292929e-01 3.609872e-01 -5.171090e-03 3.661583e-01
9.191919e-01 9.292929e-01 3.573592e-01 -5.177021e-03 3.625363e-01
9.292929e-01 9.292929e-01 3.537677e-01 -5.179405e-03 3.589471e-01
9.393939e-01 9.292929e-01 3.502123e-01 -5.177021e-03 3.553893e-01
9.494949e-01 9.292929e-01 3.466926e-01 -5.175352e-03 3.518680e-01
9.595960e-01 9.292929e-01 3.432083e-01 -5.177379e-03 3.483857e-01
9.696970e-01 9.292929e-01 3.397590e-01 -5.175203e-03 3.449342e-01
9.797980e-01 9.292929e-01 3.363443e-01 -5.175948e-03 3.415203e-01
9.898990e-01 9.292929e-01 3.329640e-01 -5.186915e-03 3.381509e-01
1.000000e+00 9.292929e-01 3.296177e-01 -5.175143e-03 3.347928e-01
0.000000e+00 9.393939e-01 -8.145760e-01 -5.174577e-03 8.094014e-01
1.010101e-02 9.393939e-01 -8.063893e-01 -5.189687e-03 8.011996e-01
2.020202e-02 9.393939e-01 -7.982850e-01 -5.175263e-03 7.931097e-01
3.030303e-02 9.393939e-01 -7.902621e-01 -5.176127e-03 7.850860e-01
4.040404e-02 9.393939e-01 -7.823198e-01 -5.175233e-03 7.771446e-01
5.050505e-02 9.393939e-01 -7.744574e-01 -5.171210e-03 7.692862e-01
6.060606e-02 9.393939e-01 -7.666739e-01 -5.183995e-03 7.614900e-01
7.070707e-02 9.393939e-01 -7.589687e-01 -5.177230e-03 7.537915e-01
8.080808e-02 9.393939e-01 -7.513410e-01 -5.175143e-03 7.461658e-01
9.090909e-02 9.393939e-01 -7.437899e-01 -5.177736e-03 7.386121e-01
1.010101e-01 9.393939e-01 -7.363147e-01 -5.178899e-03 7.311358e-01
1.111111e-01 9.393939e-01 -7.289146e-01 -5.180776e-03 7.237338e-01
1.212121e-01 9.393939e-01 -7.215889e-01 -5.179107e-03 7.164098e-01
1.313131e-01 9.393939e-01 -7.143368e-01 -5.176902e-03 7.091599e-01
1.414141e-01 9.393939e-01 -7.071576e-01 -5.178511e-03 7.019791e-01
1.515152e-01 9.393939e-01 -7.000505e-01 -5.175889e-03 6.948746e-01
1.616162e-01 9.393939e-01 -6.930149e-01 -5.176365e-03 6.878385e-01
1.717172e-01 9.393939e-01 -6.860500e-01 -5.175322e-03 6.808747e-01
1.818182e-01 9.393939e-01 -6.791551e-01 -5.175978e-03 6.739791e-01
1.919192e-01 9.393939e-01 -6.723295e-01 -5.173773e-03 6.671557e-01
2.020202e-01 9.393939e-01 -6.655724e-01 -5.184531e-03 6.603879e-01
2.121212e-01 9.393939e-01 -6.588833e-01 -5.178392e-03 6.537049e-01
2.222222e-01 9.393939e-01 -6.522614e-01 -5.185187e-03 6.470762e-01
2.323232e-01 9.393939e-01 -6.457061e-01 -5.180418e-03 6.405257e-01
2.424242e-01 9.393939e-01 -6.392166e-01 -5.172670e-03 6.340440e-01
2.525253e-01 9.393939e-01 -6.327924e-01 -5.179882e-03 6.276125e-01
2.626263e-01 9.393939e-01 -6.264327e-01 -5.177230e-03 6.212555e-01
2.727273e-01 9.393939e-01 -6.201370e-01 -5.174726e-03 6.149623e-01
2.828283e-01 9.393939e-01 -6.139045e-01 -5.178332e-03 6.087262e-01
2.929293e-01 9.393939e-01 -6.077347e-01 -5.178511e-03 6.025562e-01
3.030303e-01 9.393939e-01 -6.016268e-01 -5.180061e-03 5.964468e-01
3.131313e-01 9.393939e-01 -5.955804e-01 -5.175263e-03 5.904051e-01
3.232323e-01 9.393939e-01 -5.895947e-01 -5.174994e-03 5.844197e-01
3.333333e-01 9.393939e-01 -5.836692e-01 -5.172908e-03 5.784963e-01
3.434343e-01 9.393939e-01 -5.778032e-01 -5.177021e-03 5.726262e-01
3.535354e-01 9.393939e-01 -5.719962e-01 -5.174100e-03 5.668221e-01
3.636364e-01 9.393939e-01 -5.662475e-01 -5.177230e-03 5.610703e-01
3.737374e-01 9.393939e-01 -5.605566e-01 -5.177259e-03 5.553794e-01
3.838384e-01 9.393939e-01 -5.549230e-01 -5.176395e-03 5.497466e-01
3.939394e-01 9.393939e-01 -5.493459e-01 -5.182266e-03 5.441636e-01
4.040404e-01 9.393939e-01 -5.438249e-01 -5.178869e-03 5.386460e-01
4.141414e-01 9.393939e-01 -5.383593e-01 -5.174994e-03 5.331843e-01
4.242424e-01 9.393939e-01 -5.329487e-01 -5.183399e-03 5.277653e-01
4.343434e-01 9.393939e-01 -5.275925e-01 -5.177200e-03 5.224153e-01
4.444444e-01 9.393939e-01 -5.222901e-01 -5.173832e-03 5.171163e-01
4.545455e-01 9.393939e-01 -5.170410e-01 -5.175620e-03 5.118654e-01
4.646465e-01 9.393939e-01 -5.118447e-01 -5.177677e-03 5.066670e-01
4.747475e-01 9.393939e-01 -5.067006e-01 -5.178690e-03 5.015219e-01
4.848485e-01 9.393939e-01 -5.016081e-01 -5.182445e-03 4.964257e-01
4.949495e-01 9.393939e-01 -4.965669e-01 -5.175620e-03 4.913913e-01
5.050505e-01 9.393939e-01 -4.915763e-01 -5.182117e-03 4.863942e-01
5.151515e-01 9.393939e-01 -4.866359e-01 -5.175948e-03 4.814599e-01
5.252525e-01 9.393939e-01 -4.817451e-01 -5.170494e-03 4.765746e-01
5.353535e-01 9.393939e-01 -4.769035e-01 -5.182266e-03 4.717212e-01
5.454545e-01 9.393939e-01 -4.721105e-01 -5.176544e-03 4.669340e-01
5.555556e-01 9.393939e-01 -4.673657e-01 -5.179435e-03 4.621863e-01
5.656566e-01 9.393939e-01 -4.626686e-01 -5.177021e-03 4.574916e-01
5.757576e-01 9.393939e-01 -4.580187e-01 -5.172282e-03 4.528465e-01
5.858586e-01 9.393939e-01 -4.534156e-01 -5.185187e-03 4.482304e-01
5.959596e-01 9.393939e-01 -4.488587e-01 -5.180776e-03 4.436779e-01
6.060606e-01 9.393939e-01 -4.443476e-01 -5.180269e-03 4.391673e-01
6.161616e-01 9.393939e-01 -4.398818e-01 -5.175859e-03 4.347059e-01
6.262626e-01 9.393939e-01 -4.354609e-01 -5.168140e-03 4.302928e-01
6.363636e-01 9.393939e-01 -4.310845e-01 -5.178809e-03 4.259057e-01
6.464646e-01 9.393939e-01 -4.267520e-01 -5.179375e-03 4.215726e-01
6.565657e-01 9.393939e-01 -4.224631e-01 -5.183101e-03 4.172800e-01
6.666667e-01 9.393939e-01 -4.182172e-01 -5.164385e-03 4.130529e-01
6.767677e-01 9.393939e-01 -4.140141e-01 -5.179465e-03 4.088346e-01
6.868687e-01 9.393939e-01 -4.098532e-01 -5.178928e-03 4.046742e-01
6.969697e-01 9.393939e-01 -4.057341e-01 -5.179048e-03 4.005550e-01
7.070707e-01 9.393939e-01 -4.016564e-01 -5.178750e-03 3.964776e-01
7.171717e-01 9.393939e-01 -3.976197e-01 -5.180776e-03 3.924389e-01
7.272727e-01 9.393939e-01 -3.936235e-01 -5.174696e-03 3.884488e-01
7.373737e-01 9.393939e-01 -3.896675e-01 -5.173534e-03 3.844940e-01
7.474747e-01 9.393939e-01 -3.857513e-01 -5.174518e-03 3.805768e-01
7.575758e-01 9.393939e-01 -3.818745e-01 -5.180359e-03 3.766941e-01
7.676768e-01 9.393939e-01 -3.780366e-01 -5.181968e-03 3.728546e-01
7.777778e-01 9.393939e-01 -3.742372e-01 -5.173355e-03 3.690639e-01
7.878788e-01 9.393939e-01 -3.704761e-01 -5.177408e-03 3.652987e-01
7.979798e-01 9.393939e-01 -3.667527e-01 -5.176246e-03 3.615765e-01
8.080808e-01 9.393939e-01 -3.630668e-01 -5.182087e-03 3.578847e-01
8.181818e-01 9.393939e-01 -3.594179e-01 -5.175829e-03 3.542421e-01
8.282828e-01 9.393939e-01 -3.558057e-01 -5.178392e-03 3.506273e-01
8.383838e-01 9.393939e-01 -3.522298e-01 -5.174816e-03 3.470550e-01
8.484848e-01 9.393939e-01 -3.486898e-01 -5.175412e-03 3.435144e-01
8.585859e-01 9.393939e-01 -3.451855e-01 -5.176753e-03 3.400087e-01
8.686869e-01 9.393939e-01 -3.417163e-01 -5.178064e-03 3.365382e-01
8.787879e-01 9.393939e-01 -3.382820e-01 -5.180240e-03 3.331017e-01
8.888889e-01 9.393939e-01 -3.348822e-01 -5.177677e-03 3.297045e-01
8.989899e-01 9.393939e-01 -3.315166e-01 -5.178481e-03 3.263381e-01
9.090909e-01 9.393939e-01 -3.281848e-01 -5.171329e-03 3.230134e-01
9.191919e-01 9.393939e-01 -3.248865e-01 -5.176663e-03 3.197098e-01
9.292929e-01 9.393939e-01 -3.216213e-01 -5.176425e-03 3.164449e-01
9.393939e-01 9.393939e-01 -3.183889e-01 -5.175412e-03 3.132135e-01
9.494949e-01 9.393939e-01 -3.151891e-01 -5.174696e-03 3.100144e-01
9.595960e-01 9.393939e-01 -3.120214e-01 -5.180061e-03 3.068413e-01
9.696970e-01 9.393939e-01 -3.088855e-01 -5.177617e-03 3.037079e-01
9.797980e-01 9.393939e-01 -3.057812e-01 -5.175710e-03 3.006055e-01
9.898990e-01 9.393939e-01 -3.027080e-01 -5.175352e-03 2.975327e-01
1.000000e+00 9.393939e-01 -2.996657e-01 -5.174607e-03 2.944911e-01
0.000000e+00 9.494949e-01 7.126942e-01 -5.179942e-03 7.178741e-01
1.010101e-02 9.494949e-01 7.055315e-01 -5.178899e-03 7.107104e-01
2.020202e-02 9.494949e-01 6.984408e-01 -5.178452e-03 7.036192e-01
3.030303e-02 9.494949e-01 6.914213e-01 -5.172372e-03 6.965937e-01
4.040404e-02 9.494949e-01 6.844724e-01 -5.176753e-03 6.896492e-01
5.050505e-02 9.494949e-01 6.775934e-01 -5.177975e-03 6.827713e-01
6.060606e-02 9.494949e-01 6.707834e-01 -5.178571e-03 6.759620e-01
7.070707e-02 9.494949e-01 6.640420e-01 -5.177021e-03 6.692190e-01
8.080808e-02 9.494949e-01 6.573682e-01 -5.175591e-03 6.625438e-01
9.090909e-02 9.494949e-01 6.507616e-01 -5.176961e-03 6.559385e-01
1.010101e-01 9.494949e-01 6.442213e-01 -5.173147e-03 6.493944e-01
1.111111e-01 9.494949e-01 6.377468e-01 -5.179524e-03 6.429263e-01
1.212121e-01 9.494949e-01 6.313373e-01 -5.178690e-03 6.365160e-01
1.313131e-01 9.494949e-01 6.249923e-01 -5.181849e-03 6.301741e-01
1.414141e-01 9.494949e-01 6.187110e-01 -5.175173e-03 6.238862e-01
1.515152e-01 9.494949e-01 6.124928e-01 -5.171061e-03 6.176639e-01
1.616162e-01 9.494949e-01 6.063372e-01 -5.177289e-03 6.115145e-01
1.717172e-01 9.494949e-01 6.002434e-01 -5.177855e-03 6.054212e-01
1.818182e-01 9.494949e-01 5.942108e-01 -5.178273e-03 5.993891e-01
1.919192e-01 9.494949e-01 5.882389e-01 -5.176306e-03 5.934152e-01
2.020202e-01 9.494949e-01 5.823270e-01 -5.171090e-03 5.874981e-01
2.121212e-01 9.494949e-01 5.764745e-01 -5.173564e-03 5.816481e-01
2.222222e-01 9.494949e-01 5.706809e-01 -5.178720e-03 5.758596e-01
2.323232e-01 9.494949e-01 5.649454e-01 -5.178154e-03 5.701236e-01
2.424242e-01 9.494949e-01 5.592676e-01 -5.180120e-03 5.644478e-01
2.525253e-01 9.494949e-01 5.536469e-01 -5.179524e-03 5.588264e-01
2.626263e-01 9.494949e-01 5.480827e-01 -5.176604e-03 5.532593e-01
2.727273e-01 9.494949e-01 5.425743e-01 -5.180061e-03 5.477544e-01
2.828283e-01 9.494949e-01 5.371214e-01 -5.175352e-03 5.422967e-01
2.929293e-01 9.494949e-01 5.317232e-01 -5.173177e-03 5.368964e-01
3.030303e-01 9.494949e-01 5.263793e-01 -5.172819e-03 5.315521e-01
3.131313e-01 9.494949e-01 5.210891e-01 -5.182177e-03 5.262713e-01
3.232323e-01 9.494949e-01 5.158521e-01 -5.180061e-03 5.210321e-01
3.333333e-01 9.494949e-01 5.106677e-01 -5.177766e-03 5.158455e-01
3.434343e-01 9.494949e-01 5.055354e-01 -5.177557e-03 5.107130e-01
3.535354e-01 9.494949e-01 5.004547e-01 -5.174726e-03 5.056294e-01
3.636364e-01 9.494949e-01 4.954250e-01 -5.169600e-03 5.005946e-01
3.737374e-01 9.494949e-01 4.904459e-01 -5.176723e-03 4.956226e-01
3.838384e-01 9.494949e-01 4.855169e-01 -5.178511e-03 4.906954e-01
3.939394e-01 9.494949e-01 4.806373e-01 -5.177528e-03 4.858149e-01
4.040404e-01 9.494949e-01 4.758068e-01 -5.178005e-03 4.809849e-01
4.141414e-01 9.494949e-01 4.710249e-01 -5.180091e-03 4.762050e-01
4.242424e-01 9.494949e-01 4.662910e-01 -5.182266e-03 4.714733e-01
4.343434e-01 9.494949e-01 4.616047e-01 -5.178422e-03 4.667832e-01
4.444444e-01 9.494949e-01 4.569655e-01 -5.183190e-03 4.621487e-01
4.545455e-01 9.494949e-01 4.523729e-01 -5.176306e-03 4.575493e-01
4.646465e-01 9.494949e-01 4.478265e-01 -5.179137e-03 4.530057e-01
4.747475e-01 9.494949e-01 4.433258e-01 -5.176961e-03 4.485028e-01
4.848485e-01 9.494949e-01 4.388703e-01 -5.178243e-03 4.440485e-01
4.949495e-01 9.494949e-01 4.344596e-01 -5.180925e-03 4.396405e-01
5.050505e-01 9.494949e-01 4.300932e-01 -5.173504e-03 4.352667e-01
5.151515e-01 9.494949e-01 4.257707e-01 -5.178392e-03 4.309491e-01
5.252525e-01 9.494949e-01 4.214916e-01 -5.177528e-03 4.266691e-01
5.353535e-01 9.494949e-01 4.172555e-01 -5.179554e-03 4.224351e-01
5.454545e-01 9.494949e-01 4.130621e-01 -5.182743e-03 4.182448e-01
5.555556e-01 9.494949e-01 4.089107e-01 -5.175203e-03 4.140859e-01
5.656566e-01 9.494949e-01 4.048011e-01 -5.178154e-03 4.099793e-01
5.757576e-01 9.494949e-01 4.007328e-01 -5.177855e-03 4.059106e-01
5.858586e-01 9.494949e-01 3.967053e-01 -5.179316e-03 4.018847e-01
5.959596e-01 9.494949e-01 3.927184e-01 -5.175173e-03 3.978936e-01
6.060606e-01 9.494949e-01 3.887715e-01 -5.178988e-03 3.939505e-01
6.161616e-01 9.494949e-01 3.848643e-01 -5.176365e-03 3.900407e-01
6.262626e-01 9.494949e-01 3.809963e-01 -5.180925e-03 3.861773e-01
6.363636e-01 9.494949e-01 3.771673e-01 -5.176961e-03 3.823442e-01
6.464646e-01 9.494949e-01 3.733767e-01 -5.171537e-03 3.785482e-01
6.565657e-01 9.494949e-01 3.696242e-01 -5.178869e-03 3.748030e-01
6.666667e-01 9.494949e-01 3.659094e-01 -5.179107e-03 3.710885e-01
6.767677e-01 9.494949e-01 3.622319e-01 -5.173653e-03 3.674056e-01
6.868687e-01 9.494949e-01 3.585914e-01 -5.173981e-03 3.637654e-01
6.969697e-01 9.494949e-01 3.549875e-01 -5.177587e-03 3.601651e-01
7.070707e-01 9.494949e-01 3.514199e-01 -5.178571e-03 3.565984e-01
7.171717e-01 9.494949e-01 3.478880e-01 -5.187124e-03 3.530752e-01
7.272727e-01 9.494949e-01 3.443917e-01 -5.178273e-03 3.495700e-01
7.373737e-01 9.494949e-01 3.409305e-01 -5.171061e-03 3.461016e-01
7.474747e-01 9.494949e-01 3.375041e-01 -5.175471e-03 3.426796e-01
7.575758e-01 9.494949e-01 3.341121e-01 -5.177557e-03 3.392897e-01
7.676768e-01 9.494949e-01 3.307542e-01 -5.180568e-03 3.359348e-01
7.777778e-01 9.494949e-01 3.274301e-01 -5.177796e-03 3.326079e-01
7.878788e-01 9.494949e-01 3.241394e-01 -5.183578e-03 3.293230e-01
7.979798e-01 9.494949e-01 3.208817e-01 -5.179435e-03 3.260612e-01
8.080808e-01 9.494949e-01 3.176568e-01 -5.179733e-03 3.228365e-01
8.181818e-01 9.494949e-01 3.144643e-01 -5.175591e-03 3.196399e-01
8.282828e-01 9.494949e-01 3.113039e-01 -5.179465e-03 3.164834e-01
8.383838e-01 9.494949e-01 3.081752e-01 -5.184412e-03 3.133596e-01
8.484848e-01 9.494949e-01 3.050780e-01 -5.177379e-03 3.102554e-01
8.585859e-01 9.494949e-01 3.020119e-01 -5.177647e-03 3.071896e-01
8.686869e-01 9.494949e-01 2.989767e-01 -5.173117e-03 3.041498e-01
8.787879e-01 9.494949e-01 2.959719e-01 -5.177170e-03 3.011491e-01
8.888889e-01 9.494949e-01 2.929973e-01 -5.180061e-03 2.981774e-01
8.989899e-01 9.494949e-01 2.900527e-01 -5.172789e-03 2.952255e-01
9.090909e-01 9.494949e-01 2.871376e-01 -5.177200e-03 2.923148e-01
9.191919e-01 9.494949e-01 2.842518e-01 -5.177617e-03 2.894294e-01
9.292929e-01 9.494949e-01 2.813950e-01 -5.174994e-03 2.865700e-01
9.393939e-01 9.494949e-01 2.785670e-01 -5.177885e-03 2.837448e-01
9.494949e-01 9.494949e-01 2.757673e-01 -5.172938e-03 2.809403e-01
9.595960e-01 9.494949e-01 2.729958e-01 -5.177051e-03 2.781729e-01
9.696970e-01 9.494949e-01 2.702522e-01 -5.183250e-03 2.754354e-01
9.797980e-01 9.494949e-01 2.675361e-01 -5.179167e-03 2.727152e-01
9.898990e-01 9.494949e-01 2.648473e-01 -5.180299e-03 2.700276e-01
1.000000e+00 9.494949e-01 2.621855e-01 -5.176663e-03 2.673622e-01
0.000000e+00 9.595960e-01 -5.929079e-01 -5.181432e-03 5.877265e-01
1.010101e-02 9.595960e-01 -5.869491e-01 -5.176604e-03 5.817725e-01
2.020202e-02 9.595960e-01 -5.810502e-01 -5.184382e-03 5.758658e-01
3.030303e-02 9.595960e-01 -5.752105e-01 -5.179077e-03 5.700314e-01
4.040404e-02 9.595960e-01 -5.694296e-01 -5.175114e-03 5.642544e-01
5.050505e-02 9.595960e-01 -5.637067e-01 -5.182207e-03 5.585245e-01
6.060606e-02 9.595960e-01 -5.580413e-01 -5.173832e-03 5.528675e-01
7.070707e-02 9.595960e-01 -5.524329e-01 -5.182564e-03 5.472504e-01
8.080808e-02 9.595960e-01 -5.468809e-01 -5.176902e-03 5.417040e-01
9.090909e-02 9.595960e-01 -5.413847e-01 -5.179286e-03 5.362054e-01
1.010101e-01 9.595960e-01 -5.359436e-01 -5.174160e-03 5.307695e-01
1.111111e-01 9.595960e-01 -5.305573e-01 -5.178511e-03 5.253788e-01
1.212121e-01 9.595960e-01 -5.252251e-01 -5.175680e-03 5.200495e-01
1.313131e-01 9.595960e-01 -5.199465e-01 -5.176395e-03 5.147701e-01
1.414141e-01 9.595960e-01 -5.147210e-01 -5.183101e-03 5.095379e-01
1.515152e-01 9.595960e-01 -5.095480e-01 -5.177796e-03 5.043702e-01
1.616162e-01 9.595960e-01 -5.044269e-01 -5.179435e-03 4.992475e-01
1.717172e-01 9.595960e-01 -4.993573e-01 -5.179942e-03 4.941774e-01
1.818182e-01 9.595960e-01 -4.943387e-01 -5.171478e-03 4.891672e-01
1.919192e-01 9.595960e-01 -4.893705e-01 -5.177796e-03 4.841927e-01
2.020202e-01 9.595960e-01 -4.844523e-01 -5.176783e-03 4.792755e-01
2.121212e-01 9.595960e-01 -4.795834e-01 -5.172789e-03 4.744107e-01
2.222222e-01 9.595960e-01 -4.747636e-01 -5.179405e-03 4.695842e-01
2.323232e-01 9.595960e-01 -4.699921e-01 -5.174577e-03 4.648175e-01
2.424242e-01 9.595960e-01 -4.652686e-01 -5.182445e-03 4.600862e-01
2.525253e-01 9.595960e-01 -4.605926e-01 -5.181730e-03 4.554108e-01
2.626263e-01 9.595960e-01 -4.559635e-01 -5.178481e-03 4.507851e-01
2.727273e-01 9.595960e-01 -4.513810e-01 -5.175024e-03 4.462060e-01
2.828283e-01 9.595960e-01 -4.468446e-01 -5.174637e-03 4.416699e-01
2.929293e-01 9.595960e-01 -4.423537e-01 -5.181372e-03 4.371723e-01
3.030303e-01 9.595960e-01 -4.379080e-01 -5.173236e-03 4.327348e-01
3.131313e-01 9.595960e-01 -4.335069e-01 -5.178809e-03 4.283281e-01
3.232323e-01 9.595960e-01 -4.291501e-01 -5.174965e-03 4.239752e-01
3.333333e-01 9.595960e-01 -4.248371e-01 -5.181164e-03 4.196559e-01
3.434343e-01 9.595960e-01 -4.205674e-01 -5.179256e-03 4.153882e-01
3.535354e-01 9.595960e-01 -4.163406e-01 -5.179107e-03 4.111615e-01
3.636364e-01 9.595960e-01 -4.121563e-01 -5.177975e-03 4.069784e-01
3.737374e-01 9.595960e-01 -4.080141e-01 -5.171984e-03 4.028421e-01
3.838384e-01 9.595960e-01 -4.039135e-01 -5.179703e-03 3.987338e-01
3.939394e-01 9.595960e-01 -3.998541e-01 -5.177438e-03 3.946767e-01
4.040404e-01 9.595960e-01 -3.958355e-01 -5.177557e-03 3.906579e-01
4.141414e-01 9.595960e-01 -3.918573e-01 -5.179822e-03 3.866775e-01
4.242424e-01 9.595960e-01 -3.879191e-01 -5.171657e-03 3.827474e-01
4.343434e-01 9.595960e-01 -3.840204e-01 -5.178213e-03 3.788422e-01
4.444444e-01 9.595960e-01 -3.801609e-01 -5.183637e-03 3.749773e-01
4.545455e-01 9.595960e-01 -3.763403e-01 -5.180836e-03 3.711594e-01
4.646465e-01 9.595960e-01 -3.725580e-01 -5.172431e-03 3.673855e-01
4.747475e-01 9.595960e-01 -3.688137e-01 -5.176812e-03 3.636369e-01
4.848485e-01 9.595960e-01 -3.651071e-01 -5.175918e-03 3.599311e-01
4.949495e-01 9.595960e-01 -3.614377e-01 -5.185694e-03 3.562520e-01
5.050505e-01 9.595960e-01 -3.578052e-01 -5.179346e-03 3.526258e-01
5.151515e-01 9.595960e-01 -3.542092e-01 -5.171567e-03 3.490376e-01
5.252525e-01 9.595960e-01 -3.506493e-01 -5.177021e-03 3.454723e-01
5.353535e-01 9.595960e-01 -3.471252e-01 -5.177706e-03 3.419475e-01
5.454545e-01 9.595960e-01 -3.436366e-01 -5.184054e-03 3.384525e-01
5.555556e-01 9.595960e-01 -3.401830e-01 -5.179763e-03 3.350032e-01
5.656566e-01 9.595960e-01 -3.367641e-01 -5.177915e-03 3.315861e-01
5.757576e-01 9.595960e-01 -3.333795e-01 -5.177438e-03 3.282021e-01
5.858586e-01 9.595960e-01 -3.300290e-01 -5.177319e-03 3.248517e-01
5.959596e-01 9.595960e-01 -3.267122e-01 -5.171776e-03 3.215404e-01
6.060606e-01 9.595960e-01 -3.234286e-01 -5.178094e-03 3.182506e-01
6.161616e-01 9.595960e-01 -3.201781e-01 -5.180478e-03 3.149977e-01
6.262626e-01 9.595960e-01 -3.169603e-01 -5.180478e-03 3.117798e-01
6.363636e-01 9.595960e-01 -3.137748e-01 -5.181819e-03 3.085930e-01
6.464646e-01 9.595960e-01 -3.106213e-01 -5.175203e-03 3.054461e-01
6.565657e-01 9.595960e-01 -3.074995e-01 -5.174279e-03 3.023252e-01
6.666667e-01 9.595960e-01 -3.044091e-01 -5.175889e-03 2.992332e-01
6.767677e-01 9.595960e-01 -3.013497e-01 -5.176187e-03 2.961735e-01
6.868687e-01 9.595960e-01 -2.983211e-01 -5.172849e-03 2.931483e-01
6.969697e-01 9.595960e-01 -2.953229e-01 -5.185425e-03 2.901375e-01
7.070707e-01 9.595960e-01 -2.923549e-01 -5.172789e-03 2.871821e-01
7.171717e-01 9.595960e-01 -2.894167e-01 -5.181134e-03 2.842355e-01
7.272727e-01 9.595960e-01 -2.865080e-01 -5.181253e-03 2.813267e-01
7.373737e-01 9.595960e-01 -2.836285e-01 -5.177438e-03 2.784511e-01
7.474747e-01 9.595960e-01 -2.807780e-01 -5.176842e-03 2.756012e-01
7.575758e-01 9.595960e-01 -2.779561e-01 -5.175769e-03 2.727804e-01
7.676768e-01 9.595960e-01 -2.751626e-01 -5.174339e-03 2.699883e-01
7.777778e-01 9.595960e-01 -2.723972e-01 -5.176157e-03 2.672211e-01
7.878788e-01 9.595960e-01 -2.696596e-01 -5.179703e-03 2.644799e-01
7.979798e-01 9.595960e-01 -2.669495e-01 -5.178690e-03 2.617708e-01
8.080808e-01 9.595960e-01 -2.642666e-01 -5.176455e-03 2.590901e-01
8.181818e-01 9.595960e-01 -2.616106e-01 -5.179822e-03 2.564308e-01
8.282828e-01 9.595960e-01 -2.589814e-01 -5.178154e-03 2.538033e-01
8.383838e-01 9.595960e-01 -2.563786e-01 -5.173743e-03 2.512049e-01
8.484848e-01 9.595960e-01 -2.538020e-01 -5.175799e-03 2.486262e-01
8.585859e-01 9.595960e-01 -2.512512e-01 -5.177975e-03 2.460732e-01
8.686869e-01 9.595960e-01 -2.487261e-01 -5.180061e-03 2.435460e-01
8.787879e-01 9.595960e-01 -2.462264e-01 -5.174220e-03 2.410521e-01
8.888889e-01 9.595960e-01 -2.437517e-01 -5.179495e-03 2.385722e-01
8.989899e-01 9.595960e-01 -2.413020e-01 -5.175501e-03 2.361265e-01
9.090909e-01 9.595960e-01 -2.388769e-01 -5.178928e-03 2.336979e-01
9.191919e-01 9.595960e-01 -2.364761e-01 -5.180776e-03 2.312953e-01
9.292929e-01 9.595960e-01 -2.340995e-01 -5.168676e-03 2.289308e-01
9.393939e-01 9.595960e-01 -2.317468e-01 -5.173922e-03 2.265728e-01
9.494949e-01 9.595960e-01 -2.294177e-01 -5.179465e-03 2.242382e-01
9.595960e-01 9.595960e-01 -2.271120e-01 -5.180538e-03 2.219314e-01
9.696970e-01 9.595960e-01 -2.248295e-01 -5.178243e-03 2.196512e-01
9.797980e-01 9.595960e-01 -2.225699e-01 -5.168200e-03 2.174017e-01
9.898990e-01 9.595960e-01 -2.203330e-01 -5.175859e-03 2.151572e-01
1.000000e+00 9.595960e-01 -2.181186e-01 -5.176544e-03 2.129421e-01
0.000000e+00 9.696970e-01 4.582265e-01 -5.178303e-03 4.634048e-01
1.010101e-02 9.696970e-01 4.536213e-01 -5.177736e-03 4.587990e-01
2.020202e-02 9.696970e-01 4.490623e-01 -5.176365e-03 4.542387e-01
3.030303e-02 9.696970e-01 4.445491e-01 -5.182087e-03 4.497312e-01
4.040404e-02 9.696970e-01 4.400814e-01 -5.173564e-03 4.452549e-01
5.050505e-02 9.696970e-01 4.356585e-01 -5.175233e-03 4.408337e-01
6.060606e-02 9.696970e-01 4.312800e-01 -5.174756e-03 4.364548e-01
7.070707e-02 9.696970e-01 4.269456e-01 -5.178154e-03 4.321237e-01
8.080808e-02 9.696970e-01 4.226547e-01 -5.182773e-03 4.278375e-01
9.090909e-02 9.696970e-01 4.184070e-01 -5.179137e-03 4.235861e-01
1.010101e-01 9.696970e-01 4.142019e-01 -5.174339e-03 4.193762e-01
1.111111e-01 9.696970e-01 4.100391e-01 -5.175591e-03 4.152147e-01
1.212121e-01 9.696970e-01 4.059181e-01 -5.176663e-03 4.110948e-01
1.313131e-01 9.696970e-01 4.018386e-01 -5.182266e-03 4.070209e-01
1.414141e-01 9.696970e-01 3.978001e-01 -5.182326e-03 4.029824e-01
1.515152e-01 9.696970e-01 3.938021e-01 -5.175769e-03 3.989779e-01
1.616162e-01 9.696970e-01 3.898443e-01 -5.172729e-03 3.950171e-01
1.717172e-01 9.696970e-01 3.859263e-01 -5.178154e-03 3.911045e-01
1.818182e-01 9.696970e-01 3.820477e-01 -5.175263e-03 3.872230e-01
1.919192e-01 9.696970e-01 3.782081e-01 -5.180240e-03 3.833883e-01
2.020202e-01 9.696970e-01 3.744070e-01 -5.176157e-03 3.795832e-01
2.121212e-01 9.696970e-01 3.706442e-01 -5.174577e-03 3.758187e-01
2.222222e-01 9.696970e-01 3.669191e-01 -5.174339e-03 3.720935e-01
2.323232e-01 9.696970e-01 3.632315e-01 -5.175859e-03 3.684074e-01
2.424242e-01 9.696970e-01 3.595810e-01 -5.173266e-03 3.647542e-01
2.525253e-01 9.696970e-01 3.559671e-01 -5.178034e-03 3.611452e-01
2.626263e-01 9.696970e-01 3.523896e-01 -5.161434e-03 3.575510e-01
2.727273e-01 9.696970e-01 3.488480e-01 -5.178094e-03 3.540261e-01
2.828283e-01 9.696970e-01 3.453420e-01 -5.180717e-03 3.505228e-01
2.929293e-01 9.696970e-01 3.418713e-01 -5.173802e-03 3.470451e-01
3.030303e-01 9.696970e-01 3.384354e-01 -5.174726e-03 3.436102e-01
3.131313e-01 9.696970e-01 3.350341e-01 -5.180746e-03 3.402149e-01
3.232323e-01 9.696970e-01 3.316670e-01 -5.183041e-03 3.368500e-01
3.333333e-01 9.696970e-01 3.283337e-01 -5.174935e-03 3.335086e-01
3.434343e-01 9.696970e-01 3.250338e-01 -5.180299e-03 3.302141e-01
3.535354e-01 9.696970e-01 3.217672e-01 -5.173147e-03 3.269403e-01
3.636364e-01 9.696970e-01 3.185334e-01 -5.181313e-03 3.237147e-01
3.737374e-01 9.696970e-01 3.153321e-01 -5.174845e-03 3.205069e-01
3.838384e-01 9.696970e-01 3.121629e-01 -5.178034e-03 3.173410e-01
3.939394e-01 9.696970e-01 3.090256e-01 -5.186617e-03 3.142123e-01
4.040404e-01 9.696970e-01 3.059199e-01 -5.177796e-03 3.110977e-01
4.141414e-01 9.696970e-01 3.028453e-01 -5.178630e-03 3.080240e-01
4.242424e-01 9.696970e-01 2.998017e-01 -5.169272e-03 3.049710e-01
4.343434e-01 9.696970e-01 2.967886e-01 -5.169898e-03 3.019585e-01
4.444444e-01 9.696970e-01 2.938059e-01 -5.180717e-03 2.989866e-01
4.545455e-01 9.696970e-01 2.908531e-01 -5.187064e-03 2.960401e-01
4.646465e-01 9.696970e-01 2.879299e-01 -5.175352e-03 2.931053e-01
4.747475e-01 9.696970e-01 2.850362e-01 -5.179465e-03 2.902157e-01
4.848485e-01 9.696970e-01 2.821715e-01 -5.173862e-03 2.873454e-01
4.949495e-01 9.696970e-01 2.793357e-01 -5.177647e-03 2.845133e-01
5.050505e-01 9.696970e-01 2.765283e-01 -5.172938e-03 2.817012e-01
5.151515e-01 9.696970e-01 2.737491e-01 -5.176544e-03 2.789257e-01
5.252525e-01 9.696970e-01 2.709979e-01 -5.185157e-03 2.761831e-01
5.353535e-01 9.696970e-01 2.682743e-01 -5.180329e-03 2.734547e-01
5.454545e-01 9.696970e-01 2.655781e-01 -5.173236e-03 2.707514e-01
5.555556e-01 9.696970e-01 2.629090e-01 -5.179316e-03 2.680884e-01
5.656566e-01 9.696970e-01 2.602668e-01 -5.181432e-03 2.654482e-01
5.757576e-01 9.696970e-01 2.576510e-01 -5.181074e-03 2.628321e-01
5.858586e-01 9.696970e-01 2.550616e-01 -5.174994e-03 2.602366e-01
5.959596e-01 9.696970e-01 2.524982e-01 -5.164593e-03 2.576628e-01
6.060606e-01 9.696970e-01 2.499605e-01 -5.174398e-03 2.551349e-01
6.161616e-01 9.696970e-01 2.474484e-01 -5.177349e-03 2.526257e-01
6.262626e-01 9.696970e-01 2.449615e-01 -5.177170e-03 2.501387e-01
6.363636e-01 9.696970e-01 2.424996e-01 -5.178809e-03 2.476784e-01
6.464646e-01 9.696970e-01 2.400624e-01 -5.182207e-03 2.452446e-01
6.565657e-01 9.696970e-01 2.376498e-01 -5.174160e-03 2.428239e-01
6.666667e-01 9.696970e-01 2.352613e-01 -5.177617e-03 2.404390e-01
6.767677e-01 9.696970e-01 2.328969e-01 -5.181581e-03 2.380785e-01
6.868687e-01 9.696970e-01 2.305563e-01 -5.178094e-03 2.357344e-01
6.969697e-01 9.696970e-01 2.282391e-01 -5.180717e-03 2.334199e-01
7.070707e-01 9.696970e-01 2.259453e-01 -5.174667e-03 2.311200e-01
7.171717e-01 9.696970e-01 2.236745e-01 -5.175412e-03 2.288499e-01
7.272727e-01 9.696970e-01 2.214265e-01 -5.180717e-03 2.266073e-01
7.373737e-01 9.696970e-01 2.192012e-01 -5.176038e-03 2.243772e-01
7.474747e-01 9.696970e-01 2.169982e-01 -5.179524e-03 2.221777e-01
7.575758e-01 9.696970e-01 2.148173e-01 -5.175084e-03 2.199924e-01
7.676768e-01 9.696970e-01 2.126583e-01 -5.171567e-03 2.178299e-01
7.777778e-01 9.696970e-01 2.105211e-01 -5.182862e-03 2.157040e-01
7.878788e-01 9.696970e-01 2.084053e-01 -5.177885e-03 2.135832e-01
7.979798e-01 9.696970e-01 2.063108e-01 -5.175859e-03 2.114867e-01
8.080808e-01 9.696970e-01 2.042374e-01 -5.176842e-03 2.094142e-01
8.181818e-01 9.696970e-01 2.021847e-01 -5.180657e-03 2.073654e-01
8.282828e-01 9.696970e-01 2.001527e-01 -5.179107e-03 2.053319e-01
8.383838e-01 9.696970e-01 1.981412e-01 -5.175084e-03 2.033163e-01
8.484848e-01 9.696970e-01 1.961498e-01 -5.176365e-03 2.013262e-01
8.585859e-01 9.696970e-01 1.941785e-01 -5.176991e-03 1.993555e-01
8.686869e-01 9.696970e-01 1.922270e-01 -5.181730e-03 1.974087e-01
8.787879e-01 9.696970e-01 1.902951e-01 -5.177587e-03 1.954726e-01
8.888889e-01 9.696970e-01 1.883826e-01 -5.176842e-03 1.935594e-01
8.989899e-01 9.696970e-01 1.864893e-01 -5.176902e-03 1.916662e-01
9.090909e-01 9.696970e-01 1.846150e-01 -5.172193e-03 1.897872e-01
9.191919e-01 9.696970e-01 1.827596e-01 -5.183250e-03 1.879429e-01
9.292929e-01 9.696970e-01 1.809229e-01 -5.177200e-03 1.861001e-01
9.393939e-01 9.696970e-01 1.791045e-01 -5.181730e-03 1.842863e-01
9.494949e-01 9.696970e-01 1.773045e-01 -5.179226e-03 1.824837e-01
9.595960e-01 9.696970e-01 1.755226e-01 -5.172551e-03 1.806951e-01
9.696970e-01 9.696970e-01 1.737585e-01 -5.170941e-03 1.789295e-01
9.797980e-01 9.696970e-01 1.720122e-01 -5.172104e-03 1.771843e-01
9.898990e-01 9.696970e-01 1.702835e-01 -5.179018e-03 1.754625e-01
1.000000e+00 9.696970e-01 1.685721e-01 -5.181074e-03 1.737532e-01
0.000000e+00 9.797980e-01 -3.120334e-01 -5.176544e-03 3.068569e-01
1.010101e-02 9.797980e-01 -3.088975e-01 -5.179673e-03 3.037178e-01
2.020202e-02 9.797980e-01 -3.057930e-01 -5.173773e-03 3.006192e-01
3.030303e-02 9.797980e-01 -3.027197e-01 -5.182087e-03 2.975376e-01
4.040404e-02 9.797980e-01 -2.996773e-01 -5.175114e-03 2.945022e-01
5.050505e-02 9.797980e-01 -2.966655e-01 -5.173951e-03 2.914916e-01
6.060606e-02 9.797980e-01 -2.936840e-01 -5.174071e-03 2.885099e-01
7.070707e-02 9.797980e-01 -2.907324e-01 -5.167603e-03 2.855648e-01
8.080808e-02 9.797980e-01 -2.878105e-01 -5.174607e-03 2.826359e-01
9.090909e-02 9.797980e-01 -2.849180e-01 -5.177259e-03 2.797407e-01
1.010101e-01 9.797980e-01 -2.820545e-01 -5.181253e-03 2.768732e-01
1.111111e-01 9.797980e-01 -2.792198e-01 -5.179822e-03 2.740400e-01
1.212121e-01 9.797980e-01 -2.764136e-01 -5.175143e-03 2.712384e-01
1.313131e-01 9.797980e-01 -2.736356e-01 -5.173445e-03 2.684621e-01
1.414141e-01 9.797980e-01 -2.708855e-01 -5.175114e-03 2.657104e-01
1.515152e-01 9.797980e-01 -2.681631e-01 -5.182624e-03 2.629804e-01
1.616162e-01 9.797980e-01 -2.654680e-01 -5.174726e-03 2.602933e-01
1.717172e-01 9.797980e-01 -2.628000e-01 -5.176365e-03 2.576236e-01
1.818182e-01 9.797980e-01 -2.601588e-01 -5.178273e-03 2.549805e-01
1.919192e-01 9.797980e-01 -2.575442e-01 -5.175263e-03 2.523689e-01
2.020202e-01 9.797980e-01 -2.549558e-01 -5.177617e-03 2.497782e-01
2.121212e-01 9.797980e-01 -2.523934e-01 -5.174279e-03 2.472192e-01
2.222222e-01 9.797980e-01 -2.498569e-01 -5.175143e-03 2.446817e-01
2.323232e-01 9.797980e-01 -2.473457e-01 -5.179584e-03 2.421662e-01
2.424242e-01 9.797980e-01 -2.448599e-01 -5.172312e-03 2.396876e-01
2.525253e-01 9.797980e-01 -2.423990e-01 -5.182356e-03 2.372166e-01
2.626263e-01 9.797980e-01 -2.399628e-01 -5.178094e-03 2.347848e-01
2.727273e-01 9.797980e-01 -2.375512e-01 -5.173087e-03 2.323781e-01
2.828283e-01 9.797980e-01 -2.351638e-01 -5.174845e-03 2.299889e-01
2.929293e-01 9.797980e-01 -2.328003e-01 -5.177796e-03 2.276225e-01
3.030303e-01 9.797980e-01 -2.304606e-01 -5.182654e-03 2.252780e-01
3.131313e-01 9.797980e-01 -2.281445e-01 -5.185217e-03 2.229593e-01
3.232323e-01 9.797980e-01 -2.258516e-01 -5.173296e-03 2.206783e-01
3.333333e-01 9.797980e-01 -2.235817e-01 -5.174130e-03 2.184076e-01
3.434343e-01 9.797980e-01 -2.213347e-01 -5.178452e-03 2.161562e-01
3.535354e-01 9.797980e-01 -2.191102e-01 -5.181640e-03 2.139286e-01
3.636364e-01 9.797980e-01 -2.169082e-01 -5.180895e-03 2.117273e-01
3.737374e-01 9.797980e-01 -2.147282e-01 -5.176961e-03 2.095512e-01
3.838384e-01 9.797980e-01 -2.125701e-01 -5.177140e-03 2.073930e-01
3.939394e-01 9.797980e-01 -2.104338e-01 -5.180687e-03 2.052531e-01
4.040404e-01 9.797980e-01 -2.083189e-01 -5.178005e-03 2.031409e-01
4.141414e-01 9.797980e-01 -2.062252e-01 -5.173147e-03 2.010521e-01
4.242424e-01 9.797980e-01 -2.041526e-01 -5.175561e-03 1.989771e-01
4.343434e-01 9.797980e-01 -2.021009e-01 -5.178124e-03 1.969227e-01
4.444444e-01 9.797980e-01 -2.000697e-01 -5.174339e-03 1.948954e-01
4.545455e-01 9.797980e-01 -1.980590e-01 -5.174577e-03 1.928844e-01
4.646465e-01 9.797980e-01 -1.960685e-01 -5.174130e-03 1.908943e-01
4.747475e-01 9.797980e-01 -1.940979e-01 -5.170286e-03 1.889277e-01
4.848485e-01 9.797980e-01 -1.921472e-01 -5.180359e-03 1.869669e-01
4.949495e-01 9.797980e-01 -1.902161e-01 -5.174398e-03 1.850417e-01
5.050505e-01 9.797980e-01 -1.883044e-01 -5.174875e-03 1.831295e-01
5.151515e-01 9.797980e-01 -1.864119e-01 -5.181193e-03 1.812307e-01
5.252525e-01 9.797980e-01 -1.845385e-01 -5.175233e-03 1.793632e-01
5.353535e-01 9.797980e-01 -1.826838e-01 -5.178690e-03 1.775051e-01
5.454545e-01 9.797980e-01 -1.808478e-01 -5.170196e-03 1.756776e-01
5.555556e-01 9.797980e-01 -1.790303e-01 -5.178273e-03 1.738520e-01
5.656566e-01 9.797980e-01 -1.772310e-01 -5.180061e-03 1.720509e-01
5.757576e-01 9.797980e-01 -1.754498e-01 -5.172402e-03 1.702774e-01
5.858586e-01 9.797980e-01 -1.736865e-01 -5.181402e-03 1.685051e-01
5.959596e-01 9.797980e-01 -1.719409e-01 -5.174726e-03 1.667662e-01
6.060606e-01 9.797980e-01 -1.702129e-01 -5.174994e-03 1.650379e-01
6.161616e-01 9.797980e-01 -1.685022e-01 -5.177319e-03 1.633249e-01
6.262626e-01 9.797980e-01 -1.668087e-01 -5.175471e-03 1.616332e-01
6.363636e-01 9.797980e-01 -1.651323e-01 -5.176783e-03 1.599555e-01
6.464646e-01 9.797980e-01 -1.634727e-01 -5.181760e-03 1.582909e-01
6.565657e-01 9.797980e-01 -1.618297e-01 -5.172163e-03 1.566576e-01
6.666667e-01 9.797980e-01 -1.602033e-01 -5.176127e-03 1.550272e-01
6.767677e-01 9.797980e-01 -1.585932e-01 -5.176902e-03 1.534163e-01
6.868687e-01 9.797980e-01 -1.569994e-01 -5.181253e-03 1.518181e-01
6.969697e-01 9.797980e-01 -1.554215e-01 -5.181789e-03 1.502397e-01
7.070707e-01 9.797980e-01 -1.538595e-01 -5.173326e-03 1.486861e-01
7.171717e-01 9.797980e-01 -1.523132e-01 -5.175173e-03 1.471380e-01
7.272727e-01 9.797980e-01 -1.507824e-01 -5.179584e-03 1.456028e-01
7.373737e-01 9.797980e-01 -1.492670e-01 -5.174220e-03 1.440928e-01
7.474747e-01 9.797980e-01 -1.477668e-01 -5.172193e-03 1.425946e-01
7.575758e-01 9.797980e-01 -1.462818e-01 -5.178094e-03 1.411037e-01
7.676768e-01 9.797980e-01 -1.448116e-01 -5.182147e-03 1.396295e-01
7.777778e-01 9.797980e-01 -1.433562e-01 -5.183816e-03 1.381724e-01
7.878788e-01 9.797980e-01 -1.419155e-01 -5.172789e-03 1.367427e-01
7.979798e-01 9.797980e-01 -1.404892e-01 -5.176842e-03 1.353124e-01
8.080808e-01 9.797980e-01 -1.390773e-01 -5.181581e-03 1.338957e-01
8.181818e-01 9.797980e-01 -1.376795e-01 -5.177855e-03 1.325017e-01
8.282828e-01 9.797980e-01 -1.362958e-01 -5.182534e-03 1.311133e-01
8.383838e-01 9.797980e-01 -1.349260e-01 -5.174816e-03 1.297512e-01
8.484848e-01 9.797980e-01 -1.335700e-01 -5.180627e-03 1.283894e-01
8.585859e-01 9.797980e-01 -1.322276e-01 -5.177975e-03 1.270496e-01
8.686869e-01 9.797980e-01 -1.308987e-01 -5.185664e-03 1.257130e-01
8.787879e-01 9.797980e-01 -1.295831e-01 -5.173802e-03 1.244093e-01
8.888889e-01 9.797980e-01 -1.282808e-01 -5.175591e-03 1.231052e-01
8.989899e-01 9.797980e-01 -1.269915e-01 -5.181491e-03 1.218100e-01
9.090909e-01 9.797980e-01 -1.257153e-01 -5.172253e-03 1.205430e-01
9.191919e-01 9.797980e-01 -1.244518e-01 -5.177945e-03 1.192739e-01
9.292929e-01 9.797980e-01 -1.232010e-01 -5.176663e-03 1.180244e-01
9.393939e-01 9.797980e-01 -1.219628e-01 -5.174398e-03 1.167884e-01
9.494949e-01 9.797980e-01 -1.207371e-01 -5.181134e-03 1.155560e-01
9.595960e-01 9.797980e-01 -1.195237e-01 -5.176008e-03 1.143477e-01
9.696970e-01 9.797980e-01 -1.183224e-01 -5.177021e-03 1.131454e-01
9.797980e-01 9.797980e-01 -1.171333e-01 -5.173981e-03 1.119593e-01
9.898990e-01 9.797980e-01 -1.159561e-01 -5.173564e-03 1.107825e-01
1.000000e+00 9.797980e-01 -1.147907e-01 -5.176097e-03 1.096146e-01
0.000000e+00 9.898990e-01 1.580014e-01 -5.178690e-03 1.631801e-01
1.010101e-02 9.898990e-01 1.564135e-01 -5.179375e-03 1.615928e-01
2.020202e-02 9.898990e-01 1.548415e-01 -5.176485e-03 1.600180e-01
3.030303e-02 9.898990e-01 1.532853e-01 -5.178183e-03 1.584635e-01
4.040404e-02 9.898990e-01 1.517447e-01 -5.174637e-03 1.569194e-01
5.050505e-02 9.898990e-01 1.502197e-01 -5.179405e-03 1.553991e-01
6.060606e-02 9.898990e-01 1.487100e-01 -5.176961e-03 1.538869e-01
7.070707e-02 9.898990e-01 1.472154e-01 -5.176812e-03 1.523922e-01
8.080808e-02 9.898990e-01 1.457359e-01 -5.180389e-03 1.509162e-01
9.090909e-02 9.898990e-01 1.442712e-01 -5.185455e-03 1.494566e-01
1.010101e-01 9.898990e-01 1.428212e-01 -5.172193e-03 1.479934e-01
1.111111e-01 9.898990e-01 1.413859e-01 -5.181640e-03 1.465675e-01
1.212121e-01 9.898990e-01 1.399649e-01 -5.185306e-03 1.451502e-01
1.313131e-01 9.898990e-01 1.385582e-01 -5.176097e-03 1.437343e-01
1.414141e-01 9.898990e-01 1.371657e-01 -5.181819e-03 1.423475e-01
1.515152e-01 9.898990e-01 1.357872e-01 -5.177200e-03 1.409644e-01
1.616162e-01 9.898990e-01 1.344225e-01 -5.177706e-03 1.396002e-01
1.717172e-01 9.898990e-01 1.330715e-01 -5.177736e-03 1.382493e-01
1.818182e-01 9.898990e-01 1.317341e-01 -5.181432e-03 1.369156e-01
1.919192e-01 9.898990e-01 1.304102e-01 -5.168766e-03 1.355789e-01
2.020202e-01 9.898990e-01 1.290995e-01 -5.176634e-03 1.342762e-01
2.121212e-01 9.898990e-01 1.278021e-01 -5.188793e-03 1.329909e-01
2.222222e-01 9.898990e-01 1.265176e-01 -5.176187e-03 1.316938e-01
2.323232e-01 9.898990e-01 1.252461e-01 -5.183905e-03 1.304300e-01
2.424242e-01 9.898990e-01 1.239874e-01 -5.177349e-03 1.291647e-01
2.525253e-01 9.898990e-01 1.227413e-01 -5.174339e-03 1.279156e-01
2.626263e-01 9.898990e-01 1.215077e-01 -5.176991e-03 1.266847e-01
2.727273e-01 9.898990e-01 1.202865e-01 -5.175591e-03 1.254621e-01
2.828283e-01 9.898990e-01 1.190776e-01 -5.179822e-03 1.242574e-01
2.929293e-01 9.898990e-01 1.178809e-01 -5.175173e-03 1.230560e-01
3.030303e-01 9.898990e-01 1.166962e-01 -5.176723e-03 1.218729e-01
3.131313e-01 9.898990e-01 1.155233e-01 -5.179763e-03 1.207031e-01
3.232323e-01 9.898990e-01 1.143623e-01 -5.173504e-03 1.195358e-01
3.333333e-01 9.898990e-01 1.132129e-01 -5.180955e-03 1.183939e-01
3.434343e-01 9.898990e-01 1.120751e-01 -5.176932e-03 1.172521e-01
3.535354e-01 9.898990e-01 1.109488e-01 -5.178660e-03 1.161274e-01
3.636364e-01 9.898990e-01 1.098337e-01 -5.177647e-03 1.150114e-01
3.737374e-01 9.898990e-01 1.087299e-01 -5.180985e-03 1.139108e-01
3.838384e-01 9.898990e-01 1.076371e-01 -5.175948e-03 1.128131e-01
3.939394e-01 9.898990e-01 1.065553e-01 -5.170554e-03 1.117259e-01
4.040404e-01 9.898990e-01 1.054844e-01 -5.182236e-03 1.106667e-01
4.141414e-01 9.898990e-01 1.044243e-01 -5.180359e-03 1.096047e-01
4.242424e-01 9.898990e-01 1.033748e-01 -5.183041e-03 1.085579e-01
4.343434e-01 9.898990e-01 1.023359e-01 -5.177379e-03 1.075133e-01
4.444444e-01 9.898990e-01 1.013074e-01 -5.175591e-03 1.064830e-01
4.545455e-01 9.898990e-01 1.002892e-01 -5.174488e-03 1.054637e-01
4.646465e-01 9.898990e-01 9.928132e-02 -5.181253e-03 1.044626e-01
4.747475e-01 9.898990e-01 9.828352e-02 -5.179226e-03 1.034627e-01
4.848485e-01 9.898990e-01 9.729576e-02 -5.177259e-03 1.024730e-01
4.949495e-01 9.898990e-01 9.631792e-02 -5.175829e-03 1.014937e-01
5.050505e-01 9.898990e-01 9.534991e-02 -5.176038e-03 1.005259e-01
5.151515e-01 9.898990e-01 9.439163e-02 -5.178660e-03 9.957029e-02
5.252525e-01 9.898990e-01 9.344297e-02 -5.178034e-03 9.862101e-02
5.353535e-01 9.898990e-01 9.250386e-02 -5.176544e-03 9.768040e-02
5.454545e-01 9.898990e-01 9.157418e-02 -5.178094e-03 9.675227e-02
5.555556e-01 9.898990e-01 9.065384e-02 -5.183280e-03 9.583712e-02
5.656566e-01 9.898990e-01 8.974276e-02 -5.174965e-03 9.491772e-02
5.757576e-01 9.898990e-01 8.884083e-02 -5.170852e-03 9.401168e-02
5.858586e-01 9.898990e-01 8.794796e-02 -5.181670e-03 9.312963e-02
5.959596e-01 9.898990e-01 8.706407e-02 -5.183041e-03 9.224711e-02
6.060606e-01 9.898990e-01 8.618906e-02 -5.178809e-03 9.136787e-02
6.161616e-01 9.898990e-01 8.532285e-02 -5.175710e-03 9.049856e-02
6.262626e-01 9.898990e-01 8.446534e-02 -5.173624e-03 8.963896e-02
6.363636e-01 9.898990e-01 8.361645e-02 -5.175471e-03 8.879192e-02
6.464646e-01 9.898990e-01 8.277609e-02 -5.175829e-03 8.795192e-02
6.565657e-01 9.898990e-01 8.194417e-02 -5.174398e-03 8.711857e-02
6.666667e-01 9.898990e-01 8.112062e-02 -5.173892e-03 8.629451e-02
6.767677e-01 9.898990e-01 8.030535e-02 -5.176842e-03 8.548219e-02
6.868687e-01 9.898990e-01 7.949826e-02 -5.181849e-03 8.468011e-02
6.969697e-01 9.898990e-01 7.869929e-02 -5.174875e-03 8.387417e-02
7.070707e-01 9.898990e-01 7.790835e-02 -5.177766e-03 8.308612e-02
7.171717e-01 9.898990e-01 7.712536e-02 -5.180925e-03 8.230629e-02
7.272727e-01 9.898990e-01 7.635024e-02 -5.180180e-03 8.153042e-02
7.373737e-01 9.898990e-01 7.558290e-02 -5.181491e-03 8.076440e-02
7.474747e-01 9.898990e-01 7.482328e-02 -5.171388e-03 7.999467e-02
7.575758e-01 9.898990e-01 7.407130e-02 -5.182266e-03 7.925356e-02
7.676768e-01 9.898990e-01 7.332687e-02 -5.179167e-03 7.850604e-02
7.777778e-01 9.898990e-01 7.258992e-02 -5.175769e-03 7.776569e-02
7.878788e-01 9.898990e-01 7.186038e-02 -5.179435e-03 7.703982e-02
7.979798e-01 9.898990e-01 7.113817e-02 -5.170405e-03 7.630858e-02
8.080808e-01 9.898990e-01 7.042322e-02 -5.181938e-03 7.560516e-02
8.181818e-01 9.898990e-01 6.971546e-02 -5.175233e-03 7.489069e-02
8.282828e-01 9.898990e-01 6.901480e-02 -5.174071e-03 7.418888e-02
8.383838e-01 9.898990e-01 6.832119e-02 -5.182832e-03 7.350403e-02
8.484848e-01 9.898990e-01 6.763455e-02 -5.179524e-03 7.281408e-02
8.585859e-01 9.898990e-01 6.695482e-02 -5.178958e-03 7.213377e-02
8.686869e-01 9.898990e-01 6.628191e-02 -5.171299e-03 7.145321e-02
8.787879e-01 9.898990e-01 6.561577e-02 -5.182177e-03 7.079794e-02
8.888889e-01 9.898990e-01 6.495632e-02 -5.177736e-03 7.013405e-02
8.989899e-01 9.898990e-01 6.430349e-02 -5.177826e-03 6.948132e-02
9.090909e-01 9.898990e-01 6.365723e-02 -5.176395e-03 6.883363e-02
9.191919e-01 9.898990e-01 6.301747e-02 -5.178988e-03 6.819646e-02
9.292929e-01 9.898990e-01 6.238413e-02 -5.178422e-03 6.756255e-02
9.393939e-01 9.898990e-01 6.175716e-02 -5.180985e-03 6.693815e-02
9.494949e-01 9.898990e-01 6.113649e-02 -5.179882e-03 6.631637e-02
9.595960e-01 9.898990e-01 6.052206e-02 -5.179346e-03 6.570140e-02
9.696970e-01 9.898990e-01 5.991380e-02 -5.177140e-03 6.509094e-02
9.797980e-01 9.898990e-01 5.931166e-02 -5.177945e-03 6.448960e-02
9.898990e-01 9.898990e-01 5.871557e-02 -5.176812e-03 6.389238e-02
1.000000e+00 9.898990e-01 5.812547e-02 -5.169332e-03 6.329480e-02
0.000000e+00 1.000000e+00 -1.607083e-13 -5.182594e-03 5.182594e-03
1.010101e-02 1.000000e+00 -1.590932e-13 -5.172372e-03 5.172372e-03
2.020202e-02 1.000000e+00 -1.574943e-13 -5.170584e-03 5.170584e-03
3.030303e-02 1.000000e+00 -1.559114e-13 -5.168259e-03 5.168259e-03
4.040404e-02 1.000000e+00 -1.543445e-13 -5.181253e-03 5.181253e-03
5.050505e-02 1.000000e+00 -1.527933e-13 -5.179793e-03 5.179793e-03
6.060606e-02 1.000000e+00 -1.512577e-13 -5.175948e-03 5.175948e-03
7.070707e-02 1.000000e+00 -1.497375e-13 -5.175084e-03 5.175084e-03
8.080808e-02 1.000000e+00 -1.482326e-13 -5.173534e-03 5.173534e-03
9.090909e-02 1.000000e+00 -1.467429e-13 -5.181015e-03 5.181015e-03
1.010101e-01 1.000000e+00 -1.452681e-13 -5.179137e-03 5.179137e-03
1.111111e-01 1.000000e+00 -1.438081e-13 -5.177826e-03 5.177826e-03
1.212121e-01 1.000000e+00 -1.423628e-13 -5.177319e-03 5.177319e-03
1.313131e-01 1.000000e+00 -1.409321e-13 -5.170703e-03 5.170703e-03
1.414141e-01 1.000000e+00 -1.395157e-13 -5.178452e-03 5.178452e-03
1.515152e-01 1.000000e+00 -1.381135e-13 -5.180776e-03 5.180776e-03
1.616162e-01 1.000000e+00 -1.367255e-13 -5.176544e-03 5.176544e-03
1.717172e-01 1.000000e+00 -1.353513e-13 -5.176097e-03 5.176097e-03
1.818182e-01 1.000000e+00 -1.339910e-13 -5.175710e-03 5.175710e-03
1.919192e-01 1.000000e+00 -1.326444e-13 -5.176544e-03 5.176544e-03
2.020202e-01 1.000000e+00 -1.313113e-13 -5.178571e-03 5.178571e-03
2.121212e-01 1.000000e+00 -1.299916e-13 -5.178064e-03 5.178064e-03
2.222222e-01 1.000000e+00 -1.286852e-13 -5.170792e-03 5.170792e-03
2.323232e-01 1.000000e+00 -1.273919e-13 -5.173385e-03 5.173385e-03
2.424242e-01 1.000000e+00 -1.261115e-13 -5.184621e-03 5.184621e-03
2.525253e-01 1.000000e+00 -1.248441e-13 -5.178243e-03 5.178243e-03
2.626263e-01 1.000000e+00 -1.235894e-13 -5.177647e-03 5.177647e-03
2.727273e-01 1.000000e+00 -1.223473e-13 -5.178303e-03 5.178303e-03
2.828283e-01 1.000000e+00 -1.211177e-13 -5.180776e-03 5.180776e-03
2.929293e-01 1.000000e+00 -1.199004e-13 -5.179435e-03 5.179435e-03
3.030303e-01 1.000000e+00 -1.186954e-13 -5.172044e-03 5.172044e-03
3.131313e-01 1.000000e+00 -1.175025e-13 -5.178392e-03 5.178392e-03
3.232323e-01 1.000000e+00 -1.163216e-13 -5.173743e-03 5.173743e-03
3.333333e-01 1.000000e+00 -1.151525e-13 -5.174845e-03 5.174845e-03
3.434343e-01 1.000000e+00 -1.139952e-13 -5.172849e-03 5.172849e-03
3.535354e-01 1.000000e+00 -1.128496e-13 -5.176008e-03 5.176008e-03
3.636364e-01 1.000000e+00 -1.117154e-13 -5.174458e-03 5.174458e-03
3.737374e-01 1.000000e+00 -1.105927e-13 -5.177498e-03 5.177498e-03
3.838384e-01 1.000000e+00 -1.094812e-13 -5.180031e-03 5.180031e-03
3.939394e-01 1.000000e+00 -1.083809e-13 -5.175531e-03 5.175531e-03
4.040404e-01 1.000000e+00 -1.072916e-13 -5.173892e-03 5.173892e-03
4.141414e-01 1.000000e+00 -1.062133e-13 -5.174220e-03 5.174220e-03
4.242424e-01 1.000000e+00 -1.051459e-13 -5.176187e-03 5.176187e-03
4.343434e-01 1.000000e+00 -1.040891e-13 -5.177796e-03 5.177796e-03
4.444444e-01 1.000000e+00 -1.030430e-13 -5.179882e-03 5.179882e-03
4.545455e-01 1.000000e+00 -1.020074e-13 -5.173594e-03 5.173594e-03
4.646465e-01 1.000000e+00 -1.009822e-13 -5.175531e-03 5.175531e-03
4.747475e-01 1.000000e+00 -9.996735e-14 -5.173534e-03 5.173534e-03
4.848485e-01 1.000000e+00 -9.896266e-14 -5.176753e-03 5.176753e-03
4.949495e-01 1.000000e+00 -9.796807e-14 -5.180389e-03 5.180389e-03
5.050505e-01 1.000000e+00 -9.698347e-14 -5.170584e-03 5.170584e-03
5.151515e-01 1.000000e+00 -9.600877e-14 -5.179167e-03 5.179167e-03
5.252525e-01 1.000000e+00 -9.504387e-14 -5.174071e-03 5.174071e-03
5.353535e-01 1.000000e+00 -9.408866e-14 -5.178243e-03 5.178243e-03
5.454545e-01 1.000000e+00 -9.314305e-14 -5.179584e-03 5.179584e-03
5.555556e-01 1.000000e+00 -9.220695e-14 -5.176187e-03 5.176187e-03
5.656566e-01 1.000000e+00 -9.128025e-14 -5.177557e-03 5.177557e-03
5.757576e-01 1.000000e+00 -9.036287e-14 -5.172729e-03 5.172729e-03
5.858586e-01 1.000000e+00 -8.945471e-14 -5.185068e-03 5.185068e-03
5.959596e-01 1.000000e+00 -8.855568e-14 -5.173326e-03 5.173326e-03
6.060606e-01 1.000000e+00 -8.766568e-14 -5.176485e-03 5.176485e-03
6.161616e-01 1.000000e+00 -8.678462e-14 -5.176663e-03 5.176663e-03
6.262626e-01 1.000000e+00 -8.591242e-14 -5.171776e-03 5.171776e-03
6.363636e-01 1.000000e+00 -8.504899e-14 -5.182743e-03 5.182743e-03
6.464646e-01 1.000000e+00 -8.419423e-14 -5.178332e-03 5.178332e-03
6.565657e-01 1.000000e+00 -8.334807e-14 -5.179286e-03 5.179286e-03
6.666667e-01 1.000000e+00 -8.251040e-14 -5.177438e-03 5.177438e-03
6.767677e-01 1.000000e+00 -8.168116e-14 -5.178839e-03 5.178839e-03
6.868687e-01 1.000000e+00 -8.086025e-14 -5.177200e-03 5.177200e-03
6.969697e-01 1.000000e+00 -8.004759e-14 -5.180448e-03 5.180448e-03
7.070707e-01 1.000000e+00 -7.924310e-14 -5.177557e-03 5.177557e-03
7.171717e-01 1.000000e+00 -7.844669e-14 -5.182624e-03 5.182624e-03
7.272727e-01 1.000000e+00 -7.765829e-14 -5.178332e-03 5.178332e-03
7.373737e-01 1.000000e+00 -7.687781e-14 -5.180418e-03 5.180418e-03
7.474747e-01 1.000000e+00 -7.610518e-14 -5.177170e-03 5.177170e-03
7.575758e-01 1.000000e+00 -7.534031e-14 -5.177081e-03 5.177081e-03
7.676768e-01 1.000000e+00 -7.458313e-14 -5.175233e-03 5.175233e-03
7.777778e-01 1.000000e+00 -7.383355e-14 -5.165637e-03 5.165637e-03
7.878788e-01 1.000000e+00 -7.309151e-14 -5.180418e-03 5.180418e-03
7.979798e-01 1.000000e+00 -7.235693e-14 -5.177528e-03 5.177528e-03
8.080808e-01 1.000000e+00 -7.162973e-14 -5.179882e-03 5.179882e-03
8.181818e-01 1.000000e+00 -7.090984e-14 -5.180776e-03 5.180776e-03
8.282828e-01 1.000000e+00 -7.019719e-14 -5.177081e-03 5.177081e-03
8.383838e-01 1.000000e+00 -6.949169e-14 -5.179435e-03 5.179435e-03
8.484848e-01 1.000000e+00 -6.879329e-14 -5.180210e-03 5.180210e-03
8.585859e-01 1.000000e+00 -6.810191e-14 -5.181491e-03 5.181491e-03
8.686869e-01 1.000000e+00 -6.741747e-14 -5.167931e-03 5.167931e-03
8.787879e-01 1.000000e+00 -6.673991e-14 -5.173206e-03 5.173206e-03
8.888889e-01 1.000000e+00 -6.606917e-14 -5.176336e-03 5.176336e-03
8.989899e-01 1.000000e+00 -6.540516e-14 -5.176425e-03 5.176425e-03
9.090909e-01 1.000000e+00 -6.474783e-14 -5.187273e-03 5.187273e-03
9.191919e-01 1.000000e+00 -6.409710e-14 -5.185544e-03 5.185544e-03
9.292929e-01 1.000000e+00 -6.345291e-14 -5.176961e-03 5.176961e-03
9.393939e-01 1.000000e+00 -6.281520e-14 -5.175680e-03 5.175680e-03
9.494949e-01 1.000000e+00 -6.218390e-14 -5.173445e-03 5.173445e-03
9.595960e-01 1.000000e+00 -6.155894e-14 -5.179197e-03 5.179197e-03
9.696970e-01 1.000000e+00 -6.094026e-14 -5.172312e-03 5.172312e-03
9.797980e-01 1.000000e+00 -6.032780e-14 -5.176634e-03 5.176634e-03
9.898990e-01 1.000000e+00 -5.972150e-14 -5.175620e-03 5.175620e-03
1.000000e+00 1.000000e+00 -5.912129e-14 -5.179286e-03 5.179286e-03
