# t  x  u_exact  u_pred  abs_error
0.000000e+00 0.000000e+00 0.000000e+00 -5.125254e-03 5.125254e-03
1.010101e-02 0.000000e+00 0.000000e+00 -5.130202e-03 5.130202e-03
2.020202e-02 0.000000e+00 0.000000e+00 -5.135953e-03 5.135953e-03
3.030303e-02 0.000000e+00 0.000000e+00 -5.141288e-03 5.141288e-03
4.040404e-02 0.000000e+00 0.000000e+00 -5.146712e-03 5.146712e-03
5.050505e-02 0.000000e+00 0.000000e+00 -5.152017e-03 5.152017e-03
6.060606e-02 0.000000e+00 0.000000e+00 -5.157948e-03 5.157948e-03
7.070707e-02 0.000000e+00 0.000000e+00 -5.162746e-03 5.162746e-03
8.080808e-02 0.000000e+00 0.000000e+00 -5.168408e-03 5.168408e-03
9.090909e-02 0.000000e+00 0.000000e+00 -5.173951e-03 5.173951e-03
1.010101e-01 0.000000e+00 0.000000e+00 -5.178958e-03 5.178958e-03
1.111111e-01 0.000000e+00 0.000000e+00 -5.184382e-03 5.184382e-03
1.212121e-01 0.000000e+00 0.000000e+00 -5.189836e-03 5.189836e-03
1.313131e-01 0.000000e+00 0.000000e+00 -5.195051e-03 5.195051e-03
1.414141e-01 0.000000e+00 0.000000e+00 -5.199939e-03 5.199939e-03
1.515152e-01 0.000000e+00 0.000000e+00 -5.205393e-03 5.205393e-03
1.616162e-01 0.000000e+00 0.000000e+00 -5.210668e-03 5.210668e-03
1.717172e-01 0.000000e+00 0.000000e+00 -5.215913e-03 5.215913e-03
1.818182e-01 0.000000e+00 0.000000e+00 -5.221128e-03 5.221128e-03
1.919192e-01 0.000000e+00 0.000000e+00 -5.226225e-03 5.226225e-03
2.020202e-01 0.000000e+00 0.000000e+00 -5.231380e-03 5.231380e-03
2.121212e-01 0.000000e+00 0.000000e+00 -5.236715e-03 5.236715e-03
2.222222e-01 0.000000e+00 0.000000e+00 -5.242288e-03 5.242288e-03
2.323232e-01 0.000000e+00 0.000000e+00 -5.246967e-03 5.246967e-03
2.424242e-01 0.000000e+00 0.000000e+00 -5.252331e-03 5.252331e-03
2.525253e-01 0.000000e+00 0.000000e+00 -5.256593e-03 5.256593e-03
2.626263e-01 0.000000e+00 0.000000e+00 -5.261630e-03 5.261630e-03
2.727273e-01 0.000000e+00 0.000000e+00 -5.266935e-03 5.266935e-03
2.828283e-01 0.000000e+00 0.000000e+00 -5.271286e-03 5.271286e-03
2.929293e-01 0.000000e+00 0.000000e+00 -5.276114e-03 5.276114e-03
3.030303e-01 0.000000e+00 0.000000e+00 -5.281717e-03 5.281717e-03
3.131313e-01 0.000000e+00 0.000000e+00 -5.286485e-03 5.286485e-03
3.232323e-01 0.000000e+00 0.000000e+00 -5.291134e-03 5.291134e-03
3.333333e-01 0.000000e+00 0.000000e+00 -5.296201e-03 5.296201e-03
3.434343e-01 0.000000e+00 0.000000e+00 -5.300552e-03 5.300552e-03
3.535354e-01 0.000000e+00 0.000000e+00 -5.306095e-03 5.306095e-03
3.636364e-01 0.000000e+00 0.000000e+00 -5.310327e-03 5.310327e-03
3.737374e-01 0.000000e+00 0.000000e+00 -5.315632e-03 5.315632e-03
3.838384e-01 0.000000e+00 0.000000e+00 -5.320936e-03 5.320936e-03
3.939394e-01 0.000000e+00 0.000000e+00 -5.324632e-03 5.324632e-03
4.040404e-01 0.000000e+00 0.000000e+00 -5.329937e-03 5.329937e-03
4.141414e-01 0.000000e+00 0.000000e+00 -5.334169e-03 5.334169e-03
4.242424e-01 0.000000e+00 0.000000e+00 -5.338699e-03 5.338699e-03
4.343434e-01 0.000000e+00 0.000000e+00 -5.343348e-03 5.343348e-03
4.444444e-01 0.000000e+00 0.000000e+00 -5.348265e-03 5.348265e-03
4.545455e-01 0.000000e+00 0.000000e+00 -5.352736e-03 5.352736e-03
4.646465e-01 0.000000e+00 0.000000e+00 -5.357057e-03 5.357057e-03
4.747475e-01 0.000000e+00 0.000000e+00 -5.361706e-03 5.361706e-03
4.848485e-01 0.000000e+00 0.000000e+00 -5.366087e-03 5.366087e-03
4.949495e-01 0.000000e+00 0.000000e+00 -5.370617e-03 5.370617e-03
5.050505e-01 0.000000e+00 0.000000e+00 -5.375355e-03 5.375355e-03
5.151515e-01 0.000000e+00 0.000000e+00 -5.379558e-03 5.379558e-03
5.252525e-01 0.000000e+00 0.000000e+00 -5.383819e-03 5.383819e-03
5.353535e-01 0.000000e+00 0.000000e+00 -5.388588e-03 5.388588e-03
5.454545e-01 0.000000e+00 0.000000e+00 -5.392402e-03 5.392402e-03
5.555556e-01 0.000000e+00 0.000000e+00 -5.397081e-03 5.397081e-03
5.656566e-01 0.000000e+00 0.000000e+00 -5.401015e-03 5.401015e-03
5.757576e-01 0.000000e+00 0.000000e+00 -5.405247e-03 5.405247e-03
5.858586e-01 0.000000e+00 0.000000e+00 -5.409449e-03 5.409449e-03
5.959596e-01 0.000000e+00 0.000000e+00 -5.413532e-03 5.413532e-03
6.060606e-01 0.000000e+00 0.000000e+00 -5.417705e-03 5.417705e-03
6.161616e-01 0.000000e+00 0.000000e+00 -5.422026e-03 5.422026e-03
6.262626e-01 0.000000e+00 0.000000e+00 -5.425841e-03 5.425841e-03
6.363636e-01 0.000000e+00 0.000000e+00 -5.430251e-03 5.430251e-03
6.464646e-01 0.000000e+00 0.000000e+00 -5.434453e-03 5.434453e-03
6.565657e-01 0.000000e+00 0.000000e+00 -5.437672e-03 5.437672e-03
6.666667e-01 0.000000e+00 0.000000e+00 -5.441755e-03 5.441755e-03
6.767677e-01 0.000000e+00 0.000000e+00 -5.445540e-03 5.445540e-03
6.868687e-01 0.000000e+00 0.000000e+00 -5.449176e-03 5.449176e-03
6.969697e-01 0.000000e+00 0.000000e+00 -5.453467e-03 5.453467e-03
7.070707e-01 0.000000e+00 0.000000e+00 -5.457014e-03 5.457014e-03
7.171717e-01 0.000000e+00 0.000000e+00 -5.460888e-03 5.460888e-03
7.272727e-01 0.000000e+00 0.000000e+00 -5.464703e-03 5.464703e-03
7.373737e-01 0.000000e+00 0.000000e+00 -5.468577e-03 5.468577e-03
7.474747e-01 0.000000e+00 0.000000e+00 -5.472392e-03 5.472392e-03
7.575758e-01 0.000000e+00 0.000000e+00 -5.476028e-03 5.476028e-03
7.676768e-01 0.000000e+00 0.000000e+00 -5.479753e-03 5.479753e-03
7.777778e-01 0.000000e+00 0.000000e+00 -5.483001e-03 5.483001e-03
7.878788e-01 0.000000e+00 0.000000e+00 -5.486816e-03 5.486816e-03
7.979798e-01 0.000000e+00 0.000000e+00 -5.489886e-03 5.489886e-03
8.080808e-01 0.000000e+00 0.000000e+00 -5.493641e-03 5.493641e-03
8.181818e-01 0.000000e+00 0.000000e+00 -5.497098e-03 5.497098e-03
8.282828e-01 0.000000e+00 0.000000e+00 -5.501330e-03 5.501330e-03
8.383838e-01 0.000000e+00 0.000000e+00 -5.504400e-03 5.504400e-03
8.484848e-01 0.000000e+00 0.000000e+00 -5.507082e-03 5.507082e-03
8.585859e-01 0.000000e+00 0.000000e+00 -5.510747e-03 5.510747e-03
8.686869e-01 0.000000e+00 0.000000e+00 -5.514175e-03 5.514175e-03
8.787879e-01 0.000000e+00 0.000000e+00 -5.517602e-03 5.517602e-03
8.888889e-01 0.000000e+00 0.000000e+00 -5.521357e-03 5.521357e-03
8.989899e-01 0.000000e+00 0.000000e+00 -5.524248e-03 5.524248e-03
9.090909e-01 0.000000e+00 0.000000e+00 -5.527228e-03 5.527228e-03
9.191919e-01 0.000000e+00 0.000000e+00 -5.530208e-03 5.530208e-03
9.292929e-01 0.000000e+00 0.000000e+00 -5.533874e-03 5.533874e-03
9.393939e-01 0.000000e+00 0.000000e+00 -5.536497e-03 5.536497e-03
9.494949e-01 0.000000e+00 0.000000e+00 -5.539566e-03 5.539566e-03
9.595960e-01 0.000000e+00 0.000000e+00 -5.542397e-03 5.542397e-03
9.696970e-01 0.000000e+00 0.000000e+00 -5.545825e-03 5.545825e-03
9.797980e-01 0.000000e+00 0.000000e+00 -5.548030e-03 5.548030e-03
9.898990e-01 0.000000e+00 0.000000e+00 -5.550474e-03 5.550474e-03
1.000000e+00 0.000000e+00 0.000000e+00 -5.554348e-03 5.554348e-03
0.000000e+00 1.010101e-02 -1.580014e-01 -5.139172e-03 1.528622e-01
1.010101e-02 1.010101e-02 -1.564135e-01 -5.145103e-03 1.512684e-01
2.020202e-02 1.010101e-02 -1.548415e-01 -5.149931e-03 1.496915e-01
3.030303e-02 1.010101e-02 -1.532853e-01 -5.155861e-03 1.481294e-01
4.040404e-02 1.010101e-02 -1.517447e-01 -5.160958e-03 1.465838e-01
5.050505e-02 1.010101e-02 -1.502197e-01 -5.166173e-03 1.450535e-01
6.060606e-02 1.010101e-02 -1.487100e-01 -5.171746e-03 1.435382e-01
7.070707e-02 1.010101e-02 -1.472154e-01 -5.176932e-03 1.420385e-01
8.080808e-02 1.010101e-02 -1.457359e-01 -5.182177e-03 1.405537e-01
9.090909e-02 1.010101e-02 -1.442712e-01 -5.187660e-03 1.390835e-01
1.010101e-01 1.010101e-02 -1.428212e-01 -5.192935e-03 1.376283e-01
1.111111e-01 1.010101e-02 -1.413859e-01 -5.198419e-03 1.361874e-01
1.212121e-01 1.010101e-02 -1.399649e-01 -5.203217e-03 1.347617e-01
1.313131e-01 1.010101e-02 -1.385582e-01 -5.207956e-03 1.333503e-01
1.414141e-01 1.010101e-02 -1.371657e-01 -5.213767e-03 1.319519e-01
1.515152e-01 1.010101e-02 -1.357872e-01 -5.219340e-03 1.305678e-01
1.616162e-01 1.010101e-02 -1.344225e-01 -5.223811e-03 1.291987e-01
1.717172e-01 1.010101e-02 -1.330715e-01 -5.229503e-03 1.278420e-01
1.818182e-01 1.010101e-02 -1.317341e-01 -5.234599e-03 1.264995e-01
1.919192e-01 1.010101e-02 -1.304102e-01 -5.239666e-03 1.251705e-01
2.020202e-01 1.010101e-02 -1.290995e-01 -5.244941e-03 1.238546e-01
2.121212e-01 1.010101e-02 -1.278021e-01 -5.249947e-03 1.225521e-01
2.222222e-01 1.010101e-02 -1.265176e-01 -5.255193e-03 1.212624e-01
2.323232e-01 1.010101e-02 -1.252461e-01 -5.259752e-03 1.199864e-01
2.424242e-01 1.010101e-02 -1.239874e-01 -5.265087e-03 1.187223e-01
2.525253e-01 1.010101e-02 -1.227413e-01 -5.270272e-03 1.174710e-01
2.626263e-01 1.010101e-02 -1.215077e-01 -5.274504e-03 1.162332e-01
2.727273e-01 1.010101e-02 -1.202865e-01 -5.279481e-03 1.150070e-01
2.828283e-01 1.010101e-02 -1.190776e-01 -5.285114e-03 1.137925e-01
2.929293e-01 1.010101e-02 -1.178809e-01 -5.289584e-03 1.125913e-01
3.030303e-01 1.010101e-02 -1.166962e-01 -5.294651e-03 1.114015e-01
3.131313e-01 1.010101e-02 -1.155233e-01 -5.299419e-03 1.102239e-01
3.232323e-01 1.010101e-02 -1.143623e-01 -5.303979e-03 1.090583e-01
3.333333e-01 1.010101e-02 -1.132129e-01 -5.309075e-03 1.079039e-01
3.434343e-01 1.010101e-02 -1.120751e-01 -5.313545e-03 1.067616e-01
3.535354e-01 1.010101e-02 -1.109488e-01 -5.318433e-03 1.056303e-01
3.636364e-01 1.010101e-02 -1.098337e-01 -5.323082e-03 1.045106e-01
3.737374e-01 1.010101e-02 -1.087299e-01 -5.328208e-03 1.034017e-01
3.838384e-01 1.010101e-02 -1.076371e-01 -5.333006e-03 1.023041e-01
3.939394e-01 1.010101e-02 -1.065553e-01 -5.337775e-03 1.012176e-01
4.040404e-01 1.010101e-02 -1.054844e-01 -5.341738e-03 1.001427e-01
4.141414e-01 1.010101e-02 -1.044243e-01 -5.346477e-03 9.907783e-02
4.242424e-01 1.010101e-02 -1.033748e-01 -5.351186e-03 9.802364e-02
4.343434e-01 1.010101e-02 -1.023359e-01 -5.355805e-03 9.698008e-02
4.444444e-01 1.010101e-02 -1.013074e-01 -5.360007e-03 9.594739e-02
4.545455e-01 1.010101e-02 -1.002892e-01 -5.364388e-03 9.492485e-02
4.646465e-01 1.010101e-02 -9.928132e-02 -5.368561e-03 9.391276e-02
4.747475e-01 1.010101e-02 -9.828352e-02 -5.373836e-03 9.290969e-02
4.848485e-01 1.010101e-02 -9.729576e-02 -5.378157e-03 9.191760e-02
4.949495e-01 1.010101e-02 -9.631792e-02 -5.382448e-03 9.093547e-02
5.050505e-01 1.010101e-02 -9.534991e-02 -5.386919e-03 8.996299e-02
5.151515e-01 1.010101e-02 -9.439163e-02 -5.391568e-03 8.900006e-02
5.252525e-01 1.010101e-02 -9.344297e-02 -5.395472e-03 8.804750e-02
5.353535e-01 1.010101e-02 -9.250386e-02 -5.400032e-03 8.710382e-02
5.454545e-01 1.010101e-02 -9.157418e-02 -5.404204e-03 8.616997e-02
5.555556e-01 1.010101e-02 -9.065384e-02 -5.408227e-03 8.524561e-02
5.656566e-01 1.010101e-02 -8.974276e-02 -5.412400e-03 8.433036e-02
5.757576e-01 1.010101e-02 -8.884083e-02 -5.416572e-03 8.342425e-02
5.858586e-01 1.010101e-02 -8.794796e-02 -5.420893e-03 8.252707e-02
5.959596e-01 1.010101e-02 -8.706407e-02 -5.425006e-03 8.163906e-02
6.060606e-01 1.010101e-02 -8.618906e-02 -5.429387e-03 8.075967e-02
6.161616e-01 1.010101e-02 -8.532285e-02 -5.432904e-03 7.988994e-02
6.262626e-01 1.010101e-02 -8.446534e-02 -5.436867e-03 7.902847e-02
6.363636e-01 1.010101e-02 -8.361645e-02 -5.440652e-03 7.817579e-02
6.464646e-01 1.010101e-02 -8.277609e-02 -5.444914e-03 7.733117e-02
6.565657e-01 1.010101e-02 -8.194417e-02 -5.448937e-03 7.649524e-02
6.666667e-01 1.010101e-02 -8.112062e-02 -5.452543e-03 7.566808e-02
6.767677e-01 1.010101e-02 -8.030535e-02 -5.456567e-03 7.484878e-02
6.868687e-01 1.010101e-02 -7.949826e-02 -5.459845e-03 7.403842e-02
6.969697e-01 1.010101e-02 -7.869929e-02 -5.463690e-03 7.323560e-02
7.070707e-01 1.010101e-02 -7.790835e-02 -5.467564e-03 7.244079e-02
7.171717e-01 1.010101e-02 -7.712536e-02 -5.471617e-03 7.165374e-02
7.272727e-01 1.010101e-02 -7.635024e-02 -5.475551e-03 7.087469e-02
7.373737e-01 1.010101e-02 -7.558290e-02 -5.478740e-03 7.010417e-02
7.474747e-01 1.010101e-02 -7.482328e-02 -5.482435e-03 6.934085e-02
7.575758e-01 1.010101e-02 -7.407130e-02 -5.486101e-03 6.858520e-02
7.676768e-01 1.010101e-02 -7.332687e-02 -5.489409e-03 6.783746e-02
7.777778e-01 1.010101e-02 -7.258992e-02 -5.493432e-03 6.709649e-02
7.878788e-01 1.010101e-02 -7.186038e-02 -5.497009e-03 6.636337e-02
7.979798e-01 1.010101e-02 -7.113817e-02 -5.500466e-03 6.563771e-02
8.080808e-01 1.010101e-02 -7.042322e-02 -5.503535e-03 6.491969e-02
8.181818e-01 1.010101e-02 -6.971546e-02 -5.506605e-03 6.420885e-02
8.282828e-01 1.010101e-02 -6.901480e-02 -5.510569e-03 6.350424e-02
8.383838e-01 1.010101e-02 -6.832119e-02 -5.513906e-03 6.280729e-02
8.484848e-01 1.010101e-02 -6.763455e-02 -5.517453e-03 6.211710e-02
8.585859e-01 1.010101e-02 -6.695482e-02 -5.521029e-03 6.143379e-02
8.686869e-01 1.010101e-02 -6.628191e-02 -5.524337e-03 6.075757e-02
8.787879e-01 1.010101e-02 -6.561577e-02 -5.526781e-03 6.008898e-02
8.888889e-01 1.010101e-02 -6.495632e-02 -5.529940e-03 5.942638e-02
8.989899e-01 1.010101e-02 -6.430349e-02 -5.533367e-03 5.877013e-02
9.090909e-01 1.010101e-02 -6.365723e-02 -5.536228e-03 5.812100e-02
9.191919e-01 1.010101e-02 -6.301747e-02 -5.539924e-03 5.747754e-02
9.292929e-01 1.010101e-02 -6.238413e-02 -5.542487e-03 5.684164e-02
9.393939e-01 1.010101e-02 -6.175716e-02 -5.545586e-03 5.621157e-02
9.494949e-01 1.010101e-02 -6.113649e-02 -5.548209e-03 5.558828e-02
9.595960e-01 1.010101e-02 -6.052206e-02 -5.551249e-03 5.497081e-02
9.696970e-01 1.010101e-02 -5.991380e-02 -5.554289e-03 5.435951e-02
9.797980e-01 1.010101e-02 -5.931166e-02 -5.557209e-03 5.375445e-02
9.898990e-01 1.010101e-02 -5.871557e-02 -5.560160e-03 5.315541e-02
1.000000e+00 1.010101e-02 -5.812547e-02 -5.562723e-03 5.256274e-02
0.000000e+00 2.020202e-02 3.120334e-01 -5.153447e-03 3.171869e-01
1.010101e-02 2.020202e-02 3.088975e-01 -5.158395e-03 3.140559e-01
2.020202e-02 2.020202e-02 3.057930e-01 -5.163938e-03 3.109569e-01
3.030303e-02 2.020202e-02 3.027197e-01 -5.169690e-03 3.078894e-01
4.040404e-02 2.020202e-02 2.996773e-01 -5.174726e-03 3.048521e-01
5.050505e-02 2.020202e-02 2.966655e-01 -5.180269e-03 3.018458e-01
6.060606e-02 2.020202e-02 2.936840e-01 -5.185395e-03 2.988694e-01
7.070707e-02 2.020202e-02 2.907324e-01 -5.190820e-03 2.959232e-01
8.080808e-02 2.020202e-02 2.878105e-01 -5.196422e-03 2.930069e-01
9.090909e-02 2.020202e-02 2.849180e-01 -5.201370e-03 2.901193e-01
1.010101e-01 2.020202e-02 2.820545e-01 -5.206674e-03 2.872612e-01
1.111111e-01 2.020202e-02 2.792198e-01 -5.211860e-03 2.844317e-01
1.212121e-01 2.020202e-02 2.764136e-01 -5.216807e-03 2.816304e-01
1.313131e-01 2.020202e-02 2.736356e-01 -5.222559e-03 2.788581e-01
1.414141e-01 2.020202e-02 2.708855e-01 -5.227119e-03 2.761126e-01
1.515152e-01 2.020202e-02 2.681631e-01 -5.232185e-03 2.733952e-01
1.616162e-01 2.020202e-02 2.654680e-01 -5.237460e-03 2.707054e-01
1.717172e-01 2.020202e-02 2.628000e-01 -5.242795e-03 2.680428e-01
1.818182e-01 2.020202e-02 2.601588e-01 -5.247682e-03 2.654065e-01
1.919192e-01 2.020202e-02 2.575442e-01 -5.253047e-03 2.627972e-01
2.020202e-01 2.020202e-02 2.549558e-01 -5.257994e-03 2.602138e-01
2.121212e-01 2.020202e-02 2.523934e-01 -5.263627e-03 2.576571e-01
2.222222e-01 2.020202e-02 2.498569e-01 -5.268246e-03 2.551251e-01
2.323232e-01 2.020202e-02 2.473457e-01 -5.273491e-03 2.526192e-01
2.424242e-01 2.020202e-02 2.448599e-01 -5.277723e-03 2.501376e-01
2.525253e-01 2.020202e-02 2.423990e-01 -5.283505e-03 2.476825e-01
2.626263e-01 2.020202e-02 2.399628e-01 -5.287647e-03 2.452505e-01
2.727273e-01 2.020202e-02 2.375512e-01 -5.292624e-03 2.428438e-01
2.828283e-01 2.020202e-02 2.351638e-01 -5.297780e-03 2.404615e-01
2.929293e-01 2.020202e-02 2.328003e-01 -5.302101e-03 2.381024e-01
3.030303e-01 2.020202e-02 2.304606e-01 -5.307794e-03 2.357684e-01
3.131313e-01 2.020202e-02 2.281445e-01 -5.312771e-03 2.334572e-01
3.232323e-01 2.020202e-02 2.258516e-01 -5.316913e-03 2.311685e-01
3.333333e-01 2.020202e-02 2.235817e-01 -5.321532e-03 2.289033e-01
3.434343e-01 2.020202e-02 2.213347e-01 -5.326629e-03 2.266613e-01
3.535354e-01 2.020202e-02 2.191102e-01 -5.331010e-03 2.244413e-01
3.636364e-01 2.020202e-02 2.169082e-01 -5.336076e-03 2.222442e-01
3.737374e-01 2.020202e-02 2.147282e-01 -5.340338e-03 2.200685e-01
3.838384e-01 2.020202e-02 2.125701e-01 -5.345136e-03 2.179153e-01
3.939394e-01 2.020202e-02 2.104338e-01 -5.349487e-03 2.157833e-01
4.040404e-01 2.020202e-02 2.083189e-01 -5.354166e-03 2.136730e-01
4.141414e-01 2.020202e-02 2.062252e-01 -5.358398e-03 2.115836e-01
4.242424e-01 2.020202e-02 2.041526e-01 -5.362391e-03 2.095150e-01
4.343434e-01 2.020202e-02 2.021009e-01 -5.367488e-03 2.074684e-01
4.444444e-01 2.020202e-02 2.000697e-01 -5.372137e-03 2.054419e-01
4.545455e-01 2.020202e-02 1.980590e-01 -5.376309e-03 2.034353e-01
4.646465e-01 2.020202e-02 1.960685e-01 -5.381316e-03 2.014498e-01
4.747475e-01 2.020202e-02 1.940979e-01 -5.385429e-03 1.994834e-01
4.848485e-01 2.020202e-02 1.921472e-01 -5.390078e-03 1.975373e-01
4.949495e-01 2.020202e-02 1.902161e-01 -5.394310e-03 1.956104e-01
5.050505e-01 2.020202e-02 1.883044e-01 -5.398303e-03 1.937027e-01
5.151515e-01 2.020202e-02 1.864119e-01 -5.403101e-03 1.918150e-01
5.252525e-01 2.020202e-02 1.845385e-01 -5.406886e-03 1.899453e-01
5.353535e-01 2.020202e-02 1.826838e-01 -5.411386e-03 1.880952e-01
5.454545e-01 2.020202e-02 1.808478e-01 -5.415559e-03 1.862634e-01
5.555556e-01 2.020202e-02 1.790303e-01 -5.419374e-03 1.844496e-01
5.656566e-01 2.020202e-02 1.772310e-01 -5.423516e-03 1.826545e-01
5.757576e-01 2.020202e-02 1.754498e-01 -5.427659e-03 1.808774e-01
5.858586e-01 2.020202e-02 1.736865e-01 -5.432248e-03 1.791187e-01
5.959596e-01 2.020202e-02 1.719409e-01 -5.436212e-03 1.773771e-01
6.060606e-01 2.020202e-02 1.702129e-01 -5.439460e-03 1.756523e-01
6.161616e-01 2.020202e-02 1.685022e-01 -5.444020e-03 1.739462e-01
6.262626e-01 2.020202e-02 1.668087e-01 -5.447865e-03 1.722566e-01
6.363636e-01 2.020202e-02 1.651323e-01 -5.452096e-03 1.705844e-01
6.464646e-01 2.020202e-02 1.634727e-01 -5.455434e-03 1.689281e-01
6.565657e-01 2.020202e-02 1.618297e-01 -5.459666e-03 1.672894e-01
6.666667e-01 2.020202e-02 1.602033e-01 -5.462974e-03 1.656663e-01
6.767677e-01 2.020202e-02 1.585932e-01 -5.467415e-03 1.640607e-01
6.868687e-01 2.020202e-02 1.569994e-01 -5.470544e-03 1.624699e-01
6.969697e-01 2.020202e-02 1.554215e-01 -5.474240e-03 1.608957e-01
7.070707e-01 2.020202e-02 1.538595e-01 -5.477697e-03 1.593372e-01
7.171717e-01 2.020202e-02 1.523132e-01 -5.481035e-03 1.577942e-01
7.272727e-01 2.020202e-02 1.507824e-01 -5.485028e-03 1.562674e-01
7.373737e-01 2.020202e-02 1.492670e-01 -5.488306e-03 1.547553e-01
7.474747e-01 2.020202e-02 1.477668e-01 -5.492479e-03 1.532593e-01
7.575758e-01 2.020202e-02 1.462818e-01 -5.496114e-03 1.517779e-01
7.676768e-01 2.020202e-02 1.448116e-01 -5.500048e-03 1.503117e-01
7.777778e-01 2.020202e-02 1.433562e-01 -5.502909e-03 1.488591e-01
7.878788e-01 2.020202e-02 1.419155e-01 -5.506605e-03 1.474221e-01
7.979798e-01 2.020202e-02 1.404892e-01 -5.510002e-03 1.459992e-01
8.080808e-01 2.020202e-02 1.390773e-01 -5.513102e-03 1.445904e-01
8.181818e-01 2.020202e-02 1.376795e-01 -5.516589e-03 1.431961e-01
8.282828e-01 2.020202e-02 1.362958e-01 -5.520284e-03 1.418161e-01
8.383838e-01 2.020202e-02 1.349260e-01 -5.523533e-03 1.404495e-01
8.484848e-01 2.020202e-02 1.335700e-01 -5.526692e-03 1.390967e-01
8.585859e-01 2.020202e-02 1.322276e-01 -5.530387e-03 1.377580e-01
8.686869e-01 2.020202e-02 1.308987e-01 -5.532891e-03 1.364316e-01
8.787879e-01 2.020202e-02 1.295831e-01 -5.536199e-03 1.351193e-01
8.888889e-01 2.020202e-02 1.282808e-01 -5.539268e-03 1.338201e-01
8.989899e-01 2.020202e-02 1.269915e-01 -5.542547e-03 1.325341e-01
9.090909e-01 2.020202e-02 1.257153e-01 -5.545497e-03 1.312608e-01
9.191919e-01 2.020202e-02 1.244518e-01 -5.548388e-03 1.300002e-01
9.292929e-01 2.020202e-02 1.232010e-01 -5.551517e-03 1.287526e-01
9.393939e-01 2.020202e-02 1.219628e-01 -5.554408e-03 1.275173e-01
9.494949e-01 2.020202e-02 1.207371e-01 -5.557448e-03 1.262945e-01
9.595960e-01 2.020202e-02 1.195237e-01 -5.560070e-03 1.250837e-01
9.696970e-01 2.020202e-02 1.183224e-01 -5.563200e-03 1.238856e-01
9.797980e-01 2.020202e-02 1.171333e-01 -5.565733e-03 1.226990e-01
9.898990e-01 2.020202e-02 1.159561e-01 -5.568773e-03 1.215248e-01
1.000000e+00 2.020202e-02 1.147907e-01 -5.571306e-03 1.203620e-01
0.000000e+00 3.030303e-02 -4.582265e-01 -5.167753e-03 4.530588e-01
1.010101e-02 3.030303e-02 -4.536213e-01 -5.173177e-03 4.484481e-01
2.020202e-02 3.030303e-02 -4.490623e-01 -5.177885e-03 4.438844e-01
3.030303e-02 3.030303e-02 -4.445491e-01 -5.183548e-03 4.393656e-01
4.040404e-02 3.030303e-02 -4.400814e-01 -5.188733e-03 4.348926e-01
5.050505e-02 3.030303e-02 -4.356585e-01 -5.194277e-03 4.304642e-01
6.060606e-02 3.030303e-02 -4.312800e-01 -5.199641e-03 4.260804e-01
7.070707e-02 3.030303e-02 -4.269456e-01 -5.204558e-03 4.217410e-01
8.080808e-02 3.030303e-02 -4.226547e-01 -5.209953e-03 4.174448e-01
9.090909e-02 3.030303e-02 -4.184070e-01 -5.215496e-03 4.131915e-01
1.010101e-01 3.030303e-02 -4.142019e-01 -5.220234e-03 4.089817e-01
1.111111e-01 3.030303e-02 -4.100391e-01 -5.225450e-03 4.048137e-01
1.212121e-01 3.030303e-02 -4.059181e-01 -5.231202e-03 4.006869e-01
1.313131e-01 3.030303e-02 -4.018386e-01 -5.236000e-03 3.966026e-01
1.414141e-01 3.030303e-02 -3.978001e-01 -5.241513e-03 3.925585e-01
1.515152e-01 3.030303e-02 -3.938021e-01 -5.246401e-03 3.885557e-01
1.616162e-01 3.030303e-02 -3.898443e-01 -5.251557e-03 3.845928e-01
1.717172e-01 3.030303e-02 -3.859263e-01 -5.256414e-03 3.806699e-01
1.818182e-01 3.030303e-02 -3.820477e-01 -5.261004e-03 3.767867e-01
1.919192e-01 3.030303e-02 -3.782081e-01 -5.266279e-03 3.729418e-01
2.020202e-01 3.030303e-02 -3.744070e-01 -5.271405e-03 3.691356e-01
2.121212e-01 3.030303e-02 -3.706442e-01 -5.276501e-03 3.653676e-01
2.222222e-01 3.030303e-02 -3.669191e-01 -5.281359e-03 3.616378e-01
2.323232e-01 3.030303e-02 -3.632315e-01 -5.286247e-03 3.579453e-01
2.424242e-01 3.030303e-02 -3.595810e-01 -5.290896e-03 3.542901e-01
2.525253e-01 3.030303e-02 -3.559671e-01 -5.295724e-03 3.506714e-01
2.626263e-01 3.030303e-02 -3.523896e-01 -5.300909e-03 3.470887e-01
2.727273e-01 3.030303e-02 -3.488480e-01 -5.305916e-03 3.435421e-01
2.828283e-01 3.030303e-02 -3.453420e-01 -5.310535e-03 3.400315e-01
2.929293e-01 3.030303e-02 -3.418713e-01 -5.314976e-03 3.365563e-01
3.030303e-01 3.030303e-02 -3.384354e-01 -5.319744e-03 3.331157e-01
3.131313e-01 3.030303e-02 -3.350341e-01 -5.325288e-03 3.297088e-01
3.232323e-01 3.030303e-02 -3.316670e-01 -5.329311e-03 3.263376e-01
3.333333e-01 3.030303e-02 -3.283337e-01 -5.334079e-03 3.229996e-01
3.434343e-01 3.030303e-02 -3.250338e-01 -5.339116e-03 3.196947e-01
3.535354e-01 3.030303e-02 -3.217672e-01 -5.343735e-03 3.164235e-01
3.636364e-01 3.030303e-02 -3.185334e-01 -5.348414e-03 3.131850e-01
3.737374e-01 3.030303e-02 -3.153321e-01 -5.352646e-03 3.099794e-01
3.838384e-01 3.030303e-02 -3.121629e-01 -5.357265e-03 3.068057e-01
3.939394e-01 3.030303e-02 -3.090256e-01 -5.361885e-03 3.036638e-01
4.040404e-01 3.030303e-02 -3.059199e-01 -5.365878e-03 3.005540e-01
4.141414e-01 3.030303e-02 -3.028453e-01 -5.370408e-03 2.974749e-01
4.242424e-01 3.030303e-02 -2.998017e-01 -5.374998e-03 2.944267e-01
4.343434e-01 3.030303e-02 -2.967886e-01 -5.379468e-03 2.914092e-01
4.444444e-01 3.030303e-02 -2.938059e-01 -5.384207e-03 2.884217e-01
4.545455e-01 3.030303e-02 -2.908531e-01 -5.388647e-03 2.854644e-01
4.646465e-01 3.030303e-02 -2.879299e-01 -5.393088e-03 2.825369e-01
4.747475e-01 3.030303e-02 -2.850362e-01 -5.397439e-03 2.796388e-01
4.848485e-01 3.030303e-02 -2.821715e-01 -5.401880e-03 2.767697e-01
4.949495e-01 3.030303e-02 -2.793357e-01 -5.406260e-03 2.739294e-01
5.050505e-01 3.030303e-02 -2.765283e-01 -5.410254e-03 2.711180e-01
5.151515e-01 3.030303e-02 -2.737491e-01 -5.414188e-03 2.683350e-01
5.252525e-01 3.030303e-02 -2.709979e-01 -5.418748e-03 2.655792e-01
5.353535e-01 3.030303e-02 -2.682743e-01 -5.422413e-03 2.628519e-01
5.454545e-01 3.030303e-02 -2.655781e-01 -5.426556e-03 2.601516e-01
5.555556e-01 3.030303e-02 -2.629090e-01 -5.430609e-03 2.574784e-01
5.656566e-01 3.030303e-02 -2.602668e-01 -5.434543e-03 2.548322e-01
5.757576e-01 3.030303e-02 -2.576510e-01 -5.439132e-03 2.522119e-01
5.858586e-01 3.030303e-02 -2.550616e-01 -5.442888e-03 2.496187e-01
5.959596e-01 3.030303e-02 -2.524982e-01 -5.446941e-03 2.470512e-01
6.060606e-01 3.030303e-02 -2.499605e-01 -5.450457e-03 2.445101e-01
6.161616e-01 3.030303e-02 -2.474484e-01 -5.455226e-03 2.419932e-01
6.262626e-01 3.030303e-02 -2.449615e-01 -5.459040e-03 2.395025e-01
6.363636e-01 3.030303e-02 -2.424996e-01 -5.462497e-03 2.370371e-01
6.464646e-01 3.030303e-02 -2.400624e-01 -5.466253e-03 2.345962e-01
6.565657e-01 3.030303e-02 -2.376498e-01 -5.470097e-03 2.321797e-01
6.666667e-01 3.030303e-02 -2.352613e-01 -5.473912e-03 2.297874e-01
6.767677e-01 3.030303e-02 -2.328969e-01 -5.477637e-03 2.274193e-01
6.868687e-01 3.030303e-02 -2.305563e-01 -5.481273e-03 2.250750e-01
6.969697e-01 3.030303e-02 -2.282391e-01 -5.485088e-03 2.227541e-01
7.070707e-01 3.030303e-02 -2.259453e-01 -5.488247e-03 2.204571e-01
7.171717e-01 3.030303e-02 -2.236745e-01 -5.491316e-03 2.181832e-01
7.272727e-01 3.030303e-02 -2.214265e-01 -5.494922e-03 2.159316e-01
7.373737e-01 3.030303e-02 -2.192012e-01 -5.498201e-03 2.137030e-01
7.474747e-01 3.030303e-02 -2.169982e-01 -5.502373e-03 2.114958e-01
7.575758e-01 3.030303e-02 -2.148173e-01 -5.505949e-03 2.093113e-01
7.676768e-01 3.030303e-02 -2.126583e-01 -5.509347e-03 2.071490e-01
7.777778e-01 3.030303e-02 -2.105211e-01 -5.512714e-03 2.050084e-01
7.878788e-01 3.030303e-02 -2.084053e-01 -5.516320e-03 2.028890e-01
7.979798e-01 3.030303e-02 -2.063108e-01 -5.520016e-03 2.007908e-01
8.080808e-01 3.030303e-02 -2.042374e-01 -5.522937e-03 1.987144e-01
8.181818e-01 3.030303e-02 -2.021847e-01 -5.526334e-03 1.966584e-01
8.282828e-01 3.030303e-02 -2.001527e-01 -5.529463e-03 1.946233e-01
8.383838e-01 3.030303e-02 -1.981412e-01 -5.532980e-03 1.926082e-01
8.484848e-01 3.030303e-02 -1.961498e-01 -5.536526e-03 1.906133e-01
8.585859e-01 3.030303e-02 -1.941785e-01 -5.539119e-03 1.886394e-01
8.686869e-01 3.030303e-02 -1.922270e-01 -5.542427e-03 1.866845e-01
8.787879e-01 3.030303e-02 -1.902951e-01 -5.544960e-03 1.847501e-01
8.888889e-01 3.030303e-02 -1.883826e-01 -5.548090e-03 1.828345e-01
8.989899e-01 3.030303e-02 -1.864893e-01 -5.551547e-03 1.809377e-01
9.090909e-01 3.030303e-02 -1.846150e-01 -5.553693e-03 1.790613e-01
9.191919e-01 3.030303e-02 -1.827596e-01 -5.557030e-03 1.772026e-01
9.292929e-01 3.030303e-02 -1.809229e-01 -5.560249e-03 1.753626e-01
9.393939e-01 3.030303e-02 -1.791045e-01 -5.563498e-03 1.735411e-01
9.494949e-01 3.030303e-02 -1.773045e-01 -5.566031e-03 1.717385e-01
9.595960e-01 3.030303e-02 -1.755226e-01 -5.568832e-03 1.699537e-01
9.696970e-01 3.030303e-02 -1.737585e-01 -5.571514e-03 1.681870e-01
9.797980e-01 3.030303e-02 -1.720122e-01 -5.574286e-03 1.664380e-01
9.898990e-01 3.030303e-02 -1.702835e-01 -5.576968e-03 1.647065e-01
1.000000e+00 3.030303e-02 -1.685721e-01 -5.579144e-03 1.629930e-01
0.000000e+00 4.040404e-02 5.929079e-01 -5.181283e-03 5.980892e-01
1.010101e-02 4.040404e-02 5.869491e-01 -5.187064e-03 5.921362e-01
2.020202e-02 4.040404e-02 5.810502e-01 -5.192310e-03 5.862425e-01
3.030303e-02 4.040404e-02 5.752105e-01 -5.197495e-03 5.804080e-01
4.040404e-02 4.040404e-02 5.694296e-01 -5.203068e-03 5.746326e-01
5.050505e-02 4.040404e-02 5.637067e-01 -5.208343e-03 5.689150e-01
6.060606e-02 4.040404e-02 5.580413e-01 -5.213231e-03 5.632546e-01
7.070707e-02 4.040404e-02 5.524329e-01 -5.218714e-03 5.576517e-01
8.080808e-02 4.040404e-02 5.468809e-01 -5.224377e-03 5.521053e-01
9.090909e-02 4.040404e-02 5.413847e-01 -5.229086e-03 5.466137e-01
1.010101e-01 4.040404e-02 5.359436e-01 -5.234271e-03 5.411779e-01
1.111111e-01 4.040404e-02 5.305573e-01 -5.239338e-03 5.357967e-01
1.212121e-01 4.040404e-02 5.252251e-01 -5.244672e-03 5.304698e-01
1.313131e-01 4.040404e-02 5.199465e-01 -5.249500e-03 5.251960e-01
1.414141e-01 4.040404e-02 5.147210e-01 -5.254179e-03 5.199752e-01
1.515152e-01 4.040404e-02 5.095480e-01 -5.259424e-03 5.148074e-01
1.616162e-01 4.040404e-02 5.044269e-01 -5.264372e-03 5.096913e-01
1.717172e-01 4.040404e-02 4.993573e-01 -5.269200e-03 5.046265e-01
1.818182e-01 4.040404e-02 4.943387e-01 -5.274773e-03 4.996135e-01
1.919192e-01 4.040404e-02 4.893705e-01 -5.279422e-03 4.946500e-01
2.020202e-01 4.040404e-02 4.844523e-01 -5.284339e-03 4.897366e-01
2.121212e-01 4.040404e-02 4.795834e-01 -5.289704e-03 4.848732e-01
2.222222e-01 4.040404e-02 4.747636e-01 -5.294800e-03 4.800584e-01
2.323232e-01 4.040404e-02 4.699921e-01 -5.299479e-03 4.752916e-01
2.424242e-01 4.040404e-02 4.652686e-01 -5.303770e-03 4.705724e-01
2.525253e-01 4.040404e-02 4.605926e-01 -5.309165e-03 4.659017e-01
2.626263e-01 4.040404e-02 4.559635e-01 -5.313843e-03 4.612774e-01
2.727273e-01 4.040404e-02 4.513810e-01 -5.318731e-03 4.566998e-01
2.828283e-01 4.040404e-02 4.468446e-01 -5.323291e-03 4.521679e-01
2.929293e-01 4.040404e-02 4.423537e-01 -5.327791e-03 4.476815e-01
3.030303e-01 4.040404e-02 4.379080e-01 -5.332261e-03 4.432403e-01
3.131313e-01 4.040404e-02 4.335069e-01 -5.336881e-03 4.388438e-01
3.232323e-01 4.040404e-02 4.291501e-01 -5.341619e-03 4.344917e-01
3.333333e-01 4.040404e-02 4.248371e-01 -5.346656e-03 4.301838e-01
3.434343e-01 4.040404e-02 4.205674e-01 -5.351305e-03 4.259187e-01
3.535354e-01 4.040404e-02 4.163406e-01 -5.356133e-03 4.216968e-01
3.636364e-01 4.040404e-02 4.121563e-01 -5.360097e-03 4.175164e-01
3.737374e-01 4.040404e-02 4.080141e-01 -5.365044e-03 4.133792e-01
3.838384e-01 4.040404e-02 4.039135e-01 -5.369425e-03 4.092829e-01
3.939394e-01 4.040404e-02 3.998541e-01 -5.373746e-03 4.052278e-01
4.040404e-01 4.040404e-02 3.958355e-01 -5.378157e-03 4.012137e-01
4.141414e-01 4.040404e-02 3.918573e-01 -5.382389e-03 3.972397e-01
4.242424e-01 4.040404e-02 3.879191e-01 -5.386978e-03 3.933060e-01
4.343434e-01 4.040404e-02 3.840204e-01 -5.391061e-03 3.894115e-01
4.444444e-01 4.040404e-02 3.801609e-01 -5.396217e-03 3.855572e-01
4.545455e-01 4.040404e-02 3.763403e-01 -5.400211e-03 3.817405e-01
4.646465e-01 4.040404e-02 3.725580e-01 -5.405098e-03 3.779631e-01
4.747475e-01 4.040404e-02 3.688137e-01 -5.408525e-03 3.742222e-01
4.848485e-01 4.040404e-02 3.651071e-01 -5.413562e-03 3.705206e-01
4.949495e-01 4.040404e-02 3.614377e-01 -5.417556e-03 3.668552e-01
5.050505e-01 4.040404e-02 3.578052e-01 -5.421728e-03 3.632269e-01
5.151515e-01 4.040404e-02 3.542092e-01 -5.426019e-03 3.596352e-01
5.252525e-01 4.040404e-02 3.506493e-01 -5.429626e-03 3.560789e-01
5.353535e-01 4.040404e-02 3.471252e-01 -5.434066e-03 3.525593e-01
5.454545e-01 4.040404e-02 3.436366e-01 -5.437911e-03 3.490745e-01
5.555556e-01 4.040404e-02 3.401830e-01 -5.441904e-03 3.456249e-01
5.656566e-01 4.040404e-02 3.367641e-01 -5.446106e-03 3.422102e-01
5.757576e-01 4.040404e-02 3.333795e-01 -5.450308e-03 3.388298e-01
5.858586e-01 4.040404e-02 3.300290e-01 -5.453885e-03 3.354829e-01
5.959596e-01 4.040404e-02 3.267122e-01 -5.457759e-03 3.321699e-01
6.060606e-01 4.040404e-02 3.234286e-01 -5.461782e-03 3.288904e-01
6.161616e-01 4.040404e-02 3.201781e-01 -5.465537e-03 3.256437e-01
6.262626e-01 4.040404e-02 3.169603e-01 -5.469024e-03 3.224293e-01
6.363636e-01 4.040404e-02 3.137748e-01 -5.473137e-03 3.192479e-01
6.464646e-01 4.040404e-02 3.106213e-01 -5.476773e-03 3.160981e-01
6.565657e-01 4.040404e-02 3.074995e-01 -5.480438e-03 3.129799e-01
6.666667e-01 4.040404e-02 3.044091e-01 -5.484253e-03 3.098933e-01
6.767677e-01 4.040404e-02 3.013497e-01 -5.487859e-03 3.068376e-01
6.868687e-01 4.040404e-02 2.983211e-01 -5.491585e-03 3.038127e-01
6.969697e-01 4.040404e-02 2.953229e-01 -5.495310e-03 3.008182e-01
7.070707e-01 4.040404e-02 2.923549e-01 -5.498350e-03 2.978532e-01
7.171717e-01 4.040404e-02 2.894167e-01 -5.501837e-03 2.949185e-01
7.272727e-01 4.040404e-02 2.865080e-01 -5.505055e-03 2.920130e-01
7.373737e-01 4.040404e-02 2.836285e-01 -5.508900e-03 2.891374e-01
7.474747e-01 4.040404e-02 2.807780e-01 -5.512089e-03 2.862901e-01
7.575758e-01 4.040404e-02 2.779561e-01 -5.515993e-03 2.834721e-01
7.676768e-01 4.040404e-02 2.751626e-01 -5.519152e-03 2.806818e-01
7.777778e-01 4.040404e-02 2.723972e-01 -5.522370e-03 2.779196e-01
7.878788e-01 4.040404e-02 2.696596e-01 -5.525649e-03 2.751852e-01
7.979798e-01 4.040404e-02 2.669495e-01 -5.528837e-03 2.724783e-01
8.080808e-01 4.040404e-02 2.642666e-01 -5.532354e-03 2.697989e-01
8.181818e-01 4.040404e-02 2.616106e-01 -5.535543e-03 2.671462e-01
8.282828e-01 4.040404e-02 2.589814e-01 -5.538821e-03 2.645202e-01
8.383838e-01 4.040404e-02 2.563786e-01 -5.542338e-03 2.619209e-01
8.484848e-01 4.040404e-02 2.538020e-01 -5.545050e-03 2.593470e-01
8.585859e-01 4.040404e-02 2.512512e-01 -5.547851e-03 2.567991e-01
8.686869e-01 4.040404e-02 2.487261e-01 -5.550772e-03 2.542769e-01
8.787879e-01 4.040404e-02 2.462264e-01 -5.554289e-03 2.517806e-01
8.888889e-01 4.040404e-02 2.437517e-01 -5.557865e-03 2.493096e-01
8.989899e-01 4.040404e-02 2.413020e-01 -5.559802e-03 2.468618e-01
9.090909e-01 4.040404e-02 2.388769e-01 -5.563229e-03 2.444401e-01
9.191919e-01 4.040404e-02 2.364761e-01 -5.566269e-03 2.420424e-01
9.292929e-01 4.040404e-02 2.340995e-01 -5.568773e-03 2.396683e-01
9.393939e-01 4.040404e-02 2.317468e-01 -5.571961e-03 2.373187e-01
9.494949e-01 4.040404e-02 2.294177e-01 -5.574763e-03 2.349924e-01
9.595960e-01 4.040404e-02 2.271120e-01 -5.577236e-03 2.326892e-01
9.696970e-01 4.040404e-02 2.248295e-01 -5.580127e-03 2.304096e-01
9.797980e-01 4.040404e-02 2.225699e-01 -5.582184e-03 2.281521e-01
9.898990e-01 4.040404e-02 2.203330e-01 -5.585641e-03 2.259187e-01
1.000000e+00 4.040404e-02 2.181186e-01 -5.587846e-03 2.237065e-01
0.000000e+00 5.050505e-02 -7.126942e-01 -5.195469e-03 7.074987e-01
1.010101e-02 5.050505e-02 -7.055315e-01 -5.200446e-03 7.003310e-01
2.020202e-02 5.050505e-02 -6.984408e-01 -5.205870e-03 6.932349e-01
3.030303e-02 5.050505e-02 -6.914213e-01 -5.211085e-03 6.862102e-01
4.040404e-02 5.050505e-02 -6.844724e-01 -5.216211e-03 6.792562e-01
5.050505e-02 5.050505e-02 -6.775934e-01 -5.221695e-03 6.723717e-01
6.060606e-02 5.050505e-02 -6.707834e-01 -5.226761e-03 6.655567e-01
7.070707e-02 5.050505e-02 -6.640420e-01 -5.232155e-03 6.588098e-01
8.080808e-02 5.050505e-02 -6.573682e-01 -5.237490e-03 6.521307e-01
9.090909e-02 5.050505e-02 -6.507616e-01 -5.242407e-03 6.455192e-01
1.010101e-01 5.050505e-02 -6.442213e-01 -5.247623e-03 6.389737e-01
1.111111e-01 5.050505e-02 -6.377468e-01 -5.252331e-03 6.324944e-01
1.212121e-01 5.050505e-02 -6.313373e-01 -5.257785e-03 6.260795e-01
1.313131e-01 5.050505e-02 -6.249923e-01 -5.262822e-03 6.197294e-01
1.414141e-01 5.050505e-02 -6.187110e-01 -5.267560e-03 6.134434e-01
1.515152e-01 5.050505e-02 -6.124928e-01 -5.272210e-03 6.072206e-01
1.616162e-01 5.050505e-02 -6.063372e-01 -5.277425e-03 6.010598e-01
1.717172e-01 5.050505e-02 -6.002434e-01 -5.282521e-03 5.949609e-01
1.818182e-01 5.050505e-02 -5.942108e-01 -5.287409e-03 5.889234e-01
1.919192e-01 5.050505e-02 -5.882389e-01 -5.292207e-03 5.829467e-01
2.020202e-01 5.050505e-02 -5.823270e-01 -5.297303e-03 5.770297e-01
2.121212e-01 5.050505e-02 -5.764745e-01 -5.301982e-03 5.711726e-01
2.222222e-01 5.050505e-02 -5.706809e-01 -5.306929e-03 5.653740e-01
2.323232e-01 5.050505e-02 -5.649454e-01 -5.311728e-03 5.596337e-01
2.424242e-01 5.050505e-02 -5.592676e-01 -5.316883e-03 5.539508e-01
2.525253e-01 5.050505e-02 -5.536469e-01 -5.321383e-03 5.483255e-01
2.626263e-01 5.050505e-02 -5.480827e-01 -5.326986e-03 5.427557e-01
2.727273e-01 5.050505e-02 -5.425743e-01 -5.330801e-03 5.372435e-01
2.828283e-01 5.050505e-02 -5.371214e-01 -5.335361e-03 5.317860e-01
2.929293e-01 5.050505e-02 -5.317232e-01 -5.340427e-03 5.263828e-01
3.030303e-01 5.050505e-02 -5.263793e-01 -5.344838e-03 5.210345e-01
3.131313e-01 5.050505e-02 -5.210891e-01 -5.349606e-03 5.157395e-01
3.232323e-01 5.050505e-02 -5.158521e-01 -5.353957e-03 5.104981e-01
3.333333e-01 5.050505e-02 -5.106677e-01 -5.358219e-03 5.053095e-01
3.434343e-01 5.050505e-02 -5.055354e-01 -5.363017e-03 5.001724e-01
3.535354e-01 5.050505e-02 -5.004547e-01 -5.367994e-03 4.950867e-01
3.636364e-01 5.050505e-02 -4.954250e-01 -5.372018e-03 4.900530e-01
3.737374e-01 5.050505e-02 -4.904459e-01 -5.376995e-03 4.850689e-01
3.838384e-01 5.050505e-02 -4.855169e-01 -5.381435e-03 4.801354e-01
3.939394e-01 5.050505e-02 -4.806373e-01 -5.385458e-03 4.752519e-01
4.040404e-01 5.050505e-02 -4.758068e-01 -5.390108e-03 4.704167e-01
4.141414e-01 5.050505e-02 -4.710249e-01 -5.394071e-03 4.656308e-01
4.242424e-01 5.050505e-02 -4.662910e-01 -5.398601e-03 4.608924e-01
4.343434e-01 5.050505e-02 -4.616047e-01 -5.403072e-03 4.562017e-01
4.444444e-01 5.050505e-02 -4.569655e-01 -5.406886e-03 4.515586e-01
4.545455e-01 5.050505e-02 -4.523729e-01 -5.411536e-03 4.469614e-01
4.646465e-01 5.050505e-02 -4.478265e-01 -5.416632e-03 4.424099e-01
4.747475e-01 5.050505e-02 -4.433258e-01 -5.420238e-03 4.379056e-01
4.848485e-01 5.050505e-02 -4.388703e-01 -5.424500e-03 4.334458e-01
4.949495e-01 5.050505e-02 -4.344596e-01 -5.429000e-03 4.290306e-01
5.050505e-01 5.050505e-02 -4.300932e-01 -5.432993e-03 4.246602e-01
5.151515e-01 5.050505e-02 -4.257707e-01 -5.436867e-03 4.203338e-01
5.252525e-01 5.050505e-02 -4.214916e-01 -5.441219e-03 4.160504e-01
5.353535e-01 5.050505e-02 -4.172555e-01 -5.445242e-03 4.118103e-01
5.454545e-01 5.050505e-02 -4.130621e-01 -5.448639e-03 4.076134e-01
5.555556e-01 5.050505e-02 -4.089107e-01 -5.452931e-03 4.034578e-01
5.656566e-01 5.050505e-02 -4.048011e-01 -5.456418e-03 3.993447e-01
5.757576e-01 5.050505e-02 -4.007328e-01 -5.460501e-03 3.952723e-01
5.858586e-01 5.050505e-02 -3.967053e-01 -5.464584e-03 3.912408e-01
5.959596e-01 5.050505e-02 -3.927184e-01 -5.468071e-03 3.872503e-01
6.060606e-01 5.050505e-02 -3.887715e-01 -5.472034e-03 3.832995e-01
6.161616e-01 5.050505e-02 -3.848643e-01 -5.475909e-03 3.793884e-01
6.262626e-01 5.050505e-02 -3.809963e-01 -5.479246e-03 3.755171e-01
6.363636e-01 5.050505e-02 -3.771673e-01 -5.483419e-03 3.716838e-01
6.464646e-01 5.050505e-02 -3.733767e-01 -5.486816e-03 3.678899e-01
6.565657e-01 5.050505e-02 -3.696242e-01 -5.490690e-03 3.641335e-01
6.666667e-01 5.050505e-02 -3.659094e-01 -5.493671e-03 3.604157e-01
6.767677e-01 5.050505e-02 -3.622319e-01 -5.497456e-03 3.567345e-01
6.868687e-01 5.050505e-02 -3.585914e-01 -5.501658e-03 3.530898e-01
6.969697e-01 5.050505e-02 -3.549875e-01 -5.505115e-03 3.494824e-01
7.070707e-01 5.050505e-02 -3.514199e-01 -5.508125e-03 3.459117e-01
7.171717e-01 5.050505e-02 -3.478880e-01 -5.511731e-03 3.423763e-01
7.272727e-01 5.050505e-02 -3.443917e-01 -5.515307e-03 3.388764e-01
7.373737e-01 5.050505e-02 -3.409305e-01 -5.518168e-03 3.354123e-01
7.474747e-01 5.050505e-02 -3.375041e-01 -5.521685e-03 3.319824e-01
7.575758e-01 5.050505e-02 -3.341121e-01 -5.525380e-03 3.285867e-01
7.676768e-01 5.050505e-02 -3.307542e-01 -5.528569e-03 3.252257e-01
7.777778e-01 5.050505e-02 -3.274301e-01 -5.531847e-03 3.218983e-01
7.878788e-01 5.050505e-02 -3.241394e-01 -5.534917e-03 3.186045e-01
7.979798e-01 5.050505e-02 -3.208817e-01 -5.538464e-03 3.153433e-01
8.080808e-01 5.050505e-02 -3.176568e-01 -5.541474e-03 3.121153e-01
8.181818e-01 5.050505e-02 -3.144643e-01 -5.544901e-03 3.089194e-01
8.282828e-01 5.050505e-02 -3.113039e-01 -5.547792e-03 3.057561e-01
8.383838e-01 5.050505e-02 -3.081752e-01 -5.551249e-03 3.026240e-01
8.484848e-01 5.050505e-02 -3.050780e-01 -5.553961e-03 2.995241e-01
8.585859e-01 5.050505e-02 -3.020119e-01 -5.557030e-03 2.964549e-01
8.686869e-01 5.050505e-02 -2.989767e-01 -5.560189e-03 2.934165e-01
8.787879e-01 5.050505e-02 -2.959719e-01 -5.563051e-03 2.904088e-01
8.888889e-01 5.050505e-02 -2.929973e-01 -5.565673e-03 2.874317e-01
8.989899e-01 5.050505e-02 -2.900527e-01 -5.568951e-03 2.844837e-01
9.090909e-01 5.050505e-02 -2.871376e-01 -5.572051e-03 2.815655e-01
9.191919e-01 5.050505e-02 -2.842518e-01 -5.574256e-03 2.786775e-01
9.292929e-01 5.050505e-02 -2.813950e-01 -5.577117e-03 2.758179e-01
9.393939e-01 5.050505e-02 -2.785670e-01 -5.579621e-03 2.729873e-01
9.494949e-01 5.050505e-02 -2.757673e-01 -5.582750e-03 2.701846e-01
9.595960e-01 5.050505e-02 -2.729958e-01 -5.585462e-03 2.674103e-01
9.696970e-01 5.050505e-02 -2.702522e-01 -5.588204e-03 2.646640e-01
9.797980e-01 5.050505e-02 -2.675361e-01 -5.590737e-03 2.619453e-01
9.898990e-01 5.050505e-02 -2.648473e-01 -5.592942e-03 2.592544e-01
1.000000e+00 5.050505e-02 -2.621855e-01 -5.595982e-03 2.565896e-01
0.000000e+00 6.060606e-02 8.145760e-01 -5.209565e-03 8.197855e-01
1.010101e-02 6.060606e-02 8.063893e-01 -5.214542e-03 8.116039e-01
2.020202e-02 6.060606e-02 7.982850e-01 -5.220205e-03 8.035052e-01
3.030303e-02 6.060606e-02 7.902621e-01 -5.225390e-03 7.954875e-01
4.040404e-02 6.060606e-02 7.823198e-01 -5.230069e-03 7.875499e-01
5.050505e-02 6.060606e-02 7.744574e-01 -5.235851e-03 7.796932e-01
6.060606e-02 6.060606e-02 7.666739e-01 -5.240709e-03 7.719147e-01
7.070707e-02 6.060606e-02 7.589687e-01 -5.245686e-03 7.642144e-01
8.080808e-02 6.060606e-02 7.513410e-01 -5.250692e-03 7.565917e-01
9.090909e-02 6.060606e-02 7.437899e-01 -5.255669e-03 7.490456e-01
1.010101e-01 6.060606e-02 7.363147e-01 -5.261123e-03 7.415758e-01
1.111111e-01 6.060606e-02 7.289146e-01 -5.265862e-03 7.341805e-01
1.212121e-01 6.060606e-02 7.215889e-01 -5.271286e-03 7.268602e-01
1.313131e-01 6.060606e-02 7.143368e-01 -5.275965e-03 7.196128e-01
1.414141e-01 6.060606e-02 7.071576e-01 -5.281359e-03 7.124389e-01
1.515152e-01 6.060606e-02 7.000505e-01 -5.285293e-03 7.053358e-01
1.616162e-01 6.060606e-02 6.930149e-01 -5.291015e-03 6.983059e-01
1.717172e-01 6.060606e-02 6.860500e-01 -5.295813e-03 6.913458e-01
1.818182e-01 6.060606e-02 6.791551e-01 -5.300343e-03 6.844554e-01
1.919192e-01 6.060606e-02 6.723295e-01 -5.306035e-03 6.776355e-01
2.020202e-01 6.060606e-02 6.655724e-01 -5.310446e-03 6.708829e-01
2.121212e-01 6.060606e-02 6.588833e-01 -5.314976e-03 6.641983e-01
2.222222e-01 6.060606e-02 6.522614e-01 -5.319923e-03 6.575814e-01
2.323232e-01 6.060606e-02 6.457061e-01 -5.325496e-03 6.510316e-01
2.424242e-01 6.060606e-02 6.392166e-01 -5.329460e-03 6.445461e-01
2.525253e-01 6.060606e-02 6.327924e-01 -5.334467e-03 6.381269e-01
2.626263e-01 6.060606e-02 6.264327e-01 -5.338997e-03 6.317717e-01
2.727273e-01 6.060606e-02 6.201370e-01 -5.343348e-03 6.254803e-01
2.828283e-01 6.060606e-02 6.139045e-01 -5.347818e-03 6.192523e-01
2.929293e-01 6.060606e-02 6.077347e-01 -5.352855e-03 6.130875e-01
3.030303e-01 6.060606e-02 6.016268e-01 -5.357713e-03 6.069845e-01
3.131313e-01 6.060606e-02 5.955804e-01 -5.361736e-03 6.009421e-01
3.232323e-01 6.060606e-02 5.895947e-01 -5.366653e-03 5.949614e-01
3.333333e-01 6.060606e-02 5.836692e-01 -5.371749e-03 5.890409e-01
3.434343e-01 6.060606e-02 5.778032e-01 -5.375773e-03 5.831790e-01
3.535354e-01 6.060606e-02 5.719962e-01 -5.380362e-03 5.773765e-01
3.636364e-01 6.060606e-02 5.662475e-01 -5.385011e-03 5.716325e-01
3.737374e-01 6.060606e-02 5.605566e-01 -5.388886e-03 5.659455e-01
3.838384e-01 6.060606e-02 5.549230e-01 -5.393773e-03 5.603167e-01
3.939394e-01 6.060606e-02 5.493459e-01 -5.398005e-03 5.547439e-01
4.040404e-01 6.060606e-02 5.438249e-01 -5.401790e-03 5.492267e-01
4.141414e-01 6.060606e-02 5.383593e-01 -5.405933e-03 5.437653e-01
4.242424e-01 6.060606e-02 5.329487e-01 -5.411178e-03 5.383599e-01
4.343434e-01 6.060606e-02 5.275925e-01 -5.415112e-03 5.330076e-01
4.444444e-01 6.060606e-02 5.222901e-01 -5.419105e-03 5.277092e-01
4.545455e-01 6.060606e-02 5.170410e-01 -5.423814e-03 5.224648e-01
4.646465e-01 6.060606e-02 5.118447e-01 -5.427748e-03 5.172724e-01
4.747475e-01 6.060606e-02 5.067006e-01 -5.431592e-03 5.121321e-01
4.848485e-01 6.060606e-02 5.016081e-01 -5.435437e-03 5.070436e-01
4.949495e-01 6.060606e-02 4.965669e-01 -5.439907e-03 5.020068e-01
5.050505e-01 6.060606e-02 4.915763e-01 -5.443782e-03 4.970201e-01
5.151515e-01 6.060606e-02 4.866359e-01 -5.448490e-03 4.920844e-01
5.252525e-01 6.060606e-02 4.817451e-01 -5.451649e-03 4.871968e-01
5.353535e-01 6.060606e-02 4.769035e-01 -5.455911e-03 4.823594e-01
5.454545e-01 6.060606e-02 4.721105e-01 -5.459756e-03 4.775703e-01
5.555556e-01 6.060606e-02 4.673657e-01 -5.464047e-03 4.728298e-01
5.656566e-01 6.060606e-02 4.626686e-01 -5.467653e-03 4.681363e-01
5.757576e-01 6.060606e-02 4.580187e-01 -5.471319e-03 4.634901e-01
5.858586e-01 6.060606e-02 4.534156e-01 -5.475342e-03 4.588909e-01
5.959596e-01 6.060606e-02 4.488587e-01 -5.479068e-03 4.543377e-01
6.060606e-01 6.060606e-02 4.443476e-01 -5.482882e-03 4.498305e-01
6.161616e-01 6.060606e-02 4.398818e-01 -5.486310e-03 4.453681e-01
6.262626e-01 6.060606e-02 4.354609e-01 -5.490124e-03 4.409510e-01
6.363636e-01 6.060606e-02 4.310845e-01 -5.493730e-03 4.365782e-01
6.464646e-01 6.060606e-02 4.267520e-01 -5.497068e-03 4.322491e-01
6.565657e-01 6.060606e-02 4.224631e-01 -5.500823e-03 4.279639e-01
6.666667e-01 6.060606e-02 4.182172e-01 -5.504549e-03 4.237218e-01
6.767677e-01 6.060606e-02 4.140141e-01 -5.508184e-03 4.195223e-01
6.868687e-01 6.060606e-02 4.098532e-01 -5.511552e-03 4.153647e-01
6.969697e-01 6.060606e-02 4.057341e-01 -5.514592e-03 4.112487e-01
7.070707e-01 6.060606e-02 4.016564e-01 -5.517870e-03 4.071743e-01
7.171717e-01 6.060606e-02 3.976197e-01 -5.521625e-03 4.031413e-01
7.272727e-01 6.060606e-02 3.936235e-01 -5.525440e-03 3.991490e-01
7.373737e-01 6.060606e-02 3.896675e-01 -5.528301e-03 3.951958e-01
7.474747e-01 6.060606e-02 3.857513e-01 -5.531579e-03 3.912829e-01
7.575758e-01 6.060606e-02 3.818745e-01 -5.534500e-03 3.874090e-01
7.676768e-01 6.060606e-02 3.780366e-01 -5.538195e-03 3.835748e-01
7.777778e-01 6.060606e-02 3.742372e-01 -5.541056e-03 3.797783e-01
7.878788e-01 6.060606e-02 3.704761e-01 -5.544394e-03 3.760205e-01
7.979798e-01 6.060606e-02 3.667527e-01 -5.547494e-03 3.723002e-01
8.080808e-01 6.060606e-02 3.630668e-01 -5.550355e-03 3.686172e-01
8.181818e-01 6.060606e-02 3.594179e-01 -5.553812e-03 3.649717e-01
8.282828e-01 6.060606e-02 3.558057e-01 -5.556971e-03 3.613627e-01
8.383838e-01 6.060606e-02 3.522298e-01 -5.559981e-03 3.577898e-01
8.484848e-01 6.060606e-02 3.486898e-01 -5.562901e-03 3.542527e-01
8.585859e-01 6.060606e-02 3.451855e-01 -5.566061e-03 3.507515e-01
8.686869e-01 6.060606e-02 3.417163e-01 -5.568743e-03 3.472850e-01
8.787879e-01 6.060606e-02 3.382820e-01 -5.571455e-03 3.438534e-01
8.888889e-01 6.060606e-02 3.348822e-01 -5.574346e-03 3.404565e-01
8.989899e-01 6.060606e-02 3.315166e-01 -5.576938e-03 3.370935e-01
9.090909e-01 6.060606e-02 3.281848e-01 -5.580157e-03 3.337649e-01
9.191919e-01 6.060606e-02 3.248865e-01 -5.583197e-03 3.304697e-01
9.292929e-01 6.060606e-02 3.216213e-01 -5.585551e-03 3.272068e-01
9.393939e-01 6.060606e-02 3.183889e-01 -5.588740e-03 3.239777e-01
9.494949e-01 6.060606e-02 3.151891e-01 -5.590796e-03 3.207799e-01
9.595960e-01 6.060606e-02 3.120214e-01 -5.593628e-03 3.176150e-01
9.696970e-01 6.060606e-02 3.088855e-01 -5.596161e-03 3.144817e-01
9.797980e-01 6.060606e-02 3.057812e-01 -5.598664e-03 3.113798e-01
9.898990e-01 6.060606e-02 3.027080e-01 -5.601019e-03 3.083090e-01
1.000000e+00 6.060606e-02 2.996657e-01 -5.603582e-03 3.052693e-01
0.000000e+00 7.070707e-02 -8.959938e-01 -5.223334e-03 8.907704e-01
1.010101e-02 7.070707e-02 -8.869889e-01 -5.228996e-03 8.817599e-01
2.020202e-02 7.070707e-02 -8.780745e-01 -5.233943e-03 8.728406e-01
3.030303e-02 7.070707e-02 -8.692497e-01 -5.238771e-03 8.640109e-01
4.040404e-02 7.070707e-02 -8.605136e-01 -5.243748e-03 8.552699e-01
5.050505e-02 7.070707e-02 -8.518653e-01 -5.249590e-03 8.466157e-01
6.060606e-02 7.070707e-02 -8.433039e-01 -5.254418e-03 8.380495e-01
7.070707e-02 7.070707e-02 -8.348286e-01 -5.259514e-03 8.295691e-01
8.080808e-02 7.070707e-02 -8.264384e-01 -5.264610e-03 8.211738e-01
9.090909e-02 7.070707e-02 -8.181326e-01 -5.270183e-03 8.128624e-01
1.010101e-01 7.070707e-02 -8.099102e-01 -5.274564e-03 8.046356e-01
1.111111e-01 7.070707e-02 -8.017705e-01 -5.279511e-03 7.964909e-01
1.212121e-01 7.070707e-02 -7.937125e-01 -5.284637e-03 7.884279e-01
1.313131e-01 7.070707e-02 -7.857356e-01 -5.289346e-03 7.804462e-01
1.414141e-01 7.070707e-02 -7.778388e-01 -5.294591e-03 7.725442e-01
1.515152e-01 7.070707e-02 -7.700214e-01 -5.299002e-03 7.647224e-01
1.616162e-01 7.070707e-02 -7.622826e-01 -5.304009e-03 7.569786e-01
1.717172e-01 7.070707e-02 -7.546215e-01 -5.308717e-03 7.493128e-01
1.818182e-01 7.070707e-02 -7.470374e-01 -5.313963e-03 7.417235e-01
1.919192e-01 7.070707e-02 -7.395296e-01 -5.318612e-03 7.342110e-01
2.020202e-01 7.070707e-02 -7.320972e-01 -5.323261e-03 7.267739e-01
2.121212e-01 7.070707e-02 -7.247395e-01 -5.328298e-03 7.194112e-01
2.222222e-01 7.070707e-02 -7.174557e-01 -5.333215e-03 7.121225e-01
2.323232e-01 7.070707e-02 -7.102452e-01 -5.337745e-03 7.049074e-01
2.424242e-01 7.070707e-02 -7.031071e-01 -5.342662e-03 6.977644e-01
2.525253e-01 7.070707e-02 -6.960408e-01 -5.347282e-03 6.906935e-01
2.626263e-01 7.070707e-02 -6.890454e-01 -5.352169e-03 6.836933e-01
2.727273e-01 7.070707e-02 -6.821204e-01 -5.356669e-03 6.767637e-01
2.828283e-01 7.070707e-02 -6.752650e-01 -5.360574e-03 6.699044e-01
2.929293e-01 7.070707e-02 -6.684785e-01 -5.365312e-03 6.631131e-01
3.030303e-01 7.070707e-02 -6.617601e-01 -5.369961e-03 6.563902e-01
3.131313e-01 7.070707e-02 -6.551093e-01 -5.374342e-03 6.497350e-01
3.232323e-01 7.070707e-02 -6.485254e-01 -5.378813e-03 6.431466e-01
3.333333e-01 7.070707e-02 -6.420076e-01 -5.383641e-03 6.366240e-01
3.434343e-01 7.070707e-02 -6.355553e-01 -5.388290e-03 6.301670e-01
3.535354e-01 7.070707e-02 -6.291679e-01 -5.392224e-03 6.237757e-01
3.636364e-01 7.070707e-02 -6.228446e-01 -5.396396e-03 6.174482e-01
3.737374e-01 7.070707e-02 -6.165849e-01 -5.400807e-03 6.111841e-01
3.838384e-01 7.070707e-02 -6.103882e-01 -5.405396e-03 6.049828e-01
3.939394e-01 7.070707e-02 -6.042537e-01 -5.409449e-03 5.988442e-01
4.040404e-01 7.070707e-02 -5.981808e-01 -5.413622e-03 5.927672e-01
4.141414e-01 7.070707e-02 -5.921690e-01 -5.417854e-03 5.867511e-01
4.242424e-01 7.070707e-02 -5.862176e-01 -5.422413e-03 5.807952e-01
4.343434e-01 7.070707e-02 -5.803260e-01 -5.426854e-03 5.748992e-01
4.444444e-01 7.070707e-02 -5.744936e-01 -5.430877e-03 5.690628e-01
4.545455e-01 7.070707e-02 -5.687199e-01 -5.434573e-03 5.632853e-01
4.646465e-01 7.070707e-02 -5.630042e-01 -5.438775e-03 5.575654e-01
4.747475e-01 7.070707e-02 -5.573459e-01 -5.442590e-03 5.519033e-01
4.848485e-01 7.070707e-02 -5.517444e-01 -5.446672e-03 5.462978e-01
4.949495e-01 7.070707e-02 -5.461993e-01 -5.451262e-03 5.407481e-01
5.050505e-01 7.070707e-02 -5.407099e-01 -5.455136e-03 5.352548e-01
5.151515e-01 7.070707e-02 -5.352757e-01 -5.458772e-03 5.298169e-01
5.252525e-01 7.070707e-02 -5.298961e-01 -5.462527e-03 5.244336e-01
5.353535e-01 7.070707e-02 -5.245706e-01 -5.467027e-03 5.191035e-01
5.454545e-01 7.070707e-02 -5.192985e-01 -5.471200e-03 5.138273e-01
5.555556e-01 7.070707e-02 -5.140795e-01 -5.474359e-03 5.086051e-01
5.656566e-01 7.070707e-02 -5.089129e-01 -5.478412e-03 5.034345e-01
5.757576e-01 7.070707e-02 -5.037982e-01 -5.482405e-03 4.983158e-01
5.858586e-01 7.070707e-02 -4.987350e-01 -5.485743e-03 4.932492e-01
5.959596e-01 7.070707e-02 -4.937226e-01 -5.489409e-03 4.882332e-01
6.060606e-01 7.070707e-02 -4.887606e-01 -5.492866e-03 4.832678e-01
6.161616e-01 7.070707e-02 -4.838485e-01 -5.496651e-03 4.783519e-01
6.262626e-01 7.070707e-02 -4.789857e-01 -5.500466e-03 4.734853e-01
6.363636e-01 7.070707e-02 -4.741719e-01 -5.504340e-03 4.686675e-01
6.464646e-01 7.070707e-02 -4.694064e-01 -5.507499e-03 4.638989e-01
6.565657e-01 7.070707e-02 -4.646887e-01 -5.511075e-03 4.591777e-01
6.666667e-01 7.070707e-02 -4.600185e-01 -5.514294e-03 4.545042e-01
6.767677e-01 7.070707e-02 -4.553953e-01 -5.518168e-03 4.498771e-01
6.868687e-01 7.070707e-02 -4.508185e-01 -5.521446e-03 4.452970e-01
6.969697e-01 7.070707e-02 -4.462877e-01 -5.524546e-03 4.407631e-01
7.070707e-01 7.070707e-02 -4.418024e-01 -5.528063e-03 4.362744e-01
7.171717e-01 7.070707e-02 -4.373622e-01 -5.531698e-03 4.318305e-01
7.272727e-01 7.070707e-02 -4.329667e-01 -5.534977e-03 4.274317e-01
7.373737e-01 7.070707e-02 -4.286153e-01 -5.538046e-03 4.230772e-01
7.474747e-01 7.070707e-02 -4.243076e-01 -5.541325e-03 4.187663e-01
7.575758e-01 7.070707e-02 -4.200433e-01 -5.544394e-03 4.144989e-01
7.676768e-01 7.070707e-02 -4.158218e-01 -5.547523e-03 4.102742e-01
7.777778e-01 7.070707e-02 -4.116427e-01 -5.550891e-03 4.060918e-01
7.878788e-01 7.070707e-02 -4.075056e-01 -5.553812e-03 4.019518e-01
7.979798e-01 7.070707e-02 -4.034101e-01 -5.556852e-03 3.978533e-01
8.080808e-01 7.070707e-02 -3.993558e-01 -5.559832e-03 3.937959e-01
8.181818e-01 7.070707e-02 -3.953422e-01 -5.562812e-03 3.897794e-01
8.282828e-01 7.070707e-02 -3.913689e-01 -5.565792e-03 3.858031e-01
8.383838e-01 7.070707e-02 -3.874356e-01 -5.568653e-03 3.818669e-01
8.484848e-01 7.070707e-02 -3.835418e-01 -5.571812e-03 3.779700e-01
8.585859e-01 7.070707e-02 -3.796871e-01 -5.574793e-03 3.741124e-01
8.686869e-01 7.070707e-02 -3.758712e-01 -5.577832e-03 3.702934e-01
8.787879e-01 7.070707e-02 -3.720937e-01 -5.580395e-03 3.665133e-01
8.888889e-01 7.070707e-02 -3.683541e-01 -5.583346e-03 3.627707e-01
8.989899e-01 7.070707e-02 -3.646520e-01 -5.585998e-03 3.590660e-01
9.090909e-01 7.070707e-02 -3.609872e-01 -5.588919e-03 3.553983e-01
9.191919e-01 7.070707e-02 -3.573592e-01 -5.591244e-03 3.517680e-01
9.292929e-01 7.070707e-02 -3.537677e-01 -5.593777e-03 3.481739e-01
9.393939e-01 7.070707e-02 -3.502123e-01 -5.597085e-03 3.446152e-01
9.494949e-01 7.070707e-02 -3.466926e-01 -5.599767e-03 3.410928e-01
9.595960e-01 7.070707e-02 -3.432083e-01 -5.601913e-03 3.376064e-01
9.696970e-01 7.070707e-02 -3.397590e-01 -5.604297e-03 3.341547e-01
9.797980e-01 7.070707e-02 -3.363443e-01 -5.606771e-03 3.307376e-01
9.898990e-01 7.070707e-02 -3.329640e-01 -5.609334e-03 3.273547e-01
1.000000e+00 7.070707e-02 -3.296177e-01 -5.611628e-03 3.240061e-01
0.000000e+00 8.080808e-02 9.549022e-01 -5.237907e-03 9.601401e-01
1.010101e-02 8.080808e-02 9.453053e-01 -5.242914e-03 9.505482e-01
2.020202e-02 8.080808e-02 9.358048e-01 -5.247593e-03 9.410524e-01
3.030303e-02 8.080808e-02 9.263998e-01 -5.252689e-03 9.316525e-01
4.040404e-02 8.080808e-02 9.170894e-01 -5.257934e-03 9.223473e-01
5.050505e-02 8.080808e-02 9.078725e-01 -5.263150e-03 9.131356e-01
6.060606e-02 8.080808e-02 8.987482e-01 -5.268514e-03 9.040167e-01
7.070707e-02 8.080808e-02 8.897156e-01 -5.272657e-03 8.949883e-01
8.080808e-02 8.080808e-02 8.807738e-01 -5.278260e-03 8.860521e-01
9.090909e-02 8.080808e-02 8.719219e-01 -5.283564e-03 8.772055e-01
1.010101e-01 8.080808e-02 8.631590e-01 -5.287975e-03 8.684469e-01
1.111111e-01 8.080808e-02 8.544841e-01 -5.292684e-03 8.597768e-01
1.212121e-01 8.080808e-02 8.458964e-01 -5.297989e-03 8.511944e-01
1.313131e-01 8.080808e-02 8.373950e-01 -5.302757e-03 8.426977e-01
1.414141e-01 8.080808e-02 8.289790e-01 -5.307645e-03 8.342866e-01
1.515152e-01 8.080808e-02 8.206476e-01 -5.312413e-03 8.259600e-01
1.616162e-01 8.080808e-02 8.124000e-01 -5.316943e-03 8.177169e-01
1.717172e-01 8.080808e-02 8.042352e-01 -5.322069e-03 8.095573e-01
1.818182e-01 8.080808e-02 7.961525e-01 -5.326748e-03 8.014793e-01
1.919192e-01 8.080808e-02 7.881511e-01 -5.331904e-03 7.934830e-01
2.020202e-01 8.080808e-02 7.802300e-01 -5.336136e-03 7.855662e-01
2.121212e-01 8.080808e-02 7.723886e-01 -5.341023e-03 7.777296e-01
2.222222e-01 8.080808e-02 7.646259e-01 -5.346060e-03 7.699720e-01
2.323232e-01 8.080808e-02 7.569413e-01 -5.350769e-03 7.622921e-01
2.424242e-01 8.080808e-02 7.493339e-01 -5.355597e-03 7.546895e-01
2.525253e-01 8.080808e-02 7.418030e-01 -5.359948e-03 7.471630e-01
2.626263e-01 8.080808e-02 7.343478e-01 -5.364358e-03 7.397121e-01
2.727273e-01 8.080808e-02 7.269674e-01 -5.369157e-03 7.323366e-01
2.828283e-01 8.080808e-02 7.196613e-01 -5.373418e-03 7.250347e-01
2.929293e-01 8.080808e-02 7.124286e-01 -5.377829e-03 7.178064e-01
3.030303e-01 8.080808e-02 7.052686e-01 -5.382001e-03 7.106506e-01
3.131313e-01 8.080808e-02 6.981805e-01 -5.386889e-03 7.035674e-01
3.232323e-01 8.080808e-02 6.911637e-01 -5.391121e-03 6.965548e-01
3.333333e-01 8.080808e-02 6.842174e-01 -5.395740e-03 6.896131e-01
3.434343e-01 8.080808e-02 6.773409e-01 -5.400568e-03 6.827414e-01
3.535354e-01 8.080808e-02 6.705335e-01 -5.404264e-03 6.759377e-01
3.636364e-01 8.080808e-02 6.637945e-01 -5.408555e-03 6.692031e-01
3.737374e-01 8.080808e-02 6.571233e-01 -5.412906e-03 6.625362e-01
3.838384e-01 8.080808e-02 6.505191e-01 -5.417079e-03 6.559361e-01
3.939394e-01 8.080808e-02 6.439812e-01 -5.421430e-03 6.494027e-01
4.040404e-01 8.080808e-02 6.375091e-01 -5.425364e-03 6.429345e-01
4.141414e-01 8.080808e-02 6.311020e-01 -5.429715e-03 6.365318e-01
4.242424e-01 8.080808e-02 6.247594e-01 -5.433887e-03 6.301932e-01
4.343434e-01 8.080808e-02 6.184804e-01 -5.438238e-03 6.239187e-01
4.444444e-01 8.080808e-02 6.122646e-01 -5.442709e-03 6.177073e-01
4.545455e-01 8.080808e-02 6.061112e-01 -5.446285e-03 6.115575e-01
4.646465e-01 8.080808e-02 6.000197e-01 -5.450517e-03 6.054702e-01
4.747475e-01 8.080808e-02 5.939894e-01 -5.454123e-03 5.994435e-01
4.848485e-01 8.080808e-02 5.880197e-01 -5.458146e-03 5.934779e-01
4.949495e-01 8.080808e-02 5.821100e-01 -5.462587e-03 5.875726e-01
5.050505e-01 8.080808e-02 5.762597e-01 -5.466014e-03 5.817257e-01
5.151515e-01 8.080808e-02 5.704682e-01 -5.469531e-03 5.759377e-01
5.252525e-01 8.080808e-02 5.647349e-01 -5.474508e-03 5.702094e-01
5.353535e-01 8.080808e-02 5.590592e-01 -5.477697e-03 5.645369e-01
5.454545e-01 8.080808e-02 5.534406e-01 -5.481422e-03 5.589220e-01
5.555556e-01 8.080808e-02 5.478784e-01 -5.485028e-03 5.533635e-01
5.656566e-01 8.080808e-02 5.423722e-01 -5.489141e-03 5.478613e-01
5.757576e-01 8.080808e-02 5.369212e-01 -5.492479e-03 5.424137e-01
5.858586e-01 8.080808e-02 5.315251e-01 -5.496383e-03 5.370215e-01
5.959596e-01 8.080808e-02 5.261832e-01 -5.500019e-03 5.316832e-01
6.060606e-01 8.080808e-02 5.208949e-01 -5.503356e-03 5.263983e-01
6.161616e-01 8.080808e-02 5.156599e-01 -5.507290e-03 5.211671e-01
6.262626e-01 8.080808e-02 5.104774e-01 -5.511016e-03 5.159884e-01
6.363636e-01 8.080808e-02 5.053470e-01 -5.514175e-03 5.108612e-01
6.464646e-01 8.080808e-02 5.002682e-01 -5.517632e-03 5.057858e-01
6.565657e-01 8.080808e-02 4.952404e-01 -5.521178e-03 5.007616e-01
6.666667e-01 8.080808e-02 4.902632e-01 -5.524606e-03 4.957878e-01
6.767677e-01 8.080808e-02 4.853359e-01 -5.527884e-03 4.908638e-01
6.868687e-01 8.080808e-02 4.804582e-01 -5.531222e-03 4.859894e-01
6.969697e-01 8.080808e-02 4.756295e-01 -5.534381e-03 4.811639e-01
7.070707e-01 8.080808e-02 4.708494e-01 -5.538553e-03 4.763879e-01
7.171717e-01 8.080808e-02 4.661173e-01 -5.541444e-03 4.716587e-01
7.272727e-01 8.080808e-02 4.614327e-01 -5.544662e-03 4.669774e-01
7.373737e-01 8.080808e-02 4.567952e-01 -5.547464e-03 4.623427e-01
7.474747e-01 8.080808e-02 4.522044e-01 -5.551040e-03 4.577554e-01
7.575758e-01 8.080808e-02 4.476596e-01 -5.553871e-03 4.532135e-01
7.676768e-01 8.080808e-02 4.431606e-01 -5.557090e-03 4.487177e-01
7.777778e-01 8.080808e-02 4.387067e-01 -5.559891e-03 4.442666e-01
7.878788e-01 8.080808e-02 4.342977e-01 -5.563051e-03 4.398607e-01
7.979798e-01 8.080808e-02 4.299329e-01 -5.565584e-03 4.354985e-01
8.080808e-01 8.080808e-02 4.256120e-01 -5.568951e-03 4.311810e-01
8.181818e-01 8.080808e-02 4.213345e-01 -5.571336e-03 4.269059e-01
8.282828e-01 8.080808e-02 4.171001e-01 -5.574822e-03 4.226749e-01
8.383838e-01 8.080808e-02 4.129081e-01 -5.578279e-03 4.184864e-01
8.484848e-01 8.080808e-02 4.087583e-01 -5.580246e-03 4.143386e-01
8.585859e-01 8.080808e-02 4.046502e-01 -5.583495e-03 4.102337e-01
8.686869e-01 8.080808e-02 4.005834e-01 -5.586237e-03 4.061697e-01
8.787879e-01 8.080808e-02 3.965575e-01 -5.589008e-03 4.021465e-01
8.888889e-01 8.080808e-02 3.925720e-01 -5.591959e-03 3.981640e-01
8.989899e-01 8.080808e-02 3.886266e-01 -5.594760e-03 3.942214e-01
9.090909e-01 8.080808e-02 3.847209e-01 -5.597055e-03 3.903179e-01
9.191919e-01 8.080808e-02 3.808544e-01 -5.599290e-03 3.864537e-01
9.292929e-01 8.080808e-02 3.770267e-01 -5.602032e-03 3.826287e-01
9.393939e-01 8.080808e-02 3.732375e-01 -5.604655e-03 3.788422e-01
9.494949e-01 8.080808e-02 3.694864e-01 -5.607277e-03 3.750937e-01
9.595960e-01 8.080808e-02 3.657730e-01 -5.609721e-03 3.713828e-01
9.696970e-01 8.080808e-02 3.620970e-01 -5.612522e-03 3.677095e-01
9.797980e-01 8.080808e-02 3.584578e-01 -5.614728e-03 3.640725e-01
9.898990e-01 8.080808e-02 3.548553e-01 -5.617112e-03 3.604724e-01
1.000000e+00 8.080808e-02 3.512889e-01 -5.619287e-03 3.569082e-01
0.000000e+00 9.090909e-02 -9.898214e-01 -5.251616e-03 9.845698e-01
1.010101e-02 9.090909e-02 -9.798736e-01 -5.256683e-03 9.746169e-01
2.020202e-02 9.090909e-02 -9.700257e-01 -5.261689e-03 9.647640e-01
3.030303e-02 9.090909e-02 -9.602768e-01 -5.266279e-03 9.550105e-01
4.040404e-02 9.090909e-02 -9.506258e-01 -5.271554e-03 9.453543e-01
5.050505e-02 9.090909e-02 -9.410719e-01 -5.276948e-03 9.357949e-01
6.060606e-02 9.090909e-02 -9.316139e-01 -5.281836e-03 9.263321e-01
7.070707e-02 9.090909e-02 -9.222511e-01 -5.286843e-03 9.169642e-01
8.080808e-02 9.090909e-02 -9.129823e-01 -5.291522e-03 9.076908e-01
9.090909e-02 9.090909e-02 -9.038067e-01 -5.296379e-03 8.985103e-01
1.010101e-01 9.090909e-02 -8.947233e-01 -5.301565e-03 8.894217e-01
1.111111e-01 9.090909e-02 -8.857311e-01 -5.305946e-03 8.804252e-01
1.212121e-01 9.090909e-02 -8.768294e-01 -5.310833e-03 8.715186e-01
1.313131e-01 9.090909e-02 -8.680171e-01 -5.316108e-03 8.627010e-01
1.414141e-01 9.090909e-02 -8.592934e-01 -5.320936e-03 8.539725e-01
1.515152e-01 9.090909e-02 -8.506574e-01 -5.325466e-03 8.453319e-01
1.616162e-01 9.090909e-02 -8.421081e-01 -5.330086e-03 8.367780e-01
1.717172e-01 9.090909e-02 -8.336448e-01 -5.335718e-03 8.283091e-01
1.818182e-01 9.090909e-02 -8.252665e-01 -5.340457e-03 8.199261e-01
1.919192e-01 9.090909e-02 -8.169724e-01 -5.344957e-03 8.116275e-01
2.020202e-01 9.090909e-02 -8.087617e-01 -5.349338e-03 8.034124e-01
2.121212e-01 9.090909e-02 -8.006336e-01 -5.354255e-03 7.952793e-01
2.222222e-01 9.090909e-02 -7.925871e-01 -5.358666e-03 7.872284e-01
2.323232e-01 9.090909e-02 -7.846214e-01 -5.363703e-03 7.792577e-01
2.424242e-01 9.090909e-02 -7.767358e-01 -5.368084e-03 7.713678e-01
2.525253e-01 9.090909e-02 -7.689295e-01 -5.372524e-03 7.635570e-01
2.626263e-01 9.090909e-02 -7.612016e-01 -5.376786e-03 7.558249e-01
2.727273e-01 9.090909e-02 -7.535514e-01 -5.381495e-03 7.481700e-01
2.828283e-01 9.090909e-02 -7.459781e-01 -5.385488e-03 7.405926e-01
2.929293e-01 9.090909e-02 -7.384809e-01 -5.390137e-03 7.330908e-01
3.030303e-01 9.090909e-02 -7.310591e-01 -5.394220e-03 7.256648e-01
3.131313e-01 9.090909e-02 -7.237118e-01 -5.398989e-03 7.183128e-01
3.232323e-01 9.090909e-02 -7.164384e-01 -5.403042e-03 7.110353e-01
3.333333e-01 9.090909e-02 -7.092381e-01 -5.408198e-03 7.038299e-01
3.434343e-01 9.090909e-02 -7.021101e-01 -5.411893e-03 6.966982e-01
3.535354e-01 9.090909e-02 -6.950538e-01 -5.416512e-03 6.896373e-01
3.636364e-01 9.090909e-02 -6.880684e-01 -5.420834e-03 6.826475e-01
3.737374e-01 9.090909e-02 -6.811532e-01 -5.424500e-03 6.757287e-01
3.838384e-01 9.090909e-02 -6.743075e-01 -5.428791e-03 6.688787e-01
3.939394e-01 9.090909e-02 -6.675306e-01 -5.433023e-03 6.620975e-01
4.040404e-01 9.090909e-02 -6.608218e-01 -5.437046e-03 6.553847e-01
4.141414e-01 9.090909e-02 -6.541804e-01 -5.441517e-03 6.487389e-01
4.242424e-01 9.090909e-02 -6.476058e-01 -5.445540e-03 6.421602e-01
4.343434e-01 9.090909e-02 -6.410972e-01 -5.449951e-03 6.356473e-01
4.444444e-01 9.090909e-02 -6.346541e-01 -5.453795e-03 6.292003e-01
4.545455e-01 9.090909e-02 -6.282757e-01 -5.457610e-03 6.228181e-01
4.646465e-01 9.090909e-02 -6.219614e-01 -5.461782e-03 6.164997e-01
4.747475e-01 9.090909e-02 -6.157106e-01 -5.465299e-03 6.102453e-01
4.848485e-01 9.090909e-02 -6.095226e-01 -5.469114e-03 6.040535e-01
4.949495e-01 9.090909e-02 -6.033968e-01 -5.473047e-03 5.979238e-01
5.050505e-01 9.090909e-02 -5.973326e-01 -5.476385e-03 5.918562e-01
5.151515e-01 9.090909e-02 -5.913293e-01 -5.481333e-03 5.858480e-01
5.252525e-01 9.090909e-02 -5.853863e-01 -5.485207e-03 5.799011e-01
5.353535e-01 9.090909e-02 -5.795031e-01 -5.488545e-03 5.740146e-01
5.454545e-01 9.090909e-02 -5.736790e-01 -5.492061e-03 5.681869e-01
5.555556e-01 9.090909e-02 -5.679134e-01 -5.496025e-03 5.624174e-01
5.656566e-01 9.090909e-02 -5.622058e-01 -5.499989e-03 5.567058e-01
5.757576e-01 9.090909e-02 -5.565556e-01 -5.503327e-03 5.510522e-01
5.858586e-01 9.090909e-02 -5.509621e-01 -5.506843e-03 5.454552e-01
5.959596e-01 9.090909e-02 -5.454248e-01 -5.510360e-03 5.399145e-01
6.060606e-01 9.090909e-02 -5.399432e-01 -5.513698e-03 5.344295e-01
6.161616e-01 9.090909e-02 -5.345167e-01 -5.517244e-03 5.289994e-01
6.262626e-01 9.090909e-02 -5.291447e-01 -5.520642e-03 5.236241e-01
6.363636e-01 9.090909e-02 -5.238267e-01 -5.524039e-03 5.183027e-01
6.464646e-01 9.090909e-02 -5.185622e-01 -5.527645e-03 5.130345e-01
6.565657e-01 9.090909e-02 -5.133505e-01 -5.530894e-03 5.078196e-01
6.666667e-01 9.090909e-02 -5.081913e-01 -5.534083e-03 5.026572e-01
6.767677e-01 9.090909e-02 -5.030839e-01 -5.537361e-03 4.975465e-01
6.868687e-01 9.090909e-02 -4.980278e-01 -5.541176e-03 4.924866e-01
6.969697e-01 9.090909e-02 -4.930225e-01 -5.544752e-03 4.874778e-01
7.070707e-01 9.090909e-02 -4.880676e-01 -5.547822e-03 4.825197e-01
7.171717e-01 9.090909e-02 -4.831624e-01 -5.550832e-03 4.776116e-01
7.272727e-01 9.090909e-02 -4.783065e-01 -5.553901e-03 4.727526e-01
7.373737e-01 9.090909e-02 -4.734995e-01 -5.556971e-03 4.679425e-01
7.474747e-01 9.090909e-02 -4.687407e-01 -5.560547e-03 4.631802e-01
7.575758e-01 9.090909e-02 -4.640298e-01 -5.563587e-03 4.584662e-01
7.676768e-01 9.090909e-02 -4.593662e-01 -5.566657e-03 4.537996e-01
7.777778e-01 9.090909e-02 -4.547495e-01 -5.569488e-03 4.491800e-01
7.878788e-01 9.090909e-02 -4.501792e-01 -5.571991e-03 4.446072e-01
7.979798e-01 9.090909e-02 -4.456548e-01 -5.574733e-03 4.400801e-01
8.080808e-01 9.090909e-02 -4.411759e-01 -5.578190e-03 4.355978e-01
8.181818e-01 9.090909e-02 -4.367421e-01 -5.580902e-03 4.311611e-01
8.282828e-01 9.090909e-02 -4.323527e-01 -5.583853e-03 4.267689e-01
8.383838e-01 9.090909e-02 -4.280075e-01 -5.586773e-03 4.224207e-01
8.484848e-01 9.090909e-02 -4.237060e-01 -5.589604e-03 4.181164e-01
8.585859e-01 9.090909e-02 -4.194476e-01 -5.592316e-03 4.138553e-01
8.686869e-01 9.090909e-02 -4.152321e-01 -5.595237e-03 4.096369e-01
8.787879e-01 9.090909e-02 -4.110590e-01 -5.597681e-03 4.054613e-01
8.888889e-01 9.090909e-02 -4.069278e-01 -5.600244e-03 4.013275e-01
8.989899e-01 9.090909e-02 -4.028381e-01 -5.602628e-03 3.972354e-01
9.090909e-01 9.090909e-02 -3.987895e-01 -5.605340e-03 3.931841e-01
9.191919e-01 9.090909e-02 -3.947816e-01 -5.607635e-03 3.891739e-01
9.292929e-01 9.090909e-02 -3.908140e-01 -5.610585e-03 3.852034e-01
9.393939e-01 9.090909e-02 -3.868862e-01 -5.613208e-03 3.812730e-01
9.494949e-01 9.090909e-02 -3.829979e-01 -5.615264e-03 3.773827e-01
9.595960e-01 9.090909e-02 -3.791487e-01 -5.617827e-03 3.735309e-01
9.696970e-01 9.090909e-02 -3.753382e-01 -5.619973e-03 3.697183e-01
9.797980e-01 9.090909e-02 -3.715660e-01 -5.622357e-03 3.659437e-01
9.898990e-01 9.090909e-02 -3.678317e-01 -5.624741e-03 3.622070e-01
1.000000e+00 9.090909e-02 -3.641350e-01 -5.627364e-03 3.585076e-01
0.000000e+00 1.010101e-01 9.998741e-01 -5.265087e-03 1.005139e+00
1.010101e-02 1.010101e-01 9.898252e-01 -5.270123e-03 9.950953e-01
2.020202e-02 1.010101e-01 9.798773e-01 -5.275279e-03 9.851526e-01
3.030303e-02 1.010101e-01 9.700294e-01 -5.279809e-03 9.753092e-01
4.040404e-02 1.010101e-01 9.602804e-01 -5.284309e-03 9.655647e-01
5.050505e-02 1.010101e-01 9.506295e-01 -5.289406e-03 9.559189e-01
6.060606e-02 1.010101e-01 9.410755e-01 -5.294710e-03 9.463702e-01
7.070707e-02 1.010101e-01 9.316175e-01 -5.300283e-03 9.369178e-01
8.080808e-02 1.010101e-01 9.222546e-01 -5.305052e-03 9.275596e-01
9.090909e-02 1.010101e-01 9.129858e-01 -5.309820e-03 9.182956e-01
1.010101e-01 1.010101e-01 9.038101e-01 -5.314589e-03 9.091247e-01
1.111111e-01 1.010101e-01 8.947267e-01 -5.319268e-03 9.000459e-01
1.212121e-01 1.010101e-01 8.857345e-01 -5.324513e-03 8.910590e-01
1.313131e-01 1.010101e-01 8.768328e-01 -5.329460e-03 8.821622e-01
1.414141e-01 1.010101e-01 8.680204e-01 -5.334169e-03 8.733546e-01
1.515152e-01 1.010101e-01 8.592967e-01 -5.338490e-03 8.646352e-01
1.616162e-01 1.010101e-01 8.506606e-01 -5.343735e-03 8.560043e-01
1.717172e-01 1.010101e-01 8.421113e-01 -5.348146e-03 8.474595e-01
1.818182e-01 1.010101e-01 8.336480e-01 -5.352855e-03 8.390008e-01
1.919192e-01 1.010101e-01 8.252697e-01 -5.357385e-03 8.306271e-01
2.020202e-01 1.010101e-01 8.169756e-01 -5.361885e-03 8.223375e-01
2.121212e-01 1.010101e-01 8.087648e-01 -5.366594e-03 8.141314e-01
2.222222e-01 1.010101e-01 8.006366e-01 -5.371362e-03 8.060080e-01
2.323232e-01 1.010101e-01 7.925901e-01 -5.376071e-03 7.979662e-01
2.424242e-01 1.010101e-01 7.846244e-01 -5.380243e-03 7.900047e-01
2.525253e-01 1.010101e-01 7.767388e-01 -5.384386e-03 7.821232e-01
2.626263e-01 1.010101e-01 7.689325e-01 -5.388826e-03 7.743213e-01
2.727273e-01 1.010101e-01 7.612046e-01 -5.393416e-03 7.665980e-01
2.828283e-01 1.010101e-01 7.535543e-01 -5.397946e-03 7.589523e-01
2.929293e-01 1.010101e-01 7.459810e-01 -5.402416e-03 7.513834e-01
3.030303e-01 1.010101e-01 7.384837e-01 -5.406648e-03 7.438904e-01
3.131313e-01 1.010101e-01 7.310619e-01 -5.410939e-03 7.364728e-01
3.232323e-01 1.010101e-01 7.237146e-01 -5.414814e-03 7.291294e-01
3.333333e-01 1.010101e-01 7.164411e-01 -5.419463e-03 7.218606e-01
3.434343e-01 1.010101e-01 7.092408e-01 -5.423635e-03 7.146644e-01
3.535354e-01 1.010101e-01 7.021128e-01 -5.427659e-03 7.075404e-01
3.636364e-01 1.010101e-01 6.950564e-01 -5.431890e-03 7.004883e-01
3.737374e-01 1.010101e-01 6.880710e-01 -5.436093e-03 6.935071e-01
3.838384e-01 1.010101e-01 6.811558e-01 -5.440414e-03 6.865962e-01
3.939394e-01 1.010101e-01 6.743100e-01 -5.444974e-03 6.797550e-01
4.040404e-01 1.010101e-01 6.675331e-01 -5.448848e-03 6.729820e-01
4.141414e-01 1.010101e-01 6.608243e-01 -5.453020e-03 6.662773e-01
4.242424e-01 1.010101e-01 6.541829e-01 -5.456775e-03 6.596397e-01
4.343434e-01 1.010101e-01 6.476083e-01 -5.460441e-03 6.530687e-01
4.444444e-01 1.010101e-01 6.410997e-01 -5.464673e-03 6.465644e-01
4.545455e-01 1.010101e-01 6.346565e-01 -5.468160e-03 6.401247e-01
4.646465e-01 1.010101e-01 6.282781e-01 -5.472571e-03 6.337507e-01
4.747475e-01 1.010101e-01 6.219638e-01 -5.476147e-03 6.274400e-01
4.848485e-01 1.010101e-01 6.157130e-01 -5.479664e-03 6.211926e-01
4.949495e-01 1.010101e-01 6.095250e-01 -5.483061e-03 6.150080e-01
5.050505e-01 1.010101e-01 6.033991e-01 -5.487591e-03 6.088867e-01
5.151515e-01 1.010101e-01 5.973349e-01 -5.491704e-03 6.028266e-01
5.252525e-01 1.010101e-01 5.913316e-01 -5.494893e-03 5.968265e-01
5.353535e-01 1.010101e-01 5.853886e-01 -5.498797e-03 5.908874e-01
5.454545e-01 1.010101e-01 5.795053e-01 -5.502850e-03 5.850082e-01
5.555556e-01 1.010101e-01 5.736812e-01 -5.506426e-03 5.791876e-01
5.656566e-01 1.010101e-01 5.679156e-01 -5.509585e-03 5.734252e-01
5.757576e-01 1.010101e-01 5.622080e-01 -5.513161e-03 5.677211e-01
5.858586e-01 1.010101e-01 5.565577e-01 -5.516827e-03 5.620745e-01
5.959596e-01 1.010101e-01 5.509642e-01 -5.520135e-03 5.564843e-01
6.060606e-01 1.010101e-01 5.454269e-01 -5.523235e-03 5.509501e-01
6.161616e-01 1.010101e-01 5.399453e-01 -5.526751e-03 5.454720e-01
6.262626e-01 1.010101e-01 5.345187e-01 -5.530506e-03 5.400492e-01
6.363636e-01 1.010101e-01 5.291467e-01 -5.533904e-03 5.346806e-01
6.464646e-01 1.010101e-01 5.238287e-01 -5.537301e-03 5.293660e-01
6.565657e-01 1.010101e-01 5.185641e-01 -5.540341e-03 5.241045e-01
6.666667e-01 1.010101e-01 5.133525e-01 -5.542904e-03 5.188954e-01
6.767677e-01 1.010101e-01 5.081932e-01 -5.547017e-03 5.137402e-01
6.868687e-01 1.010101e-01 5.030858e-01 -5.550176e-03 5.086360e-01
6.969697e-01 1.010101e-01 4.980297e-01 -5.553365e-03 5.035831e-01
7.070707e-01 1.010101e-01 4.930244e-01 -5.557030e-03 4.985814e-01
7.171717e-01 1.010101e-01 4.880694e-01 -5.559802e-03 4.936292e-01
7.272727e-01 1.010101e-01 4.831643e-01 -5.563110e-03 4.887274e-01
7.373737e-01 1.010101e-01 4.783084e-01 -5.566448e-03 4.838748e-01
7.474747e-01 1.010101e-01 4.735013e-01 -5.569339e-03 4.790706e-01
7.575758e-01 1.010101e-01 4.687425e-01 -5.572170e-03 4.743147e-01
7.676768e-01 1.010101e-01 4.640316e-01 -5.574316e-03 4.696059e-01
7.777778e-01 1.010101e-01 4.593680e-01 -5.577952e-03 4.649459e-01
7.878788e-01 1.010101e-01 4.547513e-01 -5.580693e-03 4.603320e-01
7.979798e-01 1.010101e-01 4.501809e-01 -5.583972e-03 4.557649e-01
8.080808e-01 1.010101e-01 4.456566e-01 -5.586714e-03 4.512433e-01
8.181818e-01 1.010101e-01 4.411776e-01 -5.589575e-03 4.467672e-01
8.282828e-01 1.010101e-01 4.367437e-01 -5.592316e-03 4.423360e-01
8.383838e-01 1.010101e-01 4.323544e-01 -5.595356e-03 4.379497e-01
8.484848e-01 1.010101e-01 4.280091e-01 -5.598098e-03 4.336072e-01
8.585859e-01 1.010101e-01 4.237076e-01 -5.600601e-03 4.293082e-01
8.686869e-01 1.010101e-01 4.194492e-01 -5.602807e-03 4.250521e-01
8.787879e-01 1.010101e-01 4.152337e-01 -5.605578e-03 4.208393e-01
8.888889e-01 1.010101e-01 4.110605e-01 -5.608410e-03 4.166690e-01
8.989899e-01 1.010101e-01 4.069293e-01 -5.610853e-03 4.125402e-01
9.090909e-01 1.010101e-01 4.028396e-01 -5.613506e-03 4.084531e-01
9.191919e-01 1.010101e-01 3.987910e-01 -5.615830e-03 4.044068e-01
9.292929e-01 1.010101e-01 3.947831e-01 -5.618304e-03 4.004014e-01
9.393939e-01 1.010101e-01 3.908155e-01 -5.621105e-03 3.964366e-01
9.494949e-01 1.010101e-01 3.868877e-01 -5.622953e-03 3.925106e-01
9.595960e-01 1.010101e-01 3.829994e-01 -5.625099e-03 3.886245e-01
9.696970e-01 1.010101e-01 3.791502e-01 -5.627662e-03 3.847779e-01
9.797980e-01 1.010101e-01 3.753397e-01 -5.629778e-03 3.809695e-01
9.898990e-01 1.010101e-01 3.715674e-01 -5.632281e-03 3.771997e-01
1.000000e+00 1.010101e-01 3.678331e-01 -5.634785e-03 3.734679e-01
0.000000e+00 1.111111e-01 -9.848078e-01 -5.279094e-03 9.795287e-01
1.010101e-02 1.111111e-01 -9.749103e-01 -5.283922e-03 9.696263e-01
2.020202e-02 1.111111e-01 -9.651123e-01 -5.288899e-03 9.598234e-01
3.030303e-02 1.111111e-01 -9.554127e-01 -5.293518e-03 9.501192e-01
4.040404e-02 1.111111e-01 -9.458107e-01 -5.298525e-03 9.405121e-01
5.050505e-02 1.111111e-01 -9.363051e-01 -5.303890e-03 9.310012e-01
6.060606e-02 1.111111e-01 -9.268951e-01 -5.308658e-03 9.215864e-01
7.070707e-02 1.111111e-01 -9.175796e-01 -5.313516e-03 9.122661e-01
8.080808e-02 1.111111e-01 -9.083578e-01 -5.318433e-03 9.030394e-01
9.090909e-02 1.111111e-01 -8.992287e-01 -5.322903e-03 8.939058e-01
1.010101e-01 1.111111e-01 -8.901913e-01 -5.327970e-03 8.848633e-01
1.111111e-01 1.111111e-01 -8.812447e-01 -5.332917e-03 8.759118e-01
1.212121e-01 1.111111e-01 -8.723880e-01 -5.338132e-03 8.670499e-01
1.313131e-01 1.111111e-01 -8.636204e-01 -5.342722e-03 8.582777e-01
1.414141e-01 1.111111e-01 -8.549409e-01 -5.347162e-03 8.495937e-01
1.515152e-01 1.111111e-01 -8.463486e-01 -5.351812e-03 8.409968e-01
1.616162e-01 1.111111e-01 -8.378426e-01 -5.356699e-03 8.324859e-01
1.717172e-01 1.111111e-01 -8.294222e-01 -5.360872e-03 8.240613e-01
1.818182e-01 1.111111e-01 -8.210863e-01 -5.365223e-03 8.157211e-01
1.919192e-01 1.111111e-01 -8.128343e-01 -5.371004e-03 8.074633e-01
2.020202e-01 1.111111e-01 -8.046652e-01 -5.374968e-03 7.992902e-01
2.121212e-01 1.111111e-01 -7.965781e-01 -5.379975e-03 7.911982e-01
2.222222e-01 1.111111e-01 -7.885724e-01 -5.383760e-03 7.831886e-01
2.323232e-01 1.111111e-01 -7.806471e-01 -5.388409e-03 7.752587e-01
2.424242e-01 1.111111e-01 -7.728015e-01 -5.393058e-03 7.674084e-01
2.525253e-01 1.111111e-01 -7.650347e-01 -5.396694e-03 7.596380e-01
2.626263e-01 1.111111e-01 -7.573460e-01 -5.401224e-03 7.519448e-01
2.727273e-01 1.111111e-01 -7.497345e-01 -5.405962e-03 7.443286e-01
2.828283e-01 1.111111e-01 -7.421996e-01 -5.410343e-03 7.367892e-01
2.929293e-01 1.111111e-01 -7.347403e-01 -5.413890e-03 7.293264e-01
3.030303e-01 1.111111e-01 -7.273561e-01 -5.418450e-03 7.219376e-01
3.131313e-01 1.111111e-01 -7.200460e-01 -5.423099e-03 7.146229e-01
3.232323e-01 1.111111e-01 -7.128094e-01 -5.426854e-03 7.073826e-01
3.333333e-01 1.111111e-01 -7.056456e-01 -5.430937e-03 7.002147e-01
3.434343e-01 1.111111e-01 -6.985537e-01 -5.435139e-03 6.931186e-01
3.535354e-01 1.111111e-01 -6.915332e-01 -5.439460e-03 6.860937e-01
3.636364e-01 1.111111e-01 -6.845831e-01 -5.443841e-03 6.791393e-01
3.737374e-01 1.111111e-01 -6.777030e-01 -5.447894e-03 6.722551e-01
3.838384e-01 1.111111e-01 -6.708919e-01 -5.451590e-03 6.654403e-01
3.939394e-01 1.111111e-01 -6.641494e-01 -5.456150e-03 6.586932e-01
4.040404e-01 1.111111e-01 -6.574745e-01 -5.460173e-03 6.520144e-01
4.141414e-01 1.111111e-01 -6.508668e-01 -5.464166e-03 6.454026e-01
4.242424e-01 1.111111e-01 -6.443255e-01 -5.467772e-03 6.388577e-01
4.343434e-01 1.111111e-01 -6.378499e-01 -5.471855e-03 6.323781e-01
4.444444e-01 1.111111e-01 -6.314394e-01 -5.475909e-03 6.259635e-01
4.545455e-01 1.111111e-01 -6.250933e-01 -5.479217e-03 6.196141e-01
4.646465e-01 1.111111e-01 -6.188111e-01 -5.483866e-03 6.133272e-01
4.747475e-01 1.111111e-01 -6.125919e-01 -5.487263e-03 6.071046e-01
4.848485e-01 1.111111e-01 -6.064353e-01 -5.490929e-03 6.009443e-01
4.949495e-01 1.111111e-01 -6.003405e-01 -5.494833e-03 5.948456e-01
5.050505e-01 1.111111e-01 -5.943070e-01 -5.498737e-03 5.888082e-01
5.151515e-01 1.111111e-01 -5.883341e-01 -5.502015e-03 5.828321e-01
5.252525e-01 1.111111e-01 -5.824212e-01 -5.506307e-03 5.769149e-01
5.353535e-01 1.111111e-01 -5.765678e-01 -5.509615e-03 5.710582e-01
5.454545e-01 1.111111e-01 -5.707732e-01 -5.513579e-03 5.652596e-01
5.555556e-01 1.111111e-01 -5.650368e-01 -5.516827e-03 5.595200e-01
5.656566e-01 1.111111e-01 -5.593581e-01 -5.519956e-03 5.538381e-01
5.757576e-01 1.111111e-01 -5.537365e-01 -5.523413e-03 5.482130e-01
5.858586e-01 1.111111e-01 -5.481713e-01 -5.527586e-03 5.426437e-01
5.959596e-01 1.111111e-01 -5.426621e-01 -5.530685e-03 5.371314e-01
6.060606e-01 1.111111e-01 -5.372083e-01 -5.533844e-03 5.316744e-01
6.161616e-01 1.111111e-01 -5.318092e-01 -5.536854e-03 5.262724e-01
6.262626e-01 1.111111e-01 -5.264645e-01 -5.540192e-03 5.209243e-01
6.363636e-01 1.111111e-01 -5.211734e-01 -5.543739e-03 5.156297e-01
6.464646e-01 1.111111e-01 -5.159355e-01 -5.546868e-03 5.103887e-01
6.565657e-01 1.111111e-01 -5.107503e-01 -5.549997e-03 5.052003e-01
6.666667e-01 1.111111e-01 -5.056172e-01 -5.553395e-03 5.000638e-01
6.767677e-01 1.111111e-01 -5.005356e-01 -5.556732e-03 4.949789e-01
6.868687e-01 1.111111e-01 -4.955052e-01 -5.560309e-03 4.899448e-01
6.969697e-01 1.111111e-01 -4.905252e-01 -5.563349e-03 4.849619e-01
7.070707e-01 1.111111e-01 -4.855954e-01 -5.566120e-03 4.800293e-01
7.171717e-01 1.111111e-01 -4.807151e-01 -5.569577e-03 4.751455e-01
7.272727e-01 1.111111e-01 -4.758838e-01 -5.572408e-03 4.703114e-01
7.373737e-01 1.111111e-01 -4.711011e-01 -5.574971e-03 4.655261e-01
7.474747e-01 1.111111e-01 -4.663665e-01 -5.577505e-03 4.607889e-01
7.575758e-01 1.111111e-01 -4.616794e-01 -5.580992e-03 4.560984e-01
7.676768e-01 1.111111e-01 -4.570394e-01 -5.583912e-03 4.514555e-01
7.777778e-01 1.111111e-01 -4.524461e-01 -5.587012e-03 4.468591e-01
7.878788e-01 1.111111e-01 -4.478990e-01 -5.590409e-03 4.423085e-01
7.979798e-01 1.111111e-01 -4.433975e-01 -5.592376e-03 4.378051e-01
8.080808e-01 1.111111e-01 -4.389413e-01 -5.595446e-03 4.333458e-01
8.181818e-01 1.111111e-01 -4.345298e-01 -5.597770e-03 4.289321e-01
8.282828e-01 1.111111e-01 -4.301627e-01 -5.600303e-03 4.245624e-01
8.383838e-01 1.111111e-01 -4.258395e-01 -5.603284e-03 4.202363e-01
8.484848e-01 1.111111e-01 -4.215598e-01 -5.606025e-03 4.159538e-01
8.585859e-01 1.111111e-01 -4.173230e-01 -5.608648e-03 4.117144e-01
8.686869e-01 1.111111e-01 -4.131289e-01 -5.611271e-03 4.075176e-01
8.787879e-01 1.111111e-01 -4.089769e-01 -5.613774e-03 4.033631e-01
8.888889e-01 1.111111e-01 -4.048666e-01 -5.616665e-03 3.992499e-01
8.989899e-01 1.111111e-01 -4.007976e-01 -5.618900e-03 3.951787e-01
9.090909e-01 1.111111e-01 -3.967695e-01 -5.621284e-03 3.911482e-01
9.191919e-01 1.111111e-01 -3.927819e-01 -5.623966e-03 3.871579e-01
9.292929e-01 1.111111e-01 -3.888344e-01 -5.626500e-03 3.832079e-01
9.393939e-01 1.111111e-01 -3.849265e-01 -5.628735e-03 3.792978e-01
9.494949e-01 1.111111e-01 -3.810580e-01 -5.631059e-03 3.754269e-01
9.595960e-01 1.111111e-01 -3.772283e-01 -5.633265e-03 3.715950e-01
9.696970e-01 1.111111e-01 -3.734371e-01 -5.635738e-03 3.678013e-01
9.797980e-01 1.111111e-01 -3.696840e-01 -5.637914e-03 3.640460e-01
9.898990e-01 1.111111e-01 -3.659686e-01 -5.639941e-03 3.603286e-01
1.000000e+00 1.111111e-01 -3.622905e-01 -5.642325e-03 3.566482e-01
0.000000e+00 1.212121e-01 9.450008e-01 -5.292624e-03 9.502934e-01
1.010101e-02 1.212121e-01 9.355034e-01 -5.297869e-03 9.408013e-01
2.020202e-02 1.212121e-01 9.261014e-01 -5.302161e-03 9.314036e-01
3.030303e-02 1.212121e-01 9.167940e-01 -5.307585e-03 9.221016e-01
4.040404e-02 1.212121e-01 9.075800e-01 -5.311936e-03 9.128920e-01
5.050505e-02 1.212121e-01 8.984587e-01 -5.317122e-03 9.037758e-01
6.060606e-02 1.212121e-01 8.894290e-01 -5.322903e-03 8.947519e-01
7.070707e-02 1.212121e-01 8.804901e-01 -5.326897e-03 8.858170e-01
8.080808e-02 1.212121e-01 8.716411e-01 -5.332589e-03 8.769737e-01
9.090909e-02 1.212121e-01 8.628809e-01 -5.336374e-03 8.682173e-01
1.010101e-01 1.212121e-01 8.542088e-01 -5.341500e-03 8.595503e-01
1.111111e-01 1.212121e-01 8.456239e-01 -5.346000e-03 8.509699e-01
1.212121e-01 1.212121e-01 8.371252e-01 -5.350858e-03 8.424761e-01
1.313131e-01 1.212121e-01 8.287120e-01 -5.355686e-03 8.340677e-01
1.414141e-01 1.212121e-01 8.203833e-01 -5.360395e-03 8.257437e-01
1.515152e-01 1.212121e-01 8.121383e-01 -5.364567e-03 8.175029e-01
1.616162e-01 1.212121e-01 8.039762e-01 -5.369186e-03 8.093454e-01
1.717172e-01 1.212121e-01 7.958961e-01 -5.374134e-03 8.012702e-01
1.818182e-01 1.212121e-01 7.878972e-01 -5.378485e-03 7.932757e-01
1.919192e-01 1.212121e-01 7.799787e-01 -5.382985e-03 7.853617e-01
2.020202e-01 1.212121e-01 7.721398e-01 -5.387455e-03 7.775272e-01
2.121212e-01 1.212121e-01 7.643796e-01 -5.391866e-03 7.697715e-01
2.222222e-01 1.212121e-01 7.566975e-01 -5.396545e-03 7.620940e-01
2.323232e-01 1.212121e-01 7.490926e-01 -5.401105e-03 7.544937e-01
2.424242e-01 1.212121e-01 7.415641e-01 -5.404919e-03 7.469690e-01
2.525253e-01 1.212121e-01 7.341112e-01 -5.409211e-03 7.395204e-01
2.626263e-01 1.212121e-01 7.267333e-01 -5.413622e-03 7.321469e-01
2.727273e-01 1.212121e-01 7.194295e-01 -5.418271e-03 7.248478e-01
2.828283e-01 1.212121e-01 7.121991e-01 -5.421847e-03 7.176209e-01
2.929293e-01 1.212121e-01 7.050414e-01 -5.426586e-03 7.104680e-01
3.030303e-01 1.212121e-01 6.979556e-01 -5.430669e-03 7.033863e-01
3.131313e-01 1.212121e-01 6.909410e-01 -5.434722e-03 6.963758e-01
3.232323e-01 1.212121e-01 6.839970e-01 -5.438864e-03 6.894358e-01
3.333333e-01 1.212121e-01 6.771227e-01 -5.442768e-03 6.825654e-01
3.434343e-01 1.212121e-01 6.703175e-01 -5.447119e-03 6.757646e-01
3.535354e-01 1.212121e-01 6.635807e-01 -5.451173e-03 6.690319e-01
3.636364e-01 1.212121e-01 6.569116e-01 -5.455405e-03 6.623670e-01
3.737374e-01 1.212121e-01 6.503095e-01 -5.459279e-03 6.557688e-01
3.838384e-01 1.212121e-01 6.437738e-01 -5.463779e-03 6.492376e-01
3.939394e-01 1.212121e-01 6.373038e-01 -5.467683e-03 6.427714e-01
4.040404e-01 1.212121e-01 6.308987e-01 -5.471438e-03 6.363702e-01
4.141414e-01 1.212121e-01 6.245581e-01 -5.475312e-03 6.300334e-01
4.242424e-01 1.212121e-01 6.182812e-01 -5.478859e-03 6.237601e-01
4.343434e-01 1.212121e-01 6.120674e-01 -5.483001e-03 6.175504e-01
4.444444e-01 1.212121e-01 6.059160e-01 -5.486518e-03 6.114025e-01
4.545455e-01 1.212121e-01 5.998264e-01 -5.490780e-03 6.053172e-01
4.646465e-01 1.212121e-01 5.937981e-01 -5.494446e-03 5.992925e-01
4.747475e-01 1.212121e-01 5.878303e-01 -5.497992e-03 5.933283e-01
4.848485e-01 1.212121e-01 5.819225e-01 -5.502254e-03 5.874248e-01
4.949495e-01 1.212121e-01 5.760741e-01 -5.506009e-03 5.815801e-01
5.050505e-01 1.212121e-01 5.702845e-01 -5.509198e-03 5.757937e-01
5.151515e-01 1.212121e-01 5.645530e-01 -5.512834e-03 5.700658e-01
5.252525e-01 1.212121e-01 5.588792e-01 -5.516589e-03 5.643957e-01
5.353535e-01 1.212121e-01 5.532623e-01 -5.519539e-03 5.587819e-01
5.454545e-01 1.212121e-01 5.477019e-01 -5.523264e-03 5.532252e-01
5.555556e-01 1.212121e-01 5.421975e-01 -5.527109e-03 5.477246e-01
5.656566e-01 1.212121e-01 5.367483e-01 -5.530447e-03 5.422787e-01
5.757576e-01 1.212121e-01 5.313539e-01 -5.534261e-03 5.368881e-01
5.858586e-01 1.212121e-01 5.260137e-01 -5.537182e-03 5.315509e-01
5.959596e-01 1.212121e-01 5.207271e-01 -5.539894e-03 5.262670e-01
6.060606e-01 1.212121e-01 5.154938e-01 -5.544007e-03 5.210378e-01
6.161616e-01 1.212121e-01 5.103130e-01 -5.547076e-03 5.158600e-01
6.262626e-01 1.212121e-01 5.051842e-01 -5.550265e-03 5.107345e-01
6.363636e-01 1.212121e-01 5.001070e-01 -5.553693e-03 5.056607e-01
6.464646e-01 1.212121e-01 4.950809e-01 -5.556852e-03 5.006377e-01
6.565657e-01 1.212121e-01 4.901052e-01 -5.559891e-03 4.956651e-01
6.666667e-01 1.212121e-01 4.851796e-01 -5.562872e-03 4.907425e-01
6.767677e-01 1.212121e-01 4.803035e-01 -5.566925e-03 4.858704e-01
6.868687e-01 1.212121e-01 4.754763e-01 -5.569071e-03 4.810454e-01
6.969697e-01 1.212121e-01 4.706977e-01 -5.572170e-03 4.762699e-01
7.070707e-01 1.212121e-01 4.659671e-01 -5.575687e-03 4.715428e-01
7.171717e-01 1.212121e-01 4.612841e-01 -5.578548e-03 4.668626e-01
7.272727e-01 1.212121e-01 4.566481e-01 -5.581707e-03 4.622298e-01
7.373737e-01 1.212121e-01 4.520587e-01 -5.584359e-03 4.576431e-01
7.474747e-01 1.212121e-01 4.475154e-01 -5.587012e-03 4.531025e-01
7.575758e-01 1.212121e-01 4.430178e-01 -5.589753e-03 4.486076e-01
7.676768e-01 1.212121e-01 4.385654e-01 -5.592734e-03 4.441582e-01
7.777778e-01 1.212121e-01 4.341578e-01 -5.595773e-03 4.397536e-01
7.878788e-01 1.212121e-01 4.297944e-01 -5.598545e-03 4.353930e-01
7.979798e-01 1.212121e-01 4.254749e-01 -5.600929e-03 4.310758e-01
8.080808e-01 1.212121e-01 4.211988e-01 -5.603820e-03 4.268026e-01
8.181818e-01 1.212121e-01 4.169657e-01 -5.606622e-03 4.225723e-01
8.282828e-01 1.212121e-01 4.127751e-01 -5.609155e-03 4.183843e-01
8.383838e-01 1.212121e-01 4.086267e-01 -5.611748e-03 4.142384e-01
8.484848e-01 1.212121e-01 4.045199e-01 -5.614370e-03 4.101343e-01
8.585859e-01 1.212121e-01 4.004544e-01 -5.616754e-03 4.060712e-01
8.686869e-01 1.212121e-01 3.964298e-01 -5.619437e-03 4.020492e-01
8.787879e-01 1.212121e-01 3.924456e-01 -5.622119e-03 3.980677e-01
8.888889e-01 1.212121e-01 3.885015e-01 -5.624801e-03 3.941263e-01
8.989899e-01 1.212121e-01 3.845969e-01 -5.626887e-03 3.902238e-01
9.090909e-01 1.212121e-01 3.807317e-01 -5.628884e-03 3.863606e-01
9.191919e-01 1.212121e-01 3.769053e-01 -5.631268e-03 3.825365e-01
9.292929e-01 1.212121e-01 3.731173e-01 -5.634159e-03 3.787515e-01
9.393939e-01 1.212121e-01 3.693674e-01 -5.635977e-03 3.750034e-01
9.494949e-01 1.212121e-01 3.656552e-01 -5.639106e-03 3.712943e-01
9.595960e-01 1.212121e-01 3.619803e-01 -5.640924e-03 3.676212e-01
9.696970e-01 1.212121e-01 3.583424e-01 -5.643755e-03 3.639861e-01
9.797980e-01 1.212121e-01 3.547410e-01 -5.645245e-03 3.603862e-01
9.898990e-01 1.212121e-01 3.511757e-01 -5.647272e-03 3.568230e-01
1.000000e+00 1.212121e-01 3.476464e-01 -5.649358e-03 3.532957e-01
0.000000e+00 1.313131e-01 -8.814534e-01 -5.306751e-03 8.761466e-01
1.010101e-02 1.313131e-01 -8.725946e-01 -5.311161e-03 8.672834e-01
2.020202e-02 1.313131e-01 -8.638249e-01 -5.315602e-03 8.585093e-01
3.030303e-02 1.313131e-01 -8.551433e-01 -5.320787e-03 8.498225e-01
4.040404e-02 1.313131e-01 -8.465490e-01 -5.326241e-03 8.412227e-01
5.050505e-02 1.313131e-01 -8.380410e-01 -5.330950e-03 8.327101e-01
6.060606e-02 1.313131e-01 -8.296186e-01 -5.335659e-03 8.242829e-01
7.070707e-02 1.313131e-01 -8.212808e-01 -5.340308e-03 8.159405e-01
8.080808e-02 1.313131e-01 -8.130268e-01 -5.344778e-03 8.076820e-01
9.090909e-02 1.313131e-01 -8.048557e-01 -5.349964e-03 7.995057e-01
1.010101e-01 1.313131e-01 -7.967668e-01 -5.354702e-03 7.914121e-01
1.111111e-01 1.313131e-01 -7.887591e-01 -5.359381e-03 7.833997e-01
1.212121e-01 1.313131e-01 -7.808320e-01 -5.363852e-03 7.754681e-01
1.313131e-01 1.313131e-01 -7.729845e-01 -5.368143e-03 7.676163e-01
1.414141e-01 1.313131e-01 -7.652159e-01 -5.372792e-03 7.598431e-01
1.515152e-01 1.313131e-01 -7.575253e-01 -5.377084e-03 7.521482e-01
1.616162e-01 1.313131e-01 -7.499120e-01 -5.381912e-03 7.445301e-01
1.717172e-01 1.313131e-01 -7.423753e-01 -5.387008e-03 7.369883e-01
1.818182e-01 1.313131e-01 -7.349143e-01 -5.391270e-03 7.295230e-01
1.919192e-01 1.313131e-01 -7.275283e-01 -5.395889e-03 7.221324e-01
2.020202e-01 1.313131e-01 -7.202165e-01 -5.399853e-03 7.148167e-01
2.121212e-01 1.313131e-01 -7.129782e-01 -5.404383e-03 7.075738e-01
2.222222e-01 1.313131e-01 -7.058127e-01 -5.409032e-03 7.004036e-01
2.323232e-01 1.313131e-01 -6.987191e-01 -5.412817e-03 6.933063e-01
2.424242e-01 1.313131e-01 -6.916969e-01 -5.417973e-03 6.862789e-01
2.525253e-01 1.313131e-01 -6.847452e-01 -5.422026e-03 6.793232e-01
2.626263e-01 1.313131e-01 -6.778634e-01 -5.426437e-03 6.724370e-01
2.727273e-01 1.313131e-01 -6.710508e-01 -5.430371e-03 6.656204e-01
2.828283e-01 1.313131e-01 -6.643066e-01 -5.434364e-03 6.588723e-01
2.929293e-01 1.313131e-01 -6.576302e-01 -5.438894e-03 6.521913e-01
3.030303e-01 1.313131e-01 -6.510209e-01 -5.442768e-03 6.455782e-01
3.131313e-01 1.313131e-01 -6.444781e-01 -5.447060e-03 6.390310e-01
3.232323e-01 1.313131e-01 -6.380009e-01 -5.450815e-03 6.325501e-01
3.333333e-01 1.313131e-01 -6.315889e-01 -5.454898e-03 6.261340e-01
3.434343e-01 1.313131e-01 -6.252414e-01 -5.459160e-03 6.197822e-01
3.535354e-01 1.313131e-01 -6.189576e-01 -5.463034e-03 6.134945e-01
3.636364e-01 1.313131e-01 -6.127370e-01 -5.466998e-03 6.072700e-01
3.737374e-01 1.313131e-01 -6.065788e-01 -5.471021e-03 6.011078e-01
3.838384e-01 1.313131e-01 -6.004826e-01 -5.475283e-03 5.950073e-01
3.939394e-01 1.313131e-01 -5.944477e-01 -5.478919e-03 5.889688e-01
4.040404e-01 1.313131e-01 -5.884734e-01 -5.482823e-03 5.829906e-01
4.141414e-01 1.313131e-01 -5.825591e-01 -5.486190e-03 5.770729e-01
4.242424e-01 1.313131e-01 -5.767043e-01 -5.490124e-03 5.712142e-01
4.343434e-01 1.313131e-01 -5.709083e-01 -5.494028e-03 5.654143e-01
4.444444e-01 1.313131e-01 -5.651706e-01 -5.497903e-03 5.596727e-01
4.545455e-01 1.313131e-01 -5.594906e-01 -5.501419e-03 5.539891e-01
4.646465e-01 1.313131e-01 -5.538676e-01 -5.505323e-03 5.483623e-01
4.747475e-01 1.313131e-01 -5.483011e-01 -5.509347e-03 5.427918e-01
4.848485e-01 1.313131e-01 -5.427906e-01 -5.512685e-03 5.372779e-01
4.949495e-01 1.313131e-01 -5.373355e-01 -5.516022e-03 5.318194e-01
5.050505e-01 1.313131e-01 -5.319352e-01 -5.519658e-03 5.264155e-01
5.151515e-01 1.313131e-01 -5.265891e-01 -5.523205e-03 5.210659e-01
5.252525e-01 1.313131e-01 -5.212968e-01 -5.526721e-03 5.157701e-01
5.353535e-01 1.313131e-01 -5.160577e-01 -5.530089e-03 5.105276e-01
5.454545e-01 1.313131e-01 -5.108712e-01 -5.533367e-03 5.053379e-01
5.555556e-01 1.313131e-01 -5.057369e-01 -5.536854e-03 5.002000e-01
5.656566e-01 1.313131e-01 -5.006541e-01 -5.540758e-03 4.951134e-01
5.757576e-01 1.313131e-01 -4.956225e-01 -5.543470e-03 4.900790e-01
5.858586e-01 1.313131e-01 -4.906414e-01 -5.546838e-03 4.850946e-01
5.959596e-01 1.313131e-01 -4.857104e-01 -5.550444e-03 4.801599e-01
6.060606e-01 1.313131e-01 -4.808289e-01 -5.553961e-03 4.752749e-01
6.161616e-01 1.313131e-01 -4.759965e-01 -5.557150e-03 4.704393e-01
6.262626e-01 1.313131e-01 -4.712126e-01 -5.560309e-03 4.656523e-01
6.363636e-01 1.313131e-01 -4.664769e-01 -5.563527e-03 4.609134e-01
6.464646e-01 1.313131e-01 -4.617887e-01 -5.566686e-03 4.562220e-01
6.565657e-01 1.313131e-01 -4.571477e-01 -5.569965e-03 4.515777e-01
6.666667e-01 1.313131e-01 -4.525532e-01 -5.572677e-03 4.469806e-01
6.767677e-01 1.313131e-01 -4.480050e-01 -5.575538e-03 4.424295e-01
6.868687e-01 1.313131e-01 -4.435025e-01 -5.578339e-03 4.379241e-01
6.969697e-01 1.313131e-01 -4.390452e-01 -5.581141e-03 4.334641e-01
7.070707e-01 1.313131e-01 -4.346327e-01 -5.584955e-03 4.290478e-01
7.171717e-01 1.313131e-01 -4.302646e-01 -5.587667e-03 4.246769e-01
7.272727e-01 1.313131e-01 -4.259404e-01 -5.590498e-03 4.203499e-01
7.373737e-01 1.313131e-01 -4.216596e-01 -5.593061e-03 4.160665e-01
7.474747e-01 1.313131e-01 -4.174219e-01 -5.595773e-03 4.118261e-01
7.575758e-01 1.313131e-01 -4.132267e-01 -5.598962e-03 4.076277e-01
7.676768e-01 1.313131e-01 -4.090737e-01 -5.601555e-03 4.034721e-01
7.777778e-01 1.313131e-01 -4.049624e-01 -5.604893e-03 3.993575e-01
7.878788e-01 1.313131e-01 -4.008925e-01 -5.606622e-03 3.952859e-01
7.979798e-01 1.313131e-01 -3.968635e-01 -5.609304e-03 3.912542e-01
8.080808e-01 1.313131e-01 -3.928749e-01 -5.612552e-03 3.872624e-01
8.181818e-01 1.313131e-01 -3.889265e-01 -5.614460e-03 3.833120e-01
8.282828e-01 1.313131e-01 -3.850177e-01 -5.617231e-03 3.794005e-01
8.383838e-01 1.313131e-01 -3.811482e-01 -5.619615e-03 3.755286e-01
8.484848e-01 1.313131e-01 -3.773176e-01 -5.622476e-03 3.716951e-01
8.585859e-01 1.313131e-01 -3.735255e-01 -5.624950e-03 3.679005e-01
8.686869e-01 1.313131e-01 -3.697715e-01 -5.628020e-03 3.641435e-01
8.787879e-01 1.313131e-01 -3.660552e-01 -5.630344e-03 3.604249e-01
8.888889e-01 1.313131e-01 -3.623763e-01 -5.632788e-03 3.567435e-01
8.989899e-01 1.313131e-01 -3.587344e-01 -5.634904e-03 3.530995e-01
9.090909e-01 1.313131e-01 -3.551290e-01 -5.637497e-03 3.494915e-01
9.191919e-01 1.313131e-01 -3.515599e-01 -5.639106e-03 3.459208e-01
9.292929e-01 1.313131e-01 -3.480267e-01 -5.641729e-03 3.423850e-01
9.393939e-01 1.313131e-01 -3.445290e-01 -5.643636e-03 3.388853e-01
9.494949e-01 1.313131e-01 -3.410664e-01 -5.646080e-03 3.354203e-01
9.595960e-01 1.313131e-01 -3.376386e-01 -5.648226e-03 3.319904e-01
9.696970e-01 1.313131e-01 -3.342453e-01 -5.650878e-03 3.285944e-01
9.797980e-01 1.313131e-01 -3.308861e-01 -5.652905e-03 3.252332e-01
9.898990e-01 1.313131e-01 -3.275606e-01 -5.655378e-03 3.219052e-01
1.000000e+00 1.313131e-01 -3.242686e-01 -5.656719e-03 3.186119e-01
0.000000e+00 1.414141e-01 7.957618e-01 -5.320221e-03 8.010821e-01
1.010101e-02 1.414141e-01 7.877643e-01 -5.324692e-03 7.930890e-01
2.020202e-02 1.414141e-01 7.798471e-01 -5.329758e-03 7.851769e-01
3.030303e-02 1.414141e-01 7.720095e-01 -5.334884e-03 7.773444e-01
4.040404e-02 1.414141e-01 7.642507e-01 -5.338877e-03 7.695896e-01
5.050505e-02 1.414141e-01 7.565699e-01 -5.344599e-03 7.619145e-01
6.060606e-02 1.414141e-01 7.489662e-01 -5.348712e-03 7.543149e-01
7.070707e-02 1.414141e-01 7.414390e-01 -5.353659e-03 7.467926e-01
8.080808e-02 1.414141e-01 7.339874e-01 -5.358428e-03 7.393458e-01
9.090909e-02 1.414141e-01 7.266107e-01 -5.363107e-03 7.319738e-01
1.010101e-01 1.414141e-01 7.193081e-01 -5.367756e-03 7.246759e-01
1.111111e-01 1.414141e-01 7.120790e-01 -5.372494e-03 7.174515e-01
1.212121e-01 1.414141e-01 7.049225e-01 -5.377293e-03 7.102998e-01
1.313131e-01 1.414141e-01 6.978379e-01 -5.381227e-03 7.032191e-01
1.414141e-01 1.414141e-01 6.908245e-01 -5.386174e-03 6.962107e-01
1.515152e-01 1.414141e-01 6.838816e-01 -5.390495e-03 6.892721e-01
1.616162e-01 1.414141e-01 6.770085e-01 -5.394936e-03 6.824034e-01
1.717172e-01 1.414141e-01 6.702044e-01 -5.399555e-03 6.756040e-01
1.818182e-01 1.414141e-01 6.634688e-01 -5.403996e-03 6.688728e-01
1.919192e-01 1.414141e-01 6.568008e-01 -5.408019e-03 6.622088e-01
2.020202e-01 1.414141e-01 6.501998e-01 -5.413026e-03 6.556129e-01
2.121212e-01 1.414141e-01 6.436652e-01 -5.416781e-03 6.490820e-01
2.222222e-01 1.414141e-01 6.371963e-01 -5.421132e-03 6.426174e-01
2.323232e-01 1.414141e-01 6.307923e-01 -5.425543e-03 6.362179e-01
2.424242e-01 1.414141e-01 6.244528e-01 -5.429596e-03 6.298824e-01
2.525253e-01 1.414141e-01 6.181769e-01 -5.434304e-03 6.236112e-01
2.626263e-01 1.414141e-01 6.119641e-01 -5.438119e-03 6.174023e-01
2.727273e-01 1.414141e-01 6.058138e-01 -5.442351e-03 6.112561e-01
2.828283e-01 1.414141e-01 5.997253e-01 -5.446583e-03 6.051719e-01
2.929293e-01 1.414141e-01 5.936979e-01 -5.450279e-03 5.991482e-01
3.030303e-01 1.414141e-01 5.877312e-01 -5.454451e-03 5.931856e-01
3.131313e-01 1.414141e-01 5.818244e-01 -5.458891e-03 5.872833e-01
3.232323e-01 1.414141e-01 5.759769e-01 -5.462885e-03 5.814398e-01
3.333333e-01 1.414141e-01 5.701883e-01 -5.466610e-03 5.756549e-01
3.434343e-01 1.414141e-01 5.644578e-01 -5.470663e-03 5.699285e-01
3.535354e-01 1.414141e-01 5.587849e-01 -5.474567e-03 5.642595e-01
3.636364e-01 1.414141e-01 5.531690e-01 -5.478829e-03 5.586478e-01
3.737374e-01 1.414141e-01 5.476096e-01 -5.482703e-03 5.530923e-01
3.838384e-01 1.414141e-01 5.421060e-01 -5.486429e-03 5.475924e-01
3.939394e-01 1.414141e-01 5.366577e-01 -5.489558e-03 5.421473e-01
4.040404e-01 1.414141e-01 5.312642e-01 -5.493820e-03 5.367581e-01
4.141414e-01 1.414141e-01 5.259250e-01 -5.497128e-03 5.314221e-01
4.242424e-01 1.414141e-01 5.206393e-01 -5.501300e-03 5.261406e-01
4.343434e-01 1.414141e-01 5.154068e-01 -5.505025e-03 5.209118e-01
4.444444e-01 1.414141e-01 5.102269e-01 -5.508393e-03 5.157353e-01
4.545455e-01 1.414141e-01 5.050990e-01 -5.512178e-03 5.106112e-01
4.646465e-01 1.414141e-01 5.000227e-01 -5.515963e-03 5.055387e-01
4.747475e-01 1.414141e-01 4.949974e-01 -5.519956e-03 5.005173e-01
4.848485e-01 1.414141e-01 4.900226e-01 -5.522817e-03 4.955454e-01
4.949495e-01 1.414141e-01 4.850978e-01 -5.527109e-03 4.906249e-01
5.050505e-01 1.414141e-01 4.802225e-01 -5.530298e-03 4.857528e-01
5.151515e-01 1.414141e-01 4.753961e-01 -5.533278e-03 4.809294e-01
5.252525e-01 1.414141e-01 4.706183e-01 -5.537301e-03 4.761556e-01
5.353535e-01 1.414141e-01 4.658885e-01 -5.540520e-03 4.714291e-01
5.454545e-01 1.414141e-01 4.612063e-01 -5.544037e-03 4.667503e-01
5.555556e-01 1.414141e-01 4.565711e-01 -5.546659e-03 4.621177e-01
5.656566e-01 1.414141e-01 4.519825e-01 -5.550414e-03 4.575329e-01
5.757576e-01 1.414141e-01 4.474400e-01 -5.553931e-03 4.529939e-01
5.858586e-01 1.414141e-01 4.429431e-01 -5.556911e-03 4.485000e-01
5.959596e-01 1.414141e-01 4.384915e-01 -5.560100e-03 4.440516e-01
6.060606e-01 1.414141e-01 4.340846e-01 -5.563468e-03 4.396480e-01
6.161616e-01 1.414141e-01 4.297219e-01 -5.566388e-03 4.352883e-01
6.262626e-01 1.414141e-01 4.254032e-01 -5.570084e-03 4.309732e-01
6.363636e-01 1.414141e-01 4.211278e-01 -5.573064e-03 4.267008e-01
6.464646e-01 1.414141e-01 4.168954e-01 -5.576640e-03 4.224720e-01
6.565657e-01 1.414141e-01 4.127055e-01 -5.579472e-03 4.182850e-01
6.666667e-01 1.414141e-01 4.085578e-01 -5.582035e-03 4.141398e-01
6.767677e-01 1.414141e-01 4.044517e-01 -5.584806e-03 4.100365e-01
6.868687e-01 1.414141e-01 4.003869e-01 -5.588084e-03 4.059750e-01
6.969697e-01 1.414141e-01 3.963629e-01 -5.590826e-03 4.019537e-01
7.070707e-01 1.414141e-01 3.923794e-01 -5.593807e-03 3.979732e-01
7.171717e-01 1.414141e-01 3.884359e-01 -5.596161e-03 3.940321e-01
7.272727e-01 1.414141e-01 3.845321e-01 -5.599320e-03 3.901314e-01
7.373737e-01 1.414141e-01 3.806675e-01 -5.602479e-03 3.862699e-01
7.474747e-01 1.414141e-01 3.768417e-01 -5.605012e-03 3.824467e-01
7.575758e-01 1.414141e-01 3.730544e-01 -5.607098e-03 3.786615e-01
7.676768e-01 1.414141e-01 3.693051e-01 -5.610079e-03 3.749152e-01
7.777778e-01 1.414141e-01 3.655935e-01 -5.612284e-03 3.712058e-01
7.878788e-01 1.414141e-01 3.619193e-01 -5.615801e-03 3.675351e-01
7.979798e-01 1.414141e-01 3.582819e-01 -5.618542e-03 3.639005e-01
8.080808e-01 1.414141e-01 3.546811e-01 -5.620867e-03 3.603020e-01
8.181818e-01 1.414141e-01 3.511165e-01 -5.623460e-03 3.567400e-01
8.282828e-01 1.414141e-01 3.475877e-01 -5.626082e-03 3.532138e-01
8.383838e-01 1.414141e-01 3.440944e-01 -5.628288e-03 3.497227e-01
8.484848e-01 1.414141e-01 3.406362e-01 -5.630791e-03 3.462670e-01
8.585859e-01 1.414141e-01 3.372128e-01 -5.633026e-03 3.428458e-01
8.686869e-01 1.414141e-01 3.338237e-01 -5.635738e-03 3.394595e-01
8.787879e-01 1.414141e-01 3.304687e-01 -5.637825e-03 3.361066e-01
8.888889e-01 1.414141e-01 3.271475e-01 -5.640954e-03 3.327884e-01
8.989899e-01 1.414141e-01 3.238596e-01 -5.642951e-03 3.295025e-01
9.090909e-01 1.414141e-01 3.206047e-01 -5.645066e-03 3.262498e-01
9.191919e-01 1.414141e-01 3.173826e-01 -5.647302e-03 3.230299e-01
9.292929e-01 1.414141e-01 3.141929e-01 -5.649239e-03 3.198421e-01
9.393939e-01 1.414141e-01 3.110352e-01 -5.651623e-03 3.166868e-01
9.494949e-01 1.414141e-01 3.079092e-01 -5.653828e-03 3.135630e-01
9.595960e-01 1.414141e-01 3.048147e-01 -5.655676e-03 3.104704e-01
9.696970e-01 1.414141e-01 3.017512e-01 -5.657583e-03 3.074088e-01
9.797980e-01 1.414141e-01 2.987186e-01 -5.659491e-03 3.043781e-01
9.898990e-01 1.414141e-01 2.957164e-01 -5.661458e-03 3.013779e-01
1.000000e+00 1.414141e-01 2.927444e-01 -5.663961e-03 2.984084e-01
0.000000e+00 1.515152e-01 -6.900790e-01 -5.333632e-03 6.847454e-01
1.010101e-02 1.515152e-01 -6.831436e-01 -5.337566e-03 6.778060e-01
2.020202e-02 1.515152e-01 -6.762779e-01 -5.342871e-03 6.709350e-01
3.030303e-02 1.515152e-01 -6.694812e-01 -5.347967e-03 6.641332e-01
4.040404e-02 1.515152e-01 -6.627528e-01 -5.353183e-03 6.573996e-01
5.050505e-02 1.515152e-01 -6.560920e-01 -5.357146e-03 6.507349e-01
6.060606e-02 1.515152e-01 -6.494982e-01 -5.362183e-03 6.441360e-01
7.070707e-02 1.515152e-01 -6.429706e-01 -5.366713e-03 6.376039e-01
8.080808e-02 1.515152e-01 -6.365087e-01 -5.371064e-03 6.311376e-01
9.090909e-02 1.515152e-01 -6.301116e-01 -5.376160e-03 6.247355e-01
1.010101e-01 1.515152e-01 -6.237789e-01 -5.380780e-03 6.183981e-01
1.111111e-01 1.515152e-01 -6.175098e-01 -5.385309e-03 6.121245e-01
1.212121e-01 1.515152e-01 -6.113038e-01 -5.389184e-03 6.059146e-01
1.313131e-01 1.515152e-01 -6.051601e-01 -5.393475e-03 5.997666e-01
1.414141e-01 1.515152e-01 -5.990781e-01 -5.398124e-03 5.936800e-01
1.515152e-01 1.515152e-01 -5.930573e-01 -5.402774e-03 5.876545e-01
1.616162e-01 1.515152e-01 -5.870969e-01 -5.407631e-03 5.816893e-01
1.717172e-01 1.515152e-01 -5.811965e-01 -5.412072e-03 5.757844e-01
1.818182e-01 1.515152e-01 -5.753554e-01 -5.416542e-03 5.699388e-01
1.919192e-01 1.515152e-01 -5.695730e-01 -5.420387e-03 5.641526e-01
2.020202e-01 1.515152e-01 -5.638487e-01 -5.424589e-03 5.584241e-01
2.121212e-01 1.515152e-01 -5.581819e-01 -5.429476e-03 5.527524e-01
2.222222e-01 1.515152e-01 -5.525721e-01 -5.433172e-03 5.471389e-01
2.323232e-01 1.515152e-01 -5.470186e-01 -5.437493e-03 5.415811e-01
2.424242e-01 1.515152e-01 -5.415210e-01 -5.441725e-03 5.360793e-01
2.525253e-01 1.515152e-01 -5.360786e-01 -5.446106e-03 5.306325e-01
2.626263e-01 1.515152e-01 -5.306910e-01 -5.450219e-03 5.252407e-01
2.727273e-01 1.515152e-01 -5.253574e-01 -5.454272e-03 5.199031e-01
2.828283e-01 1.515152e-01 -5.200775e-01 -5.457848e-03 5.146196e-01
2.929293e-01 1.515152e-01 -5.148506e-01 -5.462080e-03 5.093885e-01
3.030303e-01 1.515152e-01 -5.096763e-01 -5.466074e-03 5.042102e-01
3.131313e-01 1.515152e-01 -5.045540e-01 -5.469829e-03 4.990841e-01
3.232323e-01 1.515152e-01 -4.994831e-01 -5.474091e-03 4.940090e-01
3.333333e-01 1.515152e-01 -4.944632e-01 -5.478054e-03 4.889852e-01
3.434343e-01 1.515152e-01 -4.894938e-01 -5.481690e-03 4.840121e-01
3.535354e-01 1.515152e-01 -4.845743e-01 -5.485564e-03 4.790887e-01
3.636364e-01 1.515152e-01 -4.797042e-01 -5.489707e-03 4.742145e-01
3.737374e-01 1.515152e-01 -4.748831e-01 -5.494028e-03 4.693891e-01
3.838384e-01 1.515152e-01 -4.701105e-01 -5.497158e-03 4.646133e-01
3.939394e-01 1.515152e-01 -4.653858e-01 -5.500823e-03 4.598850e-01
4.040404e-01 1.515152e-01 -4.607086e-01 -5.504280e-03 4.552043e-01
4.141414e-01 1.515152e-01 -4.560784e-01 -5.508363e-03 4.505700e-01
4.242424e-01 1.515152e-01 -4.514947e-01 -5.512476e-03 4.459822e-01
4.343434e-01 1.515152e-01 -4.469571e-01 -5.515486e-03 4.414416e-01
4.444444e-01 1.515152e-01 -4.424651e-01 -5.519301e-03 4.369458e-01
4.545455e-01 1.515152e-01 -4.380183e-01 -5.522877e-03 4.324954e-01
4.646465e-01 1.515152e-01 -4.336161e-01 -5.526692e-03 4.280894e-01
4.747475e-01 1.515152e-01 -4.292582e-01 -5.530000e-03 4.237282e-01
4.848485e-01 1.515152e-01 -4.249441e-01 -5.533516e-03 4.194106e-01
4.949495e-01 1.515152e-01 -4.206733e-01 -5.537003e-03 4.151363e-01
5.050505e-01 1.515152e-01 -4.164455e-01 -5.540729e-03 4.109048e-01
5.151515e-01 1.515152e-01 -4.122602e-01 -5.543917e-03 4.067162e-01
5.252525e-01 1.515152e-01 -4.081169e-01 -5.546838e-03 4.025700e-01
5.353535e-01 1.515152e-01 -4.040152e-01 -5.550444e-03 3.984648e-01
5.454545e-01 1.515152e-01 -3.999548e-01 -5.553454e-03 3.944014e-01
5.555556e-01 1.515152e-01 -3.959352e-01 -5.556852e-03 3.903783e-01
5.656566e-01 1.515152e-01 -3.919560e-01 -5.560011e-03 3.863960e-01
5.757576e-01 1.515152e-01 -3.880168e-01 -5.562991e-03 3.824538e-01
5.858586e-01 1.515152e-01 -3.841171e-01 -5.567044e-03 3.785501e-01
5.959596e-01 1.515152e-01 -3.802567e-01 -5.569875e-03 3.746868e-01
6.060606e-01 1.515152e-01 -3.764350e-01 -5.572289e-03 3.708628e-01
6.161616e-01 1.515152e-01 -3.726518e-01 -5.575985e-03 3.670758e-01
6.262626e-01 1.515152e-01 -3.689066e-01 -5.579501e-03 3.633271e-01
6.363636e-01 1.515152e-01 -3.651990e-01 -5.582184e-03 3.596168e-01
6.464646e-01 1.515152e-01 -3.615287e-01 -5.585283e-03 3.559434e-01
6.565657e-01 1.515152e-01 -3.578953e-01 -5.588263e-03 3.523070e-01
6.666667e-01 1.515152e-01 -3.542984e-01 -5.590767e-03 3.487076e-01
6.767677e-01 1.515152e-01 -3.507376e-01 -5.593807e-03 3.451438e-01
6.868687e-01 1.515152e-01 -3.472126e-01 -5.596846e-03 3.416158e-01
6.969697e-01 1.515152e-01 -3.437231e-01 -5.599827e-03 3.381233e-01
7.070707e-01 1.515152e-01 -3.402686e-01 -5.602568e-03 3.346661e-01
7.171717e-01 1.515152e-01 -3.368489e-01 -5.605668e-03 3.312432e-01
7.272727e-01 1.515152e-01 -3.334635e-01 -5.608052e-03 3.278554e-01
7.373737e-01 1.515152e-01 -3.301121e-01 -5.610257e-03 3.245019e-01
7.474747e-01 1.515152e-01 -3.267944e-01 -5.613178e-03 3.211813e-01
7.575758e-01 1.515152e-01 -3.235101e-01 -5.615920e-03 3.178942e-01
7.676768e-01 1.515152e-01 -3.202588e-01 -5.618215e-03 3.146406e-01
7.777778e-01 1.515152e-01 -3.170401e-01 -5.621314e-03 3.114188e-01
7.878788e-01 1.515152e-01 -3.138538e-01 -5.623907e-03 3.082299e-01
7.979798e-01 1.515152e-01 -3.106995e-01 -5.626589e-03 3.050729e-01
8.080808e-01 1.515152e-01 -3.075769e-01 -5.628854e-03 3.019481e-01
8.181818e-01 1.515152e-01 -3.044857e-01 -5.631357e-03 2.988544e-01
8.282828e-01 1.515152e-01 -3.014256e-01 -5.633742e-03 2.957919e-01
8.383838e-01 1.515152e-01 -2.983962e-01 -5.636215e-03 2.927600e-01
8.484848e-01 1.515152e-01 -2.953973e-01 -5.639136e-03 2.897582e-01
8.585859e-01 1.515152e-01 -2.924285e-01 -5.640864e-03 2.867877e-01
8.686869e-01 1.515152e-01 -2.894896e-01 -5.643398e-03 2.838462e-01
8.787879e-01 1.515152e-01 -2.865801e-01 -5.645961e-03 2.809342e-01
8.888889e-01 1.515152e-01 -2.837000e-01 -5.648017e-03 2.780519e-01
8.989899e-01 1.515152e-01 -2.808487e-01 -5.649835e-03 2.751989e-01
9.090909e-01 1.515152e-01 -2.780262e-01 -5.653113e-03 2.723730e-01
9.191919e-01 1.515152e-01 -2.752319e-01 -5.654961e-03 2.695770e-01
9.292929e-01 1.515152e-01 -2.724658e-01 -5.656570e-03 2.668092e-01
9.393939e-01 1.515152e-01 -2.697275e-01 -5.658865e-03 2.640686e-01
9.494949e-01 1.515152e-01 -2.670167e-01 -5.661011e-03 2.613557e-01
9.595960e-01 1.515152e-01 -2.643331e-01 -5.662650e-03 2.586705e-01
9.696970e-01 1.515152e-01 -2.616765e-01 -5.664617e-03 2.560119e-01
9.797980e-01 1.515152e-01 -2.590466e-01 -5.667210e-03 2.533794e-01
9.898990e-01 1.515152e-01 -2.564432e-01 -5.669028e-03 2.507742e-01
1.000000e+00 1.515152e-01 -2.538659e-01 -5.671173e-03 2.481947e-01
0.000000e+00 1.616162e-01 5.670599e-01 -5.347252e-03 5.724071e-01
1.010101e-02 1.616162e-01 5.613608e-01 -5.352050e-03 5.667129e-01
2.020202e-02 1.616162e-01 5.557190e-01 -5.356580e-03 5.610756e-01
3.030303e-02 1.616162e-01 5.501340e-01 -5.361646e-03 5.554956e-01
4.040404e-02 1.616162e-01 5.446050e-01 -5.365998e-03 5.499710e-01
5.050505e-02 1.616162e-01 5.391317e-01 -5.370885e-03 5.445026e-01
6.060606e-02 1.616162e-01 5.337133e-01 -5.375236e-03 5.390885e-01
7.070707e-02 1.616162e-01 5.283494e-01 -5.379856e-03 5.337293e-01
8.080808e-02 1.616162e-01 5.230394e-01 -5.385101e-03 5.284245e-01
9.090909e-02 1.616162e-01 5.177828e-01 -5.388647e-03 5.231714e-01
1.010101e-01 1.616162e-01 5.125790e-01 -5.393714e-03 5.179727e-01
1.111111e-01 1.616162e-01 5.074275e-01 -5.397469e-03 5.128249e-01
1.212121e-01 1.616162e-01 5.023277e-01 -5.402595e-03 5.077303e-01
1.313131e-01 1.616162e-01 4.972793e-01 -5.406886e-03 5.026861e-01
1.414141e-01 1.616162e-01 4.922815e-01 -5.411059e-03 4.976926e-01
1.515152e-01 1.616162e-01 4.873340e-01 -5.416244e-03 4.927502e-01
1.616162e-01 1.616162e-01 4.824362e-01 -5.420446e-03 4.878567e-01
1.717172e-01 1.616162e-01 4.775877e-01 -5.425006e-03 4.830127e-01
1.818182e-01 1.616162e-01 4.727878e-01 -5.428582e-03 4.782164e-01
1.919192e-01 1.616162e-01 4.680362e-01 -5.432516e-03 4.734687e-01
2.020202e-01 1.616162e-01 4.633324e-01 -5.437523e-03 4.687699e-01
2.121212e-01 1.616162e-01 4.586758e-01 -5.441695e-03 4.641175e-01
2.222222e-01 1.616162e-01 4.540660e-01 -5.445629e-03 4.595117e-01
2.323232e-01 1.616162e-01 4.495026e-01 -5.449146e-03 4.549517e-01
2.424242e-01 1.616162e-01 4.449850e-01 -5.453736e-03 4.504388e-01
2.525253e-01 1.616162e-01 4.405129e-01 -5.458325e-03 4.459712e-01
2.626263e-01 1.616162e-01 4.360856e-01 -5.462021e-03 4.415476e-01
2.727273e-01 1.616162e-01 4.317029e-01 -5.465686e-03 4.371686e-01
2.828283e-01 1.616162e-01 4.273642e-01 -5.470037e-03 4.328342e-01
2.929293e-01 1.616162e-01 4.230691e-01 -5.474150e-03 4.285433e-01
3.030303e-01 1.616162e-01 4.188172e-01 -5.477548e-03 4.242948e-01
3.131313e-01 1.616162e-01 4.146080e-01 -5.481660e-03 4.200897e-01
3.232323e-01 1.616162e-01 4.104411e-01 -5.485803e-03 4.159270e-01
3.333333e-01 1.616162e-01 4.063161e-01 -5.489349e-03 4.118055e-01
3.434343e-01 1.616162e-01 4.022326e-01 -5.493551e-03 4.077262e-01
3.535354e-01 1.616162e-01 3.981901e-01 -5.497247e-03 4.036873e-01
3.636364e-01 1.616162e-01 3.941882e-01 -5.501002e-03 3.996892e-01
3.737374e-01 1.616162e-01 3.902266e-01 -5.504578e-03 3.957311e-01
3.838384e-01 1.616162e-01 3.863047e-01 -5.508304e-03 3.918130e-01
3.939394e-01 1.616162e-01 3.824223e-01 -5.512148e-03 3.879344e-01
4.040404e-01 1.616162e-01 3.785789e-01 -5.515724e-03 3.840946e-01
4.141414e-01 1.616162e-01 3.747741e-01 -5.519658e-03 3.802938e-01
4.242424e-01 1.616162e-01 3.710076e-01 -5.522937e-03 3.765305e-01
4.343434e-01 1.616162e-01 3.672789e-01 -5.526572e-03 3.728055e-01
4.444444e-01 1.616162e-01 3.635877e-01 -5.530208e-03 3.691179e-01
4.545455e-01 1.616162e-01 3.599335e-01 -5.533189e-03 3.654667e-01
4.646465e-01 1.616162e-01 3.563162e-01 -5.537063e-03 3.618532e-01
4.747475e-01 1.616162e-01 3.527351e-01 -5.540937e-03 3.582761e-01
4.848485e-01 1.616162e-01 3.491901e-01 -5.543888e-03 3.547340e-01
4.949495e-01 1.616162e-01 3.456807e-01 -5.547285e-03 3.512279e-01
5.050505e-01 1.616162e-01 3.422065e-01 -5.550474e-03 3.477570e-01
5.151515e-01 1.616162e-01 3.387673e-01 -5.554110e-03 3.443214e-01
5.252525e-01 1.616162e-01 3.353626e-01 -5.556762e-03 3.409194e-01
5.353535e-01 1.616162e-01 3.319922e-01 -5.560219e-03 3.375524e-01
5.454545e-01 1.616162e-01 3.286556e-01 -5.563885e-03 3.342195e-01
5.555556e-01 1.616162e-01 3.253525e-01 -5.566865e-03 3.309194e-01
5.656566e-01 1.616162e-01 3.220827e-01 -5.569816e-03 3.276525e-01
5.757576e-01 1.616162e-01 3.188457e-01 -5.573273e-03 3.244190e-01
5.858586e-01 1.616162e-01 3.156413e-01 -5.575925e-03 3.212172e-01
5.959596e-01 1.616162e-01 3.124690e-01 -5.579799e-03 3.180488e-01
6.060606e-01 1.616162e-01 3.093286e-01 -5.582750e-03 3.149114e-01
6.161616e-01 1.616162e-01 3.062198e-01 -5.585760e-03 3.118056e-01
6.262626e-01 1.616162e-01 3.031423e-01 -5.588084e-03 3.087304e-01
6.363636e-01 1.616162e-01 3.000956e-01 -5.591184e-03 3.056868e-01
6.464646e-01 1.616162e-01 2.970796e-01 -5.594820e-03 3.026745e-01
6.565657e-01 1.616162e-01 2.940939e-01 -5.597264e-03 2.996912e-01
6.666667e-01 1.616162e-01 2.911382e-01 -5.600393e-03 2.967386e-01
6.767677e-01 1.616162e-01 2.882123e-01 -5.602986e-03 2.938152e-01
6.868687e-01 1.616162e-01 2.853157e-01 -5.605429e-03 2.909211e-01
6.969697e-01 1.616162e-01 2.824482e-01 -5.608469e-03 2.880567e-01
7.070707e-01 1.616162e-01 2.796096e-01 -5.610943e-03 2.852205e-01
7.171717e-01 1.616162e-01 2.767994e-01 -5.613655e-03 2.824131e-01
7.272727e-01 1.616162e-01 2.740175e-01 -5.616575e-03 2.796341e-01
7.373737e-01 1.616162e-01 2.712636e-01 -5.619347e-03 2.768830e-01
7.474747e-01 1.616162e-01 2.685374e-01 -5.622417e-03 2.741598e-01
7.575758e-01 1.616162e-01 2.658385e-01 -5.624443e-03 2.714630e-01
7.676768e-01 1.616162e-01 2.631668e-01 -5.627066e-03 2.687939e-01
7.777778e-01 1.616162e-01 2.605219e-01 -5.629450e-03 2.661514e-01
7.878788e-01 1.616162e-01 2.579037e-01 -5.632252e-03 2.635359e-01
7.979798e-01 1.616162e-01 2.553117e-01 -5.634934e-03 2.609466e-01
8.080808e-01 1.616162e-01 2.527458e-01 -5.637020e-03 2.583828e-01
8.181818e-01 1.616162e-01 2.502056e-01 -5.639434e-03 2.558451e-01
8.282828e-01 1.616162e-01 2.476910e-01 -5.641788e-03 2.533328e-01
8.383838e-01 1.616162e-01 2.452017e-01 -5.644232e-03 2.508459e-01
8.484848e-01 1.616162e-01 2.427374e-01 -5.646557e-03 2.483839e-01
8.585859e-01 1.616162e-01 2.402978e-01 -5.648702e-03 2.459465e-01
8.686869e-01 1.616162e-01 2.378828e-01 -5.651385e-03 2.435342e-01
8.787879e-01 1.616162e-01 2.354920e-01 -5.653471e-03 2.411455e-01
8.888889e-01 1.616162e-01 2.331253e-01 -5.655497e-03 2.387808e-01
8.989899e-01 1.616162e-01 2.307823e-01 -5.657583e-03 2.364399e-01
9.090909e-01 1.616162e-01 2.284629e-01 -5.659550e-03 2.341225e-01
9.191919e-01 1.616162e-01 2.261668e-01 -5.661696e-03 2.318285e-01
9.292929e-01 1.616162e-01 2.238938e-01 -5.663782e-03 2.295576e-01
9.393939e-01 1.616162e-01 2.216437e-01 -5.665988e-03 2.273096e-01
9.494949e-01 1.616162e-01 2.194161e-01 -5.668372e-03 2.250845e-01
9.595960e-01 1.616162e-01 2.172109e-01 -5.670071e-03 2.228810e-01
9.696970e-01 1.616162e-01 2.150279e-01 -5.671740e-03 2.206997e-01
9.797980e-01 1.616162e-01 2.128669e-01 -5.673975e-03 2.185408e-01
9.898990e-01 1.616162e-01 2.107275e-01 -5.676180e-03 2.164037e-01
1.000000e+00 1.616162e-01 2.086097e-01 -5.678117e-03 2.142878e-01
0.000000e+00 1.717172e-01 -4.297949e-01 -5.361021e-03 4.244339e-01
1.010101e-02 1.717172e-01 -4.254754e-01 -5.365372e-03 4.201100e-01
2.020202e-02 1.717172e-01 -4.211993e-01 -5.370706e-03 4.158286e-01
3.030303e-02 1.717172e-01 -4.169662e-01 -5.375117e-03 4.115911e-01
4.040404e-02 1.717172e-01 -4.127756e-01 -5.379438e-03 4.073962e-01
5.050505e-02 1.717172e-01 -4.086271e-01 -5.383998e-03 4.032431e-01
6.060606e-02 1.717172e-01 -4.045204e-01 -5.388409e-03 3.991320e-01
7.070707e-02 1.717172e-01 -4.004549e-01 -5.392790e-03 3.950621e-01
8.080808e-02 1.717172e-01 -3.964302e-01 -5.397111e-03 3.910331e-01
9.090909e-02 1.717172e-01 -3.924460e-01 -5.402297e-03 3.870437e-01
1.010101e-01 1.717172e-01 -3.885019e-01 -5.406618e-03 3.830953e-01
1.111111e-01 1.717172e-01 -3.845974e-01 -5.411118e-03 3.791863e-01
1.212121e-01 1.717172e-01 -3.807321e-01 -5.415589e-03 3.753165e-01
1.313131e-01 1.717172e-01 -3.769057e-01 -5.419135e-03 3.714866e-01
1.414141e-01 1.717172e-01 -3.731177e-01 -5.423993e-03 3.676937e-01
1.515152e-01 1.717172e-01 -3.693678e-01 -5.428761e-03 3.639391e-01
1.616162e-01 1.717172e-01 -3.656556e-01 -5.432785e-03 3.602228e-01
1.717172e-01 1.717172e-01 -3.619807e-01 -5.436838e-03 3.565439e-01
1.818182e-01 1.717172e-01 -3.583428e-01 -5.440742e-03 3.529020e-01
1.919192e-01 1.717172e-01 -3.547414e-01 -5.445033e-03 3.492963e-01
2.020202e-01 1.717172e-01 -3.511761e-01 -5.449325e-03 3.457268e-01
2.121212e-01 1.717172e-01 -3.476468e-01 -5.453885e-03 3.421929e-01
2.222222e-01 1.717172e-01 -3.441529e-01 -5.457401e-03 3.386955e-01
2.323232e-01 1.717172e-01 -3.406941e-01 -5.461842e-03 3.352322e-01
2.424242e-01 1.717172e-01 -3.372700e-01 -5.465716e-03 3.318043e-01
2.525253e-01 1.717172e-01 -3.338804e-01 -5.469739e-03 3.284107e-01
2.626263e-01 1.717172e-01 -3.305249e-01 -5.473852e-03 3.250510e-01
2.727273e-01 1.717172e-01 -3.272030e-01 -5.477637e-03 3.217254e-01
2.828283e-01 1.717172e-01 -3.239146e-01 -5.482405e-03 3.184322e-01
2.929293e-01 1.717172e-01 -3.206592e-01 -5.485624e-03 3.151736e-01
3.030303e-01 1.717172e-01 -3.174365e-01 -5.489320e-03 3.119472e-01
3.131313e-01 1.717172e-01 -3.142462e-01 -5.492955e-03 3.087533e-01
3.232323e-01 1.717172e-01 -3.110880e-01 -5.497515e-03 3.055905e-01
3.333333e-01 1.717172e-01 -3.079615e-01 -5.501211e-03 3.024603e-01
3.434343e-01 1.717172e-01 -3.048664e-01 -5.504698e-03 2.993617e-01
3.535354e-01 1.717172e-01 -3.018025e-01 -5.508989e-03 2.962935e-01
3.636364e-01 1.717172e-01 -2.987693e-01 -5.512208e-03 2.932571e-01
3.737374e-01 1.717172e-01 -2.957666e-01 -5.515814e-03 2.902508e-01
3.838384e-01 1.717172e-01 -2.927941e-01 -5.519599e-03 2.872745e-01
3.939394e-01 1.717172e-01 -2.898515e-01 -5.523294e-03 2.843282e-01
4.040404e-01 1.717172e-01 -2.869385e-01 -5.526751e-03 2.814117e-01
4.141414e-01 1.717172e-01 -2.840547e-01 -5.530506e-03 2.785242e-01
4.242424e-01 1.717172e-01 -2.811999e-01 -5.533725e-03 2.756662e-01
4.343434e-01 1.717172e-01 -2.783738e-01 -5.537599e-03 2.728362e-01
4.444444e-01 1.717172e-01 -2.755761e-01 -5.540848e-03 2.700352e-01
4.545455e-01 1.717172e-01 -2.728065e-01 -5.544037e-03 2.672624e-01
4.646465e-01 1.717172e-01 -2.700647e-01 -5.547553e-03 2.645172e-01
4.747475e-01 1.717172e-01 -2.673505e-01 -5.551070e-03 2.617995e-01
4.848485e-01 1.717172e-01 -2.646636e-01 -5.554259e-03 2.591094e-01
4.949495e-01 1.717172e-01 -2.620037e-01 -5.557805e-03 2.564459e-01
5.050505e-01 1.717172e-01 -2.593705e-01 -5.560607e-03 2.538099e-01
5.151515e-01 1.717172e-01 -2.567638e-01 -5.564392e-03 2.511994e-01
5.252525e-01 1.717172e-01 -2.541833e-01 -5.567372e-03 2.486159e-01
5.353535e-01 1.717172e-01 -2.516287e-01 -5.570441e-03 2.460583e-01
5.454545e-01 1.717172e-01 -2.490998e-01 -5.573660e-03 2.435261e-01
5.555556e-01 1.717172e-01 -2.465963e-01 -5.576968e-03 2.410193e-01
5.656566e-01 1.717172e-01 -2.441180e-01 -5.579859e-03 2.385381e-01
5.757576e-01 1.717172e-01 -2.416645e-01 -5.583018e-03 2.360815e-01
5.858586e-01 1.717172e-01 -2.392358e-01 -5.585819e-03 2.336500e-01
5.959596e-01 1.717172e-01 -2.368314e-01 -5.589426e-03 2.312420e-01
6.060606e-01 1.717172e-01 -2.344512e-01 -5.592287e-03 2.288589e-01
6.161616e-01 1.717172e-01 -2.320949e-01 -5.594999e-03 2.264999e-01
6.262626e-01 1.717172e-01 -2.297624e-01 -5.598366e-03 2.241640e-01
6.363636e-01 1.717172e-01 -2.274532e-01 -5.600482e-03 2.218527e-01
6.464646e-01 1.717172e-01 -2.251673e-01 -5.603343e-03 2.195639e-01
6.565657e-01 1.717172e-01 -2.229043e-01 -5.606592e-03 2.172977e-01
6.666667e-01 1.717172e-01 -2.206641e-01 -5.609155e-03 2.150549e-01
6.767677e-01 1.717172e-01 -2.184464e-01 -5.611867e-03 2.128345e-01
6.868687e-01 1.717172e-01 -2.162509e-01 -5.614728e-03 2.106362e-01
6.969697e-01 1.717172e-01 -2.140776e-01 -5.617291e-03 2.084603e-01
7.070707e-01 1.717172e-01 -2.119261e-01 -5.620033e-03 2.063060e-01
7.171717e-01 1.717172e-01 -2.097962e-01 -5.623043e-03 2.041731e-01
7.272727e-01 1.717172e-01 -2.076877e-01 -5.625725e-03 2.020620e-01
7.373737e-01 1.717172e-01 -2.056004e-01 -5.628020e-03 1.999724e-01
7.474747e-01 1.717172e-01 -2.035341e-01 -5.631000e-03 1.979031e-01
7.575758e-01 1.717172e-01 -2.014885e-01 -5.633056e-03 1.958555e-01
7.676768e-01 1.717172e-01 -1.994635e-01 -5.635440e-03 1.938281e-01
7.777778e-01 1.717172e-01 -1.974589e-01 -5.637795e-03 1.918211e-01
7.878788e-01 1.717172e-01 -1.954744e-01 -5.640596e-03 1.898338e-01
7.979798e-01 1.717172e-01 -1.935098e-01 -5.643070e-03 1.878668e-01
8.080808e-01 1.717172e-01 -1.915650e-01 -5.645007e-03 1.859200e-01
8.181818e-01 1.717172e-01 -1.896398e-01 -5.647272e-03 1.839925e-01
8.282828e-01 1.717172e-01 -1.877339e-01 -5.650014e-03 1.820838e-01
8.383838e-01 1.717172e-01 -1.858471e-01 -5.652040e-03 1.801951e-01
8.484848e-01 1.717172e-01 -1.839793e-01 -5.654156e-03 1.783252e-01
8.585859e-01 1.717172e-01 -1.821303e-01 -5.656868e-03 1.764734e-01
8.686869e-01 1.717172e-01 -1.802998e-01 -5.658895e-03 1.746410e-01
8.787879e-01 1.717172e-01 -1.784878e-01 -5.661368e-03 1.728264e-01
8.888889e-01 1.717172e-01 -1.766940e-01 -5.663425e-03 1.710305e-01
8.989899e-01 1.717172e-01 -1.749182e-01 -5.665213e-03 1.692530e-01
9.090909e-01 1.717172e-01 -1.731602e-01 -5.667418e-03 1.674928e-01
9.191919e-01 1.717172e-01 -1.714199e-01 -5.669475e-03 1.657504e-01
9.292929e-01 1.717172e-01 -1.696971e-01 -5.671203e-03 1.640259e-01
9.393939e-01 1.717172e-01 -1.679916e-01 -5.673498e-03 1.623181e-01
9.494949e-01 1.717172e-01 -1.663033e-01 -5.675375e-03 1.606279e-01
9.595960e-01 1.717172e-01 -1.646319e-01 -5.677253e-03 1.589547e-01
9.696970e-01 1.717172e-01 -1.629773e-01 -5.679518e-03 1.572978e-01
9.797980e-01 1.717172e-01 -1.613394e-01 -5.680919e-03 1.556585e-01
9.898990e-01 1.717172e-01 -1.597179e-01 -5.683213e-03 1.540347e-01
1.000000e+00 1.717172e-01 -1.581127e-01 -5.684793e-03 1.524279e-01
0.000000e+00 1.818182e-01 2.817326e-01 -5.374700e-03 2.871073e-01
1.010101e-02 1.818182e-01 2.789011e-01 -5.378991e-03 2.842801e-01
2.020202e-02 1.818182e-01 2.760981e-01 -5.383819e-03 2.814819e-01
3.030303e-02 1.818182e-01 2.733233e-01 -5.388469e-03 2.787117e-01
4.040404e-02 1.818182e-01 2.705763e-01 -5.392879e-03 2.759692e-01
5.050505e-02 1.818182e-01 2.678570e-01 -5.397111e-03 2.732541e-01
6.060606e-02 1.818182e-01 2.651650e-01 -5.401820e-03 2.705668e-01
7.070707e-02 1.818182e-01 2.625000e-01 -5.406201e-03 2.679062e-01
8.080808e-02 1.818182e-01 2.598619e-01 -5.411297e-03 2.652732e-01
9.090909e-02 1.818182e-01 2.572502e-01 -5.415291e-03 2.626655e-01
1.010101e-01 1.818182e-01 2.546648e-01 -5.419582e-03 2.600844e-01
1.111111e-01 1.818182e-01 2.521054e-01 -5.423695e-03 2.575291e-01
1.212121e-01 1.818182e-01 2.495717e-01 -5.428106e-03 2.549998e-01
1.313131e-01 1.818182e-01 2.470634e-01 -5.432636e-03 2.524961e-01
1.414141e-01 1.818182e-01 2.445804e-01 -5.436867e-03 2.500173e-01
1.515152e-01 1.818182e-01 2.421223e-01 -5.440980e-03 2.475633e-01
1.616162e-01 1.818182e-01 2.396890e-01 -5.445153e-03 2.451341e-01
1.717172e-01 1.818182e-01 2.372800e-01 -5.449027e-03 2.427291e-01
1.818182e-01 1.818182e-01 2.348953e-01 -5.453497e-03 2.403488e-01
1.919192e-01 1.818182e-01 2.325346e-01 -5.457431e-03 2.379920e-01
2.020202e-01 1.818182e-01 2.301976e-01 -5.461723e-03 2.356593e-01
2.121212e-01 1.818182e-01 2.278841e-01 -5.465806e-03 2.333499e-01
2.222222e-01 1.818182e-01 2.255938e-01 -5.469680e-03 2.310635e-01
2.323232e-01 1.818182e-01 2.233265e-01 -5.473644e-03 2.288002e-01
2.424242e-01 1.818182e-01 2.210821e-01 -5.477190e-03 2.265593e-01
2.525253e-01 1.818182e-01 2.188602e-01 -5.481809e-03 2.243420e-01
2.626263e-01 1.818182e-01 2.166606e-01 -5.485445e-03 2.221460e-01
2.727273e-01 1.818182e-01 2.144831e-01 -5.489498e-03 2.199726e-01
2.828283e-01 1.818182e-01 2.123275e-01 -5.493581e-03 2.178211e-01
2.929293e-01 1.818182e-01 2.101936e-01 -5.498052e-03 2.156916e-01
3.030303e-01 1.818182e-01 2.080811e-01 -5.501002e-03 2.135821e-01
3.131313e-01 1.818182e-01 2.059899e-01 -5.505055e-03 2.114949e-01
3.232323e-01 1.818182e-01 2.039196e-01 -5.508691e-03 2.094283e-01
3.333333e-01 1.818182e-01 2.018702e-01 -5.512625e-03 2.073828e-01
3.434343e-01 1.818182e-01 1.998414e-01 -5.515546e-03 2.053569e-01
3.535354e-01 1.818182e-01 1.978329e-01 -5.519867e-03 2.033528e-01
3.636364e-01 1.818182e-01 1.958447e-01 -5.522996e-03 2.013677e-01
3.737374e-01 1.818182e-01 1.938764e-01 -5.527049e-03 1.994035e-01
3.838384e-01 1.818182e-01 1.919279e-01 -5.530655e-03 1.974586e-01
3.939394e-01 1.818182e-01 1.899990e-01 -5.533844e-03 1.955329e-01
4.040404e-01 1.818182e-01 1.880895e-01 -5.537242e-03 1.936267e-01
4.141414e-01 1.818182e-01 1.861992e-01 -5.541146e-03 1.917403e-01
4.242424e-01 1.818182e-01 1.843278e-01 -5.544543e-03 1.898724e-01
4.343434e-01 1.818182e-01 1.824753e-01 -5.547911e-03 1.880232e-01
4.444444e-01 1.818182e-01 1.806414e-01 -5.550891e-03 1.861923e-01
4.545455e-01 1.818182e-01 1.788259e-01 -5.554289e-03 1.843802e-01
4.646465e-01 1.818182e-01 1.770287e-01 -5.557925e-03 1.825866e-01
4.747475e-01 1.818182e-01 1.752495e-01 -5.561113e-03 1.808106e-01
4.848485e-01 1.818182e-01 1.734882e-01 -5.564630e-03 1.790529e-01
4.949495e-01 1.818182e-01 1.717446e-01 -5.567431e-03 1.773121e-01
5.050505e-01 1.818182e-01 1.700186e-01 -5.570769e-03 1.755894e-01
5.151515e-01 1.818182e-01 1.683099e-01 -5.574226e-03 1.738841e-01
5.252525e-01 1.818182e-01 1.666183e-01 -5.576998e-03 1.721953e-01
5.353535e-01 1.818182e-01 1.649438e-01 -5.580723e-03 1.705245e-01
5.454545e-01 1.818182e-01 1.632861e-01 -5.583495e-03 1.688696e-01
5.555556e-01 1.818182e-01 1.616450e-01 -5.586952e-03 1.672320e-01
5.656566e-01 1.818182e-01 1.600205e-01 -5.589277e-03 1.656097e-01
5.757576e-01 1.818182e-01 1.584122e-01 -5.592912e-03 1.640051e-01
5.858586e-01 1.818182e-01 1.568202e-01 -5.595803e-03 1.624160e-01
5.959596e-01 1.818182e-01 1.552441e-01 -5.598336e-03 1.608424e-01
6.060606e-01 1.818182e-01 1.536839e-01 -5.601913e-03 1.592858e-01
6.161616e-01 1.818182e-01 1.521393e-01 -5.604297e-03 1.577436e-01
6.262626e-01 1.818182e-01 1.506103e-01 -5.607337e-03 1.562176e-01
6.363636e-01 1.818182e-01 1.490966e-01 -5.610526e-03 1.547072e-01
6.464646e-01 1.818182e-01 1.475982e-01 -5.613267e-03 1.532114e-01
6.565657e-01 1.818182e-01 1.461148e-01 -5.615205e-03 1.517300e-01
6.666667e-01 1.818182e-01 1.446463e-01 -5.618781e-03 1.502651e-01
6.767677e-01 1.818182e-01 1.431926e-01 -5.621552e-03 1.488142e-01
6.868687e-01 1.818182e-01 1.417535e-01 -5.623609e-03 1.473771e-01
6.969697e-01 1.818182e-01 1.403288e-01 -5.626172e-03 1.459550e-01
7.070707e-01 1.818182e-01 1.389185e-01 -5.628914e-03 1.445474e-01
7.171717e-01 1.818182e-01 1.375224e-01 -5.631834e-03 1.431542e-01
7.272727e-01 1.818182e-01 1.361402e-01 -5.633920e-03 1.417742e-01
7.373737e-01 1.818182e-01 1.347720e-01 -5.636245e-03 1.404083e-01
7.474747e-01 1.818182e-01 1.334175e-01 -5.638778e-03 1.390563e-01
7.575758e-01 1.818182e-01 1.320767e-01 -5.641133e-03 1.377178e-01
7.676768e-01 1.818182e-01 1.307493e-01 -5.643755e-03 1.363930e-01
7.777778e-01 1.818182e-01 1.294352e-01 -5.646378e-03 1.350816e-01
7.878788e-01 1.818182e-01 1.281344e-01 -5.648464e-03 1.337828e-01
7.979798e-01 1.818182e-01 1.268466e-01 -5.651027e-03 1.324976e-01
8.080808e-01 1.818182e-01 1.255718e-01 -5.653054e-03 1.312248e-01
8.181818e-01 1.818182e-01 1.243097e-01 -5.655348e-03 1.299651e-01
8.282828e-01 1.818182e-01 1.230604e-01 -5.657852e-03 1.287183e-01
8.383838e-01 1.818182e-01 1.218236e-01 -5.660385e-03 1.274840e-01
8.484848e-01 1.818182e-01 1.205993e-01 -5.662441e-03 1.262617e-01
8.585859e-01 1.818182e-01 1.193872e-01 -5.664557e-03 1.250518e-01
8.686869e-01 1.818182e-01 1.181874e-01 -5.666554e-03 1.238539e-01
8.787879e-01 1.818182e-01 1.169996e-01 -5.668640e-03 1.226682e-01
8.888889e-01 1.818182e-01 1.158237e-01 -5.670875e-03 1.214946e-01
8.989899e-01 1.818182e-01 1.146597e-01 -5.672902e-03 1.203326e-01
9.090909e-01 1.818182e-01 1.135073e-01 -5.674630e-03 1.191820e-01
9.191919e-01 1.818182e-01 1.123666e-01 -5.676448e-03 1.180430e-01
9.292929e-01 1.818182e-01 1.112373e-01 -5.678743e-03 1.169160e-01
9.393939e-01 1.818182e-01 1.101193e-01 -5.680472e-03 1.157998e-01
9.494949e-01 1.818182e-01 1.090126e-01 -5.682379e-03 1.146950e-01
9.595960e-01 1.818182e-01 1.079170e-01 -5.684048e-03 1.136010e-01
9.696970e-01 1.818182e-01 1.068324e-01 -5.686373e-03 1.125188e-01
9.797980e-01 1.818182e-01 1.057587e-01 -5.688012e-03 1.114467e-01
9.898990e-01 1.818182e-01 1.046958e-01 -5.689889e-03 1.103857e-01
1.000000e+00 1.818182e-01 1.036436e-01 -5.691797e-03 1.093354e-01
0.000000e+00 1.919192e-01 -1.265925e-01 -5.388200e-03 1.212043e-01
1.010101e-02 1.919192e-01 -1.253202e-01 -5.392283e-03 1.199279e-01
2.020202e-02 1.919192e-01 -1.240607e-01 -5.397201e-03 1.186635e-01
3.030303e-02 1.919192e-01 -1.228139e-01 -5.401671e-03 1.174122e-01
4.040404e-02 1.919192e-01 -1.215796e-01 -5.405813e-03 1.161737e-01
5.050505e-02 1.919192e-01 -1.203577e-01 -5.410194e-03 1.149475e-01
6.060606e-02 1.919192e-01 -1.191481e-01 -5.414456e-03 1.137336e-01
7.070707e-02 1.919192e-01 -1.179506e-01 -5.419075e-03 1.125315e-01
8.080808e-02 1.919192e-01 -1.167652e-01 -5.423635e-03 1.113415e-01
9.090909e-02 1.919192e-01 -1.155917e-01 -5.427480e-03 1.101642e-01
1.010101e-01 1.919192e-01 -1.144299e-01 -5.431920e-03 1.089980e-01
1.111111e-01 1.919192e-01 -1.132799e-01 -5.436301e-03 1.078436e-01
1.212121e-01 1.919192e-01 -1.121414e-01 -5.440176e-03 1.067012e-01
1.313131e-01 1.919192e-01 -1.110144e-01 -5.444854e-03 1.055695e-01
1.414141e-01 1.919192e-01 -1.098987e-01 -5.449265e-03 1.044494e-01
1.515152e-01 1.919192e-01 -1.087942e-01 -5.453050e-03 1.033411e-01
1.616162e-01 1.919192e-01 -1.077008e-01 -5.457252e-03 1.022435e-01
1.717172e-01 1.919192e-01 -1.066184e-01 -5.461544e-03 1.011568e-01
1.818182e-01 1.919192e-01 -1.055468e-01 -5.465567e-03 1.000813e-01
1.919192e-01 1.919192e-01 -1.044861e-01 -5.469263e-03 9.901680e-02
2.020202e-01 1.919192e-01 -1.034360e-01 -5.473375e-03 9.796259e-02
2.121212e-01 1.919192e-01 -1.023964e-01 -5.477816e-03 9.691860e-02
2.222222e-01 1.919192e-01 -1.013673e-01 -5.482078e-03 9.588523e-02
2.323232e-01 1.919192e-01 -1.003486e-01 -5.485117e-03 9.486344e-02
2.424242e-01 1.919192e-01 -9.934003e-02 -5.489588e-03 9.385045e-02
2.525253e-01 1.919192e-01 -9.834165e-02 -5.492896e-03 9.284875e-02
2.626263e-01 1.919192e-01 -9.735330e-02 -5.496740e-03 9.185656e-02
2.727273e-01 1.919192e-01 -9.637488e-02 -5.501300e-03 9.087358e-02
2.828283e-01 1.919192e-01 -9.540630e-02 -5.504996e-03 8.990130e-02
2.929293e-01 1.919192e-01 -9.444745e-02 -5.508602e-03 8.893885e-02
3.030303e-01 1.919192e-01 -9.349824e-02 -5.512625e-03 8.798561e-02
3.131313e-01 1.919192e-01 -9.255857e-02 -5.516201e-03 8.704236e-02
3.232323e-01 1.919192e-01 -9.162834e-02 -5.519450e-03 8.610889e-02
3.333333e-01 1.919192e-01 -9.070746e-02 -5.523294e-03 8.518416e-02
3.434343e-01 1.919192e-01 -8.979583e-02 -5.526662e-03 8.426917e-02
3.535354e-01 1.919192e-01 -8.889337e-02 -5.530208e-03 8.336316e-02
3.636364e-01 1.919192e-01 -8.799998e-02 -5.534440e-03 8.246554e-02
3.737374e-01 1.919192e-01 -8.711556e-02 -5.537421e-03 8.157814e-02
3.838384e-01 1.919192e-01 -8.624004e-02 -5.541056e-03 8.069898e-02
3.939394e-01 1.919192e-01 -8.537331e-02 -5.544394e-03 7.982891e-02
4.040404e-01 1.919192e-01 -8.451529e-02 -5.548060e-03 7.896723e-02
4.141414e-01 1.919192e-01 -8.366590e-02 -5.551696e-03 7.811420e-02
4.242424e-01 1.919192e-01 -8.282504e-02 -5.554289e-03 7.727076e-02
4.343434e-01 1.919192e-01 -8.199264e-02 -5.558163e-03 7.643448e-02
4.444444e-01 1.919192e-01 -8.116860e-02 -5.561590e-03 7.560701e-02
4.545455e-01 1.919192e-01 -8.035284e-02 -5.564332e-03 7.478851e-02
4.646465e-01 1.919192e-01 -7.954528e-02 -5.567670e-03 7.397761e-02
4.747475e-01 1.919192e-01 -7.874584e-02 -5.570948e-03 7.317489e-02
4.848485e-01 1.919192e-01 -7.795443e-02 -5.574197e-03 7.238023e-02
4.949495e-01 1.919192e-01 -7.717097e-02 -5.577505e-03 7.159347e-02
5.050505e-01 1.919192e-01 -7.639539e-02 -5.580574e-03 7.081482e-02
5.151515e-01 1.919192e-01 -7.562761e-02 -5.583405e-03 7.004420e-02
5.252525e-01 1.919192e-01 -7.486754e-02 -5.587131e-03 6.928041e-02
5.353535e-01 1.919192e-01 -7.411511e-02 -5.590081e-03 6.852502e-02
5.454545e-01 1.919192e-01 -7.337024e-02 -5.593181e-03 6.777706e-02
5.555556e-01 1.919192e-01 -7.263285e-02 -5.596220e-03 6.703663e-02
5.656566e-01 1.919192e-01 -7.190288e-02 -5.599022e-03 6.630386e-02
5.757576e-01 1.919192e-01 -7.118025e-02 -5.602270e-03 6.557797e-02
5.858586e-01 1.919192e-01 -7.046487e-02 -5.605131e-03 6.485974e-02
5.959596e-01 1.919192e-01 -6.975669e-02 -5.607367e-03 6.414932e-02
6.060606e-01 1.919192e-01 -6.905562e-02 -5.610526e-03 6.344510e-02
6.161616e-01 1.919192e-01 -6.836160e-02 -5.613714e-03 6.274789e-02
6.262626e-01 1.919192e-01 -6.767456e-02 -5.616218e-03 6.205834e-02
6.363636e-01 1.919192e-01 -6.699442e-02 -5.619079e-03 6.137534e-02
6.464646e-01 1.919192e-01 -6.632111e-02 -5.621403e-03 6.069971e-02
6.565657e-01 1.919192e-01 -6.565457e-02 -5.624473e-03 6.003010e-02
6.666667e-01 1.919192e-01 -6.499473e-02 -5.627006e-03 5.936773e-02
6.767677e-01 1.919192e-01 -6.434152e-02 -5.629152e-03 5.871237e-02
6.868687e-01 1.919192e-01 -6.369488e-02 -5.632281e-03 5.806260e-02
6.969697e-01 1.919192e-01 -6.305474e-02 -5.634278e-03 5.742046e-02
7.070707e-01 1.919192e-01 -6.242103e-02 -5.637199e-03 5.678383e-02
7.171717e-01 1.919192e-01 -6.179369e-02 -5.639374e-03 5.615431e-02
7.272727e-01 1.919192e-01 -6.117265e-02 -5.642086e-03 5.553056e-02
7.373737e-01 1.919192e-01 -6.055785e-02 -5.644143e-03 5.491371e-02
7.474747e-01 1.919192e-01 -5.994924e-02 -5.646676e-03 5.430256e-02
7.575758e-01 1.919192e-01 -5.934674e-02 -5.649418e-03 5.369732e-02
7.676768e-01 1.919192e-01 -5.875029e-02 -5.651683e-03 5.309861e-02
7.777778e-01 1.919192e-01 -5.815984e-02 -5.653888e-03 5.250595e-02
7.878788e-01 1.919192e-01 -5.757533e-02 -5.656034e-03 5.191929e-02
7.979798e-01 1.919192e-01 -5.699668e-02 -5.658478e-03 5.133821e-02
8.080808e-01 1.919192e-01 -5.642386e-02 -5.660921e-03 5.076294e-02
8.181818e-01 1.919192e-01 -5.585679e-02 -5.663007e-03 5.019378e-02
8.282828e-01 1.919192e-01 -5.529542e-02 -5.665332e-03 4.963009e-02
8.383838e-01 1.919192e-01 -5.473969e-02 -5.667627e-03 4.907206e-02
8.484848e-01 1.919192e-01 -5.418955e-02 -5.669683e-03 4.851986e-02
8.585859e-01 1.919192e-01 -5.364493e-02 -5.671501e-03 4.797343e-02
8.686869e-01 1.919192e-01 -5.310579e-02 -5.674362e-03 4.743143e-02
8.787879e-01 1.919192e-01 -5.257207e-02 -5.675942e-03 4.689613e-02
8.888889e-01 1.919192e-01 -5.204371e-02 -5.678266e-03 4.636545e-02
8.989899e-01 1.919192e-01 -5.152067e-02 -5.680323e-03 4.584034e-02
9.090909e-01 1.919192e-01 -5.100287e-02 -5.681843e-03 4.532103e-02
9.191919e-01 1.919192e-01 -5.049029e-02 -5.683631e-03 4.480666e-02
9.292929e-01 1.919192e-01 -4.998285e-02 -5.685419e-03 4.429743e-02
9.393939e-01 1.919192e-01 -4.948052e-02 -5.687505e-03 4.379301e-02
9.494949e-01 1.919192e-01 -4.898323e-02 -5.689085e-03 4.329414e-02
9.595960e-01 1.919192e-01 -4.849094e-02 -5.691111e-03 4.279983e-02
9.696970e-01 1.919192e-01 -4.800360e-02 -5.692899e-03 4.231070e-02
9.797980e-01 1.919192e-01 -4.752115e-02 -5.695224e-03 4.182593e-02
9.898990e-01 1.919192e-01 -4.704356e-02 -5.697101e-03 4.134646e-02
1.000000e+00 1.919192e-01 -4.657076e-02 -5.698800e-03 4.087196e-02
0.000000e+00 2.020202e-01 -3.172793e-02 -5.401403e-03 2.632653e-02
1.010101e-02 2.020202e-01 -3.140906e-02 -5.405784e-03 2.600328e-02
2.020202e-02 2.020202e-01 -3.109340e-02 -5.410522e-03 2.568287e-02
3.030303e-02 2.020202e-01 -3.078090e-02 -5.414456e-03 2.536645e-02
4.040404e-02 2.020202e-01 -3.047155e-02 -5.419046e-03 2.505250e-02
5.050505e-02 2.020202e-01 -3.016531e-02 -5.423367e-03 2.474194e-02
6.060606e-02 2.020202e-01 -2.986214e-02 -5.427897e-03 2.443424e-02
7.070707e-02 2.020202e-01 -2.956202e-02 -5.432039e-03 2.412998e-02
8.080808e-02 2.020202e-01 -2.926492e-02 -5.436271e-03 2.382864e-02
9.090909e-02 2.020202e-01 -2.897080e-02 -5.440414e-03 2.353038e-02
1.010101e-01 2.020202e-01 -2.867964e-02 -5.444497e-03 2.323514e-02
1.111111e-01 2.020202e-01 -2.839140e-02 -5.448848e-03 2.294255e-02
1.212121e-01 2.020202e-01 -2.810606e-02 -5.452782e-03 2.265328e-02
1.313131e-01 2.020202e-01 -2.782359e-02 -5.457312e-03 2.236628e-02
1.414141e-01 2.020202e-01 -2.754396e-02 -5.460918e-03 2.208304e-02
1.515152e-01 2.020202e-01 -2.726714e-02 -5.465418e-03 2.180172e-02
1.616162e-01 2.020202e-01 -2.699310e-02 -5.469531e-03 2.152357e-02
1.717172e-01 2.020202e-01 -2.672182e-02 -5.473405e-03 2.124841e-02
1.818182e-01 2.020202e-01 -2.645326e-02 -5.477935e-03 2.097532e-02
1.919192e-01 2.020202e-01 -2.618740e-02 -5.481511e-03 2.070589e-02
2.020202e-01 2.020202e-01 -2.592421e-02 -5.486071e-03 2.043814e-02
2.121212e-01 2.020202e-01 -2.566367e-02 -5.490184e-03 2.017348e-02
2.222222e-01 2.020202e-01 -2.540574e-02 -5.493492e-03 1.991225e-02
2.323232e-01 2.020202e-01 -2.515041e-02 -5.497128e-03 1.965328e-02
2.424242e-01 2.020202e-01 -2.489765e-02 -5.500764e-03 1.939688e-02
2.525253e-01 2.020202e-01 -2.464742e-02 -5.504787e-03 1.914263e-02
2.626263e-01 2.020202e-01 -2.439971e-02 -5.508631e-03 1.889108e-02
2.727273e-01 2.020202e-01 -2.415449e-02 -5.512267e-03 1.864222e-02
2.828283e-01 2.020202e-01 -2.391173e-02 -5.516022e-03 1.839571e-02
2.929293e-01 2.020202e-01 -2.367141e-02 -5.520076e-03 1.815134e-02
3.030303e-01 2.020202e-01 -2.343351e-02 -5.523801e-03 1.790971e-02
3.131313e-01 2.020202e-01 -2.319800e-02 -5.527347e-03 1.767065e-02
3.232323e-01 2.020202e-01 -2.296486e-02 -5.530536e-03 1.743432e-02
3.333333e-01 2.020202e-01 -2.273406e-02 -5.533993e-03 1.720006e-02
3.434343e-01 2.020202e-01 -2.250558e-02 -5.537957e-03 1.696762e-02
3.535354e-01 2.020202e-01 -2.227939e-02 -5.541414e-03 1.673798e-02
3.636364e-01 2.020202e-01 -2.205548e-02 -5.545050e-03 1.651043e-02
3.737374e-01 2.020202e-01 -2.183382e-02 -5.547851e-03 1.628597e-02
3.838384e-01 2.020202e-01 -2.161439e-02 -5.551368e-03 1.606302e-02
3.939394e-01 2.020202e-01 -2.139716e-02 -5.554885e-03 1.584227e-02
4.040404e-01 2.020202e-01 -2.118211e-02 -5.558640e-03 1.562347e-02
4.141414e-01 2.020202e-01 -2.096923e-02 -5.562484e-03 1.540674e-02
4.242424e-01 2.020202e-01 -2.075848e-02 -5.565077e-03 1.519341e-02
4.343434e-01 2.020202e-01 -2.054986e-02 -5.568475e-03 1.498138e-02
4.444444e-01 2.020202e-01 -2.034333e-02 -5.571723e-03 1.477161e-02
4.545455e-01 2.020202e-01 -2.013887e-02 -5.574793e-03 1.456408e-02
4.646465e-01 2.020202e-01 -1.993648e-02 -5.578429e-03 1.435805e-02
4.747475e-01 2.020202e-01 -1.973611e-02 -5.580723e-03 1.415539e-02
4.848485e-01 2.020202e-01 -1.953776e-02 -5.584478e-03 1.395328e-02
4.949495e-01 2.020202e-01 -1.934140e-02 -5.587459e-03 1.375394e-02
5.050505e-01 2.020202e-01 -1.914702e-02 -5.590409e-03 1.355661e-02
5.151515e-01 2.020202e-01 -1.895459e-02 -5.593777e-03 1.336081e-02
5.252525e-01 2.020202e-01 -1.876409e-02 -5.596131e-03 1.316796e-02
5.353535e-01 2.020202e-01 -1.857551e-02 -5.599022e-03 1.297649e-02
5.454545e-01 2.020202e-01 -1.838882e-02 -5.602539e-03 1.278628e-02
5.555556e-01 2.020202e-01 -1.820401e-02 -5.605310e-03 1.259870e-02
5.656566e-01 2.020202e-01 -1.802106e-02 -5.608410e-03 1.241265e-02
5.757576e-01 2.020202e-01 -1.783994e-02 -5.611211e-03 1.222873e-02
5.858586e-01 2.020202e-01 -1.766065e-02 -5.613714e-03 1.204693e-02
5.959596e-01 2.020202e-01 -1.748316e-02 -5.617112e-03 1.186604e-02
6.060606e-01 2.020202e-01 -1.730745e-02 -5.619735e-03 1.168771e-02
6.161616e-01 2.020202e-01 -1.713350e-02 -5.622357e-03 1.151115e-02
6.262626e-01 2.020202e-01 -1.696131e-02 -5.625397e-03 1.133591e-02
6.363636e-01 2.020202e-01 -1.679085e-02 -5.627811e-03 1.116303e-02
6.464646e-01 2.020202e-01 -1.662209e-02 -5.630702e-03 1.099139e-02
6.565657e-01 2.020202e-01 -1.645504e-02 -5.633205e-03 1.082183e-02
6.666667e-01 2.020202e-01 -1.628966e-02 -5.635649e-03 1.065402e-02
6.767677e-01 2.020202e-01 -1.612595e-02 -5.638212e-03 1.048774e-02
6.868687e-01 2.020202e-01 -1.596388e-02 -5.640805e-03 1.032308e-02
6.969697e-01 2.020202e-01 -1.580344e-02 -5.643338e-03 1.016010e-02
7.070707e-01 2.020202e-01 -1.564462e-02 -5.645245e-03 9.999370e-03
7.171717e-01 2.020202e-01 -1.548738e-02 -5.647540e-03 9.839844e-03
7.272727e-01 2.020202e-01 -1.533173e-02 -5.650252e-03 9.681481e-03
7.373737e-01 2.020202e-01 -1.517765e-02 -5.652755e-03 9.524891e-03
7.474747e-01 2.020202e-01 -1.502511e-02 -5.655140e-03 9.369969e-03
7.575758e-01 2.020202e-01 -1.487410e-02 -5.657405e-03 9.216699e-03
7.676768e-01 2.020202e-01 -1.472462e-02 -5.660057e-03 9.064560e-03
7.777778e-01 2.020202e-01 -1.457663e-02 -5.661756e-03 8.914876e-03
7.878788e-01 2.020202e-01 -1.443013e-02 -5.664170e-03 8.765965e-03
7.979798e-01 2.020202e-01 -1.428511e-02 -5.666733e-03 8.618376e-03
8.080808e-01 2.020202e-01 -1.414154e-02 -5.668193e-03 8.473348e-03
8.181818e-01 2.020202e-01 -1.399942e-02 -5.670965e-03 8.328452e-03
8.282828e-01 2.020202e-01 -1.385872e-02 -5.673081e-03 8.185639e-03
8.383838e-01 2.020202e-01 -1.371944e-02 -5.675048e-03 8.044390e-03
8.484848e-01 2.020202e-01 -1.358156e-02 -5.677432e-03 7.904123e-03
8.585859e-01 2.020202e-01 -1.344506e-02 -5.679637e-03 7.765421e-03
8.686869e-01 2.020202e-01 -1.330993e-02 -5.681545e-03 7.628389e-03
8.787879e-01 2.020202e-01 -1.317617e-02 -5.683541e-03 7.492625e-03
8.888889e-01 2.020202e-01 -1.304374e-02 -5.685121e-03 7.358623e-03
8.989899e-01 2.020202e-01 -1.291265e-02 -5.687207e-03 7.225445e-03
9.090909e-01 2.020202e-01 -1.278288e-02 -5.689591e-03 7.093286e-03
9.191919e-01 2.020202e-01 -1.265441e-02 -5.690992e-03 6.963415e-03
9.292929e-01 2.020202e-01 -1.252723e-02 -5.693167e-03 6.834061e-03
9.393939e-01 2.020202e-01 -1.240133e-02 -5.694330e-03 6.706998e-03
9.494949e-01 2.020202e-01 -1.227669e-02 -5.696863e-03 6.579829e-03
9.595960e-01 2.020202e-01 -1.215331e-02 -5.698204e-03 6.455105e-03
9.696970e-01 2.020202e-01 -1.203117e-02 -5.700111e-03 6.331055e-03
9.797980e-01 2.020202e-01 -1.191025e-02 -5.701870e-03 6.208382e-03
9.898990e-01 2.020202e-01 -1.179055e-02 -5.703598e-03 6.086953e-03
1.000000e+00 2.020202e-01 -1.167205e-02 -5.705506e-03 5.966549e-03
0.000000e+00 2.121212e-01 1.892512e-01 -5.414546e-03 1.946658e-01
1.010101e-02 2.121212e-01 1.873492e-01 -5.418688e-03 1.927679e-01
2.020202e-02 2.121212e-01 1.854663e-01 -5.423278e-03 1.908896e-01
3.030303e-02 2.121212e-01 1.836024e-01 -5.427748e-03 1.890301e-01
4.040404e-02 2.121212e-01 1.817571e-01 -5.431950e-03 1.871891e-01
5.050505e-02 2.121212e-01 1.799305e-01 -5.436391e-03 1.853668e-01
6.060606e-02 2.121212e-01 1.781221e-01 -5.440444e-03 1.835626e-01
7.070707e-02 2.121212e-01 1.763320e-01 -5.444437e-03 1.817764e-01
8.080808e-02 2.121212e-01 1.745598e-01 -5.449027e-03 1.800088e-01
9.090909e-02 2.121212e-01 1.728054e-01 -5.453169e-03 1.782586e-01
1.010101e-01 2.121212e-01 1.710687e-01 -5.457282e-03 1.765260e-01
1.111111e-01 2.121212e-01 1.693495e-01 -5.461544e-03 1.748110e-01
1.212121e-01 2.121212e-01 1.676475e-01 -5.465388e-03 1.731129e-01
1.313131e-01 2.121212e-01 1.659626e-01 -5.469680e-03 1.714323e-01
1.414141e-01 2.121212e-01 1.642946e-01 -5.473822e-03 1.697685e-01
1.515152e-01 2.121212e-01 1.626434e-01 -5.477756e-03 1.681212e-01
1.616162e-01 2.121212e-01 1.610088e-01 -5.481452e-03 1.664903e-01
1.717172e-01 2.121212e-01 1.593907e-01 -5.485773e-03 1.648765e-01
1.818182e-01 2.121212e-01 1.577888e-01 -5.489975e-03 1.632788e-01
1.919192e-01 2.121212e-01 1.562030e-01 -5.493373e-03 1.616963e-01
2.020202e-01 2.121212e-01 1.546331e-01 -5.498081e-03 1.601312e-01
2.121212e-01 2.121212e-01 1.530790e-01 -5.501062e-03 1.585801e-01
2.222222e-01 2.121212e-01 1.515405e-01 -5.504668e-03 1.570452e-01
2.323232e-01 2.121212e-01 1.500175e-01 -5.508751e-03 1.555263e-01
2.424242e-01 2.121212e-01 1.485098e-01 -5.512267e-03 1.540221e-01
2.525253e-01 2.121212e-01 1.470173e-01 -5.516440e-03 1.525337e-01
2.626263e-01 2.121212e-01 1.455397e-01 -5.519956e-03 1.510597e-01
2.727273e-01 2.121212e-01 1.440770e-01 -5.523413e-03 1.496005e-01
2.828283e-01 2.121212e-01 1.426290e-01 -5.527496e-03 1.481565e-01
2.929293e-01 2.121212e-01 1.411956e-01 -5.531639e-03 1.467272e-01
3.030303e-01 2.121212e-01 1.397766e-01 -5.534828e-03 1.453114e-01
3.131313e-01 2.121212e-01 1.383718e-01 -5.538046e-03 1.439098e-01
3.232323e-01 2.121212e-01 1.369811e-01 -5.541772e-03 1.425229e-01
3.333333e-01 2.121212e-01 1.356044e-01 -5.544960e-03 1.411494e-01
3.434343e-01 2.121212e-01 1.342416e-01 -5.549014e-03 1.397906e-01
3.535354e-01 2.121212e-01 1.328924e-01 -5.552500e-03 1.384449e-01
3.636364e-01 2.121212e-01 1.315569e-01 -5.555600e-03 1.371125e-01
3.737374e-01 2.121212e-01 1.302347e-01 -5.559295e-03 1.357940e-01
3.838384e-01 2.121212e-01 1.289258e-01 -5.562484e-03 1.344883e-01
3.939394e-01 2.121212e-01 1.276301e-01 -5.565375e-03 1.331955e-01
4.040404e-01 2.121212e-01 1.263474e-01 -5.569547e-03 1.319169e-01
4.141414e-01 2.121212e-01 1.250776e-01 -5.572170e-03 1.306497e-01
4.242424e-01 2.121212e-01 1.238205e-01 -5.575269e-03 1.293958e-01
4.343434e-01 2.121212e-01 1.225761e-01 -5.578637e-03 1.281547e-01
4.444444e-01 2.121212e-01 1.213442e-01 -5.581826e-03 1.269260e-01
4.545455e-01 2.121212e-01 1.201247e-01 -5.584806e-03 1.257095e-01
4.646465e-01 2.121212e-01 1.189174e-01 -5.588144e-03 1.245055e-01
4.747475e-01 2.121212e-01 1.177222e-01 -5.591601e-03 1.233138e-01
4.848485e-01 2.121212e-01 1.165391e-01 -5.594701e-03 1.221338e-01
4.949495e-01 2.121212e-01 1.153679e-01 -5.597204e-03 1.209651e-01
5.050505e-01 2.121212e-01 1.142084e-01 -5.599827e-03 1.198082e-01
5.151515e-01 2.121212e-01 1.130606e-01 -5.602986e-03 1.186636e-01
5.252525e-01 2.121212e-01 1.119243e-01 -5.606264e-03 1.175306e-01
5.353535e-01 2.121212e-01 1.107995e-01 -5.608708e-03 1.164082e-01
5.454545e-01 2.121212e-01 1.096859e-01 -5.611658e-03 1.152976e-01
5.555556e-01 2.121212e-01 1.085835e-01 -5.614847e-03 1.141984e-01
5.656566e-01 2.121212e-01 1.074923e-01 -5.617470e-03 1.131097e-01
5.757576e-01 2.121212e-01 1.064120e-01 -5.620688e-03 1.120326e-01
5.858586e-01 2.121212e-01 1.053425e-01 -5.623460e-03 1.109660e-01
5.959596e-01 2.121212e-01 1.042838e-01 -5.626351e-03 1.099101e-01
6.060606e-01 2.121212e-01 1.032357e-01 -5.629033e-03 1.088647e-01
6.161616e-01 2.121212e-01 1.021982e-01 -5.631149e-03 1.078293e-01
6.262626e-01 2.121212e-01 1.011711e-01 -5.634069e-03 1.068051e-01
6.363636e-01 2.121212e-01 1.001543e-01 -5.636543e-03 1.057908e-01
6.464646e-01 2.121212e-01 9.914772e-02 -5.639404e-03 1.047871e-01
6.565657e-01 2.121212e-01 9.815127e-02 -5.641609e-03 1.037929e-01
6.666667e-01 2.121212e-01 9.716483e-02 -5.644083e-03 1.028089e-01
6.767677e-01 2.121212e-01 9.618831e-02 -5.646914e-03 1.018352e-01
6.868687e-01 2.121212e-01 9.522160e-02 -5.649269e-03 1.008709e-01
6.969697e-01 2.121212e-01 9.426460e-02 -5.651981e-03 9.991659e-02
7.070707e-01 2.121212e-01 9.331723e-02 -5.654186e-03 9.897142e-02
7.171717e-01 2.121212e-01 9.237938e-02 -5.656391e-03 9.803577e-02
7.272727e-01 2.121212e-01 9.145095e-02 -5.658954e-03 9.710990e-02
7.373737e-01 2.121212e-01 9.053185e-02 -5.660802e-03 9.619265e-02
7.474747e-01 2.121212e-01 8.962199e-02 -5.663306e-03 9.528530e-02
7.575758e-01 2.121212e-01 8.872127e-02 -5.665302e-03 9.438658e-02
7.676768e-01 2.121212e-01 8.782961e-02 -5.667537e-03 9.349715e-02
7.777778e-01 2.121212e-01 8.694691e-02 -5.669981e-03 9.261689e-02
7.878788e-01 2.121212e-01 8.607308e-02 -5.672276e-03 9.174535e-02
7.979798e-01 2.121212e-01 8.520803e-02 -5.674183e-03 9.088221e-02
8.080808e-01 2.121212e-01 8.435167e-02 -5.676419e-03 9.002809e-02
8.181818e-01 2.121212e-01 8.350393e-02 -5.678713e-03 8.918264e-02
8.282828e-01 2.121212e-01 8.266470e-02 -5.680710e-03 8.834541e-02
8.383838e-01 2.121212e-01 8.183390e-02 -5.682796e-03 8.751670e-02
8.484848e-01 2.121212e-01 8.101146e-02 -5.684584e-03 8.669604e-02
8.585859e-01 2.121212e-01 8.019728e-02 -5.686611e-03 8.588389e-02
8.686869e-01 2.121212e-01 7.939128e-02 -5.688876e-03 8.508016e-02
8.787879e-01 2.121212e-01 7.859339e-02 -5.690277e-03 8.428367e-02
8.888889e-01 2.121212e-01 7.780351e-02 -5.692303e-03 8.349582e-02
8.989899e-01 2.121212e-01 7.702157e-02 -5.694032e-03 8.271561e-02
9.090909e-01 2.121212e-01 7.624749e-02 -5.695999e-03 8.194349e-02
9.191919e-01 2.121212e-01 7.548119e-02 -5.698025e-03 8.117922e-02
9.292929e-01 2.121212e-01 7.472260e-02 -5.700111e-03 8.042271e-02
9.393939e-01 2.121212e-01 7.397162e-02 -5.701929e-03 7.967355e-02
9.494949e-01 2.121212e-01 7.322819e-02 -5.703539e-03 7.893173e-02
9.595960e-01 2.121212e-01 7.249224e-02 -5.705327e-03 7.819757e-02
9.696970e-01 2.121212e-01 7.176368e-02 -5.706698e-03 7.747038e-02
9.797980e-01 2.121212e-01 7.104244e-02 -5.708665e-03 7.675111e-02
9.898990e-01 2.121212e-01 7.032845e-02 -5.710393e-03 7.603885e-02
1.000000e+00 2.121212e-01 6.962164e-02 -5.712420e-03 7.533406e-02
0.000000e+00 2.222222e-01 -3.420201e-01 -5.428076e-03 3.365921e-01
1.010101e-02 2.222222e-01 -3.385828e-01 -5.432189e-03 3.331506e-01
2.020202e-02 2.222222e-01 -3.351800e-01 -5.436748e-03 3.297432e-01
3.030303e-02 2.222222e-01 -3.318114e-01 -5.441278e-03 3.263701e-01
4.040404e-02 2.222222e-01 -3.284766e-01 -5.445540e-03 3.230311e-01
5.050505e-02 2.222222e-01 -3.251754e-01 -5.449295e-03 3.197261e-01
6.060606e-02 2.222222e-01 -3.219073e-01 -5.453914e-03 3.164534e-01
7.070707e-02 2.222222e-01 -3.186721e-01 -5.458027e-03 3.132140e-01
8.080808e-02 2.222222e-01 -3.154694e-01 -5.461484e-03 3.100079e-01
9.090909e-02 2.222222e-01 -3.122988e-01 -5.465418e-03 3.068334e-01
1.010101e-01 2.222222e-01 -3.091602e-01 -5.469561e-03 3.036906e-01
1.111111e-01 2.222222e-01 -3.060531e-01 -5.474359e-03 3.005787e-01
1.212121e-01 2.222222e-01 -3.029772e-01 -5.478173e-03 2.974990e-01
1.313131e-01 2.222222e-01 -2.999322e-01 -5.482614e-03 2.944496e-01
1.414141e-01 2.222222e-01 -2.969178e-01 -5.485892e-03 2.914320e-01
1.515152e-01 2.222222e-01 -2.939338e-01 -5.489767e-03 2.884440e-01
1.616162e-01 2.222222e-01 -2.909797e-01 -5.494118e-03 2.854856e-01
1.717172e-01 2.222222e-01 -2.880553e-01 -5.497456e-03 2.825578e-01
1.818182e-01 2.222222e-01 -2.851603e-01 -5.501360e-03 2.796589e-01
1.919192e-01 2.222222e-01 -2.822944e-01 -5.505592e-03 2.767888e-01
2.020202e-01 2.222222e-01 -2.794573e-01 -5.509347e-03 2.739479e-01
2.121212e-01 2.222222e-01 -2.766487e-01 -5.513340e-03 2.711353e-01
2.222222e-01 2.222222e-01 -2.738683e-01 -5.516678e-03 2.683516e-01
2.323232e-01 2.222222e-01 -2.711159e-01 -5.520374e-03 2.655955e-01
2.424242e-01 2.222222e-01 -2.683911e-01 -5.523562e-03 2.628676e-01
2.525253e-01 2.222222e-01 -2.656938e-01 -5.527586e-03 2.601662e-01
2.626263e-01 2.222222e-01 -2.630235e-01 -5.531669e-03 2.574918e-01
2.727273e-01 2.222222e-01 -2.603801e-01 -5.535275e-03 2.548448e-01
2.828283e-01 2.222222e-01 -2.577632e-01 -5.538881e-03 2.522243e-01
2.929293e-01 2.222222e-01 -2.551726e-01 -5.542576e-03 2.496301e-01
3.030303e-01 2.222222e-01 -2.526081e-01 -5.545706e-03 2.470624e-01
3.131313e-01 2.222222e-01 -2.500694e-01 -5.549639e-03 2.445197e-01
3.232323e-01 2.222222e-01 -2.475561e-01 -5.552649e-03 2.420035e-01
3.333333e-01 2.222222e-01 -2.450681e-01 -5.556285e-03 2.395119e-01
3.434343e-01 2.222222e-01 -2.426052e-01 -5.559862e-03 2.370453e-01
3.535354e-01 2.222222e-01 -2.401669e-01 -5.562842e-03 2.346041e-01
3.636364e-01 2.222222e-01 -2.377532e-01 -5.566478e-03 2.321867e-01
3.737374e-01 2.222222e-01 -2.353638e-01 -5.569696e-03 2.297941e-01
3.838384e-01 2.222222e-01 -2.329983e-01 -5.572617e-03 2.274257e-01
3.939394e-01 2.222222e-01 -2.306566e-01 -5.576104e-03 2.250805e-01
4.040404e-01 2.222222e-01 -2.283385e-01 -5.579561e-03 2.227590e-01
4.141414e-01 2.222222e-01 -2.260437e-01 -5.582452e-03 2.204612e-01
4.242424e-01 2.222222e-01 -2.237719e-01 -5.585641e-03 2.181863e-01
4.343434e-01 2.222222e-01 -2.215230e-01 -5.588561e-03 2.159344e-01
4.444444e-01 2.222222e-01 -2.192966e-01 -5.591989e-03 2.137046e-01
4.545455e-01 2.222222e-01 -2.170926e-01 -5.595118e-03 2.114975e-01
4.646465e-01 2.222222e-01 -2.149108e-01 -5.598545e-03 2.093123e-01
4.747475e-01 2.222222e-01 -2.127509e-01 -5.601317e-03 2.071496e-01
4.848485e-01 2.222222e-01 -2.106128e-01 -5.604714e-03 2.050080e-01
4.949495e-01 2.222222e-01 -2.084961e-01 -5.607277e-03 2.028888e-01
5.050505e-01 2.222222e-01 -2.064006e-01 -5.609781e-03 2.007909e-01
5.151515e-01 2.222222e-01 -2.043263e-01 -5.613059e-03 1.987132e-01
5.252525e-01 2.222222e-01 -2.022728e-01 -5.615860e-03 1.966569e-01
5.353535e-01 2.222222e-01 -2.002399e-01 -5.618572e-03 1.946213e-01
5.454545e-01 2.222222e-01 -1.982274e-01 -5.621880e-03 1.926056e-01
5.555556e-01 2.222222e-01 -1.962352e-01 -5.624115e-03 1.906111e-01
5.656566e-01 2.222222e-01 -1.942630e-01 -5.626947e-03 1.886361e-01
5.757576e-01 2.222222e-01 -1.923107e-01 -5.629867e-03 1.866808e-01
5.858586e-01 2.222222e-01 -1.903779e-01 -5.632639e-03 1.847453e-01
5.959596e-01 2.222222e-01 -1.884646e-01 -5.635411e-03 1.828292e-01
6.060606e-01 2.222222e-01 -1.865705e-01 -5.637795e-03 1.809327e-01
6.161616e-01 2.222222e-01 -1.846954e-01 -5.640447e-03 1.790550e-01
6.262626e-01 2.222222e-01 -1.828392e-01 -5.642503e-03 1.771967e-01
6.363636e-01 2.222222e-01 -1.810016e-01 -5.645245e-03 1.753564e-01
6.464646e-01 2.222222e-01 -1.791825e-01 -5.647749e-03 1.735348e-01
6.565657e-01 2.222222e-01 -1.773817e-01 -5.650282e-03 1.717314e-01
6.666667e-01 2.222222e-01 -1.755990e-01 -5.652785e-03 1.699462e-01
6.767677e-01 2.222222e-01 -1.738342e-01 -5.655318e-03 1.681789e-01
6.868687e-01 2.222222e-01 -1.720871e-01 -5.657971e-03 1.664292e-01
6.969697e-01 2.222222e-01 -1.703576e-01 -5.660266e-03 1.646974e-01
7.070707e-01 2.222222e-01 -1.686455e-01 -5.662560e-03 1.629829e-01
7.171717e-01 2.222222e-01 -1.669506e-01 -5.664974e-03 1.612856e-01
7.272727e-01 2.222222e-01 -1.652727e-01 -5.667031e-03 1.596057e-01
7.373737e-01 2.222222e-01 -1.636117e-01 -5.668998e-03 1.579427e-01
7.474747e-01 2.222222e-01 -1.619674e-01 -5.671442e-03 1.562959e-01
7.575758e-01 2.222222e-01 -1.603396e-01 -5.673230e-03 1.546663e-01
7.676768e-01 2.222222e-01 -1.587281e-01 -5.675614e-03 1.530525e-01
7.777778e-01 2.222222e-01 -1.571329e-01 -5.677879e-03 1.514550e-01
7.878788e-01 2.222222e-01 -1.555537e-01 -5.679935e-03 1.498737e-01
7.979798e-01 2.222222e-01 -1.539903e-01 -5.681723e-03 1.483086e-01
8.080808e-01 2.222222e-01 -1.524427e-01 -5.683750e-03 1.467590e-01
8.181818e-01 2.222222e-01 -1.509106e-01 -5.686015e-03 1.452246e-01
8.282828e-01 2.222222e-01 -1.493940e-01 -5.688280e-03 1.437057e-01
8.383838e-01 2.222222e-01 -1.478925e-01 -5.690187e-03 1.422023e-01
8.484848e-01 2.222222e-01 -1.464062e-01 -5.691916e-03 1.407143e-01
8.585859e-01 2.222222e-01 -1.449348e-01 -5.694300e-03 1.392405e-01
8.686869e-01 2.222222e-01 -1.434782e-01 -5.695790e-03 1.377824e-01
8.787879e-01 2.222222e-01 -1.420362e-01 -5.697846e-03 1.363383e-01
8.888889e-01 2.222222e-01 -1.406087e-01 -5.699664e-03 1.349090e-01
8.989899e-01 2.222222e-01 -1.391955e-01 -5.701333e-03 1.334942e-01
9.090909e-01 2.222222e-01 -1.377966e-01 -5.703479e-03 1.320931e-01
9.191919e-01 2.222222e-01 -1.364117e-01 -5.705327e-03 1.307064e-01
9.292929e-01 2.222222e-01 -1.350408e-01 -5.707234e-03 1.293335e-01
9.393939e-01 2.222222e-01 -1.336836e-01 -5.708635e-03 1.279749e-01
9.494949e-01 2.222222e-01 -1.323400e-01 -5.709946e-03 1.266301e-01
9.595960e-01 2.222222e-01 -1.310100e-01 -5.712032e-03 1.252980e-01
9.696970e-01 2.222222e-01 -1.296933e-01 -5.713314e-03 1.239800e-01
9.797980e-01 2.222222e-01 -1.283899e-01 -5.715549e-03 1.226743e-01
9.898990e-01 2.222222e-01 -1.270996e-01 -5.716890e-03 1.213827e-01
1.000000e+00 2.222222e-01 -1.258222e-01 -5.718231e-03 1.201039e-01
0.000000e+00 2.323232e-01 4.861967e-01 -5.440921e-03 4.916377e-01
1.010101e-02 2.323232e-01 4.813104e-01 -5.445093e-03 4.867555e-01
2.020202e-02 2.323232e-01 4.764731e-01 -5.449831e-03 4.819230e-01
3.030303e-02 2.323232e-01 4.716845e-01 -5.454183e-03 4.771387e-01
4.040404e-02 2.323232e-01 4.669440e-01 -5.458176e-03 4.724022e-01
5.050505e-02 2.323232e-01 4.622511e-01 -5.462199e-03 4.677133e-01
6.060606e-02 2.323232e-01 4.576054e-01 -5.466253e-03 4.630717e-01
7.070707e-02 2.323232e-01 4.530064e-01 -5.471140e-03 4.584776e-01
8.080808e-02 2.323232e-01 4.484536e-01 -5.474478e-03 4.539281e-01
9.090909e-02 2.323232e-01 4.439466e-01 -5.477846e-03 4.494244e-01
1.010101e-01 2.323232e-01 4.394849e-01 -5.482376e-03 4.449672e-01
1.111111e-01 2.323232e-01 4.350680e-01 -5.486697e-03 4.405547e-01
1.212121e-01 2.323232e-01 4.306954e-01 -5.491048e-03 4.361865e-01
1.313131e-01 2.323232e-01 4.263669e-01 -5.494267e-03 4.318612e-01
1.414141e-01 2.323232e-01 4.220818e-01 -5.498022e-03 4.275799e-01
1.515152e-01 2.323232e-01 4.178398e-01 -5.501717e-03 4.233416e-01
1.616162e-01 2.323232e-01 4.136405e-01 -5.505949e-03 4.191464e-01
1.717172e-01 2.323232e-01 4.094833e-01 -5.509764e-03 4.149931e-01
1.818182e-01 2.323232e-01 4.053679e-01 -5.513281e-03 4.108812e-01
1.919192e-01 2.323232e-01 4.012939e-01 -5.517513e-03 4.068114e-01
2.020202e-01 2.323232e-01 3.972609e-01 -5.521178e-03 4.027820e-01
2.121212e-01 2.323232e-01 3.932683e-01 -5.524784e-03 3.987931e-01
2.222222e-01 2.323232e-01 3.893159e-01 -5.528271e-03 3.948442e-01
2.323232e-01 2.323232e-01 3.854032e-01 -5.531520e-03 3.909347e-01
2.424242e-01 2.323232e-01 3.815299e-01 -5.535156e-03 3.870650e-01
2.525253e-01 2.323232e-01 3.776954e-01 -5.538970e-03 3.832344e-01
2.626263e-01 2.323232e-01 3.738995e-01 -5.543232e-03 3.794427e-01
2.727273e-01 2.323232e-01 3.701418e-01 -5.546808e-03 3.756886e-01
2.828283e-01 2.323232e-01 3.664218e-01 -5.549669e-03 3.719714e-01
2.929293e-01 2.323232e-01 3.627392e-01 -5.553007e-03 3.682922e-01
3.030303e-01 2.323232e-01 3.590936e-01 -5.557090e-03 3.646507e-01
3.131313e-01 2.323232e-01 3.554846e-01 -5.559951e-03 3.610446e-01
3.232323e-01 2.323232e-01 3.519120e-01 -5.563617e-03 3.574756e-01
3.333333e-01 2.323232e-01 3.483752e-01 -5.567223e-03 3.539424e-01
3.434343e-01 2.323232e-01 3.448740e-01 -5.569845e-03 3.504438e-01
3.535354e-01 2.323232e-01 3.414079e-01 -5.573541e-03 3.469815e-01
3.636364e-01 2.323232e-01 3.379767e-01 -5.576462e-03 3.435532e-01
3.737374e-01 2.323232e-01 3.345800e-01 -5.579740e-03 3.401597e-01
3.838384e-01 2.323232e-01 3.312174e-01 -5.583256e-03 3.368007e-01
3.939394e-01 2.323232e-01 3.278886e-01 -5.586535e-03 3.334751e-01
4.040404e-01 2.323232e-01 3.245933e-01 -5.589515e-03 3.301828e-01
4.141414e-01 2.323232e-01 3.213311e-01 -5.592793e-03 3.269239e-01
4.242424e-01 2.323232e-01 3.181016e-01 -5.596429e-03 3.236981e-01
4.343434e-01 2.323232e-01 3.149047e-01 -5.598962e-03 3.205036e-01
4.444444e-01 2.323232e-01 3.117398e-01 -5.602390e-03 3.173422e-01
4.545455e-01 2.323232e-01 3.086068e-01 -5.604714e-03 3.142115e-01
4.646465e-01 2.323232e-01 3.055052e-01 -5.607992e-03 3.111132e-01
4.747475e-01 2.323232e-01 3.024348e-01 -5.610675e-03 3.080455e-01
4.848485e-01 2.323232e-01 2.993953e-01 -5.614311e-03 3.050096e-01
4.949495e-01 2.323232e-01 2.963864e-01 -5.616874e-03 3.020032e-01
5.050505e-01 2.323232e-01 2.934076e-01 -5.619496e-03 2.990271e-01
5.151515e-01 2.323232e-01 2.904588e-01 -5.621940e-03 2.960808e-01
5.252525e-01 2.323232e-01 2.875397e-01 -5.624890e-03 2.931646e-01
5.353535e-01 2.323232e-01 2.846498e-01 -5.628198e-03 2.902780e-01
5.454545e-01 2.323232e-01 2.817891e-01 -5.630583e-03 2.874197e-01
5.555556e-01 2.323232e-01 2.789570e-01 -5.633563e-03 2.845906e-01
5.656566e-01 2.323232e-01 2.761535e-01 -5.635887e-03 2.817894e-01
5.757576e-01 2.323232e-01 2.733781e-01 -5.638480e-03 2.790166e-01
5.858586e-01 2.323232e-01 2.706306e-01 -5.641580e-03 2.762722e-01
5.959596e-01 2.323232e-01 2.679107e-01 -5.643994e-03 2.735547e-01
6.060606e-01 2.323232e-01 2.652182e-01 -5.646437e-03 2.708646e-01
6.161616e-01 2.323232e-01 2.625527e-01 -5.649358e-03 2.682020e-01
6.262626e-01 2.323232e-01 2.599140e-01 -5.651295e-03 2.655653e-01
6.363636e-01 2.323232e-01 2.573018e-01 -5.654037e-03 2.629558e-01
6.464646e-01 2.323232e-01 2.547159e-01 -5.656570e-03 2.603724e-01
6.565657e-01 2.323232e-01 2.521559e-01 -5.658418e-03 2.578144e-01
6.666667e-01 2.323232e-01 2.496217e-01 -5.661219e-03 2.552829e-01
6.767677e-01 2.323232e-01 2.471130e-01 -5.663306e-03 2.527763e-01
6.868687e-01 2.323232e-01 2.446295e-01 -5.665779e-03 2.502952e-01
6.969697e-01 2.323232e-01 2.421709e-01 -5.667955e-03 2.478388e-01
7.070707e-01 2.323232e-01 2.397370e-01 -5.670160e-03 2.454072e-01
7.171717e-01 2.323232e-01 2.373276e-01 -5.672485e-03 2.430001e-01
7.272727e-01 2.323232e-01 2.349425e-01 -5.675167e-03 2.406176e-01
7.373737e-01 2.323232e-01 2.325812e-01 -5.677432e-03 2.382587e-01
7.474747e-01 2.323232e-01 2.302438e-01 -5.678922e-03 2.359227e-01
7.575758e-01 2.323232e-01 2.279298e-01 -5.681664e-03 2.336114e-01
7.676768e-01 2.323232e-01 2.256390e-01 -5.683303e-03 2.313223e-01
7.777778e-01 2.323232e-01 2.233713e-01 -5.685717e-03 2.290571e-01
7.878788e-01 2.323232e-01 2.211264e-01 -5.687624e-03 2.268140e-01
7.979798e-01 2.323232e-01 2.189041e-01 -5.689472e-03 2.245935e-01
8.080808e-01 2.323232e-01 2.167040e-01 -5.691260e-03 2.223953e-01
8.181818e-01 2.323232e-01 2.145261e-01 -5.693465e-03 2.202196e-01
8.282828e-01 2.323232e-01 2.123701e-01 -5.695224e-03 2.180653e-01
8.383838e-01 2.323232e-01 2.102357e-01 -5.697548e-03 2.159333e-01
8.484848e-01 2.323232e-01 2.081228e-01 -5.699277e-03 2.138221e-01
8.585859e-01 2.323232e-01 2.060312e-01 -5.701452e-03 2.117326e-01
8.686869e-01 2.323232e-01 2.039605e-01 -5.703062e-03 2.096636e-01
8.787879e-01 2.323232e-01 2.019107e-01 -5.704969e-03 2.076157e-01
8.888889e-01 2.323232e-01 1.998815e-01 -5.706698e-03 2.055882e-01
8.989899e-01 2.323232e-01 1.978726e-01 -5.707979e-03 2.035806e-01
9.090909e-01 2.323232e-01 1.958840e-01 -5.709857e-03 2.015938e-01
9.191919e-01 2.323232e-01 1.939153e-01 -5.711854e-03 1.996271e-01
9.292929e-01 2.323232e-01 1.919664e-01 -5.713522e-03 1.976799e-01
9.393939e-01 2.323232e-01 1.900371e-01 -5.715132e-03 1.957522e-01
9.494949e-01 2.323232e-01 1.881272e-01 -5.716592e-03 1.938438e-01
9.595960e-01 2.323232e-01 1.862365e-01 -5.718261e-03 1.919548e-01
9.696970e-01 2.323232e-01 1.843648e-01 -5.719781e-03 1.900846e-01
9.797980e-01 2.323232e-01 1.825119e-01 -5.721152e-03 1.882331e-01
9.898990e-01 2.323232e-01 1.806776e-01 -5.723387e-03 1.864010e-01
1.000000e+00 2.323232e-01 1.788618e-01 -5.724758e-03 1.845865e-01
0.000000e+00 2.424242e-01 -6.181590e-01 -5.454093e-03 6.127049e-01
1.010101e-02 2.424242e-01 -6.119464e-01 -5.458623e-03 6.064878e-01
2.020202e-02 2.424242e-01 -6.057962e-01 -5.462527e-03 6.003337e-01
3.030303e-02 2.424242e-01 -5.997079e-01 -5.466849e-03 5.942410e-01
4.040404e-02 2.424242e-01 -5.936807e-01 -5.470753e-03 5.882100e-01
5.050505e-02 2.424242e-01 -5.877141e-01 -5.474836e-03 5.822393e-01
6.060606e-02 2.424242e-01 -5.818075e-01 -5.479276e-03 5.763282e-01
7.070707e-02 2.424242e-01 -5.759602e-01 -5.482614e-03 5.704776e-01
8.080808e-02 2.424242e-01 -5.701717e-01 -5.487174e-03 5.646846e-01
9.090909e-02 2.424242e-01 -5.644414e-01 -5.490869e-03 5.589505e-01
1.010101e-01 2.424242e-01 -5.587687e-01 -5.495369e-03 5.532733e-01
1.111111e-01 2.424242e-01 -5.531530e-01 -5.498767e-03 5.476542e-01
1.212121e-01 2.424242e-01 -5.475937e-01 -5.503386e-03 5.420903e-01
1.313131e-01 2.424242e-01 -5.420903e-01 -5.506068e-03 5.365842e-01
1.414141e-01 2.424242e-01 -5.366422e-01 -5.510241e-03 5.311319e-01
1.515152e-01 2.424242e-01 -5.312488e-01 -5.513966e-03 5.257349e-01
1.616162e-01 2.424242e-01 -5.259097e-01 -5.517662e-03 5.203920e-01
1.717172e-01 2.424242e-01 -5.206242e-01 -5.521536e-03 5.151027e-01
1.818182e-01 2.424242e-01 -5.153919e-01 -5.525380e-03 5.098665e-01
1.919192e-01 2.424242e-01 -5.102121e-01 -5.529493e-03 5.046826e-01
2.020202e-01 2.424242e-01 -5.050844e-01 -5.532563e-03 4.995518e-01
2.121212e-01 2.424242e-01 -5.000082e-01 -5.536526e-03 4.944717e-01
2.222222e-01 2.424242e-01 -4.949830e-01 -5.540282e-03 4.894427e-01
2.323232e-01 2.424242e-01 -4.900084e-01 -5.543381e-03 4.844650e-01
2.424242e-01 2.424242e-01 -4.850837e-01 -5.546600e-03 4.795371e-01
2.525253e-01 2.424242e-01 -4.802085e-01 -5.550236e-03 4.746583e-01
2.626263e-01 2.424242e-01 -4.753823e-01 -5.554467e-03 4.698279e-01
2.727273e-01 2.424242e-01 -4.706047e-01 -5.557507e-03 4.650472e-01
2.828283e-01 2.424242e-01 -4.658750e-01 -5.561024e-03 4.603140e-01
2.929293e-01 2.424242e-01 -4.611929e-01 -5.564094e-03 4.556288e-01
3.030303e-01 2.424242e-01 -4.565578e-01 -5.567461e-03 4.509904e-01
3.131313e-01 2.424242e-01 -4.519694e-01 -5.571157e-03 4.463982e-01
3.232323e-01 2.424242e-01 -4.474270e-01 -5.574465e-03 4.418525e-01
3.333333e-01 2.424242e-01 -4.429303e-01 -5.577296e-03 4.373530e-01
3.434343e-01 2.424242e-01 -4.384787e-01 -5.581141e-03 4.328976e-01
3.535354e-01 2.424242e-01 -4.340720e-01 -5.584687e-03 4.284873e-01
3.636364e-01 2.424242e-01 -4.297095e-01 -5.586892e-03 4.241226e-01
3.737374e-01 2.424242e-01 -4.253908e-01 -5.590677e-03 4.198001e-01
3.838384e-01 2.424242e-01 -4.211156e-01 -5.593866e-03 4.155217e-01
3.939394e-01 2.424242e-01 -4.168833e-01 -5.596727e-03 4.112866e-01
4.040404e-01 2.424242e-01 -4.126935e-01 -5.599409e-03 4.070941e-01
4.141414e-01 2.424242e-01 -4.085459e-01 -5.602926e-03 4.029430e-01
4.242424e-01 2.424242e-01 -4.044399e-01 -5.606085e-03 3.988339e-01
4.343434e-01 2.424242e-01 -4.003753e-01 -5.609125e-03 3.947661e-01
4.444444e-01 2.424242e-01 -3.963514e-01 -5.612046e-03 3.907394e-01
4.545455e-01 2.424242e-01 -3.923680e-01 -5.614996e-03 3.867530e-01
4.646465e-01 2.424242e-01 -3.884247e-01 -5.618125e-03 3.828065e-01
4.747475e-01 2.424242e-01 -3.845209e-01 -5.621135e-03 3.788998e-01
4.848485e-01 2.424242e-01 -3.806564e-01 -5.623668e-03 3.750328e-01
4.949495e-01 2.424242e-01 -3.768308e-01 -5.626261e-03 3.712045e-01
5.050505e-01 2.424242e-01 -3.730436e-01 -5.629212e-03 3.674143e-01
5.151515e-01 2.424242e-01 -3.692944e-01 -5.631834e-03 3.636626e-01
5.252525e-01 2.424242e-01 -3.655829e-01 -5.634487e-03 3.599484e-01
5.353535e-01 2.424242e-01 -3.619088e-01 -5.637437e-03 3.562713e-01
5.454545e-01 2.424242e-01 -3.582715e-01 -5.639851e-03 3.526317e-01
5.555556e-01 2.424242e-01 -3.546708e-01 -5.642325e-03 3.490285e-01
5.656566e-01 2.424242e-01 -3.511063e-01 -5.645365e-03 3.454610e-01
5.757576e-01 2.424242e-01 -3.475777e-01 -5.647808e-03 3.419298e-01
5.858586e-01 2.424242e-01 -3.440844e-01 -5.650133e-03 3.384343e-01
5.959596e-01 2.424242e-01 -3.406263e-01 -5.652398e-03 3.349739e-01
6.060606e-01 2.424242e-01 -3.372030e-01 -5.655676e-03 3.315473e-01
6.161616e-01 2.424242e-01 -3.338140e-01 -5.657822e-03 3.281562e-01
6.262626e-01 2.424242e-01 -3.304592e-01 -5.660325e-03 3.247988e-01
6.363636e-01 2.424242e-01 -3.271380e-01 -5.662590e-03 3.214754e-01
6.464646e-01 2.424242e-01 -3.238502e-01 -5.665570e-03 3.181846e-01
6.565657e-01 2.424242e-01 -3.205954e-01 -5.667150e-03 3.149283e-01
6.666667e-01 2.424242e-01 -3.173734e-01 -5.669028e-03 3.117044e-01
6.767677e-01 2.424242e-01 -3.141838e-01 -5.671531e-03 3.085122e-01
6.868687e-01 2.424242e-01 -3.110262e-01 -5.673945e-03 3.053522e-01
6.969697e-01 2.424242e-01 -3.079003e-01 -5.676240e-03 3.022240e-01
7.070707e-01 2.424242e-01 -3.048058e-01 -5.678445e-03 2.991274e-01
7.171717e-01 2.424242e-01 -3.017425e-01 -5.680501e-03 2.960620e-01
7.272727e-01 2.424242e-01 -2.987099e-01 -5.682558e-03 2.930274e-01
7.373737e-01 2.424242e-01 -2.957078e-01 -5.684614e-03 2.900232e-01
7.474747e-01 2.424242e-01 -2.927359e-01 -5.686939e-03 2.870490e-01
7.575758e-01 2.424242e-01 -2.897939e-01 -5.689234e-03 2.841047e-01
7.676768e-01 2.424242e-01 -2.868814e-01 -5.691081e-03 2.811903e-01
7.777778e-01 2.424242e-01 -2.839982e-01 -5.693853e-03 2.783043e-01
7.878788e-01 2.424242e-01 -2.811440e-01 -5.694628e-03 2.754493e-01
7.979798e-01 2.424242e-01 -2.783184e-01 -5.697101e-03 2.726213e-01
8.080808e-01 2.424242e-01 -2.755213e-01 -5.699128e-03 2.698222e-01
8.181818e-01 2.424242e-01 -2.727522e-01 -5.700797e-03 2.670515e-01
8.282828e-01 2.424242e-01 -2.700110e-01 -5.702913e-03 2.643081e-01
8.383838e-01 2.424242e-01 -2.672974e-01 -5.704463e-03 2.615929e-01
8.484848e-01 2.424242e-01 -2.646110e-01 -5.706877e-03 2.589041e-01
8.585859e-01 2.424242e-01 -2.619516e-01 -5.708605e-03 2.562430e-01
8.686869e-01 2.424242e-01 -2.593190e-01 -5.710423e-03 2.536085e-01
8.787879e-01 2.424242e-01 -2.567128e-01 -5.711764e-03 2.510010e-01
8.888889e-01 2.424242e-01 -2.541328e-01 -5.713731e-03 2.484190e-01
8.989899e-01 2.424242e-01 -2.515787e-01 -5.714983e-03 2.458637e-01
9.090909e-01 2.424242e-01 -2.490503e-01 -5.717337e-03 2.433329e-01
9.191919e-01 2.424242e-01 -2.465473e-01 -5.718678e-03 2.408286e-01
9.292929e-01 2.424242e-01 -2.440694e-01 -5.719990e-03 2.383494e-01
9.393939e-01 2.424242e-01 -2.416165e-01 -5.721748e-03 2.358947e-01
9.494949e-01 2.424242e-01 -2.391882e-01 -5.723238e-03 2.334650e-01
9.595960e-01 2.424242e-01 -2.367843e-01 -5.725056e-03 2.310593e-01
9.696970e-01 2.424242e-01 -2.344046e-01 -5.726427e-03 2.286782e-01
9.797980e-01 2.424242e-01 -2.320488e-01 -5.728215e-03 2.263206e-01
9.898990e-01 2.424242e-01 -2.297167e-01 -5.729258e-03 2.239874e-01
1.000000e+00 2.424242e-01 -2.274080e-01 -5.730838e-03 2.216771e-01
0.000000e+00 2.525253e-01 7.345917e-01 -5.467355e-03 7.400591e-01
1.010101e-02 2.525253e-01 7.272089e-01 -5.471736e-03 7.326807e-01
2.020202e-02 2.525253e-01 7.199004e-01 -5.475730e-03 7.253761e-01
3.030303e-02 2.525253e-01 7.126653e-01 -5.480021e-03 7.181453e-01
4.040404e-02 2.525253e-01 7.055028e-01 -5.483836e-03 7.109867e-01
5.050505e-02 2.525253e-01 6.984124e-01 -5.487412e-03 7.038998e-01
6.060606e-02 2.525253e-01 6.913933e-01 -5.491763e-03 6.968850e-01
7.070707e-02 2.525253e-01 6.844446e-01 -5.495399e-03 6.899400e-01
8.080808e-02 2.525253e-01 6.775659e-01 -5.499750e-03 6.830656e-01
9.090909e-02 2.525253e-01 6.707562e-01 -5.503118e-03 6.762593e-01
1.010101e-01 2.525253e-01 6.640150e-01 -5.507231e-03 6.695222e-01
1.111111e-01 2.525253e-01 6.573415e-01 -5.511135e-03 6.628527e-01
1.212121e-01 2.525253e-01 6.507352e-01 -5.515069e-03 6.562502e-01
1.313131e-01 2.525253e-01 6.441952e-01 -5.518496e-03 6.497137e-01
1.414141e-01 2.525253e-01 6.377209e-01 -5.522311e-03 6.432432e-01
1.515152e-01 2.525253e-01 6.313117e-01 -5.525678e-03 6.368374e-01
1.616162e-01 2.525253e-01 6.249669e-01 -5.529314e-03 6.304962e-01
1.717172e-01 2.525253e-01 6.186859e-01 -5.532980e-03 6.242189e-01
1.818182e-01 2.525253e-01 6.124680e-01 -5.536944e-03 6.180049e-01
1.919192e-01 2.525253e-01 6.063126e-01 -5.540222e-03 6.118528e-01
2.020202e-01 2.525253e-01 6.002190e-01 -5.543977e-03 6.057630e-01
2.121212e-01 2.525253e-01 5.941867e-01 -5.548030e-03 5.997348e-01
2.222222e-01 2.525253e-01 5.882151e-01 -5.551010e-03 5.937661e-01
2.323232e-01 2.525253e-01 5.823034e-01 -5.554914e-03 5.878583e-01
2.424242e-01 2.525253e-01 5.764512e-01 -5.558461e-03 5.820096e-01
2.525253e-01 2.525253e-01 5.706577e-01 -5.561471e-03 5.762192e-01
2.626263e-01 2.525253e-01 5.649225e-01 -5.565375e-03 5.704879e-01
2.727273e-01 2.525253e-01 5.592450e-01 -5.568773e-03 5.648137e-01
2.828283e-01 2.525253e-01 5.536244e-01 -5.572349e-03 5.591968e-01
2.929293e-01 2.525253e-01 5.480604e-01 -5.575329e-03 5.536358e-01
3.030303e-01 2.525253e-01 5.425523e-01 -5.578071e-03 5.481304e-01
3.131313e-01 2.525253e-01 5.370996e-01 -5.581290e-03 5.426809e-01
3.232323e-01 2.525253e-01 5.317016e-01 -5.585223e-03 5.372869e-01
3.333333e-01 2.525253e-01 5.263580e-01 -5.588323e-03 5.319463e-01
3.434343e-01 2.525253e-01 5.210680e-01 -5.591035e-03 5.266590e-01
3.535354e-01 2.525253e-01 5.158312e-01 -5.594790e-03 5.214259e-01
3.636364e-01 2.525253e-01 5.106470e-01 -5.597502e-03 5.162445e-01
3.737374e-01 2.525253e-01 5.055149e-01 -5.600780e-03 5.111157e-01
3.838384e-01 2.525253e-01 5.004344e-01 -5.603820e-03 5.060382e-01
3.939394e-01 2.525253e-01 4.954049e-01 -5.606622e-03 5.010115e-01
4.040404e-01 2.525253e-01 4.904260e-01 -5.609691e-03 4.960357e-01
4.141414e-01 2.525253e-01 4.854972e-01 -5.612880e-03 4.911100e-01
4.242424e-01 2.525253e-01 4.806178e-01 -5.616158e-03 4.862340e-01
4.343434e-01 2.525253e-01 4.757875e-01 -5.618155e-03 4.814057e-01
4.444444e-01 2.525253e-01 4.710058e-01 -5.621403e-03 4.766272e-01
4.545455e-01 2.525253e-01 4.662721e-01 -5.624592e-03 4.718967e-01
4.646465e-01 2.525253e-01 4.615860e-01 -5.627602e-03 4.672136e-01
4.747475e-01 2.525253e-01 4.569470e-01 -5.629987e-03 4.625770e-01
4.848485e-01 2.525253e-01 4.523546e-01 -5.632669e-03 4.579873e-01
4.949495e-01 2.525253e-01 4.478084e-01 -5.635232e-03 4.534436e-01
5.050505e-01 2.525253e-01 4.433078e-01 -5.638361e-03 4.489462e-01
5.151515e-01 2.525253e-01 4.388525e-01 -5.641252e-03 4.444937e-01
5.252525e-01 2.525253e-01 4.344419e-01 -5.644083e-03 4.400860e-01
5.353535e-01 2.525253e-01 4.300757e-01 -5.645782e-03 4.357215e-01
5.454545e-01 2.525253e-01 4.257534e-01 -5.648583e-03 4.314020e-01
5.555556e-01 2.525253e-01 4.214745e-01 -5.651623e-03 4.271261e-01
5.656566e-01 2.525253e-01 4.172386e-01 -5.654484e-03 4.228931e-01
5.757576e-01 2.525253e-01 4.130453e-01 -5.656481e-03 4.187018e-01
5.858586e-01 2.525253e-01 4.088941e-01 -5.659342e-03 4.145535e-01
5.959596e-01 2.525253e-01 4.047847e-01 -5.661428e-03 4.104461e-01
6.060606e-01 2.525253e-01 4.007165e-01 -5.664051e-03 4.063806e-01
6.161616e-01 2.525253e-01 3.966893e-01 -5.666584e-03 4.023558e-01
6.262626e-01 2.525253e-01 3.927025e-01 -5.668402e-03 3.983709e-01
6.363636e-01 2.525253e-01 3.887557e-01 -5.670696e-03 3.944264e-01
6.464646e-01 2.525253e-01 3.848487e-01 -5.673081e-03 3.905218e-01
6.565657e-01 2.525253e-01 3.809809e-01 -5.675256e-03 3.866561e-01
6.666667e-01 2.525253e-01 3.771520e-01 -5.677611e-03 3.828296e-01
6.767677e-01 2.525253e-01 3.733615e-01 -5.679935e-03 3.790415e-01
6.868687e-01 2.525253e-01 3.696092e-01 -5.682319e-03 3.752915e-01
6.969697e-01 2.525253e-01 3.658945e-01 -5.684108e-03 3.715786e-01
7.070707e-01 2.525253e-01 3.622172e-01 -5.686671e-03 3.679039e-01
7.171717e-01 2.525253e-01 3.585769e-01 -5.688518e-03 3.642654e-01
7.272727e-01 2.525253e-01 3.549731e-01 -5.690515e-03 3.606637e-01
7.373737e-01 2.525253e-01 3.514056e-01 -5.692333e-03 3.570979e-01
7.474747e-01 2.525253e-01 3.478739e-01 -5.694240e-03 3.535682e-01
7.575758e-01 2.525253e-01 3.443777e-01 -5.696446e-03 3.500742e-01
7.676768e-01 2.525253e-01 3.409167e-01 -5.698979e-03 3.466156e-01
7.777778e-01 2.525253e-01 3.374904e-01 -5.700856e-03 3.431913e-01
7.878788e-01 2.525253e-01 3.340986e-01 -5.702645e-03 3.398012e-01
7.979798e-01 2.525253e-01 3.307408e-01 -5.704612e-03 3.364454e-01
8.080808e-01 2.525253e-01 3.274168e-01 -5.706280e-03 3.331231e-01
8.181818e-01 2.525253e-01 3.241262e-01 -5.707890e-03 3.298341e-01
8.282828e-01 2.525253e-01 3.208687e-01 -5.710155e-03 3.265789e-01
8.383838e-01 2.525253e-01 3.176439e-01 -5.711585e-03 3.233555e-01
8.484848e-01 2.525253e-01 3.144515e-01 -5.714029e-03 3.201656e-01
8.585859e-01 2.525253e-01 3.112913e-01 -5.715251e-03 3.170065e-01
8.686869e-01 2.525253e-01 3.081627e-01 -5.717397e-03 3.138801e-01
8.787879e-01 2.525253e-01 3.050656e-01 -5.718708e-03 3.107843e-01
8.888889e-01 2.525253e-01 3.019997e-01 -5.720705e-03 3.077204e-01
8.989899e-01 2.525253e-01 2.989645e-01 -5.722225e-03 3.046868e-01
9.090909e-01 2.525253e-01 2.959599e-01 -5.723804e-03 3.016837e-01
9.191919e-01 2.525253e-01 2.929854e-01 -5.725235e-03 2.987107e-01
9.292929e-01 2.525253e-01 2.900409e-01 -5.726665e-03 2.957676e-01
9.393939e-01 2.525253e-01 2.871259e-01 -5.728394e-03 2.928543e-01
9.494949e-01 2.525253e-01 2.842403e-01 -5.729795e-03 2.899701e-01
9.595960e-01 2.525253e-01 2.813836e-01 -5.731076e-03 2.871147e-01
9.696970e-01 2.525253e-01 2.785557e-01 -5.732745e-03 2.842884e-01
9.797980e-01 2.525253e-01 2.757561e-01 -5.734503e-03 2.814906e-01
9.898990e-01 2.525253e-01 2.729847e-01 -5.735844e-03 2.787206e-01
1.000000e+00 2.525253e-01 2.702412e-01 -5.737096e-03 2.759783e-01
0.000000e+00 2.626263e-01 -8.325699e-01 -5.480766e-03 8.270891e-01
1.010101e-02 2.626263e-01 -8.242024e-01 -5.484253e-03 8.187181e-01
2.020202e-02 2.626263e-01 -8.159190e-01 -5.488932e-03 8.104301e-01
3.030303e-02 2.626263e-01 -8.077189e-01 -5.492449e-03 8.022264e-01
4.040404e-02 2.626263e-01 -7.996012e-01 -5.496234e-03 7.941050e-01
5.050505e-02 2.626263e-01 -7.915651e-01 -5.500346e-03 7.860647e-01
6.060606e-02 2.626263e-01 -7.836097e-01 -5.504459e-03 7.781052e-01
7.070707e-02 2.626263e-01 -7.757343e-01 -5.507916e-03 7.702264e-01
8.080808e-02 2.626263e-01 -7.679380e-01 -5.511910e-03 7.624261e-01
9.090909e-02 2.626263e-01 -7.602201e-01 -5.515426e-03 7.547047e-01
1.010101e-01 2.626263e-01 -7.525798e-01 -5.519420e-03 7.470604e-01
1.111111e-01 2.626263e-01 -7.450162e-01 -5.524069e-03 7.394922e-01
1.212121e-01 2.626263e-01 -7.375287e-01 -5.527109e-03 7.320016e-01
1.313131e-01 2.626263e-01 -7.301164e-01 -5.530387e-03 7.245860e-01
1.414141e-01 2.626263e-01 -7.227786e-01 -5.533874e-03 7.172448e-01
1.515152e-01 2.626263e-01 -7.155146e-01 -5.537361e-03 7.099772e-01
1.616162e-01 2.626263e-01 -7.083235e-01 -5.541295e-03 7.027822e-01
1.717172e-01 2.626263e-01 -7.012048e-01 -5.544752e-03 6.956600e-01
1.818182e-01 2.626263e-01 -6.941575e-01 -5.547971e-03 6.886096e-01
1.919192e-01 2.626263e-01 -6.871811e-01 -5.552441e-03 6.816287e-01
2.020202e-01 2.626263e-01 -6.802749e-01 -5.555511e-03 6.747194e-01
2.121212e-01 2.626263e-01 -6.734380e-01 -5.558997e-03 6.678790e-01
2.222222e-01 2.626263e-01 -6.666698e-01 -5.562663e-03 6.611072e-01
2.323232e-01 2.626263e-01 -6.599697e-01 -5.566031e-03 6.544036e-01
2.424242e-01 2.626263e-01 -6.533369e-01 -5.569279e-03 6.477676e-01
2.525253e-01 2.626263e-01 -6.467707e-01 -5.572826e-03 6.411979e-01
2.626263e-01 2.626263e-01 -6.402706e-01 -5.577117e-03 6.346935e-01
2.727273e-01 2.626263e-01 -6.338358e-01 -5.579740e-03 6.282560e-01
2.828283e-01 2.626263e-01 -6.274656e-01 -5.582631e-03 6.218830e-01
2.929293e-01 2.626263e-01 -6.211595e-01 -5.585939e-03 6.155735e-01
3.030303e-01 2.626263e-01 -6.149167e-01 -5.589515e-03 6.093272e-01
3.131313e-01 2.626263e-01 -6.087367e-01 -5.592555e-03 6.031441e-01
3.232323e-01 2.626263e-01 -6.026188e-01 -5.595475e-03 5.970233e-01
3.333333e-01 2.626263e-01 -5.965624e-01 -5.598575e-03 5.909638e-01
3.434343e-01 2.626263e-01 -5.905668e-01 -5.602270e-03 5.849645e-01
3.535354e-01 2.626263e-01 -5.846315e-01 -5.604893e-03 5.790266e-01
3.636364e-01 2.626263e-01 -5.787559e-01 -5.608350e-03 5.731475e-01
3.737374e-01 2.626263e-01 -5.729393e-01 -5.610913e-03 5.673284e-01
3.838384e-01 2.626263e-01 -5.671812e-01 -5.613714e-03 5.615674e-01
3.939394e-01 2.626263e-01 -5.614809e-01 -5.617052e-03 5.558638e-01
4.040404e-01 2.626263e-01 -5.558379e-01 -5.619586e-03 5.502183e-01
4.141414e-01 2.626263e-01 -5.502516e-01 -5.622536e-03 5.446291e-01
4.242424e-01 2.626263e-01 -5.447215e-01 -5.625695e-03 5.390958e-01
4.343434e-01 2.626263e-01 -5.392470e-01 -5.628258e-03 5.336187e-01
4.444444e-01 2.626263e-01 -5.338275e-01 -5.631387e-03 5.281961e-01
4.545455e-01 2.626263e-01 -5.284624e-01 -5.634218e-03 5.228282e-01
4.646465e-01 2.626263e-01 -5.231513e-01 -5.636632e-03 5.175146e-01
4.747475e-01 2.626263e-01 -5.178935e-01 -5.639464e-03 5.122541e-01
4.848485e-01 2.626263e-01 -5.126886e-01 -5.642325e-03 5.070463e-01
4.949495e-01 2.626263e-01 -5.075360e-01 -5.644590e-03 5.018914e-01
5.050505e-01 2.626263e-01 -5.024352e-01 -5.647629e-03 4.967875e-01
5.151515e-01 2.626263e-01 -4.973856e-01 -5.650431e-03 4.917352e-01
5.252525e-01 2.626263e-01 -4.923868e-01 -5.652934e-03 4.867339e-01
5.353535e-01 2.626263e-01 -4.874382e-01 -5.655348e-03 4.817829e-01
5.454545e-01 2.626263e-01 -4.825394e-01 -5.658120e-03 4.768813e-01
5.555556e-01 2.626263e-01 -4.776898e-01 -5.660266e-03 4.720295e-01
5.656566e-01 2.626263e-01 -4.728889e-01 -5.662829e-03 4.672261e-01
5.757576e-01 2.626263e-01 -4.681363e-01 -5.664915e-03 4.624714e-01
5.858586e-01 2.626263e-01 -4.634315e-01 -5.667776e-03 4.577637e-01
5.959596e-01 2.626263e-01 -4.587739e-01 -5.669624e-03 4.531043e-01
6.060606e-01 2.626263e-01 -4.541632e-01 -5.672425e-03 4.484907e-01
6.161616e-01 2.626263e-01 -4.495987e-01 -5.674601e-03 4.439241e-01
6.262626e-01 2.626263e-01 -4.450802e-01 -5.676448e-03 4.394038e-01
6.363636e-01 2.626263e-01 -4.406071e-01 -5.679309e-03 4.349278e-01
6.464646e-01 2.626263e-01 -4.361789e-01 -5.681157e-03 4.304977e-01
6.565657e-01 2.626263e-01 -4.317952e-01 -5.683988e-03 4.261112e-01
6.666667e-01 2.626263e-01 -4.274556e-01 -5.685806e-03 4.217698e-01
6.767677e-01 2.626263e-01 -4.231596e-01 -5.688518e-03 4.174711e-01
6.868687e-01 2.626263e-01 -4.189068e-01 -5.690128e-03 4.132167e-01
6.969697e-01 2.626263e-01 -4.146967e-01 -5.692452e-03 4.090043e-01
7.070707e-01 2.626263e-01 -4.105289e-01 -5.694330e-03 4.048346e-01
7.171717e-01 2.626263e-01 -4.064031e-01 -5.696565e-03 4.007065e-01
7.272727e-01 2.626263e-01 -4.023186e-01 -5.698651e-03 3.966200e-01
7.373737e-01 2.626263e-01 -3.982753e-01 -5.700678e-03 3.925746e-01
7.474747e-01 2.626263e-01 -3.942725e-01 -5.702287e-03 3.885702e-01
7.575758e-01 2.626263e-01 -3.903100e-01 -5.704015e-03 3.846060e-01
7.676768e-01 2.626263e-01 -3.863873e-01 -5.706519e-03 3.806808e-01
7.777778e-01 2.626263e-01 -3.825041e-01 -5.708188e-03 3.767959e-01
7.878788e-01 2.626263e-01 -3.786599e-01 -5.710065e-03 3.729498e-01
7.979798e-01 2.626263e-01 -3.748543e-01 -5.711645e-03 3.691426e-01
8.080808e-01 2.626263e-01 -3.710869e-01 -5.713463e-03 3.653735e-01
8.181818e-01 2.626263e-01 -3.673574e-01 -5.715311e-03 3.616421e-01
8.282828e-01 2.626263e-01 -3.636654e-01 -5.716860e-03 3.579486e-01
8.383838e-01 2.626263e-01 -3.600105e-01 -5.719572e-03 3.542910e-01
8.484848e-01 2.626263e-01 -3.563924e-01 -5.720943e-03 3.506714e-01
8.585859e-01 2.626263e-01 -3.528106e-01 -5.722195e-03 3.470884e-01
8.686869e-01 2.626263e-01 -3.492648e-01 -5.724043e-03 3.435407e-01
8.787879e-01 2.626263e-01 -3.457546e-01 -5.726010e-03 3.400286e-01
8.888889e-01 2.626263e-01 -3.422797e-01 -5.727321e-03 3.365524e-01
8.989899e-01 2.626263e-01 -3.388397e-01 -5.728692e-03 3.331110e-01
9.090909e-01 2.626263e-01 -3.354343e-01 -5.730242e-03 3.297041e-01
9.191919e-01 2.626263e-01 -3.320632e-01 -5.732059e-03 3.263311e-01
9.292929e-01 2.626263e-01 -3.287259e-01 -5.733252e-03 3.229926e-01
9.393939e-01 2.626263e-01 -3.254221e-01 -5.735248e-03 3.196869e-01
9.494949e-01 2.626263e-01 -3.221516e-01 -5.736232e-03 3.164153e-01
9.595960e-01 2.626263e-01 -3.189139e-01 -5.737871e-03 3.131760e-01
9.696970e-01 2.626263e-01 -3.157088e-01 -5.739540e-03 3.099692e-01
9.797980e-01 2.626263e-01 -3.125358e-01 -5.740672e-03 3.067952e-01
9.898990e-01 2.626263e-01 -3.093948e-01 -5.742013e-03 3.036528e-01
1.000000e+00 2.626263e-01 -3.062853e-01 -5.743533e-03 3.005418e-01
0.000000e+00 2.727273e-01 9.096320e-01 -5.493551e-03 9.151255e-01
1.010101e-02 2.727273e-01 9.004900e-01 -5.497336e-03 9.059874e-01
2.020202e-02 2.727273e-01 8.914400e-01 -5.501121e-03 8.969411e-01
3.030303e-02 2.727273e-01 8.824808e-01 -5.505681e-03 8.879865e-01
4.040404e-02 2.727273e-01 8.736118e-01 -5.509228e-03 8.791210e-01
5.050505e-02 2.727273e-01 8.648318e-01 -5.513161e-03 8.703450e-01
6.060606e-02 2.727273e-01 8.561401e-01 -5.516440e-03 8.616566e-01
7.070707e-02 2.727273e-01 8.475358e-01 -5.520493e-03 8.530563e-01
8.080808e-02 2.727273e-01 8.390179e-01 -5.524307e-03 8.445422e-01
9.090909e-02 2.727273e-01 8.305856e-01 -5.527943e-03 8.361136e-01
1.010101e-01 2.727273e-01 8.222381e-01 -5.531847e-03 8.277700e-01
1.111111e-01 2.727273e-01 8.139745e-01 -5.535662e-03 8.195101e-01
1.212121e-01 2.727273e-01 8.057939e-01 -5.539387e-03 8.113333e-01
1.313131e-01 2.727273e-01 7.976955e-01 -5.542606e-03 8.032381e-01
1.414141e-01 2.727273e-01 7.896786e-01 -5.545735e-03 7.952243e-01
1.515152e-01 2.727273e-01 7.817422e-01 -5.549371e-03 7.872915e-01
1.616162e-01 2.727273e-01 7.738855e-01 -5.553186e-03 7.794387e-01
1.717172e-01 2.727273e-01 7.661078e-01 -5.556613e-03 7.716645e-01
1.818182e-01 2.727273e-01 7.584083e-01 -5.560368e-03 7.639687e-01
1.919192e-01 2.727273e-01 7.507862e-01 -5.563468e-03 7.563497e-01
2.020202e-01 2.727273e-01 7.432407e-01 -5.567253e-03 7.488079e-01
2.121212e-01 2.727273e-01 7.357710e-01 -5.570561e-03 7.413415e-01
2.222222e-01 2.727273e-01 7.283764e-01 -5.573899e-03 7.339503e-01
2.323232e-01 2.727273e-01 7.210561e-01 -5.577177e-03 7.266332e-01
2.424242e-01 2.727273e-01 7.138093e-01 -5.580455e-03 7.193898e-01
2.525253e-01 2.727273e-01 7.066354e-01 -5.583912e-03 7.122193e-01
2.626263e-01 2.727273e-01 6.995336e-01 -5.587667e-03 7.051213e-01
2.727273e-01 2.727273e-01 6.925032e-01 -5.590230e-03 6.980934e-01
2.828283e-01 2.727273e-01 6.855434e-01 -5.593985e-03 6.911374e-01
2.929293e-01 2.727273e-01 6.786536e-01 -5.596399e-03 6.842500e-01
3.030303e-01 2.727273e-01 6.718330e-01 -5.600125e-03 6.774331e-01
3.131313e-01 2.727273e-01 6.650810e-01 -5.603164e-03 6.706841e-01
3.232323e-01 2.727273e-01 6.583968e-01 -5.605996e-03 6.640028e-01
3.333333e-01 2.727273e-01 6.517798e-01 -5.609512e-03 6.573893e-01
3.434343e-01 2.727273e-01 6.452293e-01 -5.612284e-03 6.508416e-01
3.535354e-01 2.727273e-01 6.387446e-01 -5.615413e-03 6.443601e-01
3.636364e-01 2.727273e-01 6.323252e-01 -5.618274e-03 6.379434e-01
3.737374e-01 2.727273e-01 6.259702e-01 -5.620837e-03 6.315910e-01
3.838384e-01 2.727273e-01 6.196791e-01 -5.623907e-03 6.253030e-01
3.939394e-01 2.727273e-01 6.134512e-01 -5.626827e-03 6.190780e-01
4.040404e-01 2.727273e-01 6.072859e-01 -5.629867e-03 6.129158e-01
4.141414e-01 2.727273e-01 6.011826e-01 -5.632907e-03 6.068155e-01
4.242424e-01 2.727273e-01 5.951406e-01 -5.635470e-03 6.007761e-01
4.343434e-01 2.727273e-01 5.891593e-01 -5.638033e-03 5.947974e-01
4.444444e-01 2.727273e-01 5.832382e-01 -5.641490e-03 5.888797e-01
4.545455e-01 2.727273e-01 5.773766e-01 -5.643874e-03 5.830204e-01
4.646465e-01 2.727273e-01 5.715738e-01 -5.646437e-03 5.772203e-01
4.747475e-01 2.727273e-01 5.658294e-01 -5.649239e-03 5.714787e-01
4.848485e-01 2.727273e-01 5.601427e-01 -5.651861e-03 5.657946e-01
4.949495e-01 2.727273e-01 5.545132e-01 -5.654484e-03 5.601677e-01
5.050505e-01 2.727273e-01 5.489403e-01 -5.656511e-03 5.545968e-01
5.151515e-01 2.727273e-01 5.434233e-01 -5.659133e-03 5.490824e-01
5.252525e-01 2.727273e-01 5.379618e-01 -5.662382e-03 5.436242e-01
5.353535e-01 2.727273e-01 5.325552e-01 -5.664498e-03 5.382197e-01
5.454545e-01 2.727273e-01 5.272029e-01 -5.666256e-03 5.328692e-01
5.555556e-01 2.727273e-01 5.219045e-01 -5.669147e-03 5.275736e-01
5.656566e-01 2.727273e-01 5.166592e-01 -5.671293e-03 5.223305e-01
5.757576e-01 2.727273e-01 5.114667e-01 -5.673766e-03 5.171405e-01
5.858586e-01 2.727273e-01 5.063264e-01 -5.676180e-03 5.120026e-01
5.959596e-01 2.727273e-01 5.012377e-01 -5.678385e-03 5.069161e-01
6.060606e-01 2.727273e-01 4.962002e-01 -5.680472e-03 5.018807e-01
6.161616e-01 2.727273e-01 4.912133e-01 -5.682975e-03 4.968963e-01
6.262626e-01 2.727273e-01 4.862765e-01 -5.685449e-03 4.919620e-01
6.363636e-01 2.727273e-01 4.813894e-01 -5.687952e-03 4.870773e-01
6.464646e-01 2.727273e-01 4.765513e-01 -5.689740e-03 4.822411e-01
6.565657e-01 2.727273e-01 4.717619e-01 -5.691379e-03 4.774533e-01
6.666667e-01 2.727273e-01 4.670206e-01 -5.693823e-03 4.727145e-01
6.767677e-01 2.727273e-01 4.623270e-01 -5.695790e-03 4.680228e-01
6.868687e-01 2.727273e-01 4.576805e-01 -5.698115e-03 4.633787e-01
6.969697e-01 2.727273e-01 4.530808e-01 -5.700350e-03 4.587811e-01
7.070707e-01 2.727273e-01 4.485272e-01 -5.702406e-03 4.542296e-01
7.171717e-01 2.727273e-01 4.440195e-01 -5.704671e-03 4.497241e-01
7.272727e-01 2.727273e-01 4.395570e-01 -5.706668e-03 4.452637e-01
7.373737e-01 2.727273e-01 4.351394e-01 -5.708724e-03 4.408481e-01
7.474747e-01 2.727273e-01 4.307662e-01 -5.710512e-03 4.364767e-01
7.575758e-01 2.727273e-01 4.264369e-01 -5.712241e-03 4.321491e-01
7.676768e-01 2.727273e-01 4.221511e-01 -5.713522e-03 4.278646e-01
7.777778e-01 2.727273e-01 4.179084e-01 -5.715102e-03 4.236235e-01
7.878788e-01 2.727273e-01 4.137084e-01 -5.717605e-03 4.194260e-01
7.979798e-01 2.727273e-01 4.095505e-01 -5.719185e-03 4.152697e-01
8.080808e-01 2.727273e-01 4.054345e-01 -5.720645e-03 4.111551e-01
8.181818e-01 2.727273e-01 4.013598e-01 -5.722880e-03 4.070827e-01
8.282828e-01 2.727273e-01 3.973261e-01 -5.724609e-03 4.030507e-01
8.383838e-01 2.727273e-01 3.933329e-01 -5.726188e-03 3.990591e-01
8.484848e-01 2.727273e-01 3.893798e-01 -5.727619e-03 3.951074e-01
8.585859e-01 2.727273e-01 3.854665e-01 -5.729169e-03 3.911957e-01
8.686869e-01 2.727273e-01 3.815925e-01 -5.730808e-03 3.873233e-01
8.787879e-01 2.727273e-01 3.777574e-01 -5.732268e-03 3.834897e-01
8.888889e-01 2.727273e-01 3.739609e-01 -5.734473e-03 3.796954e-01
8.989899e-01 2.727273e-01 3.702025e-01 -5.735368e-03 3.759379e-01
9.090909e-01 2.727273e-01 3.664819e-01 -5.737573e-03 3.722195e-01
9.191919e-01 2.727273e-01 3.627987e-01 -5.738437e-03 3.685372e-01
9.292929e-01 2.727273e-01 3.591525e-01 -5.740196e-03 3.648927e-01
9.393939e-01 2.727273e-01 3.555430e-01 -5.741417e-03 3.612844e-01
9.494949e-01 2.727273e-01 3.519697e-01 -5.743176e-03 3.577129e-01
9.595960e-01 2.727273e-01 3.484324e-01 -5.744308e-03 3.541767e-01
9.696970e-01 2.727273e-01 3.449306e-01 -5.745590e-03 3.506762e-01
9.797980e-01 2.727273e-01 3.414640e-01 -5.747408e-03 3.472114e-01
9.898990e-01 2.727273e-01 3.380322e-01 -5.748481e-03 3.437807e-01
1.000000e+00 2.727273e-01 3.346349e-01 -5.749732e-03 3.403846e-01
0.000000e+00 2.828283e-01 -9.638422e-01 -5.506426e-03 9.583357e-01
1.010101e-02 2.828283e-01 -9.541554e-01 -5.509555e-03 9.486458e-01
2.020202e-02 2.828283e-01 -9.445660e-01 -5.514234e-03 9.390517e-01
3.030303e-02 2.828283e-01 -9.350729e-01 -5.517662e-03 9.295553e-01
4.040404e-02 2.828283e-01 -9.256753e-01 -5.521566e-03 9.201537e-01
5.050505e-02 2.828283e-01 -9.163721e-01 -5.524665e-03 9.108474e-01
6.060606e-02 2.828283e-01 -9.071624e-01 -5.529195e-03 9.016332e-01
7.070707e-02 2.828283e-01 -8.980453e-01 -5.532593e-03 8.925127e-01
8.080808e-02 2.828283e-01 -8.890198e-01 -5.536169e-03 8.834836e-01
9.090909e-02 2.828283e-01 -8.800850e-01 -5.540162e-03 8.745448e-01
1.010101e-01 2.828283e-01 -8.712400e-01 -5.543977e-03 8.656960e-01
1.111111e-01 2.828283e-01 -8.624839e-01 -5.547613e-03 8.569362e-01
1.212121e-01 2.828283e-01 -8.538158e-01 -5.551130e-03 8.482646e-01
1.313131e-01 2.828283e-01 -8.452348e-01 -5.554199e-03 8.396806e-01
1.414141e-01 2.828283e-01 -8.367400e-01 -5.558282e-03 8.311817e-01
1.515152e-01 2.828283e-01 -8.283306e-01 -5.561262e-03 8.227694e-01
1.616162e-01 2.828283e-01 -8.200058e-01 -5.565315e-03 8.144405e-01
1.717172e-01 2.828283e-01 -8.117646e-01 -5.567640e-03 8.061969e-01
1.818182e-01 2.828283e-01 -8.036062e-01 -5.571783e-03 7.980344e-01
1.919192e-01 2.828283e-01 -7.955298e-01 -5.575031e-03 7.899548e-01
2.020202e-01 2.828283e-01 -7.875346e-01 -5.578607e-03 7.819560e-01
2.121212e-01 2.828283e-01 -7.796198e-01 -5.581826e-03 7.740379e-01
2.222222e-01 2.828283e-01 -7.717845e-01 -5.584896e-03 7.661996e-01
2.323232e-01 2.828283e-01 -7.640279e-01 -5.588144e-03 7.584398e-01
2.424242e-01 2.828283e-01 -7.563493e-01 -5.591482e-03 7.507578e-01
2.525253e-01 2.828283e-01 -7.487479e-01 -5.594760e-03 7.431531e-01
2.626263e-01 2.828283e-01 -7.412228e-01 -5.597919e-03 7.356249e-01
2.727273e-01 2.828283e-01 -7.337734e-01 -5.601317e-03 7.281721e-01
2.828283e-01 2.828283e-01 -7.263989e-01 -5.604088e-03 7.207948e-01
2.929293e-01 2.828283e-01 -7.190984e-01 -5.607158e-03 7.134913e-01
3.030303e-01 2.828283e-01 -7.118714e-01 -5.610347e-03 7.062610e-01
3.131313e-01 2.828283e-01 -7.047169e-01 -5.613476e-03 6.991035e-01
3.232323e-01 2.828283e-01 -6.976344e-01 -5.616456e-03 6.920180e-01
3.333333e-01 2.828283e-01 -6.906231e-01 -5.619347e-03 6.850037e-01
3.434343e-01 2.828283e-01 -6.836822e-01 -5.622655e-03 6.780596e-01
3.535354e-01 2.828283e-01 -6.768111e-01 -5.625486e-03 6.711856e-01
3.636364e-01 2.828283e-01 -6.700090e-01 -5.627662e-03 6.643814e-01
3.737374e-01 2.828283e-01 -6.632753e-01 -5.631298e-03 6.576440e-01
3.838384e-01 2.828283e-01 -6.566093e-01 -5.634040e-03 6.509753e-01
3.939394e-01 2.828283e-01 -6.500103e-01 -5.636692e-03 6.443736e-01
4.040404e-01 2.828283e-01 -6.434776e-01 -5.640000e-03 6.378376e-01
4.141414e-01 2.828283e-01 -6.370105e-01 -5.642146e-03 6.313683e-01
4.242424e-01 2.828283e-01 -6.306084e-01 -5.644590e-03 6.249638e-01
4.343434e-01 2.828283e-01 -6.242707e-01 -5.647749e-03 6.186230e-01
4.444444e-01 2.828283e-01 -6.179967e-01 -5.650133e-03 6.123466e-01
4.545455e-01 2.828283e-01 -6.117857e-01 -5.653113e-03 6.061326e-01
4.646465e-01 2.828283e-01 -6.056372e-01 -5.655378e-03 5.999818e-01
4.747475e-01 2.828283e-01 -5.995504e-01 -5.658150e-03 5.938923e-01
4.848485e-01 2.828283e-01 -5.935248e-01 -5.660713e-03 5.878641e-01
4.949495e-01 2.828283e-01 -5.875598e-01 -5.662769e-03 5.818970e-01
5.050505e-01 2.828283e-01 -5.816547e-01 -5.665451e-03 5.759893e-01
5.151515e-01 2.828283e-01 -5.758090e-01 -5.668044e-03 5.701410e-01
5.252525e-01 2.828283e-01 -5.700220e-01 -5.670667e-03 5.643514e-01
5.353535e-01 2.828283e-01 -5.642932e-01 -5.672932e-03 5.586203e-01
5.454545e-01 2.828283e-01 -5.586220e-01 -5.675465e-03 5.529465e-01
5.555556e-01 2.828283e-01 -5.530077e-01 -5.677342e-03 5.473304e-01
5.656566e-01 2.828283e-01 -5.474499e-01 -5.679548e-03 5.417704e-01
5.757576e-01 2.828283e-01 -5.419480e-01 -5.682498e-03 5.362655e-01
5.858586e-01 2.828283e-01 -5.365013e-01 -5.684853e-03 5.308164e-01
5.959596e-01 2.828283e-01 -5.311094e-01 -5.687118e-03 5.254222e-01
6.060606e-01 2.828283e-01 -5.257716e-01 -5.689621e-03 5.200820e-01
6.161616e-01 2.828283e-01 -5.204875e-01 -5.691290e-03 5.147962e-01
6.262626e-01 2.828283e-01 -5.152565e-01 -5.693585e-03 5.095630e-01
6.363636e-01 2.828283e-01 -5.100781e-01 -5.695969e-03 5.043822e-01
6.464646e-01 2.828283e-01 -5.049518e-01 -5.698025e-03 4.992537e-01
6.565657e-01 2.828283e-01 -4.998769e-01 -5.699962e-03 4.941769e-01
6.666667e-01 2.828283e-01 -4.948531e-01 -5.701870e-03 4.891512e-01
6.767677e-01 2.828283e-01 -4.898797e-01 -5.703837e-03 4.841759e-01
6.868687e-01 2.828283e-01 -4.849563e-01 -5.705923e-03 4.792504e-01
6.969697e-01 2.828283e-01 -4.800824e-01 -5.708218e-03 4.743742e-01
7.070707e-01 2.828283e-01 -4.752575e-01 -5.710036e-03 4.695475e-01
7.171717e-01 2.828283e-01 -4.704811e-01 -5.712122e-03 4.647690e-01
7.272727e-01 2.828283e-01 -4.657527e-01 -5.714029e-03 4.600387e-01
7.373737e-01 2.828283e-01 -4.610718e-01 -5.715638e-03 4.553562e-01
7.474747e-01 2.828283e-01 -4.564380e-01 -5.717456e-03 4.507205e-01
7.575758e-01 2.828283e-01 -4.518507e-01 -5.719364e-03 4.461313e-01
7.676768e-01 2.828283e-01 -4.473095e-01 -5.721182e-03 4.415883e-01
7.777778e-01 2.828283e-01 -4.428140e-01 -5.722940e-03 4.370910e-01
7.878788e-01 2.828283e-01 -4.383636e-01 -5.724818e-03 4.326388e-01
7.979798e-01 2.828283e-01 -4.339580e-01 -5.725980e-03 4.282320e-01
8.080808e-01 2.828283e-01 -4.295966e-01 -5.728006e-03 4.238686e-01
8.181818e-01 2.828283e-01 -4.252791e-01 -5.730301e-03 4.195488e-01
8.282828e-01 2.828283e-01 -4.210050e-01 -5.731046e-03 4.152740e-01
8.383838e-01 2.828283e-01 -4.167738e-01 -5.732834e-03 4.110410e-01
8.484848e-01 2.828283e-01 -4.125852e-01 -5.734295e-03 4.068509e-01
8.585859e-01 2.828283e-01 -4.084386e-01 -5.736202e-03 4.027024e-01
8.686869e-01 2.828283e-01 -4.043338e-01 -5.737603e-03 3.985962e-01
8.787879e-01 2.828283e-01 -4.002701e-01 -5.739272e-03 3.945309e-01
8.888889e-01 2.828283e-01 -3.962474e-01 -5.740523e-03 3.905068e-01
8.989899e-01 2.828283e-01 -3.922650e-01 -5.742162e-03 3.865228e-01
9.090909e-01 2.828283e-01 -3.883227e-01 -5.743235e-03 3.825794e-01
9.191919e-01 2.828283e-01 -3.844200e-01 -5.744934e-03 3.786750e-01
9.292929e-01 2.828283e-01 -3.805565e-01 -5.746573e-03 3.748099e-01
9.393939e-01 2.828283e-01 -3.767318e-01 -5.747825e-03 3.709840e-01
9.494949e-01 2.828283e-01 -3.729456e-01 -5.749106e-03 3.671965e-01
9.595960e-01 2.828283e-01 -3.691974e-01 -5.750388e-03 3.634471e-01
9.696970e-01 2.828283e-01 -3.654870e-01 -5.751699e-03 3.597353e-01
9.797980e-01 2.828283e-01 -3.618137e-01 -5.752951e-03 3.560608e-01
9.898990e-01 2.828283e-01 -3.581775e-01 -5.754441e-03 3.524230e-01
1.000000e+00 2.828283e-01 -3.545777e-01 -5.756170e-03 3.488215e-01
0.000000e+00 2.929293e-01 9.938385e-01 -5.519450e-03 9.993579e-01
1.010101e-02 2.929293e-01 9.838502e-01 -5.522758e-03 9.893730e-01
2.020202e-02 2.929293e-01 9.739624e-01 -5.526334e-03 9.794887e-01
3.030303e-02 2.929293e-01 9.641739e-01 -5.530506e-03 9.697044e-01
4.040404e-02 2.929293e-01 9.544838e-01 -5.533665e-03 9.600174e-01
5.050505e-02 2.929293e-01 9.448911e-01 -5.537391e-03 9.504284e-01
6.060606e-02 2.929293e-01 9.353947e-01 -5.541444e-03 9.409362e-01
7.070707e-02 2.929293e-01 9.259939e-01 -5.545646e-03 9.315395e-01
8.080808e-02 2.929293e-01 9.166875e-01 -5.549163e-03 9.222366e-01
9.090909e-02 2.929293e-01 9.074746e-01 -5.552351e-03 9.130270e-01
1.010101e-01 2.929293e-01 8.983543e-01 -5.555600e-03 9.039099e-01
1.111111e-01 2.929293e-01 8.893257e-01 -5.559355e-03 8.948851e-01
1.212121e-01 2.929293e-01 8.803879e-01 -5.562901e-03 8.859508e-01
1.313131e-01 2.929293e-01 8.715398e-01 -5.566120e-03 8.771059e-01
1.414141e-01 2.929293e-01 8.627807e-01 -5.569965e-03 8.683507e-01
1.515152e-01 2.929293e-01 8.541096e-01 -5.572796e-03 8.596824e-01
1.616162e-01 2.929293e-01 8.455257e-01 -5.576402e-03 8.511021e-01
1.717172e-01 2.929293e-01 8.370280e-01 -5.580038e-03 8.426080e-01
1.818182e-01 2.929293e-01 8.286157e-01 -5.583048e-03 8.341988e-01
1.919192e-01 2.929293e-01 8.202880e-01 -5.586833e-03 8.258748e-01
2.020202e-01 2.929293e-01 8.120440e-01 -5.589932e-03 8.176339e-01
2.121212e-01 2.929293e-01 8.038828e-01 -5.592614e-03 8.094754e-01
2.222222e-01 2.929293e-01 7.958036e-01 -5.596012e-03 8.013996e-01
2.323232e-01 2.929293e-01 7.878057e-01 -5.599082e-03 7.934048e-01
2.424242e-01 2.929293e-01 7.798881e-01 -5.602032e-03 7.854901e-01
2.525253e-01 2.929293e-01 7.720501e-01 -5.605996e-03 7.776561e-01
2.626263e-01 2.929293e-01 7.642909e-01 -5.608529e-03 7.698994e-01
2.727273e-01 2.929293e-01 7.566096e-01 -5.611390e-03 7.622210e-01
2.828283e-01 2.929293e-01 7.490056e-01 -5.614460e-03 7.546200e-01
2.929293e-01 2.929293e-01 7.414779e-01 -5.617827e-03 7.470958e-01
3.030303e-01 2.929293e-01 7.340259e-01 -5.620569e-03 7.396465e-01
3.131313e-01 2.929293e-01 7.266489e-01 -5.623996e-03 7.322729e-01
3.232323e-01 2.929293e-01 7.193459e-01 -5.626947e-03 7.249729e-01
3.333333e-01 2.929293e-01 7.121164e-01 -5.630016e-03 7.177464e-01
3.434343e-01 2.929293e-01 7.049595e-01 -5.632997e-03 7.105925e-01
3.535354e-01 2.929293e-01 6.978745e-01 -5.635887e-03 7.035104e-01
3.636364e-01 2.929293e-01 6.908608e-01 -5.637974e-03 6.964987e-01
3.737374e-01 2.929293e-01 6.839175e-01 -5.641192e-03 6.895587e-01
3.838384e-01 2.929293e-01 6.770440e-01 -5.643755e-03 6.826878e-01
3.939394e-01 2.929293e-01 6.702396e-01 -5.646080e-03 6.758857e-01
4.040404e-01 2.929293e-01 6.635036e-01 -5.649060e-03 6.691527e-01
4.141414e-01 2.929293e-01 6.568353e-01 -5.651653e-03 6.624869e-01
4.242424e-01 2.929293e-01 6.502340e-01 -5.654246e-03 6.558882e-01
4.343434e-01 2.929293e-01 6.436990e-01 -5.656570e-03 6.493556e-01
4.444444e-01 2.929293e-01 6.372297e-01 -5.659550e-03 6.428893e-01
4.545455e-01 2.929293e-01 6.308255e-01 -5.662113e-03 6.364876e-01
4.646465e-01 2.929293e-01 6.244856e-01 -5.665213e-03 6.301508e-01
4.747475e-01 2.929293e-01 6.182094e-01 -5.667359e-03 6.238767e-01
4.848485e-01 2.929293e-01 6.119963e-01 -5.669743e-03 6.176660e-01
4.949495e-01 2.929293e-01 6.058456e-01 -5.672365e-03 6.115180e-01
5.050505e-01 2.929293e-01 5.997568e-01 -5.675077e-03 6.054318e-01
5.151515e-01 2.929293e-01 5.937291e-01 -5.676895e-03 5.994060e-01
5.252525e-01 2.929293e-01 5.877620e-01 -5.679458e-03 5.934415e-01
5.353535e-01 2.929293e-01 5.818549e-01 -5.682021e-03 5.875369e-01
5.454545e-01 2.929293e-01 5.760072e-01 -5.683541e-03 5.816907e-01
5.555556e-01 2.929293e-01 5.702182e-01 -5.686790e-03 5.759050e-01
5.656566e-01 2.929293e-01 5.644874e-01 -5.688459e-03 5.701759e-01
5.757576e-01 2.929293e-01 5.588142e-01 -5.690664e-03 5.645049e-01
5.858586e-01 2.929293e-01 5.531981e-01 -5.693167e-03 5.588912e-01
5.959596e-01 2.929293e-01 5.476383e-01 -5.695492e-03 5.533338e-01
6.060606e-01 2.929293e-01 5.421345e-01 -5.697578e-03 5.478321e-01
6.161616e-01 2.929293e-01 5.366859e-01 -5.699426e-03 5.423854e-01
6.262626e-01 2.929293e-01 5.312921e-01 -5.701780e-03 5.369939e-01
6.363636e-01 2.929293e-01 5.259526e-01 -5.703986e-03 5.316566e-01
6.464646e-01 2.929293e-01 5.206667e-01 -5.706310e-03 5.263730e-01
6.565657e-01 2.929293e-01 5.154339e-01 -5.708486e-03 5.211424e-01
6.666667e-01 2.929293e-01 5.102537e-01 -5.709738e-03 5.159634e-01
6.767677e-01 2.929293e-01 5.051255e-01 -5.712032e-03 5.108376e-01
6.868687e-01 2.929293e-01 5.000490e-01 -5.713820e-03 5.057628e-01
6.969697e-01 2.929293e-01 4.950234e-01 -5.715847e-03 5.007392e-01
7.070707e-01 2.929293e-01 4.900483e-01 -5.717754e-03 4.957661e-01
7.171717e-01 2.929293e-01 4.851232e-01 -5.719244e-03 4.908425e-01
7.272727e-01 2.929293e-01 4.802477e-01 -5.721360e-03 4.859690e-01
7.373737e-01 2.929293e-01 4.754211e-01 -5.723327e-03 4.811444e-01
7.474747e-01 2.929293e-01 4.706430e-01 -5.725235e-03 4.763683e-01
7.575758e-01 2.929293e-01 4.659130e-01 -5.727112e-03 4.716401e-01
7.676768e-01 2.929293e-01 4.612305e-01 -5.728751e-03 4.669593e-01
7.777778e-01 2.929293e-01 4.565951e-01 -5.730420e-03 4.623255e-01
7.878788e-01 2.929293e-01 4.520062e-01 -5.731970e-03 4.577382e-01
7.979798e-01 2.929293e-01 4.474635e-01 -5.734056e-03 4.531975e-01
8.080808e-01 2.929293e-01 4.429664e-01 -5.735606e-03 4.487020e-01
8.181818e-01 2.929293e-01 4.385145e-01 -5.736649e-03 4.442511e-01
8.282828e-01 2.929293e-01 4.341074e-01 -5.738705e-03 4.398461e-01
8.383838e-01 2.929293e-01 4.297445e-01 -5.739599e-03 4.354841e-01
8.484848e-01 2.929293e-01 4.254255e-01 -5.741537e-03 4.311670e-01
8.585859e-01 2.929293e-01 4.211499e-01 -5.743027e-03 4.268929e-01
8.686869e-01 2.929293e-01 4.169173e-01 -5.744785e-03 4.226621e-01
8.787879e-01 2.929293e-01 4.127272e-01 -5.746275e-03 4.184735e-01
8.888889e-01 2.929293e-01 4.085792e-01 -5.747586e-03 4.143268e-01
8.989899e-01 2.929293e-01 4.044729e-01 -5.749077e-03 4.102220e-01
9.090909e-01 2.929293e-01 4.004079e-01 -5.750388e-03 4.061583e-01
9.191919e-01 2.929293e-01 3.963837e-01 -5.752116e-03 4.021358e-01
9.292929e-01 2.929293e-01 3.924000e-01 -5.753309e-03 3.981533e-01
9.393939e-01 2.929293e-01 3.884563e-01 -5.754441e-03 3.942108e-01
9.494949e-01 2.929293e-01 3.845523e-01 -5.755812e-03 3.903081e-01
9.595960e-01 2.929293e-01 3.806875e-01 -5.757123e-03 3.864446e-01
9.696970e-01 2.929293e-01 3.768615e-01 -5.758494e-03 3.826200e-01
9.797980e-01 2.929293e-01 3.730740e-01 -5.759090e-03 3.788331e-01
9.898990e-01 2.929293e-01 3.693245e-01 -5.761027e-03 3.750855e-01
1.000000e+00 2.929293e-01 3.656127e-01 -5.762309e-03 3.713750e-01
0.000000e+00 3.030303e-01 -9.988673e-01 -5.532026e-03 9.933353e-01
1.010101e-02 3.030303e-01 -9.888286e-01 -5.535156e-03 9.832934e-01
2.020202e-02 3.030303e-01 -9.788907e-01 -5.538911e-03 9.733518e-01
3.030303e-02 3.030303e-01 -9.690527e-01 -5.542248e-03 9.635104e-01
4.040404e-02 3.030303e-01 -9.593135e-01 -5.545795e-03 9.537677e-01
5.050505e-02 3.030303e-01 -9.496723e-01 -5.549729e-03 9.441225e-01
6.060606e-02 3.030303e-01 -9.401279e-01 -5.553395e-03 9.345745e-01
7.070707e-02 3.030303e-01 -9.306794e-01 -5.557120e-03 9.251223e-01
8.080808e-02 3.030303e-01 -9.213260e-01 -5.560964e-03 9.157650e-01
9.090909e-02 3.030303e-01 -9.120665e-01 -5.563855e-03 9.065026e-01
1.010101e-01 3.030303e-01 -9.029001e-01 -5.567580e-03 8.973325e-01
1.111111e-01 3.030303e-01 -8.938258e-01 -5.570978e-03 8.882548e-01
1.212121e-01 3.030303e-01 -8.848427e-01 -5.574435e-03 8.792682e-01
1.313131e-01 3.030303e-01 -8.759499e-01 -5.578130e-03 8.703717e-01
1.414141e-01 3.030303e-01 -8.671464e-01 -5.581468e-03 8.615649e-01
1.515152e-01 3.030303e-01 -8.584314e-01 -5.584866e-03 8.528466e-01
1.616162e-01 3.030303e-01 -8.498041e-01 -5.588233e-03 8.442158e-01
1.717172e-01 3.030303e-01 -8.412634e-01 -5.591005e-03 8.356724e-01
1.818182e-01 3.030303e-01 -8.328086e-01 -5.594283e-03 8.272143e-01
1.919192e-01 3.030303e-01 -8.244387e-01 -5.597830e-03 8.188409e-01
2.020202e-01 3.030303e-01 -8.161529e-01 -5.600750e-03 8.105522e-01
2.121212e-01 3.030303e-01 -8.079505e-01 -5.604357e-03 8.023461e-01
2.222222e-01 3.030303e-01 -7.998304e-01 -5.607307e-03 7.942231e-01
2.323232e-01 3.030303e-01 -7.917920e-01 -5.610138e-03 7.861819e-01
2.424242e-01 3.030303e-01 -7.838344e-01 -5.613208e-03 7.782212e-01
2.525253e-01 3.030303e-01 -7.759567e-01 -5.616277e-03 7.703404e-01
2.626263e-01 3.030303e-01 -7.681582e-01 -5.619317e-03 7.625389e-01
2.727273e-01 3.030303e-01 -7.604381e-01 -5.622566e-03 7.548155e-01
2.828283e-01 3.030303e-01 -7.527956e-01 -5.624920e-03 7.471706e-01
2.929293e-01 3.030303e-01 -7.452298e-01 -5.628407e-03 7.396014e-01
3.030303e-01 3.030303e-01 -7.377402e-01 -5.631119e-03 7.321090e-01
3.131313e-01 3.030303e-01 -7.303257e-01 -5.634099e-03 7.246916e-01
3.232323e-01 3.030303e-01 -7.229859e-01 -5.636603e-03 7.173492e-01
3.333333e-01 3.030303e-01 -7.157197e-01 -5.639970e-03 7.100798e-01
3.434343e-01 3.030303e-01 -7.085266e-01 -5.643040e-03 7.028836e-01
3.535354e-01 3.030303e-01 -7.014058e-01 -5.645394e-03 6.957604e-01
3.636364e-01 3.030303e-01 -6.943566e-01 -5.647928e-03 6.887086e-01
3.737374e-01 3.030303e-01 -6.873782e-01 -5.649894e-03 6.817283e-01
3.838384e-01 3.030303e-01 -6.804699e-01 -5.653024e-03 6.748169e-01
3.939394e-01 3.030303e-01 -6.736311e-01 -5.655766e-03 6.679753e-01
4.040404e-01 3.030303e-01 -6.668610e-01 -5.658239e-03 6.612027e-01
4.141414e-01 3.030303e-01 -6.601589e-01 -5.661130e-03 6.544978e-01
4.242424e-01 3.030303e-01 -6.535242e-01 -5.663723e-03 6.478605e-01
4.343434e-01 3.030303e-01 -6.469562e-01 -5.666465e-03 6.412897e-01
4.444444e-01 3.030303e-01 -6.404541e-01 -5.668133e-03 6.347860e-01
4.545455e-01 3.030303e-01 -6.340175e-01 -5.671501e-03 6.283460e-01
4.646465e-01 3.030303e-01 -6.276455e-01 -5.673885e-03 6.219716e-01
4.747475e-01 3.030303e-01 -6.213376e-01 -5.676359e-03 6.156612e-01
4.848485e-01 3.030303e-01 -6.150930e-01 -5.678743e-03 6.094143e-01
4.949495e-01 3.030303e-01 -6.089112e-01 -5.681127e-03 6.032301e-01
5.050505e-01 3.030303e-01 -6.027916e-01 -5.682856e-03 5.971087e-01
5.151515e-01 3.030303e-01 -5.967334e-01 -5.685538e-03 5.910479e-01
5.252525e-01 3.030303e-01 -5.907361e-01 -5.687863e-03 5.850483e-01
5.353535e-01 3.030303e-01 -5.847991e-01 -5.690306e-03 5.791088e-01
5.454545e-01 3.030303e-01 -5.789218e-01 -5.692452e-03 5.732294e-01
5.555556e-01 3.030303e-01 -5.731036e-01 -5.694598e-03 5.674090e-01
5.656566e-01 3.030303e-01 -5.673438e-01 -5.697131e-03 5.616466e-01
5.757576e-01 3.030303e-01 -5.616419e-01 -5.699247e-03 5.559426e-01
5.858586e-01 3.030303e-01 -5.559973e-01 -5.701691e-03 5.502956e-01
5.959596e-01 3.030303e-01 -5.504094e-01 -5.703658e-03 5.447058e-01
6.060606e-01 3.030303e-01 -5.448777e-01 -5.705833e-03 5.391719e-01
6.161616e-01 3.030303e-01 -5.394016e-01 -5.707562e-03 5.336940e-01
6.262626e-01 3.030303e-01 -5.339805e-01 -5.709797e-03 5.282707e-01
6.363636e-01 3.030303e-01 -5.286139e-01 -5.711734e-03 5.229022e-01
6.464646e-01 3.030303e-01 -5.233013e-01 -5.714059e-03 5.175872e-01
6.565657e-01 3.030303e-01 -5.180420e-01 -5.715519e-03 5.123265e-01
6.666667e-01 3.030303e-01 -5.128356e-01 -5.717725e-03 5.071179e-01
6.767677e-01 3.030303e-01 -5.076815e-01 -5.719423e-03 5.019621e-01
6.868687e-01 3.030303e-01 -5.025792e-01 -5.721480e-03 4.968577e-01
6.969697e-01 3.030303e-01 -4.975282e-01 -5.722851e-03 4.918054e-01
7.070707e-01 3.030303e-01 -4.925280e-01 -5.724996e-03 4.868030e-01
7.171717e-01 3.030303e-01 -4.875780e-01 -5.726874e-03 4.818511e-01
7.272727e-01 3.030303e-01 -4.826778e-01 -5.728990e-03 4.769488e-01
7.373737e-01 3.030303e-01 -4.778268e-01 -5.730540e-03 4.720962e-01
7.474747e-01 3.030303e-01 -4.730245e-01 -5.732328e-03 4.672922e-01
7.575758e-01 3.030303e-01 -4.682705e-01 -5.733877e-03 4.625367e-01
7.676768e-01 3.030303e-01 -4.635643e-01 -5.735546e-03 4.578288e-01
7.777778e-01 3.030303e-01 -4.589055e-01 -5.737215e-03 4.531682e-01
7.878788e-01 3.030303e-01 -4.542934e-01 -5.739003e-03 4.485544e-01
7.979798e-01 3.030303e-01 -4.497277e-01 -5.740464e-03 4.439872e-01
8.080808e-01 3.030303e-01 -4.452078e-01 -5.742103e-03 4.394657e-01
8.181818e-01 3.030303e-01 -4.407334e-01 -5.743861e-03 4.349895e-01
8.282828e-01 3.030303e-01 -4.363040e-01 -5.745560e-03 4.305584e-01
8.383838e-01 3.030303e-01 -4.319190e-01 -5.747020e-03 4.261720e-01
8.484848e-01 3.030303e-01 -4.275782e-01 -5.748868e-03 4.218293e-01
8.585859e-01 3.030303e-01 -4.232809e-01 -5.750030e-03 4.175309e-01
8.686869e-01 3.030303e-01 -4.190269e-01 -5.751133e-03 4.132758e-01
8.787879e-01 3.030303e-01 -4.148156e-01 -5.752951e-03 4.090627e-01
8.888889e-01 3.030303e-01 -4.106466e-01 -5.754173e-03 4.048925e-01
8.989899e-01 3.030303e-01 -4.065196e-01 -5.755216e-03 4.007644e-01
9.090909e-01 3.030303e-01 -4.024340e-01 -5.756885e-03 3.966771e-01
9.191919e-01 3.030303e-01 -3.983895e-01 -5.757928e-03 3.926315e-01
9.292929e-01 3.030303e-01 -3.943856e-01 -5.759478e-03 3.886261e-01
9.393939e-01 3.030303e-01 -3.904219e-01 -5.760938e-03 3.846610e-01
9.494949e-01 3.030303e-01 -3.864981e-01 -5.762219e-03 3.807359e-01
9.595960e-01 3.030303e-01 -3.826138e-01 -5.763769e-03 3.768500e-01
9.696970e-01 3.030303e-01 -3.787684e-01 -5.764455e-03 3.730040e-01
9.797980e-01 3.030303e-01 -3.749617e-01 -5.765826e-03 3.691959e-01
9.898990e-01 3.030303e-01 -3.711933e-01 -5.767047e-03 3.654263e-01
1.000000e+00 3.030303e-01 -3.674628e-01 -5.768090e-03 3.616947e-01
0.000000e+00 3.131313e-01 9.788024e-01 -5.543917e-03 9.843464e-01
1.010101e-02 3.131313e-01 9.689653e-01 -5.548149e-03 9.745135e-01
2.020202e-02 3.131313e-01 9.592271e-01 -5.551249e-03 9.647783e-01
3.030303e-02 3.131313e-01 9.495867e-01 -5.554914e-03 9.551416e-01
4.040404e-02 3.131313e-01 9.400432e-01 -5.558580e-03 9.456017e-01
5.050505e-02 3.131313e-01 9.305956e-01 -5.561590e-03 9.361572e-01
6.060606e-02 3.131313e-01 9.212429e-01 -5.565792e-03 9.268087e-01
7.070707e-02 3.131313e-01 9.119843e-01 -5.569428e-03 9.175537e-01
8.080808e-02 3.131313e-01 9.028187e-01 -5.573064e-03 9.083918e-01
9.090909e-02 3.131313e-01 8.937452e-01 -5.576223e-03 8.993214e-01
1.010101e-01 3.131313e-01 8.847629e-01 -5.579174e-03 8.903421e-01
1.111111e-01 3.131313e-01 8.758709e-01 -5.583018e-03 8.814539e-01
1.212121e-01 3.131313e-01 8.670683e-01 -5.586654e-03 8.726549e-01
1.313131e-01 3.131313e-01 8.583541e-01 -5.589664e-03 8.639437e-01
1.414141e-01 3.131313e-01 8.497275e-01 -5.593032e-03 8.553205e-01
1.515152e-01 3.131313e-01 8.411876e-01 -5.595952e-03 8.467835e-01
1.616162e-01 3.131313e-01 8.327335e-01 -5.599409e-03 8.383329e-01
1.717172e-01 3.131313e-01 8.243644e-01 -5.602509e-03 8.299669e-01
1.818182e-01 3.131313e-01 8.160794e-01 -5.605757e-03 8.216852e-01
1.919192e-01 3.131313e-01 8.078777e-01 -5.608648e-03 8.134863e-01
2.020202e-01 3.131313e-01 7.997584e-01 -5.611658e-03 8.053700e-01
2.121212e-01 3.131313e-01 7.917207e-01 -5.615056e-03 7.973357e-01
2.222222e-01 3.131313e-01 7.837637e-01 -5.618185e-03 7.893819e-01
2.323232e-01 3.131313e-01 7.758868e-01 -5.620837e-03 7.815076e-01
2.424242e-01 3.131313e-01 7.680890e-01 -5.623370e-03 7.737124e-01
2.525253e-01 3.131313e-01 7.603696e-01 -5.626798e-03 7.659964e-01
2.626263e-01 3.131313e-01 7.527277e-01 -5.629629e-03 7.583573e-01
2.727273e-01 3.131313e-01 7.451627e-01 -5.632669e-03 7.507953e-01
2.828283e-01 3.131313e-01 7.376737e-01 -5.635649e-03 7.433093e-01
2.929293e-01 3.131313e-01 7.302599e-01 -5.637884e-03 7.358978e-01
3.030303e-01 3.131313e-01 7.229207e-01 -5.640924e-03 7.285616e-01
3.131313e-01 3.131313e-01 7.156552e-01 -5.644679e-03 7.212999e-01
3.232323e-01 3.131313e-01 7.084628e-01 -5.646676e-03 7.141094e-01
3.333333e-01 3.131313e-01 7.013426e-01 -5.649656e-03 7.069923e-01
3.434343e-01 3.131313e-01 6.942940e-01 -5.652577e-03 6.999466e-01
3.535354e-01 3.131313e-01 6.873162e-01 -5.655110e-03 6.929713e-01
3.636364e-01 3.131313e-01 6.804086e-01 -5.657822e-03 6.860664e-01
3.737374e-01 3.131313e-01 6.735704e-01 -5.660385e-03 6.792307e-01
3.838384e-01 3.131313e-01 6.668009e-01 -5.663395e-03 6.724643e-01
3.939394e-01 3.131313e-01 6.600994e-01 -5.665928e-03 6.657653e-01
4.040404e-01 3.131313e-01 6.534653e-01 -5.668223e-03 6.591335e-01
4.141414e-01 3.131313e-01 6.468979e-01 -5.670637e-03 6.525685e-01
4.242424e-01 3.131313e-01 6.403964e-01 -5.673170e-03 6.460696e-01
4.343434e-01 3.131313e-01 6.339603e-01 -5.676121e-03 6.396365e-01
4.444444e-01 3.131313e-01 6.275889e-01 -5.678564e-03 6.332675e-01
4.545455e-01 3.131313e-01 6.212816e-01 -5.680770e-03 6.269623e-01
4.646465e-01 3.131313e-01 6.150376e-01 -5.683005e-03 6.207206e-01
4.747475e-01 3.131313e-01 6.088563e-01 -5.685121e-03 6.145415e-01
4.848485e-01 3.131313e-01 6.027372e-01 -5.687743e-03 6.084250e-01
4.949495e-01 3.131313e-01 5.966796e-01 -5.689889e-03 6.023695e-01
5.050505e-01 3.131313e-01 5.906829e-01 -5.692363e-03 5.963753e-01
5.151515e-01 3.131313e-01 5.847464e-01 -5.694300e-03 5.904407e-01
5.252525e-01 3.131313e-01 5.788696e-01 -5.696565e-03 5.845662e-01
5.353535e-01 3.131313e-01 5.730519e-01 -5.698711e-03 5.787506e-01
5.454545e-01 3.131313e-01 5.672926e-01 -5.700916e-03 5.729936e-01
5.555556e-01 3.131313e-01 5.615913e-01 -5.703300e-03 5.672946e-01
5.656566e-01 3.131313e-01 5.559472e-01 -5.705982e-03 5.616531e-01
5.757576e-01 3.131313e-01 5.503598e-01 -5.707890e-03 5.560677e-01
5.858586e-01 3.131313e-01 5.448286e-01 -5.709499e-03 5.505381e-01
5.959596e-01 3.131313e-01 5.393530e-01 -5.711585e-03 5.450646e-01
6.060606e-01 3.131313e-01 5.339324e-01 -5.713493e-03 5.396459e-01
6.161616e-01 3.131313e-01 5.285663e-01 -5.715668e-03 5.342820e-01
6.262626e-01 3.131313e-01 5.232541e-01 -5.717576e-03 5.289717e-01
6.363636e-01 3.131313e-01 5.179953e-01 -5.719960e-03 5.237153e-01
6.464646e-01 3.131313e-01 5.127894e-01 -5.721986e-03 5.185114e-01
6.565657e-01 3.131313e-01 5.076358e-01 -5.723774e-03 5.133595e-01
6.666667e-01 3.131313e-01 5.025339e-01 -5.725622e-03 5.082596e-01
6.767677e-01 3.131313e-01 4.974834e-01 -5.727321e-03 5.032107e-01
6.868687e-01 3.131313e-01 4.924836e-01 -5.728960e-03 4.982126e-01
6.969697e-01 3.131313e-01 4.875340e-01 -5.730838e-03 4.932649e-01
7.070707e-01 3.131313e-01 4.826343e-01 -5.732328e-03 4.883666e-01
7.171717e-01 3.131313e-01 4.777837e-01 -5.734205e-03 4.835179e-01
7.272727e-01 3.131313e-01 4.729819e-01 -5.736530e-03 4.787184e-01
7.373737e-01 3.131313e-01 4.682283e-01 -5.737990e-03 4.739663e-01
7.474747e-01 3.131313e-01 4.635226e-01 -5.739421e-03 4.692620e-01
7.575758e-01 3.131313e-01 4.588641e-01 -5.741119e-03 4.646052e-01
7.676768e-01 3.131313e-01 4.542524e-01 -5.742818e-03 4.599953e-01
7.777778e-01 3.131313e-01 4.496871e-01 -5.744487e-03 4.554316e-01
7.878788e-01 3.131313e-01 4.451677e-01 -5.746037e-03 4.509137e-01
7.979798e-01 3.131313e-01 4.406937e-01 -5.747974e-03 4.464417e-01
8.080808e-01 3.131313e-01 4.362646e-01 -5.749404e-03 4.420140e-01
8.181818e-01 3.131313e-01 4.318801e-01 -5.750805e-03 4.376309e-01
8.282828e-01 3.131313e-01 4.275396e-01 -5.752057e-03 4.332917e-01
8.383838e-01 3.131313e-01 4.232428e-01 -5.753785e-03 4.289966e-01
8.484848e-01 3.131313e-01 4.189891e-01 -5.755216e-03 4.247443e-01
8.585859e-01 3.131313e-01 4.147782e-01 -5.756646e-03 4.205349e-01
8.686869e-01 3.131313e-01 4.106096e-01 -5.758375e-03 4.163680e-01
8.787879e-01 3.131313e-01 4.064829e-01 -5.759269e-03 4.122422e-01
8.888889e-01 3.131313e-01 4.023977e-01 -5.760849e-03 4.081586e-01
8.989899e-01 3.131313e-01 3.983536e-01 -5.761504e-03 4.041151e-01
9.090909e-01 3.131313e-01 3.943500e-01 -5.763531e-03 4.001136e-01
9.191919e-01 3.131313e-01 3.903867e-01 -5.764753e-03 3.961515e-01
9.292929e-01 3.131313e-01 3.864633e-01 -5.765975e-03 3.922293e-01
9.393939e-01 3.131313e-01 3.825793e-01 -5.767316e-03 3.883466e-01
9.494949e-01 3.131313e-01 3.787343e-01 -5.768389e-03 3.845027e-01
9.595960e-01 3.131313e-01 3.749279e-01 -5.769283e-03 3.806972e-01
9.696970e-01 3.131313e-01 3.711599e-01 -5.770415e-03 3.769303e-01
9.797980e-01 3.131313e-01 3.674296e-01 -5.772024e-03 3.732017e-01
9.898990e-01 3.131313e-01 3.637369e-01 -5.773067e-03 3.695100e-01
1.000000e+00 3.131313e-01 3.600813e-01 -5.774051e-03 3.658553e-01
0.000000e+00 3.232323e-01 -9.341479e-01 -5.556762e-03 9.285911e-01
1.010101e-02 3.232323e-01 -9.247595e-01 -5.559742e-03 9.191998e-01
2.020202e-02 3.232323e-01 -9.154655e-01 -5.563259e-03 9.099023e-01
3.030303e-02 3.232323e-01 -9.062650e-01 -5.567312e-03 9.006976e-01
4.040404e-02 3.232323e-01 -8.971568e-01 -5.571187e-03 8.915857e-01
5.050505e-02 3.232323e-01 -8.881403e-01 -5.574137e-03 8.825661e-01
6.060606e-02 3.232323e-01 -8.792143e-01 -5.577832e-03 8.736365e-01
7.070707e-02 3.232323e-01 -8.703781e-01 -5.581468e-03 8.647966e-01
8.080808e-02 3.232323e-01 -8.616306e-01 -5.584657e-03 8.560460e-01
9.090909e-02 3.232323e-01 -8.529711e-01 -5.587637e-03 8.473834e-01
1.010101e-01 3.232323e-01 -8.443986e-01 -5.591422e-03 8.388072e-01
1.111111e-01 3.232323e-01 -8.359122e-01 -5.594939e-03 8.303173e-01
1.212121e-01 3.232323e-01 -8.275112e-01 -5.598098e-03 8.219131e-01
1.313131e-01 3.232323e-01 -8.191946e-01 -5.600840e-03 8.135937e-01
1.414141e-01 3.232323e-01 -8.109615e-01 -5.604357e-03 8.053572e-01
1.515152e-01 3.232323e-01 -8.028112e-01 -5.607456e-03 7.972038e-01
1.616162e-01 3.232323e-01 -7.947428e-01 -5.610406e-03 7.891324e-01
1.717172e-01 3.232323e-01 -7.867555e-01 -5.613923e-03 7.811416e-01
1.818182e-01 3.232323e-01 -7.788485e-01 -5.616635e-03 7.732319e-01
1.919192e-01 3.232323e-01 -7.710209e-01 -5.619735e-03 7.654012e-01
2.020202e-01 3.232323e-01 -7.632721e-01 -5.622357e-03 7.576497e-01
2.121212e-01 3.232323e-01 -7.556010e-01 -5.625755e-03 7.499753e-01
2.222222e-01 3.232323e-01 -7.480071e-01 -5.628556e-03 7.423786e-01
2.323232e-01 3.232323e-01 -7.404895e-01 -5.631715e-03 7.348578e-01
2.424242e-01 3.232323e-01 -7.330475e-01 -5.634278e-03 7.274132e-01
2.525253e-01 3.232323e-01 -7.256802e-01 -5.637556e-03 7.200427e-01
2.626263e-01 3.232323e-01 -7.183870e-01 -5.640239e-03 7.127468e-01
2.727273e-01 3.232323e-01 -7.111671e-01 -5.642861e-03 7.055243e-01
2.828283e-01 3.232323e-01 -7.040198e-01 -5.645692e-03 6.983741e-01
2.929293e-01 3.232323e-01 -6.969443e-01 -5.648553e-03 6.912957e-01
3.030303e-01 3.232323e-01 -6.899399e-01 -5.651385e-03 6.842885e-01
3.131313e-01 3.232323e-01 -6.830058e-01 -5.654454e-03 6.773514e-01
3.232323e-01 3.232323e-01 -6.761415e-01 -5.656987e-03 6.704845e-01
3.333333e-01 3.232323e-01 -6.693462e-01 -5.659670e-03 6.636865e-01
3.434343e-01 3.232323e-01 -6.626192e-01 -5.662620e-03 6.569565e-01
3.535354e-01 3.232323e-01 -6.559597e-01 -5.665511e-03 6.502942e-01
3.636364e-01 3.232323e-01 -6.493672e-01 -5.667865e-03 6.436993e-01
3.737374e-01 3.232323e-01 -6.428410e-01 -5.670518e-03 6.371704e-01
3.838384e-01 3.232323e-01 -6.363803e-01 -5.672991e-03 6.307073e-01
3.939394e-01 3.232323e-01 -6.299846e-01 -5.674928e-03 6.243096e-01
4.040404e-01 3.232323e-01 -6.236531e-01 -5.677670e-03 6.179755e-01
4.141414e-01 3.232323e-01 -6.173853e-01 -5.680114e-03 6.117052e-01
4.242424e-01 3.232323e-01 -6.111805e-01 -5.682647e-03 6.054978e-01
4.343434e-01 3.232323e-01 -6.050380e-01 -5.685240e-03 5.993528e-01
4.444444e-01 3.232323e-01 -5.989573e-01 -5.687505e-03 5.932698e-01
4.545455e-01 3.232323e-01 -5.929377e-01 -5.689830e-03 5.872478e-01
4.646465e-01 3.232323e-01 -5.869785e-01 -5.692035e-03 5.812865e-01
4.747475e-01 3.232323e-01 -5.810793e-01 -5.693972e-03 5.753853e-01
4.848485e-01 3.232323e-01 -5.752394e-01 -5.697221e-03 5.695421e-01
4.949495e-01 3.232323e-01 -5.694581e-01 -5.699068e-03 5.637591e-01
5.050505e-01 3.232323e-01 -5.637350e-01 -5.701095e-03 5.580339e-01
5.151515e-01 3.232323e-01 -5.580693e-01 -5.702734e-03 5.523666e-01
5.252525e-01 3.232323e-01 -5.524606e-01 -5.705267e-03 5.467554e-01
5.353535e-01 3.232323e-01 -5.469083e-01 -5.707413e-03 5.412009e-01
5.454545e-01 3.232323e-01 -5.414118e-01 -5.709499e-03 5.357023e-01
5.555556e-01 3.232323e-01 -5.359705e-01 -5.711883e-03 5.302586e-01
5.656566e-01 3.232323e-01 -5.305839e-01 -5.713731e-03 5.248702e-01
5.757576e-01 3.232323e-01 -5.252515e-01 -5.715668e-03 5.195358e-01
5.858586e-01 3.232323e-01 -5.199726e-01 -5.718023e-03 5.142546e-01
5.959596e-01 3.232323e-01 -5.147468e-01 -5.719632e-03 5.090272e-01
6.060606e-01 3.232323e-01 -5.095735e-01 -5.721450e-03 5.038521e-01
6.161616e-01 3.232323e-01 -5.044522e-01 -5.723953e-03 4.987283e-01
6.262626e-01 3.232323e-01 -4.993824e-01 -5.725652e-03 4.936567e-01
6.363636e-01 3.232323e-01 -4.943635e-01 -5.727381e-03 4.886361e-01
6.464646e-01 3.232323e-01 -4.893951e-01 -5.729407e-03 4.836657e-01
6.565657e-01 3.232323e-01 -4.844766e-01 -5.730808e-03 4.787458e-01
6.666667e-01 3.232323e-01 -4.796075e-01 -5.733103e-03 4.738744e-01
6.767677e-01 3.232323e-01 -4.747874e-01 -5.734891e-03 4.690525e-01
6.868687e-01 3.232323e-01 -4.700157e-01 -5.736709e-03 4.642790e-01
6.969697e-01 3.232323e-01 -4.652919e-01 -5.738169e-03 4.595538e-01
7.070707e-01 3.232323e-01 -4.606157e-01 -5.740136e-03 4.548755e-01
7.171717e-01 3.232323e-01 -4.559864e-01 -5.741924e-03 4.502445e-01
7.272727e-01 3.232323e-01 -4.514037e-01 -5.742967e-03 4.456607e-01
7.373737e-01 3.232323e-01 -4.468670e-01 -5.744874e-03 4.411221e-01
7.474747e-01 3.232323e-01 -4.423759e-01 -5.746633e-03 4.366293e-01
7.575758e-01 3.232323e-01 -4.379300e-01 -5.748451e-03 4.321815e-01
7.676768e-01 3.232323e-01 -4.335287e-01 -5.750090e-03 4.277786e-01
7.777778e-01 3.232323e-01 -4.291717e-01 -5.751401e-03 4.234202e-01
7.878788e-01 3.232323e-01 -4.248584e-01 -5.753279e-03 4.191051e-01
7.979798e-01 3.232323e-01 -4.205885e-01 -5.754799e-03 4.148337e-01
8.080808e-01 3.232323e-01 -4.163615e-01 -5.756259e-03 4.106053e-01
8.181818e-01 3.232323e-01 -4.121770e-01 -5.757511e-03 4.064195e-01
8.282828e-01 3.232323e-01 -4.080346e-01 -5.758882e-03 4.022757e-01
8.383838e-01 3.232323e-01 -4.039338e-01 -5.759984e-03 3.981738e-01
8.484848e-01 3.232323e-01 -3.998742e-01 -5.761653e-03 3.941125e-01
8.585859e-01 3.232323e-01 -3.958554e-01 -5.763292e-03 3.900921e-01
8.686869e-01 3.232323e-01 -3.918769e-01 -5.764544e-03 3.861124e-01
8.787879e-01 3.232323e-01 -3.879385e-01 -5.766362e-03 3.821722e-01
8.888889e-01 3.232323e-01 -3.840397e-01 -5.767792e-03 3.782719e-01
8.989899e-01 3.232323e-01 -3.801800e-01 -5.768239e-03 3.744118e-01
9.090909e-01 3.232323e-01 -3.763591e-01 -5.769402e-03 3.705897e-01
9.191919e-01 3.232323e-01 -3.725767e-01 -5.770981e-03 3.668057e-01
9.292929e-01 3.232323e-01 -3.688322e-01 -5.772322e-03 3.630599e-01
9.393939e-01 3.232323e-01 -3.651254e-01 -5.773395e-03 3.593520e-01
9.494949e-01 3.232323e-01 -3.614558e-01 -5.774677e-03 3.556811e-01
9.595960e-01 3.232323e-01 -3.578231e-01 -5.775481e-03 3.520476e-01
9.696970e-01 3.232323e-01 -3.542269e-01 -5.776614e-03 3.484503e-01
9.797980e-01 3.232323e-01 -3.506669e-01 -5.777657e-03 3.448892e-01
9.898990e-01 3.232323e-01 -3.471426e-01 -5.778939e-03 3.413637e-01
1.000000e+00 3.232323e-01 -3.436538e-01 -5.779862e-03 3.378739e-01
0.000000e+00 3.333333e-01 8.660254e-01 -5.568922e-03 8.715943e-01
1.010101e-02 3.333333e-01 8.573217e-01 -5.572200e-03 8.628939e-01
2.020202e-02 3.333333e-01 8.487055e-01 -5.576164e-03 8.542816e-01
3.030303e-02 3.333333e-01 8.401758e-01 -5.579799e-03 8.457556e-01
4.040404e-02 3.333333e-01 8.317319e-01 -5.582780e-03 8.373147e-01
5.050505e-02 3.333333e-01 8.233729e-01 -5.585998e-03 8.289589e-01
6.060606e-02 3.333333e-01 8.150979e-01 -5.589783e-03 8.206876e-01
7.070707e-02 3.333333e-01 8.069060e-01 -5.593032e-03 8.124990e-01
8.080808e-02 3.333333e-01 7.987965e-01 -5.596191e-03 8.043926e-01
9.090909e-02 3.333333e-01 7.907684e-01 -5.599856e-03 7.963683e-01
1.010101e-01 3.333333e-01 7.828211e-01 -5.602896e-03 7.884240e-01
1.111111e-01 3.333333e-01 7.749536e-01 -5.606234e-03 7.805598e-01
1.212121e-01 3.333333e-01 7.671652e-01 -5.609602e-03 7.727748e-01
1.313131e-01 3.333333e-01 7.594550e-01 -5.612165e-03 7.650672e-01
1.414141e-01 3.333333e-01 7.518224e-01 -5.615801e-03 7.574382e-01
1.515152e-01 3.333333e-01 7.442664e-01 -5.618751e-03 7.498852e-01
1.616162e-01 3.333333e-01 7.367864e-01 -5.621731e-03 7.424082e-01
1.717172e-01 3.333333e-01 7.293816e-01 -5.625308e-03 7.350069e-01
1.818182e-01 3.333333e-01 7.220512e-01 -5.627543e-03 7.276788e-01
1.919192e-01 3.333333e-01 7.147945e-01 -5.630851e-03 7.204253e-01
2.020202e-01 3.333333e-01 7.076107e-01 -5.633742e-03 7.132444e-01
2.121212e-01 3.333333e-01 7.004991e-01 -5.636632e-03 7.061357e-01
2.222222e-01 3.333333e-01 6.934589e-01 -5.639404e-03 6.990983e-01
2.323232e-01 3.333333e-01 6.864896e-01 -5.641907e-03 6.921315e-01
2.424242e-01 3.333333e-01 6.795902e-01 -5.645335e-03 6.852356e-01
2.525253e-01 3.333333e-01 6.727602e-01 -5.648077e-03 6.784083e-01
2.626263e-01 3.333333e-01 6.659989e-01 -5.651027e-03 6.716499e-01
2.727273e-01 3.333333e-01 6.593055e-01 -5.653352e-03 6.649588e-01
2.828283e-01 3.333333e-01 6.526793e-01 -5.655736e-03 6.583351e-01
2.929293e-01 3.333333e-01 6.461198e-01 -5.658478e-03 6.517783e-01
3.030303e-01 3.333333e-01 6.396262e-01 -5.661696e-03 6.452879e-01
3.131313e-01 3.333333e-01 6.331978e-01 -5.664766e-03 6.388626e-01
3.232323e-01 3.333333e-01 6.268341e-01 -5.667180e-03 6.325013e-01
3.333333e-01 3.333333e-01 6.205343e-01 -5.669713e-03 6.262040e-01
3.434343e-01 3.333333e-01 6.142978e-01 -5.672395e-03 6.199702e-01
3.535354e-01 3.333333e-01 6.081240e-01 -5.674928e-03 6.137990e-01
3.636364e-01 3.333333e-01 6.020123e-01 -5.677313e-03 6.076896e-01
3.737374e-01 3.333333e-01 5.959620e-01 -5.679816e-03 6.016418e-01
3.838384e-01 3.333333e-01 5.899725e-01 -5.681902e-03 5.956544e-01
3.939394e-01 3.333333e-01 5.840431e-01 -5.683988e-03 5.897271e-01
4.040404e-01 3.333333e-01 5.781734e-01 -5.687058e-03 5.838605e-01
4.141414e-01 3.333333e-01 5.723627e-01 -5.689681e-03 5.780524e-01
4.242424e-01 3.333333e-01 5.666103e-01 -5.692095e-03 5.723024e-01
4.343434e-01 3.333333e-01 5.609158e-01 -5.693942e-03 5.666097e-01
4.444444e-01 3.333333e-01 5.552785e-01 -5.696446e-03 5.609750e-01
4.545455e-01 3.333333e-01 5.496979e-01 -5.698413e-03 5.553963e-01
4.646465e-01 3.333333e-01 5.441733e-01 -5.701035e-03 5.498743e-01
4.747475e-01 3.333333e-01 5.387043e-01 -5.703181e-03 5.444075e-01
4.848485e-01 3.333333e-01 5.332902e-01 -5.705446e-03 5.389957e-01
4.949495e-01 3.333333e-01 5.279306e-01 -5.707175e-03 5.336377e-01
5.050505e-01 3.333333e-01 5.226248e-01 -5.709440e-03 5.283342e-01
5.151515e-01 3.333333e-01 5.173723e-01 -5.711526e-03 5.230838e-01
5.252525e-01 3.333333e-01 5.121726e-01 -5.713731e-03 5.178864e-01
5.353535e-01 3.333333e-01 5.070252e-01 -5.716264e-03 5.127415e-01
5.454545e-01 3.333333e-01 5.019295e-01 -5.718052e-03 5.076476e-01
5.555556e-01 3.333333e-01 4.968850e-01 -5.719930e-03 5.026050e-01
5.656566e-01 3.333333e-01 4.918913e-01 -5.722731e-03 4.976140e-01
5.757576e-01 3.333333e-01 4.869477e-01 -5.724162e-03 4.926718e-01
5.858586e-01 3.333333e-01 4.820538e-01 -5.725831e-03 4.877796e-01
5.959596e-01 3.333333e-01 4.772090e-01 -5.727917e-03 4.829370e-01
6.060606e-01 3.333333e-01 4.724130e-01 -5.729675e-03 4.781427e-01
6.161616e-01 3.333333e-01 4.676652e-01 -5.731910e-03 4.733971e-01
6.262626e-01 3.333333e-01 4.629651e-01 -5.733937e-03 4.686990e-01
6.363636e-01 3.333333e-01 4.583122e-01 -5.735308e-03 4.640475e-01
6.464646e-01 3.333333e-01 4.537061e-01 -5.737394e-03 4.594435e-01
6.565657e-01 3.333333e-01 4.491463e-01 -5.739063e-03 4.548853e-01
6.666667e-01 3.333333e-01 4.446323e-01 -5.740494e-03 4.503728e-01
6.767677e-01 3.333333e-01 4.401636e-01 -5.742759e-03 4.459064e-01
6.868687e-01 3.333333e-01 4.357399e-01 -5.744636e-03 4.414846e-01
6.969697e-01 3.333333e-01 4.313607e-01 -5.745441e-03 4.371061e-01
7.070707e-01 3.333333e-01 4.270254e-01 -5.747408e-03 4.327728e-01
7.171717e-01 3.333333e-01 4.227337e-01 -5.749315e-03 4.284831e-01
7.272727e-01 3.333333e-01 4.184852e-01 -5.750924e-03 4.242361e-01
7.373737e-01 3.333333e-01 4.142794e-01 -5.752176e-03 4.200315e-01
7.474747e-01 3.333333e-01 4.101158e-01 -5.753785e-03 4.158696e-01
7.575758e-01 3.333333e-01 4.059940e-01 -5.755752e-03 4.117498e-01
7.676768e-01 3.333333e-01 4.019137e-01 -5.757302e-03 4.076710e-01
7.777778e-01 3.333333e-01 3.978744e-01 -5.758226e-03 4.036327e-01
7.878788e-01 3.333333e-01 3.938757e-01 -5.760431e-03 3.996362e-01
7.979798e-01 3.333333e-01 3.899172e-01 -5.761057e-03 3.956783e-01
8.080808e-01 3.333333e-01 3.859985e-01 -5.763024e-03 3.917615e-01
8.181818e-01 3.333333e-01 3.821191e-01 -5.764395e-03 3.878835e-01
8.282828e-01 3.333333e-01 3.782788e-01 -5.765676e-03 3.840444e-01
8.383838e-01 3.333333e-01 3.744770e-01 -5.767345e-03 3.802444e-01
8.484848e-01 3.333333e-01 3.707135e-01 -5.768448e-03 3.764819e-01
8.585859e-01 3.333333e-01 3.669877e-01 -5.769938e-03 3.727577e-01
8.686869e-01 3.333333e-01 3.632994e-01 -5.770773e-03 3.690702e-01
8.787879e-01 3.333333e-01 3.596482e-01 -5.772293e-03 3.654205e-01
8.888889e-01 3.333333e-01 3.560337e-01 -5.773574e-03 3.618073e-01
8.989899e-01 3.333333e-01 3.524555e-01 -5.775064e-03 3.582306e-01
9.090909e-01 3.333333e-01 3.489133e-01 -5.775928e-03 3.546892e-01
9.191919e-01 3.333333e-01 3.454066e-01 -5.776882e-03 3.511835e-01
9.292929e-01 3.333333e-01 3.419352e-01 -5.777806e-03 3.477130e-01
9.393939e-01 3.333333e-01 3.384987e-01 -5.779833e-03 3.442786e-01
9.494949e-01 3.333333e-01 3.350967e-01 -5.779862e-03 3.408766e-01
9.595960e-01 3.333333e-01 3.317290e-01 -5.781591e-03 3.375106e-01
9.696970e-01 3.333333e-01 3.283950e-01 -5.782992e-03 3.341780e-01
9.797980e-01 3.333333e-01 3.250946e-01 -5.784035e-03 3.308786e-01
9.898990e-01 3.333333e-01 3.218274e-01 -5.785257e-03 3.276126e-01
1.000000e+00 3.333333e-01 3.185929e-01 -5.785763e-03 3.243787e-01
0.000000e+00 3.434343e-01 -7.761465e-01 -5.581409e-03 7.705651e-01
1.010101e-02 3.434343e-01 -7.683461e-01 -5.584508e-03 7.627616e-01
2.020202e-02 3.434343e-01 -7.606241e-01 -5.588412e-03 7.550356e-01
3.030303e-02 3.434343e-01 -7.529797e-01 -5.591601e-03 7.473881e-01
4.040404e-02 3.434343e-01 -7.454121e-01 -5.594879e-03 7.398172e-01
5.050505e-02 3.434343e-01 -7.379206e-01 -5.598336e-03 7.323222e-01
6.060606e-02 3.434343e-01 -7.305043e-01 -5.601138e-03 7.249032e-01
7.070707e-02 3.434343e-01 -7.231627e-01 -5.604714e-03 7.175579e-01
8.080808e-02 3.434343e-01 -7.158948e-01 -5.608290e-03 7.102865e-01
9.090909e-02 3.434343e-01 -7.086999e-01 -5.611598e-03 7.030883e-01
1.010101e-01 3.434343e-01 -7.015773e-01 -5.614161e-03 6.959632e-01
1.111111e-01 3.434343e-01 -6.945264e-01 -5.617946e-03 6.889084e-01
1.212121e-01 3.434343e-01 -6.875463e-01 -5.620927e-03 6.819253e-01
1.313131e-01 3.434343e-01 -6.806363e-01 -5.623728e-03 6.750126e-01
1.414141e-01 3.434343e-01 -6.737958e-01 -5.626827e-03 6.681690e-01
1.515152e-01 3.434343e-01 -6.670240e-01 -5.630106e-03 6.613939e-01
1.616162e-01 3.434343e-01 -6.603203e-01 -5.632371e-03 6.546880e-01
1.717172e-01 3.434343e-01 -6.536840e-01 -5.636007e-03 6.480480e-01
1.818182e-01 3.434343e-01 -6.471144e-01 -5.638897e-03 6.414755e-01
1.919192e-01 3.434343e-01 -6.406108e-01 -5.641013e-03 6.349698e-01
2.020202e-01 3.434343e-01 -6.341725e-01 -5.644053e-03 6.285285e-01
2.121212e-01 3.434343e-01 -6.277990e-01 -5.647868e-03 6.221511e-01
2.222222e-01 3.434343e-01 -6.214895e-01 -5.650133e-03 6.158394e-01
2.323232e-01 3.434343e-01 -6.152434e-01 -5.653232e-03 6.095902e-01
2.424242e-01 3.434343e-01 -6.090601e-01 -5.656093e-03 6.034040e-01
2.525253e-01 3.434343e-01 -6.029390e-01 -5.658507e-03 5.972805e-01
2.626263e-01 3.434343e-01 -5.968793e-01 -5.661011e-03 5.912183e-01
2.727273e-01 3.434343e-01 -5.908806e-01 -5.663514e-03 5.852171e-01
2.828283e-01 3.434343e-01 -5.849422e-01 -5.666077e-03 5.792761e-01
2.929293e-01 3.434343e-01 -5.790634e-01 -5.669445e-03 5.733939e-01
3.030303e-01 3.434343e-01 -5.732437e-01 -5.671591e-03 5.675721e-01
3.131313e-01 3.434343e-01 -5.674825e-01 -5.674511e-03 5.618080e-01
3.232323e-01 3.434343e-01 -5.617792e-01 -5.676776e-03 5.561024e-01
3.333333e-01 3.434343e-01 -5.561332e-01 -5.679518e-03 5.504537e-01
3.434343e-01 3.434343e-01 -5.505440e-01 -5.681515e-03 5.448625e-01
3.535354e-01 3.434343e-01 -5.450110e-01 -5.684406e-03 5.393265e-01
3.636364e-01 3.434343e-01 -5.395335e-01 -5.686849e-03 5.338467e-01
3.737374e-01 3.434343e-01 -5.341111e-01 -5.689323e-03 5.284218e-01
3.838384e-01 3.434343e-01 -5.287432e-01 -5.691350e-03 5.230518e-01
3.939394e-01 3.434343e-01 -5.234292e-01 -5.693614e-03 5.177356e-01
4.040404e-01 3.434343e-01 -5.181687e-01 -5.696148e-03 5.124725e-01
4.141414e-01 3.434343e-01 -5.129610e-01 -5.698532e-03 5.072625e-01
4.242424e-01 3.434343e-01 -5.078057e-01 -5.700767e-03 5.021049e-01
4.343434e-01 3.434343e-01 -5.027021e-01 -5.703092e-03 4.969990e-01
4.444444e-01 3.434343e-01 -4.976499e-01 -5.705297e-03 4.919446e-01
4.545455e-01 3.434343e-01 -4.926484e-01 -5.707771e-03 4.869407e-01
4.646465e-01 3.434343e-01 -4.876972e-01 -5.709976e-03 4.819873e-01
4.747475e-01 3.434343e-01 -4.827958e-01 -5.712301e-03 4.770835e-01
4.848485e-01 3.434343e-01 -4.779436e-01 -5.714625e-03 4.722290e-01
4.949495e-01 3.434343e-01 -4.731402e-01 -5.716264e-03 4.674239e-01
5.050505e-01 3.434343e-01 -4.683851e-01 -5.718648e-03 4.626664e-01
5.151515e-01 3.434343e-01 -4.636777e-01 -5.720586e-03 4.579571e-01
5.252525e-01 3.434343e-01 -4.590177e-01 -5.722135e-03 4.532955e-01
5.353535e-01 3.434343e-01 -4.544045e-01 -5.724192e-03 4.486803e-01
5.454545e-01 3.434343e-01 -4.498376e-01 -5.726427e-03 4.441112e-01
5.555556e-01 3.434343e-01 -4.453167e-01 -5.727798e-03 4.395889e-01
5.656566e-01 3.434343e-01 -4.408412e-01 -5.730063e-03 4.351111e-01
5.757576e-01 3.434343e-01 -4.364107e-01 -5.732626e-03 4.306780e-01
5.858586e-01 3.434343e-01 -4.320247e-01 -5.734414e-03 4.262902e-01
5.959596e-01 3.434343e-01 -4.276827e-01 -5.736202e-03 4.219465e-01
6.060606e-01 3.434343e-01 -4.233845e-01 -5.738139e-03 4.176463e-01
6.161616e-01 3.434343e-01 -4.191294e-01 -5.740017e-03 4.133894e-01
6.262626e-01 3.434343e-01 -4.149170e-01 -5.741507e-03 4.091755e-01
6.363636e-01 3.434343e-01 -4.107471e-01 -5.742878e-03 4.050042e-01
6.464646e-01 3.434343e-01 -4.066190e-01 -5.744964e-03 4.008740e-01
6.565657e-01 3.434343e-01 -4.025324e-01 -5.746812e-03 3.967856e-01
6.666667e-01 3.434343e-01 -3.984869e-01 -5.748957e-03 3.927379e-01
6.767677e-01 3.434343e-01 -3.944820e-01 -5.750090e-03 3.887319e-01
6.868687e-01 3.434343e-01 -3.905174e-01 -5.751222e-03 3.847662e-01
6.969697e-01 3.434343e-01 -3.865926e-01 -5.753189e-03 3.808395e-01
7.070707e-01 3.434343e-01 -3.827073e-01 -5.754739e-03 3.769526e-01
7.171717e-01 3.434343e-01 -3.788611e-01 -5.756736e-03 3.731043e-01
7.272727e-01 3.434343e-01 -3.750534e-01 -5.758166e-03 3.692953e-01
7.373737e-01 3.434343e-01 -3.712841e-01 -5.759865e-03 3.655242e-01
7.474747e-01 3.434343e-01 -3.675526e-01 -5.760789e-03 3.617918e-01
7.575758e-01 3.434343e-01 -3.638587e-01 -5.763173e-03 3.580955e-01
7.676768e-01 3.434343e-01 -3.602018e-01 -5.763739e-03 3.544381e-01
7.777778e-01 3.434343e-01 -3.565817e-01 -5.765498e-03 3.508162e-01
7.878788e-01 3.434343e-01 -3.529980e-01 -5.767345e-03 3.472307e-01
7.979798e-01 3.434343e-01 -3.494503e-01 -5.768180e-03 3.436822e-01
8.080808e-01 3.434343e-01 -3.459383e-01 -5.770057e-03 3.401682e-01
8.181818e-01 3.434343e-01 -3.424616e-01 -5.770862e-03 3.366907e-01
8.282828e-01 3.434343e-01 -3.390198e-01 -5.772650e-03 3.332471e-01
8.383838e-01 3.434343e-01 -3.356126e-01 -5.773693e-03 3.298389e-01
8.484848e-01 3.434343e-01 -3.322396e-01 -5.775273e-03 3.264643e-01
8.585859e-01 3.434343e-01 -3.289005e-01 -5.776584e-03 3.231240e-01
8.686869e-01 3.434343e-01 -3.255950e-01 -5.777866e-03 3.198172e-01
8.787879e-01 3.434343e-01 -3.223227e-01 -5.778819e-03 3.165439e-01
8.888889e-01 3.434343e-01 -3.190834e-01 -5.780548e-03 3.133028e-01
8.989899e-01 3.434343e-01 -3.158765e-01 -5.781263e-03 3.100952e-01
9.090909e-01 3.434343e-01 -3.127019e-01 -5.782753e-03 3.069191e-01
9.191919e-01 3.434343e-01 -3.095592e-01 -5.783319e-03 3.037759e-01
9.292929e-01 3.434343e-01 -3.064481e-01 -5.784482e-03 3.006636e-01
9.393939e-01 3.434343e-01 -3.033682e-01 -5.785495e-03 2.975827e-01
9.494949e-01 3.434343e-01 -3.003193e-01 -5.786568e-03 2.945327e-01
9.595960e-01 3.434343e-01 -2.973011e-01 -5.787402e-03 2.915137e-01
9.696970e-01 3.434343e-01 -2.943131e-01 -5.788594e-03 2.885245e-01
9.797980e-01 3.434343e-01 -2.913552e-01 -5.789578e-03 2.855657e-01
9.898990e-01 3.434343e-01 -2.884271e-01 -5.790800e-03 2.826363e-01
1.000000e+00 3.434343e-01 -2.855283e-01 -5.791575e-03 2.797368e-01
0.000000e+00 3.535354e-01 6.667690e-01 -5.593657e-03 6.723627e-01
1.010101e-02 3.535354e-01 6.600679e-01 -5.597293e-03 6.656652e-01
2.020202e-02 3.535354e-01 6.534341e-01 -5.600780e-03 6.590348e-01
3.030303e-02 3.535354e-01 6.468669e-01 -5.603582e-03 6.524705e-01
4.040404e-02 3.535354e-01 6.403658e-01 -5.607039e-03 6.459729e-01
5.050505e-02 3.535354e-01 6.339300e-01 -5.610138e-03 6.395402e-01
6.060606e-02 3.535354e-01 6.275589e-01 -5.612940e-03 6.331719e-01
7.070707e-02 3.535354e-01 6.212519e-01 -5.616307e-03 6.268682e-01
8.080808e-02 3.535354e-01 6.150082e-01 -5.619675e-03 6.206279e-01
9.090909e-02 3.535354e-01 6.088273e-01 -5.622327e-03 6.144496e-01
1.010101e-01 3.535354e-01 6.027084e-01 -5.626142e-03 6.083346e-01
1.111111e-01 3.535354e-01 5.966511e-01 -5.629152e-03 6.022803e-01
1.212121e-01 3.535354e-01 5.906547e-01 -5.632371e-03 5.962870e-01
1.313131e-01 3.535354e-01 5.847185e-01 -5.634874e-03 5.903534e-01
1.414141e-01 3.535354e-01 5.788420e-01 -5.637974e-03 5.844800e-01
1.515152e-01 3.535354e-01 5.730245e-01 -5.640656e-03 5.786652e-01
1.616162e-01 3.535354e-01 5.672655e-01 -5.644083e-03 5.729096e-01
1.717172e-01 3.535354e-01 5.615644e-01 -5.646557e-03 5.672110e-01
1.818182e-01 3.535354e-01 5.559206e-01 -5.649775e-03 5.615704e-01
1.919192e-01 3.535354e-01 5.503335e-01 -5.652577e-03 5.559861e-01
2.020202e-01 3.535354e-01 5.448026e-01 -5.655438e-03 5.504580e-01
2.121212e-01 3.535354e-01 5.393272e-01 -5.657583e-03 5.449848e-01
2.222222e-01 3.535354e-01 5.339069e-01 -5.660146e-03 5.395670e-01
2.323232e-01 3.535354e-01 5.285410e-01 -5.663753e-03 5.342048e-01
2.424242e-01 3.535354e-01 5.232291e-01 -5.666196e-03 5.288953e-01
2.525253e-01 3.535354e-01 5.179706e-01 -5.668700e-03 5.236393e-01
2.626263e-01 3.535354e-01 5.127649e-01 -5.671233e-03 5.184361e-01
2.727273e-01 3.535354e-01 5.076115e-01 -5.674005e-03 5.132855e-01
2.828283e-01 3.535354e-01 5.025099e-01 -5.676597e-03 5.081865e-01
2.929293e-01 3.535354e-01 4.974596e-01 -5.679071e-03 5.031387e-01
3.030303e-01 3.535354e-01 4.924601e-01 -5.681813e-03 4.981419e-01
3.131313e-01 3.535354e-01 4.875108e-01 -5.684167e-03 4.931949e-01
3.232323e-01 3.535354e-01 4.826112e-01 -5.686700e-03 4.882979e-01
3.333333e-01 3.535354e-01 4.777609e-01 -5.689383e-03 4.834502e-01
3.434343e-01 3.535354e-01 4.729593e-01 -5.691737e-03 4.786510e-01
3.535354e-01 3.535354e-01 4.682060e-01 -5.694181e-03 4.739002e-01
3.636364e-01 3.535354e-01 4.635004e-01 -5.696207e-03 4.691966e-01
3.737374e-01 3.535354e-01 4.588422e-01 -5.698532e-03 4.645407e-01
3.838384e-01 3.535354e-01 4.542307e-01 -5.700976e-03 4.599317e-01
3.939394e-01 3.535354e-01 4.496656e-01 -5.703241e-03 4.553689e-01
4.040404e-01 3.535354e-01 4.451464e-01 -5.705237e-03 4.508517e-01
4.141414e-01 3.535354e-01 4.406726e-01 -5.708307e-03 4.463809e-01
4.242424e-01 3.535354e-01 4.362438e-01 -5.709440e-03 4.419532e-01
4.343434e-01 3.535354e-01 4.318595e-01 -5.712241e-03 4.375717e-01
4.444444e-01 3.535354e-01 4.275192e-01 -5.714178e-03 4.332334e-01
4.545455e-01 3.535354e-01 4.232226e-01 -5.716771e-03 4.289393e-01
4.646465e-01 3.535354e-01 4.189691e-01 -5.718976e-03 4.246881e-01
4.747475e-01 3.535354e-01 4.147584e-01 -5.720586e-03 4.204790e-01
4.848485e-01 3.535354e-01 4.105900e-01 -5.722493e-03 4.163125e-01
4.949495e-01 3.535354e-01 4.064635e-01 -5.724519e-03 4.121880e-01
5.050505e-01 3.535354e-01 4.023785e-01 -5.726844e-03 4.081053e-01
5.151515e-01 3.535354e-01 3.983345e-01 -5.728632e-03 4.040631e-01
5.252525e-01 3.535354e-01 3.943312e-01 -5.731016e-03 4.000622e-01
5.353535e-01 3.535354e-01 3.903681e-01 -5.732685e-03 3.961008e-01
5.454545e-01 3.535354e-01 3.864448e-01 -5.734593e-03 3.921794e-01
5.555556e-01 3.535354e-01 3.825610e-01 -5.736262e-03 3.882973e-01
5.656566e-01 3.535354e-01 3.787162e-01 -5.738407e-03 3.844546e-01
5.757576e-01 3.535354e-01 3.749100e-01 -5.740106e-03 3.806501e-01
5.858586e-01 3.535354e-01 3.711421e-01 -5.742639e-03 3.768848e-01
5.959596e-01 3.535354e-01 3.674121e-01 -5.743772e-03 3.731559e-01
6.060606e-01 3.535354e-01 3.637195e-01 -5.745232e-03 3.694648e-01
6.161616e-01 3.535354e-01 3.600641e-01 -5.746812e-03 3.658109e-01
6.262626e-01 3.535354e-01 3.564454e-01 -5.748659e-03 3.621940e-01
6.363636e-01 3.535354e-01 3.528631e-01 -5.750567e-03 3.586136e-01
6.464646e-01 3.535354e-01 3.493167e-01 -5.752563e-03 3.550693e-01
6.565657e-01 3.535354e-01 3.458060e-01 -5.754590e-03 3.515606e-01
6.666667e-01 3.535354e-01 3.423306e-01 -5.755514e-03 3.480861e-01
6.767677e-01 3.535354e-01 3.388901e-01 -5.757034e-03 3.446472e-01
6.868687e-01 3.535354e-01 3.354842e-01 -5.758733e-03 3.412430e-01
6.969697e-01 3.535354e-01 3.321126e-01 -5.760342e-03 3.378729e-01
7.070707e-01 3.535354e-01 3.287748e-01 -5.762249e-03 3.345370e-01
7.171717e-01 3.535354e-01 3.254705e-01 -5.763322e-03 3.312339e-01
7.272727e-01 3.535354e-01 3.221995e-01 -5.765170e-03 3.279647e-01
7.373737e-01 3.535354e-01 3.189613e-01 -5.766809e-03 3.247282e-01
7.474747e-01 3.535354e-01 3.157557e-01 -5.768210e-03 3.215239e-01
7.575758e-01 3.535354e-01 3.125823e-01 -5.769461e-03 3.183518e-01
7.676768e-01 3.535354e-01 3.094408e-01 -5.771250e-03 3.152121e-01
7.777778e-01 3.535354e-01 3.063309e-01 -5.772501e-03 3.121034e-01
7.878788e-01 3.535354e-01 3.032522e-01 -5.773842e-03 3.090261e-01
7.979798e-01 3.535354e-01 3.002045e-01 -5.775601e-03 3.059801e-01
8.080808e-01 3.535354e-01 2.971874e-01 -5.775958e-03 3.029633e-01
8.181818e-01 3.535354e-01 2.942006e-01 -5.778015e-03 2.999786e-01
8.282828e-01 3.535354e-01 2.912438e-01 -5.778670e-03 2.970225e-01
8.383838e-01 3.535354e-01 2.883168e-01 -5.779773e-03 2.940966e-01
8.484848e-01 3.535354e-01 2.854192e-01 -5.781680e-03 2.912008e-01
8.585859e-01 3.535354e-01 2.825506e-01 -5.782664e-03 2.883333e-01
8.686869e-01 3.535354e-01 2.797110e-01 -5.784065e-03 2.854950e-01
8.787879e-01 3.535354e-01 2.768998e-01 -5.784929e-03 2.826847e-01
8.888889e-01 3.535354e-01 2.741169e-01 -5.786210e-03 2.799031e-01
8.989899e-01 3.535354e-01 2.713620e-01 -5.787015e-03 2.771490e-01
9.090909e-01 3.535354e-01 2.686348e-01 -5.788535e-03 2.744233e-01
9.191919e-01 3.535354e-01 2.659350e-01 -5.789757e-03 2.717247e-01
9.292929e-01 3.535354e-01 2.632623e-01 -5.790502e-03 2.690528e-01
9.393939e-01 3.535354e-01 2.606164e-01 -5.791694e-03 2.664081e-01
9.494949e-01 3.535354e-01 2.579972e-01 -5.792499e-03 2.637897e-01
9.595960e-01 3.535354e-01 2.554043e-01 -5.793363e-03 2.611976e-01
9.696970e-01 3.535354e-01 2.528374e-01 -5.794406e-03 2.586318e-01
9.797980e-01 3.535354e-01 2.502964e-01 -5.794972e-03 2.560913e-01
9.898990e-01 3.535354e-01 2.477808e-01 -5.796552e-03 2.535774e-01
1.000000e+00 3.535354e-01 2.452906e-01 -5.797595e-03 2.510882e-01
0.000000e+00 3.636364e-01 -5.406408e-01 -5.606264e-03 5.350346e-01
1.010101e-02 3.636364e-01 -5.352073e-01 -5.609930e-03 5.295974e-01
2.020202e-02 3.636364e-01 -5.298284e-01 -5.612791e-03 5.242156e-01
3.030303e-02 3.636364e-01 -5.245035e-01 -5.615801e-03 5.188877e-01
4.040404e-02 3.636364e-01 -5.192322e-01 -5.619377e-03 5.136128e-01
5.050505e-02 3.636364e-01 -5.140138e-01 -5.621731e-03 5.083921e-01
6.060606e-02 3.636364e-01 -5.088479e-01 -5.625397e-03 5.032225e-01
7.070707e-02 3.636364e-01 -5.037339e-01 -5.628020e-03 4.981058e-01
8.080808e-02 3.636364e-01 -4.986712e-01 -5.631179e-03 4.930401e-01
9.090909e-02 3.636364e-01 -4.936595e-01 -5.634487e-03 4.880250e-01
1.010101e-01 3.636364e-01 -4.886982e-01 -5.637497e-03 4.830607e-01
1.111111e-01 3.636364e-01 -4.837867e-01 -5.640596e-03 4.781461e-01
1.212121e-01 3.636364e-01 -4.789245e-01 -5.643278e-03 4.732812e-01
1.313131e-01 3.636364e-01 -4.741113e-01 -5.646139e-03 4.684651e-01
1.414141e-01 3.636364e-01 -4.693464e-01 -5.648911e-03 4.636974e-01
1.515152e-01 3.636364e-01 -4.646293e-01 -5.651683e-03 4.589777e-01
1.616162e-01 3.636364e-01 -4.599597e-01 -5.655050e-03 4.543047e-01
1.717172e-01 3.636364e-01 -4.553371e-01 -5.658180e-03 4.496789e-01
1.818182e-01 3.636364e-01 -4.507609e-01 -5.660564e-03 4.451003e-01
1.919192e-01 3.636364e-01 -4.462306e-01 -5.663544e-03 4.405671e-01
2.020202e-01 3.636364e-01 -4.417459e-01 -5.665690e-03 4.360803e-01
2.121212e-01 3.636364e-01 -4.373063e-01 -5.668432e-03 4.316379e-01
2.222222e-01 3.636364e-01 -4.329113e-01 -5.671084e-03 4.272402e-01
2.323232e-01 3.636364e-01 -4.285605e-01 -5.674064e-03 4.228864e-01
2.424242e-01 3.636364e-01 -4.242534e-01 -5.675882e-03 4.185775e-01
2.525253e-01 3.636364e-01 -4.199896e-01 -5.678922e-03 4.143107e-01
2.626263e-01 3.636364e-01 -4.157686e-01 -5.681306e-03 4.100873e-01
2.727273e-01 3.636364e-01 -4.115901e-01 -5.683810e-03 4.059063e-01
2.828283e-01 3.636364e-01 -4.074535e-01 -5.686671e-03 4.017668e-01
2.929293e-01 3.636364e-01 -4.033585e-01 -5.689144e-03 3.976694e-01
3.030303e-01 3.636364e-01 -3.993047e-01 -5.691200e-03 3.936135e-01
3.131313e-01 3.636364e-01 -3.952916e-01 -5.693763e-03 3.895979e-01
3.232323e-01 3.636364e-01 -3.913189e-01 -5.696267e-03 3.856226e-01
3.333333e-01 3.636364e-01 -3.873861e-01 -5.698860e-03 3.816872e-01
3.434343e-01 3.636364e-01 -3.834928e-01 -5.701035e-03 3.777917e-01
3.535354e-01 3.636364e-01 -3.796386e-01 -5.703241e-03 3.739354e-01
3.636364e-01 3.636364e-01 -3.758232e-01 -5.705088e-03 3.701181e-01
3.737374e-01 3.636364e-01 -3.720461e-01 -5.708247e-03 3.663378e-01
3.838384e-01 3.636364e-01 -3.683070e-01 -5.710572e-03 3.625964e-01
3.939394e-01 3.636364e-01 -3.646054e-01 -5.712777e-03 3.588926e-01
4.040404e-01 3.636364e-01 -3.609411e-01 -5.714744e-03 3.552263e-01
4.141414e-01 3.636364e-01 -3.573136e-01 -5.716294e-03 3.515973e-01
4.242424e-01 3.636364e-01 -3.537225e-01 -5.718946e-03 3.480036e-01
4.343434e-01 3.636364e-01 -3.501675e-01 -5.721122e-03 3.444464e-01
4.444444e-01 3.636364e-01 -3.466483e-01 -5.723327e-03 3.409250e-01
4.545455e-01 3.636364e-01 -3.431644e-01 -5.725741e-03 3.374387e-01
4.646465e-01 3.636364e-01 -3.397156e-01 -5.728006e-03 3.339876e-01
4.747475e-01 3.636364e-01 -3.363014e-01 -5.729526e-03 3.305718e-01
4.848485e-01 3.636364e-01 -3.329215e-01 -5.731374e-03 3.271901e-01
4.949495e-01 3.636364e-01 -3.295756e-01 -5.733043e-03 3.238425e-01
5.050505e-01 3.636364e-01 -3.262633e-01 -5.735427e-03 3.205278e-01
5.151515e-01 3.636364e-01 -3.229843e-01 -5.737096e-03 3.172472e-01
5.252525e-01 3.636364e-01 -3.197382e-01 -5.738914e-03 3.139993e-01
5.353535e-01 3.636364e-01 -3.165248e-01 -5.740523e-03 3.107843e-01
5.454545e-01 3.636364e-01 -3.133437e-01 -5.742937e-03 3.076007e-01
5.555556e-01 3.636364e-01 -3.101945e-01 -5.744308e-03 3.044502e-01
5.656566e-01 3.636364e-01 -3.070770e-01 -5.746514e-03 3.013305e-01
5.757576e-01 3.636364e-01 -3.039908e-01 -5.748481e-03 2.982424e-01
5.858586e-01 3.636364e-01 -3.009357e-01 -5.750299e-03 2.951854e-01
5.959596e-01 3.636364e-01 -2.979112e-01 -5.751818e-03 2.921594e-01
6.060606e-01 3.636364e-01 -2.949172e-01 -5.753577e-03 2.891636e-01
6.161616e-01 3.636364e-01 -2.919532e-01 -5.754411e-03 2.861988e-01
6.262626e-01 3.636364e-01 -2.890190e-01 -5.756676e-03 2.832623e-01
6.363636e-01 3.636364e-01 -2.861143e-01 -5.758554e-03 2.803558e-01
6.464646e-01 3.636364e-01 -2.832388e-01 -5.759954e-03 2.774789e-01
6.565657e-01 3.636364e-01 -2.803922e-01 -5.761206e-03 2.746310e-01
6.666667e-01 3.636364e-01 -2.775743e-01 -5.763263e-03 2.718110e-01
6.767677e-01 3.636364e-01 -2.747846e-01 -5.764574e-03 2.690200e-01
6.868687e-01 3.636364e-01 -2.720230e-01 -5.765975e-03 2.662570e-01
6.969697e-01 3.636364e-01 -2.692891e-01 -5.767912e-03 2.635212e-01
7.070707e-01 3.636364e-01 -2.665827e-01 -5.769104e-03 2.608136e-01
7.171717e-01 3.636364e-01 -2.639035e-01 -5.770713e-03 2.581328e-01
7.272727e-01 3.636364e-01 -2.612512e-01 -5.772352e-03 2.554789e-01
7.373737e-01 3.636364e-01 -2.586256e-01 -5.773842e-03 2.528517e-01
7.474747e-01 3.636364e-01 -2.560264e-01 -5.775183e-03 2.502512e-01
7.575758e-01 3.636364e-01 -2.534532e-01 -5.776733e-03 2.476765e-01
7.676768e-01 3.636364e-01 -2.509060e-01 -5.778134e-03 2.451279e-01
7.777778e-01 3.636364e-01 -2.483844e-01 -5.779177e-03 2.426052e-01
7.878788e-01 3.636364e-01 -2.458880e-01 -5.780578e-03 2.401075e-01
7.979798e-01 3.636364e-01 -2.434168e-01 -5.782038e-03 2.376348e-01
8.080808e-01 3.636364e-01 -2.409705e-01 -5.782783e-03 2.351877e-01
8.181818e-01 3.636364e-01 -2.385487e-01 -5.783826e-03 2.327648e-01
8.282828e-01 3.636364e-01 -2.361512e-01 -5.785495e-03 2.303657e-01
8.383838e-01 3.636364e-01 -2.337778e-01 -5.786687e-03 2.279912e-01
8.484848e-01 3.636364e-01 -2.314283e-01 -5.788147e-03 2.256402e-01
8.585859e-01 3.636364e-01 -2.291024e-01 -5.789191e-03 2.233133e-01
8.686869e-01 3.636364e-01 -2.267999e-01 -5.790174e-03 2.210098e-01
8.787879e-01 3.636364e-01 -2.245206e-01 -5.791157e-03 2.187294e-01
8.888889e-01 3.636364e-01 -2.222641e-01 -5.792022e-03 2.164721e-01
8.989899e-01 3.636364e-01 -2.200303e-01 -5.793363e-03 2.142369e-01
9.090909e-01 3.636364e-01 -2.178190e-01 -5.794704e-03 2.120242e-01
9.191919e-01 3.636364e-01 -2.156298e-01 -5.795985e-03 2.098339e-01
9.292929e-01 3.636364e-01 -2.134627e-01 -5.796671e-03 2.076660e-01
9.393939e-01 3.636364e-01 -2.113174e-01 -5.797595e-03 2.055198e-01
9.494949e-01 3.636364e-01 -2.091936e-01 -5.798489e-03 2.033951e-01
9.595960e-01 3.636364e-01 -2.070912e-01 -5.799979e-03 2.012912e-01
9.696970e-01 3.636364e-01 -2.050099e-01 -5.800515e-03 1.992094e-01
9.797980e-01 3.636364e-01 -2.029495e-01 -5.800933e-03 1.971486e-01
9.898990e-01 3.636364e-01 -2.009098e-01 -5.802274e-03 1.951075e-01
1.000000e+00 3.636364e-01 -1.988906e-01 -5.802810e-03 1.930878e-01
0.000000e+00 3.737374e-01 4.009305e-01 -5.618215e-03 4.065488e-01
1.010101e-02 3.737374e-01 3.969011e-01 -5.621880e-03 4.025230e-01
2.020202e-02 3.737374e-01 3.929122e-01 -5.624950e-03 3.985371e-01
3.030303e-02 3.737374e-01 3.889634e-01 -5.627960e-03 3.945913e-01
4.040404e-02 3.737374e-01 3.850542e-01 -5.630702e-03 3.906849e-01
5.050505e-02 3.737374e-01 3.811844e-01 -5.633712e-03 3.868181e-01
6.060606e-02 3.737374e-01 3.773534e-01 -5.637079e-03 3.829905e-01
7.070707e-02 3.737374e-01 3.735609e-01 -5.640000e-03 3.792009e-01
8.080808e-02 3.737374e-01 3.698066e-01 -5.643338e-03 3.754499e-01
9.090909e-02 3.737374e-01 3.660900e-01 -5.645782e-03 3.717357e-01
1.010101e-01 3.737374e-01 3.624107e-01 -5.648941e-03 3.680596e-01
1.111111e-01 3.737374e-01 3.587684e-01 -5.651772e-03 3.644202e-01
1.212121e-01 3.737374e-01 3.551627e-01 -5.654961e-03 3.608177e-01
1.313131e-01 3.737374e-01 3.515933e-01 -5.657673e-03 3.572510e-01
1.414141e-01 3.737374e-01 3.480597e-01 -5.659908e-03 3.537196e-01
1.515152e-01 3.737374e-01 3.445617e-01 -5.662620e-03 3.502243e-01
1.616162e-01 3.737374e-01 3.410987e-01 -5.665720e-03 3.467645e-01
1.717172e-01 3.737374e-01 3.376707e-01 -5.668491e-03 3.433391e-01
1.818182e-01 3.737374e-01 3.342770e-01 -5.671620e-03 3.399486e-01
1.919192e-01 3.737374e-01 3.309175e-01 -5.673826e-03 3.365913e-01
2.020202e-01 3.737374e-01 3.275917e-01 -5.676359e-03 3.332680e-01
2.121212e-01 3.737374e-01 3.242993e-01 -5.678564e-03 3.299779e-01
2.222222e-01 3.737374e-01 3.210401e-01 -5.681396e-03 3.267215e-01
2.323232e-01 3.737374e-01 3.178136e-01 -5.684048e-03 3.234976e-01
2.424242e-01 3.737374e-01 3.146195e-01 -5.686313e-03 3.203058e-01
2.525253e-01 3.737374e-01 3.114575e-01 -5.688995e-03 3.171465e-01
2.626263e-01 3.737374e-01 3.083273e-01 -5.691379e-03 3.140187e-01
2.727273e-01 3.737374e-01 3.052286e-01 -5.694509e-03 3.109231e-01
2.828283e-01 3.737374e-01 3.021610e-01 -5.696356e-03 3.078573e-01
2.929293e-01 3.737374e-01 2.991242e-01 -5.699188e-03 3.048234e-01
3.030303e-01 3.737374e-01 2.961180e-01 -5.701184e-03 3.018191e-01
3.131313e-01 3.737374e-01 2.931419e-01 -5.703598e-03 2.988455e-01
3.232323e-01 3.737374e-01 2.901958e-01 -5.705863e-03 2.959017e-01
3.333333e-01 3.737374e-01 2.872793e-01 -5.708635e-03 2.929879e-01
3.434343e-01 3.737374e-01 2.843921e-01 -5.710483e-03 2.901026e-01
3.535354e-01 3.737374e-01 2.815339e-01 -5.713075e-03 2.872470e-01
3.636364e-01 3.737374e-01 2.787044e-01 -5.714983e-03 2.844194e-01
3.737374e-01 3.737374e-01 2.759034e-01 -5.717516e-03 2.816209e-01
3.838384e-01 3.737374e-01 2.731305e-01 -5.719095e-03 2.788496e-01
3.939394e-01 3.737374e-01 2.703855e-01 -5.721658e-03 2.761072e-01
4.040404e-01 3.737374e-01 2.676681e-01 -5.723566e-03 2.733917e-01
4.141414e-01 3.737374e-01 2.649780e-01 -5.725354e-03 2.707033e-01
4.242424e-01 3.737374e-01 2.623149e-01 -5.727410e-03 2.680423e-01
4.343434e-01 3.737374e-01 2.596786e-01 -5.729973e-03 2.654086e-01
4.444444e-01 3.737374e-01 2.570688e-01 -5.731791e-03 2.628006e-01
4.545455e-01 3.737374e-01 2.544852e-01 -5.733937e-03 2.602191e-01
4.646465e-01 3.737374e-01 2.519276e-01 -5.736172e-03 2.576638e-01
4.747475e-01 3.737374e-01 2.493957e-01 -5.738020e-03 2.551337e-01
4.848485e-01 3.737374e-01 2.468892e-01 -5.739748e-03 2.526290e-01
4.949495e-01 3.737374e-01 2.444079e-01 -5.741447e-03 2.501494e-01
5.050505e-01 3.737374e-01 2.419516e-01 -5.743951e-03 2.476955e-01
5.151515e-01 3.737374e-01 2.395199e-01 -5.745202e-03 2.452651e-01
5.252525e-01 3.737374e-01 2.371127e-01 -5.747378e-03 2.428601e-01
5.353535e-01 3.737374e-01 2.347297e-01 -5.748808e-03 2.404785e-01
5.454545e-01 3.737374e-01 2.323706e-01 -5.751222e-03 2.381219e-01
5.555556e-01 3.737374e-01 2.300353e-01 -5.752534e-03 2.357878e-01
5.656566e-01 3.737374e-01 2.277234e-01 -5.754471e-03 2.334778e-01
5.757576e-01 3.737374e-01 2.254347e-01 -5.756050e-03 2.311908e-01
5.858586e-01 3.737374e-01 2.231691e-01 -5.757958e-03 2.289270e-01
5.959596e-01 3.737374e-01 2.209262e-01 -5.759478e-03 2.266857e-01
6.060606e-01 3.737374e-01 2.187058e-01 -5.761206e-03 2.244670e-01
6.161616e-01 3.737374e-01 2.165078e-01 -5.762368e-03 2.222702e-01
6.262626e-01 3.737374e-01 2.143319e-01 -5.764157e-03 2.200960e-01
6.363636e-01 3.737374e-01 2.121778e-01 -5.765915e-03 2.179437e-01
6.464646e-01 3.737374e-01 2.100454e-01 -5.767256e-03 2.158126e-01
6.565657e-01 3.737374e-01 2.079344e-01 -5.768687e-03 2.137031e-01
6.666667e-01 3.737374e-01 2.058446e-01 -5.770177e-03 2.116148e-01
6.767677e-01 3.737374e-01 2.037758e-01 -5.771518e-03 2.095473e-01
6.868687e-01 3.737374e-01 2.017278e-01 -5.773097e-03 2.075009e-01
6.969697e-01 3.737374e-01 1.997004e-01 -5.774826e-03 2.054753e-01
7.070707e-01 3.737374e-01 1.976934e-01 -5.776554e-03 2.034700e-01
7.171717e-01 3.737374e-01 1.957066e-01 -5.777687e-03 2.014843e-01
7.272727e-01 3.737374e-01 1.937397e-01 -5.779177e-03 1.995189e-01
7.373737e-01 3.737374e-01 1.917926e-01 -5.780786e-03 1.975734e-01
7.474747e-01 3.737374e-01 1.898650e-01 -5.782187e-03 1.956472e-01
7.575758e-01 3.737374e-01 1.879569e-01 -5.783319e-03 1.937402e-01
7.676768e-01 3.737374e-01 1.860679e-01 -5.784363e-03 1.918522e-01
7.777778e-01 3.737374e-01 1.841978e-01 -5.786330e-03 1.899842e-01
7.878788e-01 3.737374e-01 1.823466e-01 -5.787402e-03 1.881340e-01
7.979798e-01 3.737374e-01 1.805140e-01 -5.788535e-03 1.863025e-01
8.080808e-01 3.737374e-01 1.786998e-01 -5.789906e-03 1.844897e-01
8.181818e-01 3.737374e-01 1.769039e-01 -5.790979e-03 1.826948e-01
8.282828e-01 3.737374e-01 1.751259e-01 -5.791932e-03 1.809179e-01
8.383838e-01 3.737374e-01 1.733659e-01 -5.792975e-03 1.791589e-01
8.484848e-01 3.737374e-01 1.716235e-01 -5.794585e-03 1.774181e-01
8.585859e-01 3.737374e-01 1.698987e-01 -5.795717e-03 1.756944e-01
8.686869e-01 3.737374e-01 1.681912e-01 -5.796313e-03 1.739875e-01
8.787879e-01 3.737374e-01 1.665008e-01 -5.797595e-03 1.722984e-01
8.888889e-01 3.737374e-01 1.648275e-01 -5.798876e-03 1.706263e-01
8.989899e-01 3.737374e-01 1.631709e-01 -5.799860e-03 1.689708e-01
9.090909e-01 3.737374e-01 1.615310e-01 -5.801290e-03 1.673323e-01
9.191919e-01 3.737374e-01 1.599076e-01 -5.801886e-03 1.657095e-01
9.292929e-01 3.737374e-01 1.583005e-01 -5.802691e-03 1.641032e-01
9.393939e-01 3.737374e-01 1.567096e-01 -5.803764e-03 1.625133e-01
9.494949e-01 3.737374e-01 1.551346e-01 -5.804688e-03 1.609393e-01
9.595960e-01 3.737374e-01 1.535755e-01 -5.805343e-03 1.593808e-01
9.696970e-01 3.737374e-01 1.520320e-01 -5.807042e-03 1.578391e-01
9.797980e-01 3.737374e-01 1.505041e-01 -5.807489e-03 1.563116e-01
9.898990e-01 3.737374e-01 1.489915e-01 -5.807489e-03 1.547990e-01
1.000000e+00 3.737374e-01 1.474941e-01 -5.808741e-03 1.533028e-01
0.000000e+00 3.838384e-01 -2.511480e-01 -5.630374e-03 2.455176e-01
1.010101e-02 3.838384e-01 -2.486239e-01 -5.633980e-03 2.429899e-01
2.020202e-02 3.838384e-01 -2.461252e-01 -5.636752e-03 2.404884e-01
3.030303e-02 3.838384e-01 -2.436516e-01 -5.639702e-03 2.380119e-01
4.040404e-02 3.838384e-01 -2.412029e-01 -5.642176e-03 2.355607e-01
5.050505e-02 3.838384e-01 -2.387787e-01 -5.645365e-03 2.331334e-01
6.060606e-02 3.838384e-01 -2.363790e-01 -5.647987e-03 2.307310e-01
7.070707e-02 3.838384e-01 -2.340033e-01 -5.651742e-03 2.283516e-01
8.080808e-02 3.838384e-01 -2.316515e-01 -5.654275e-03 2.259973e-01
9.090909e-02 3.838384e-01 -2.293234e-01 -5.656958e-03 2.236664e-01
1.010101e-01 3.838384e-01 -2.270187e-01 -5.659968e-03 2.213587e-01
1.111111e-01 3.838384e-01 -2.247371e-01 -5.663067e-03 2.190740e-01
1.212121e-01 3.838384e-01 -2.224784e-01 -5.665690e-03 2.168128e-01
1.313131e-01 3.838384e-01 -2.202425e-01 -5.668491e-03 2.145740e-01
1.414141e-01 3.838384e-01 -2.180290e-01 -5.671144e-03 2.123579e-01
1.515152e-01 3.838384e-01 -2.158378e-01 -5.673349e-03 2.101645e-01
1.616162e-01 3.838384e-01 -2.136686e-01 -5.676329e-03 2.079923e-01
1.717172e-01 3.838384e-01 -2.115212e-01 -5.679548e-03 2.058416e-01
1.818182e-01 3.838384e-01 -2.093954e-01 -5.682051e-03 2.037133e-01
1.919192e-01 3.838384e-01 -2.072909e-01 -5.684614e-03 2.016063e-01
2.020202e-01 3.838384e-01 -2.052076e-01 -5.687267e-03 1.995203e-01
2.121212e-01 3.838384e-01 -2.031452e-01 -5.689412e-03 1.974558e-01
2.222222e-01 3.838384e-01 -2.011036e-01 -5.691856e-03 1.954117e-01
2.323232e-01 3.838384e-01 -1.990825e-01 -5.694449e-03 1.933880e-01
2.424242e-01 3.838384e-01 -1.970817e-01 -5.696863e-03 1.913848e-01
2.525253e-01 3.838384e-01 -1.951009e-01 -5.699426e-03 1.894015e-01
2.626263e-01 3.838384e-01 -1.931402e-01 -5.701512e-03 1.874386e-01
2.727273e-01 3.838384e-01 -1.911991e-01 -5.703956e-03 1.854951e-01
2.828283e-01 3.838384e-01 -1.892775e-01 -5.706698e-03 1.835708e-01
2.929293e-01 3.838384e-01 -1.873752e-01 -5.708843e-03 1.816664e-01
3.030303e-01 3.838384e-01 -1.854921e-01 -5.710840e-03 1.797812e-01
3.131313e-01 3.838384e-01 -1.836278e-01 -5.712807e-03 1.779150e-01
3.232323e-01 3.838384e-01 -1.817823e-01 -5.715340e-03 1.760670e-01
3.333333e-01 3.838384e-01 -1.799554e-01 -5.717516e-03 1.742379e-01
3.434343e-01 3.838384e-01 -1.781468e-01 -5.719781e-03 1.724270e-01
3.535354e-01 3.838384e-01 -1.763564e-01 -5.721927e-03 1.706345e-01
3.636364e-01 3.838384e-01 -1.745840e-01 -5.724251e-03 1.688597e-01
3.737374e-01 3.838384e-01 -1.728294e-01 -5.726725e-03 1.671027e-01
3.838384e-01 3.838384e-01 -1.710924e-01 -5.728185e-03 1.653643e-01
3.939394e-01 3.838384e-01 -1.693729e-01 -5.730480e-03 1.636424e-01
4.040404e-01 3.838384e-01 -1.676707e-01 -5.732447e-03 1.619383e-01
4.141414e-01 3.838384e-01 -1.659856e-01 -5.734533e-03 1.602511e-01
4.242424e-01 3.838384e-01 -1.643174e-01 -5.736381e-03 1.585810e-01
4.343434e-01 3.838384e-01 -1.626660e-01 -5.738735e-03 1.569272e-01
4.444444e-01 3.838384e-01 -1.610312e-01 -5.740970e-03 1.552902e-01
4.545455e-01 3.838384e-01 -1.594128e-01 -5.742341e-03 1.536704e-01
4.646465e-01 3.838384e-01 -1.578106e-01 -5.744666e-03 1.520660e-01
4.747475e-01 3.838384e-01 -1.562246e-01 -5.746335e-03 1.504783e-01
4.848485e-01 3.838384e-01 -1.546545e-01 -5.748183e-03 1.489064e-01
4.949495e-01 3.838384e-01 -1.531002e-01 -5.749732e-03 1.473505e-01
5.050505e-01 3.838384e-01 -1.515616e-01 -5.752116e-03 1.458094e-01
5.151515e-01 3.838384e-01 -1.500383e-01 -5.753607e-03 1.442847e-01
5.252525e-01 3.838384e-01 -1.485304e-01 -5.755931e-03 1.427745e-01
5.353535e-01 3.838384e-01 -1.470377e-01 -5.757362e-03 1.412803e-01
5.454545e-01 3.838384e-01 -1.455599e-01 -5.758792e-03 1.398011e-01
5.555556e-01 3.838384e-01 -1.440970e-01 -5.760729e-03 1.383363e-01
5.656566e-01 3.838384e-01 -1.426488e-01 -5.762607e-03 1.368862e-01
5.757576e-01 3.838384e-01 -1.412152e-01 -5.763978e-03 1.354512e-01
5.858586e-01 3.838384e-01 -1.397959e-01 -5.765706e-03 1.340302e-01
5.959596e-01 3.838384e-01 -1.383910e-01 -5.766958e-03 1.326240e-01
6.060606e-01 3.838384e-01 -1.370001e-01 -5.769014e-03 1.312311e-01
6.161616e-01 3.838384e-01 -1.356232e-01 -5.770057e-03 1.298532e-01
6.262626e-01 3.838384e-01 -1.342602e-01 -5.771488e-03 1.284887e-01
6.363636e-01 3.838384e-01 -1.329109e-01 -5.773306e-03 1.271376e-01
6.464646e-01 3.838384e-01 -1.315751e-01 -5.774945e-03 1.258001e-01
6.565657e-01 3.838384e-01 -1.302527e-01 -5.776197e-03 1.244765e-01
6.666667e-01 3.838384e-01 -1.289437e-01 -5.777687e-03 1.231660e-01
6.767677e-01 3.838384e-01 -1.276478e-01 -5.778998e-03 1.218688e-01
6.868687e-01 3.838384e-01 -1.263649e-01 -5.780667e-03 1.205842e-01
6.969697e-01 3.838384e-01 -1.250949e-01 -5.782306e-03 1.193126e-01
7.070707e-01 3.838384e-01 -1.238377e-01 -5.782992e-03 1.180547e-01
7.171717e-01 3.838384e-01 -1.225931e-01 -5.785316e-03 1.168078e-01
7.272727e-01 3.838384e-01 -1.213610e-01 -5.786330e-03 1.155747e-01
7.373737e-01 3.838384e-01 -1.201413e-01 -5.787373e-03 1.143539e-01
7.474747e-01 3.838384e-01 -1.189339e-01 -5.788833e-03 1.131450e-01
7.575758e-01 3.838384e-01 -1.177386e-01 -5.790085e-03 1.119485e-01
7.676768e-01 3.838384e-01 -1.165553e-01 -5.791098e-03 1.107642e-01
7.777778e-01 3.838384e-01 -1.153839e-01 -5.792648e-03 1.095912e-01
7.878788e-01 3.838384e-01 -1.142242e-01 -5.794078e-03 1.084302e-01
7.979798e-01 3.838384e-01 -1.130763e-01 -5.794972e-03 1.072813e-01
8.080808e-01 3.838384e-01 -1.119398e-01 -5.796283e-03 1.061436e-01
8.181818e-01 3.838384e-01 -1.108148e-01 -5.797178e-03 1.050176e-01
8.282828e-01 3.838384e-01 -1.097011e-01 -5.798072e-03 1.039030e-01
8.383838e-01 3.838384e-01 -1.085986e-01 -5.799621e-03 1.027990e-01
8.484848e-01 3.838384e-01 -1.075072e-01 -5.800873e-03 1.017063e-01
8.585859e-01 3.838384e-01 -1.064267e-01 -5.801499e-03 1.006252e-01
8.686869e-01 3.838384e-01 -1.053571e-01 -5.802482e-03 9.955461e-02
8.787879e-01 3.838384e-01 -1.042982e-01 -5.803704e-03 9.849453e-02
8.888889e-01 3.838384e-01 -1.032500e-01 -5.804509e-03 9.744552e-02
8.989899e-01 3.838384e-01 -1.022123e-01 -5.805731e-03 9.640661e-02
9.090909e-01 3.838384e-01 -1.011851e-01 -5.807340e-03 9.537775e-02
9.191919e-01 3.838384e-01 -1.001682e-01 -5.807847e-03 9.436032e-02
9.292929e-01 3.838384e-01 -9.916146e-02 -5.809367e-03 9.335209e-02
9.393939e-01 3.838384e-01 -9.816487e-02 -5.809665e-03 9.235521e-02
9.494949e-01 3.838384e-01 -9.717830e-02 -5.810797e-03 9.136750e-02
9.595960e-01 3.838384e-01 -9.620164e-02 -5.811661e-03 9.038998e-02
9.696970e-01 3.838384e-01 -9.523480e-02 -5.812585e-03 8.942221e-02
9.797980e-01 3.838384e-01 -9.427767e-02 -5.813271e-03 8.846440e-02
9.898990e-01 3.838384e-01 -9.333016e-02 -5.813837e-03 8.751633e-02
1.000000e+00 3.838384e-01 -9.239218e-02 -5.814284e-03 8.657790e-02
0.000000e+00 3.939394e-01 9.505604e-02 -5.642265e-03 1.006983e-01
1.010101e-02 3.939394e-01 9.410071e-02 -5.645424e-03 9.974614e-02
2.020202e-02 3.939394e-01 9.315499e-02 -5.648404e-03 9.880339e-02
3.030303e-02 3.939394e-01 9.221876e-02 -5.651236e-03 9.787000e-02
4.040404e-02 3.939394e-01 9.129195e-02 -5.654067e-03 9.694602e-02
5.050505e-02 3.939394e-01 9.037445e-02 -5.657107e-03 9.603156e-02
6.060606e-02 3.939394e-01 8.946617e-02 -5.659878e-03 9.512605e-02
7.070707e-02 3.939394e-01 8.856702e-02 -5.662650e-03 9.422967e-02
8.080808e-02 3.939394e-01 8.767691e-02 -5.665630e-03 9.334254e-02
9.090909e-02 3.939394e-01 8.679574e-02 -5.668372e-03 9.246411e-02
1.010101e-01 3.939394e-01 8.592343e-02 -5.671263e-03 9.159469e-02
1.111111e-01 3.939394e-01 8.505988e-02 -5.674422e-03 9.073431e-02
1.212121e-01 3.939394e-01 8.420502e-02 -5.676687e-03 8.988171e-02
1.313131e-01 3.939394e-01 8.335874e-02 -5.679369e-03 8.903811e-02
1.414141e-01 3.939394e-01 8.252098e-02 -5.682081e-03 8.820306e-02
1.515152e-01 3.939394e-01 8.169163e-02 -5.684525e-03 8.737615e-02
1.616162e-01 3.939394e-01 8.087061e-02 -5.686760e-03 8.655737e-02
1.717172e-01 3.939394e-01 8.005785e-02 -5.689591e-03 8.574744e-02
1.818182e-01 3.939394e-01 7.925325e-02 -5.692273e-03 8.494553e-02
1.919192e-01 3.939394e-01 7.845675e-02 -5.695134e-03 8.415188e-02
2.020202e-01 3.939394e-01 7.766824e-02 -5.697340e-03 8.336558e-02
2.121212e-01 3.939394e-01 7.688766e-02 -5.699605e-03 8.258727e-02
2.222222e-01 3.939394e-01 7.611493e-02 -5.701751e-03 8.181668e-02
2.323232e-01 3.939394e-01 7.534996e-02 -5.704254e-03 8.105422e-02
2.424242e-01 3.939394e-01 7.459268e-02 -5.706728e-03 8.029941e-02
2.525253e-01 3.939394e-01 7.384301e-02 -5.709380e-03 7.955239e-02
2.626263e-01 3.939394e-01 7.310088e-02 -5.711347e-03 7.881223e-02
2.727273e-01 3.939394e-01 7.236620e-02 -5.712837e-03 7.807904e-02
2.828283e-01 3.939394e-01 7.163891e-02 -5.716085e-03 7.735500e-02
2.929293e-01 3.939394e-01 7.091893e-02 -5.718440e-03 7.663737e-02
3.030303e-01 3.939394e-01 7.020618e-02 -5.720347e-03 7.592653e-02
3.131313e-01 3.939394e-01 6.950060e-02 -5.722314e-03 7.522291e-02
3.232323e-01 3.939394e-01 6.880210e-02 -5.724669e-03 7.452677e-02
3.333333e-01 3.939394e-01 6.811063e-02 -5.727440e-03 7.383807e-02
3.434343e-01 3.939394e-01 6.742611e-02 -5.729198e-03 7.315531e-02
3.535354e-01 3.939394e-01 6.674846e-02 -5.731255e-03 7.247972e-02
3.636364e-01 3.939394e-01 6.607763e-02 -5.733252e-03 7.181088e-02
3.737374e-01 3.939394e-01 6.541354e-02 -5.735427e-03 7.114897e-02
3.838384e-01 3.939394e-01 6.475612e-02 -5.737424e-03 7.049355e-02
3.939394e-01 3.939394e-01 6.410531e-02 -5.738735e-03 6.984405e-02
4.040404e-01 3.939394e-01 6.346104e-02 -5.741507e-03 6.920255e-02
4.141414e-01 3.939394e-01 6.282325e-02 -5.743235e-03 6.856649e-02
4.242424e-01 3.939394e-01 6.219187e-02 -5.744934e-03 6.793680e-02
4.343434e-01 3.939394e-01 6.156683e-02 -5.746931e-03 6.731376e-02
4.444444e-01 3.939394e-01 6.094807e-02 -5.749583e-03 6.669765e-02
4.545455e-01 3.939394e-01 6.033553e-02 -5.751163e-03 6.608670e-02
4.646465e-01 3.939394e-01 5.972915e-02 -5.753070e-03 6.548222e-02
4.747475e-01 3.939394e-01 5.912886e-02 -5.754441e-03 6.488330e-02
4.848485e-01 3.939394e-01 5.853461e-02 -5.756468e-03 6.429108e-02
4.949495e-01 3.939394e-01 5.794633e-02 -5.757987e-03 6.370431e-02
5.050505e-01 3.939394e-01 5.736395e-02 -5.760103e-03 6.312406e-02
5.151515e-01 3.939394e-01 5.678744e-02 -5.761951e-03 6.254939e-02
5.252525e-01 3.939394e-01 5.621671e-02 -5.763322e-03 6.198004e-02
5.353535e-01 3.939394e-01 5.565173e-02 -5.765080e-03 6.141681e-02
5.454545e-01 3.939394e-01 5.509242e-02 -5.766839e-03 6.085926e-02
5.555556e-01 3.939394e-01 5.453873e-02 -5.768150e-03 6.030688e-02
5.656566e-01 3.939394e-01 5.399061e-02 -5.770057e-03 5.976066e-02
5.757576e-01 3.939394e-01 5.344799e-02 -5.771428e-03 5.921942e-02
5.858586e-01 3.939394e-01 5.291083e-02 -5.773634e-03 5.868446e-02
5.959596e-01 3.939394e-01 5.237907e-02 -5.775213e-03 5.815428e-02
6.060606e-01 3.939394e-01 5.185265e-02 -5.776167e-03 5.762882e-02
6.161616e-01 3.939394e-01 5.133152e-02 -5.777240e-03 5.710876e-02
6.262626e-01 3.939394e-01 5.081563e-02 -5.778939e-03 5.659457e-02
6.363636e-01 3.939394e-01 5.030493e-02 -5.780488e-03 5.608541e-02
6.464646e-01 3.939394e-01 4.979935e-02 -5.782247e-03 5.558160e-02
6.565657e-01 3.939394e-01 4.929886e-02 -5.783409e-03 5.508227e-02
6.666667e-01 3.939394e-01 4.880340e-02 -5.785078e-03 5.458848e-02
6.767677e-01 3.939394e-01 4.831292e-02 -5.786598e-03 5.409952e-02
6.868687e-01 3.939394e-01 4.782736e-02 -5.787909e-03 5.361527e-02
6.969697e-01 3.939394e-01 4.734669e-02 -5.789459e-03 5.313615e-02
7.070707e-01 3.939394e-01 4.687085e-02 -5.790800e-03 5.266165e-02
7.171717e-01 3.939394e-01 4.639979e-02 -5.791754e-03 5.219154e-02
7.272727e-01 3.939394e-01 4.593346e-02 -5.793244e-03 5.172671e-02
7.373737e-01 3.939394e-01 4.547183e-02 -5.794436e-03 5.126626e-02
7.474747e-01 3.939394e-01 4.501483e-02 -5.795449e-03 5.081027e-02
7.575758e-01 3.939394e-01 4.456242e-02 -5.796999e-03 5.035942e-02
7.676768e-01 3.939394e-01 4.411456e-02 -5.798489e-03 4.991305e-02
7.777778e-01 3.939394e-01 4.367120e-02 -5.799532e-03 4.947073e-02
7.878788e-01 3.939394e-01 4.323230e-02 -5.800158e-03 4.903246e-02
7.979798e-01 3.939394e-01 4.279781e-02 -5.801588e-03 4.859939e-02
8.080808e-01 3.939394e-01 4.236768e-02 -5.803168e-03 4.817085e-02
8.181818e-01 3.939394e-01 4.194188e-02 -5.804181e-03 4.774606e-02
8.282828e-01 3.939394e-01 4.152036e-02 -5.804777e-03 4.732513e-02
8.383838e-01 3.939394e-01 4.110307e-02 -5.805761e-03 4.690883e-02
8.484848e-01 3.939394e-01 4.068998e-02 -5.806774e-03 4.649675e-02
8.585859e-01 3.939394e-01 4.028104e-02 -5.807847e-03 4.608888e-02
8.686869e-01 3.939394e-01 3.987620e-02 -5.808592e-03 4.568480e-02
8.787879e-01 3.939394e-01 3.947544e-02 -5.810112e-03 4.528555e-02
8.888889e-01 3.939394e-01 3.907871e-02 -5.811006e-03 4.488971e-02
8.989899e-01 3.939394e-01 3.868596e-02 -5.811960e-03 4.449792e-02
9.090909e-01 3.939394e-01 3.829716e-02 -5.812526e-03 4.410969e-02
9.191919e-01 3.939394e-01 3.791227e-02 -5.813837e-03 4.372610e-02
9.292929e-01 3.939394e-01 3.753124e-02 -5.814344e-03 4.334559e-02
9.393939e-01 3.939394e-01 3.715405e-02 -5.815715e-03 4.296976e-02
9.494949e-01 3.939394e-01 3.678064e-02 -5.816728e-03 4.259737e-02
9.595960e-01 3.939394e-01 3.641099e-02 -5.817503e-03 4.222849e-02
9.696970e-01 3.939394e-01 3.604505e-02 -5.818486e-03 4.186354e-02
9.797980e-01 3.939394e-01 3.568280e-02 -5.819231e-03 4.150203e-02
9.898990e-01 3.939394e-01 3.532418e-02 -5.820006e-03 4.114418e-02
1.000000e+00 3.939394e-01 3.496916e-02 -5.820125e-03 4.078929e-02
0.000000e+00 4.040404e-01 6.342392e-02 -5.654424e-03 6.907834e-02
1.010101e-02 4.040404e-01 6.278650e-02 -5.656749e-03 6.844325e-02
2.020202e-02 4.040404e-01 6.215548e-02 -5.659819e-03 6.781530e-02
3.030303e-02 4.040404e-01 6.153081e-02 -5.662739e-03 6.719355e-02
4.040404e-02 4.040404e-01 6.091242e-02 -5.665511e-03 6.657793e-02
5.050505e-02 4.040404e-01 6.030024e-02 -5.668819e-03 6.596906e-02
6.060606e-02 4.040404e-01 5.969421e-02 -5.671769e-03 6.536598e-02
7.070707e-02 4.040404e-01 5.909427e-02 -5.674154e-03 6.476843e-02
8.080808e-02 4.040404e-01 5.850036e-02 -5.677074e-03 6.417744e-02
9.090909e-02 4.040404e-01 5.791243e-02 -5.679756e-03 6.359218e-02
1.010101e-01 4.040404e-01 5.733040e-02 -5.682528e-03 6.301292e-02
1.111111e-01 4.040404e-01 5.675422e-02 -5.684972e-03 6.243919e-02
1.212121e-01 4.040404e-01 5.618383e-02 -5.687863e-03 6.187169e-02
1.313131e-01 4.040404e-01 5.561917e-02 -5.690306e-03 6.130948e-02
1.414141e-01 4.040404e-01 5.506019e-02 -5.692840e-03 6.075303e-02
1.515152e-01 4.040404e-01 5.450682e-02 -5.694836e-03 6.020166e-02
1.616162e-01 4.040404e-01 5.395902e-02 -5.698144e-03 5.965717e-02
1.717172e-01 4.040404e-01 5.341673e-02 -5.700201e-03 5.911693e-02
1.818182e-01 4.040404e-01 5.287988e-02 -5.703181e-03 5.858306e-02
1.919192e-01 4.040404e-01 5.234843e-02 -5.705297e-03 5.805372e-02
2.020202e-01 4.040404e-01 5.182232e-02 -5.708009e-03 5.753033e-02
2.121212e-01 4.040404e-01 5.130149e-02 -5.710185e-03 5.701168e-02
2.222222e-01 4.040404e-01 5.078590e-02 -5.712330e-03 5.649824e-02
2.323232e-01 4.040404e-01 5.027550e-02 -5.714118e-03 5.598962e-02
2.424242e-01 4.040404e-01 4.977022e-02 -5.716413e-03 5.548663e-02
2.525253e-01 4.040404e-01 4.927002e-02 -5.718917e-03 5.498894e-02
2.626263e-01 4.040404e-01 4.877485e-02 -5.721331e-03 5.449618e-02
2.727273e-01 4.040404e-01 4.828465e-02 -5.723566e-03 5.400822e-02
2.828283e-01 4.040404e-01 4.779939e-02 -5.726367e-03 5.352575e-02
2.929293e-01 4.040404e-01 4.731899e-02 -5.727530e-03 5.304652e-02
3.030303e-01 4.040404e-01 4.684343e-02 -5.730420e-03 5.257385e-02
3.131313e-01 4.040404e-01 4.637265e-02 -5.732089e-03 5.210474e-02
3.232323e-01 4.040404e-01 4.590659e-02 -5.734295e-03 5.164089e-02
3.333333e-01 4.040404e-01 4.544522e-02 -5.736500e-03 5.118172e-02
3.434343e-01 4.040404e-01 4.498849e-02 -5.738199e-03 5.072669e-02
3.535354e-01 4.040404e-01 4.453635e-02 -5.740136e-03 5.027649e-02
3.636364e-01 4.040404e-01 4.408875e-02 -5.742818e-03 4.983157e-02
3.737374e-01 4.040404e-01 4.364565e-02 -5.744189e-03 4.938984e-02
3.838384e-01 4.040404e-01 4.320701e-02 -5.746931e-03 4.895394e-02
3.939394e-01 4.040404e-01 4.277277e-02 -5.748063e-03 4.852083e-02
4.040404e-01 4.040404e-01 4.234290e-02 -5.750299e-03 4.809319e-02
4.141414e-01 4.040404e-01 4.191734e-02 -5.751461e-03 4.766880e-02
4.242424e-01 4.040404e-01 4.149607e-02 -5.753785e-03 4.724985e-02
4.343434e-01 4.040404e-01 4.107902e-02 -5.755991e-03 4.683502e-02
4.444444e-01 4.040404e-01 4.066617e-02 -5.758077e-03 4.642425e-02
4.545455e-01 4.040404e-01 4.025747e-02 -5.759865e-03 4.601734e-02
4.646465e-01 4.040404e-01 3.985288e-02 -5.761296e-03 4.561417e-02
4.747475e-01 4.040404e-01 3.945235e-02 -5.762905e-03 4.521525e-02
4.848485e-01 4.040404e-01 3.905585e-02 -5.765051e-03 4.482090e-02
4.949495e-01 4.040404e-01 3.866333e-02 -5.766779e-03 4.443011e-02
5.050505e-01 4.040404e-01 3.827476e-02 -5.768836e-03 4.404359e-02
5.151515e-01 4.040404e-01 3.789009e-02 -5.769700e-03 4.365979e-02
5.252525e-01 4.040404e-01 3.750929e-02 -5.771399e-03 4.328069e-02
5.353535e-01 4.040404e-01 3.713231e-02 -5.773336e-03 4.290565e-02
5.454545e-01 4.040404e-01 3.675913e-02 -5.774647e-03 4.253377e-02
5.555556e-01 4.040404e-01 3.638969e-02 -5.776316e-03 4.216601e-02
5.656566e-01 4.040404e-01 3.602397e-02 -5.777806e-03 4.180177e-02
5.757576e-01 4.040404e-01 3.566192e-02 -5.779296e-03 4.144122e-02
5.858586e-01 4.040404e-01 3.530351e-02 -5.780488e-03 4.108400e-02
5.959596e-01 4.040404e-01 3.494871e-02 -5.782217e-03 4.073092e-02
6.060606e-01 4.040404e-01 3.459747e-02 -5.783767e-03 4.038123e-02
6.161616e-01 4.040404e-01 3.424976e-02 -5.785495e-03 4.003525e-02
6.262626e-01 4.040404e-01 3.390554e-02 -5.786777e-03 3.969232e-02
6.363636e-01 4.040404e-01 3.356478e-02 -5.788058e-03 3.935284e-02
6.464646e-01 4.040404e-01 3.322745e-02 -5.789131e-03 3.901658e-02
6.565657e-01 4.040404e-01 3.289351e-02 -5.790859e-03 3.868437e-02
6.666667e-01 4.040404e-01 3.256293e-02 -5.792290e-03 3.835522e-02
6.767677e-01 4.040404e-01 3.223566e-02 -5.793720e-03 3.802938e-02
6.868687e-01 4.040404e-01 3.191169e-02 -5.795270e-03 3.770696e-02
6.969697e-01 4.040404e-01 3.159097e-02 -5.796134e-03 3.738711e-02
7.070707e-01 4.040404e-01 3.127348e-02 -5.797565e-03 3.707104e-02
7.171717e-01 4.040404e-01 3.095917e-02 -5.799234e-03 3.675841e-02
7.272727e-01 4.040404e-01 3.064803e-02 -5.800158e-03 3.644819e-02
7.373737e-01 4.040404e-01 3.034001e-02 -5.801111e-03 3.614112e-02
7.474747e-01 4.040404e-01 3.003509e-02 -5.802155e-03 3.583724e-02
7.575758e-01 4.040404e-01 2.973323e-02 -5.803943e-03 3.553717e-02
7.676768e-01 4.040404e-01 2.943441e-02 -5.804896e-03 3.523930e-02
7.777778e-01 4.040404e-01 2.913859e-02 -5.806029e-03 3.494462e-02
7.878788e-01 4.040404e-01 2.884574e-02 -5.806804e-03 3.465254e-02
7.979798e-01 4.040404e-01 2.855583e-02 -5.807996e-03 3.436383e-02
8.080808e-01 4.040404e-01 2.826884e-02 -5.809724e-03 3.407857e-02
8.181818e-01 4.040404e-01 2.798474e-02 -5.810171e-03 3.379491e-02
8.282828e-01 4.040404e-01 2.770349e-02 -5.811244e-03 3.351473e-02
8.383838e-01 4.040404e-01 2.742506e-02 -5.812317e-03 3.323738e-02
8.484848e-01 4.040404e-01 2.714943e-02 -5.813211e-03 3.296265e-02
8.585859e-01 4.040404e-01 2.687658e-02 -5.813867e-03 3.269045e-02
8.686869e-01 4.040404e-01 2.660646e-02 -5.815059e-03 3.242152e-02
8.787879e-01 4.040404e-01 2.633906e-02 -5.815864e-03 3.215493e-02
8.888889e-01 4.040404e-01 2.607435e-02 -5.817115e-03 3.189147e-02
8.989899e-01 4.040404e-01 2.581230e-02 -5.817682e-03 3.162998e-02
9.090909e-01 4.040404e-01 2.555288e-02 -5.818605e-03 3.137149e-02
9.191919e-01 4.040404e-01 2.529607e-02 -5.819708e-03 3.111578e-02
9.292929e-01 4.040404e-01 2.504184e-02 -5.820662e-03 3.086250e-02
9.393939e-01 4.040404e-01 2.479017e-02 -5.821347e-03 3.061152e-02
9.494949e-01 4.040404e-01 2.454102e-02 -5.822212e-03 3.036323e-02
9.595960e-01 4.040404e-01 2.429438e-02 -5.823046e-03 3.011743e-02
9.696970e-01 4.040404e-01 2.405022e-02 -5.823880e-03 2.987410e-02
9.797980e-01 4.040404e-01 2.380851e-02 -5.825073e-03 2.963358e-02
9.898990e-01 4.040404e-01 2.356923e-02 -5.825609e-03 2.939484e-02
1.000000e+00 4.040404e-01 2.333236e-02 -5.825967e-03 2.915832e-02
0.000000e+00 4.141414e-01 -2.203105e-01 -5.666018e-03 2.146445e-01
1.010101e-02 4.141414e-01 -2.180964e-01 -5.669057e-03 2.124273e-01
2.020202e-02 4.141414e-01 -2.159045e-01 -5.671769e-03 2.102327e-01
3.030303e-02 4.141414e-01 -2.137346e-01 -5.674094e-03 2.080605e-01
4.040404e-02 4.141414e-01 -2.115865e-01 -5.677402e-03 2.059091e-01
5.050505e-02 4.141414e-01 -2.094600e-01 -5.680054e-03 2.037800e-01
6.060606e-02 4.141414e-01 -2.073549e-01 -5.682439e-03 2.016725e-01
7.070707e-02 4.141414e-01 -2.052710e-01 -5.685568e-03 1.995854e-01
8.080808e-02 4.141414e-01 -2.032080e-01 -5.688101e-03 1.975199e-01
9.090909e-02 4.141414e-01 -2.011657e-01 -5.690336e-03 1.954754e-01
1.010101e-01 4.141414e-01 -1.991440e-01 -5.693465e-03 1.934505e-01
1.111111e-01 4.141414e-01 -1.971425e-01 -5.696088e-03 1.914464e-01
1.212121e-01 4.141414e-01 -1.951612e-01 -5.698681e-03 1.894625e-01
1.313131e-01 4.141414e-01 -1.931998e-01 -5.701095e-03 1.874987e-01
1.414141e-01 4.141414e-01 -1.912581e-01 -5.703211e-03 1.855549e-01
1.515152e-01 4.141414e-01 -1.893359e-01 -5.705953e-03 1.836300e-01
1.616162e-01 4.141414e-01 -1.874331e-01 -5.708605e-03 1.817245e-01
1.717172e-01 4.141414e-01 -1.855494e-01 -5.710691e-03 1.798387e-01
1.818182e-01 4.141414e-01 -1.836845e-01 -5.712897e-03 1.779717e-01
1.919192e-01 4.141414e-01 -1.818385e-01 -5.714923e-03 1.761236e-01
2.020202e-01 4.141414e-01 -1.800110e-01 -5.717278e-03 1.742937e-01
2.121212e-01 4.141414e-01 -1.782018e-01 -5.719990e-03 1.724819e-01
2.222222e-01 4.141414e-01 -1.764109e-01 -5.722553e-03 1.706883e-01
2.323232e-01 4.141414e-01 -1.746379e-01 -5.724400e-03 1.689135e-01
2.424242e-01 4.141414e-01 -1.728828e-01 -5.726397e-03 1.671564e-01
2.525253e-01 4.141414e-01 -1.711453e-01 -5.729049e-03 1.654162e-01
2.626263e-01 4.141414e-01 -1.694252e-01 -5.731255e-03 1.636940e-01
2.727273e-01 4.141414e-01 -1.677225e-01 -5.733281e-03 1.619892e-01
2.828283e-01 4.141414e-01 -1.660369e-01 -5.735338e-03 1.603015e-01
2.929293e-01 4.141414e-01 -1.643682e-01 -5.737424e-03 1.586307e-01
3.030303e-01 4.141414e-01 -1.627162e-01 -5.739540e-03 1.569767e-01
3.131313e-01 4.141414e-01 -1.610809e-01 -5.741566e-03 1.553393e-01
3.232323e-01 4.141414e-01 -1.594620e-01 -5.743742e-03 1.537183e-01
3.333333e-01 4.141414e-01 -1.578594e-01 -5.745858e-03 1.521135e-01
3.434343e-01 4.141414e-01 -1.562729e-01 -5.748123e-03 1.505248e-01
3.535354e-01 4.141414e-01 -1.547023e-01 -5.749732e-03 1.489526e-01
3.636364e-01 4.141414e-01 -1.531475e-01 -5.751997e-03 1.473955e-01
3.737374e-01 4.141414e-01 -1.516084e-01 -5.753368e-03 1.458550e-01
3.838384e-01 4.141414e-01 -1.500847e-01 -5.755216e-03 1.443295e-01
3.939394e-01 4.141414e-01 -1.485763e-01 -5.756944e-03 1.428194e-01
4.040404e-01 4.141414e-01 -1.470831e-01 -5.759090e-03 1.413240e-01
4.141414e-01 4.141414e-01 -1.456049e-01 -5.760342e-03 1.398445e-01
4.242424e-01 4.141414e-01 -1.441415e-01 -5.762428e-03 1.383791e-01
4.343434e-01 4.141414e-01 -1.426929e-01 -5.764782e-03 1.369281e-01
4.444444e-01 4.141414e-01 -1.412588e-01 -5.766064e-03 1.354927e-01
4.545455e-01 4.141414e-01 -1.398391e-01 -5.767614e-03 1.340715e-01
4.646465e-01 4.141414e-01 -1.384337e-01 -5.769879e-03 1.326638e-01
4.747475e-01 4.141414e-01 -1.370424e-01 -5.771309e-03 1.312711e-01
4.848485e-01 4.141414e-01 -1.356651e-01 -5.773276e-03 1.298919e-01
4.949495e-01 4.141414e-01 -1.343017e-01 -5.774885e-03 1.285268e-01
5.050505e-01 4.141414e-01 -1.329519e-01 -5.776376e-03 1.271755e-01
5.151515e-01 4.141414e-01 -1.316157e-01 -5.778164e-03 1.258376e-01
5.252525e-01 4.141414e-01 -1.302930e-01 -5.779684e-03 1.245133e-01
5.353535e-01 4.141414e-01 -1.289835e-01 -5.781144e-03 1.232024e-01
5.454545e-01 4.141414e-01 -1.276872e-01 -5.782366e-03 1.219048e-01
5.555556e-01 4.141414e-01 -1.264039e-01 -5.784452e-03 1.206195e-01
5.656566e-01 4.141414e-01 -1.251335e-01 -5.785912e-03 1.193476e-01
5.757576e-01 4.141414e-01 -1.238759e-01 -5.787224e-03 1.180887e-01
5.858586e-01 4.141414e-01 -1.226310e-01 -5.788058e-03 1.168429e-01
5.959596e-01 4.141414e-01 -1.213985e-01 -5.790174e-03 1.156083e-01
6.060606e-01 4.141414e-01 -1.201784e-01 -5.791366e-03 1.143871e-01
6.161616e-01 4.141414e-01 -1.189706e-01 -5.792946e-03 1.131777e-01
6.262626e-01 4.141414e-01 -1.177749e-01 -5.794078e-03 1.119809e-01
6.363636e-01 4.141414e-01 -1.165913e-01 -5.795509e-03 1.107958e-01
6.464646e-01 4.141414e-01 -1.154195e-01 -5.797207e-03 1.096223e-01
6.565657e-01 4.141414e-01 -1.142595e-01 -5.798310e-03 1.084612e-01
6.666667e-01 4.141414e-01 -1.131112e-01 -5.799383e-03 1.073118e-01
6.767677e-01 4.141414e-01 -1.119744e-01 -5.800426e-03 1.061740e-01
6.868687e-01 4.141414e-01 -1.108491e-01 -5.802542e-03 1.050465e-01
6.969697e-01 4.141414e-01 -1.097350e-01 -5.803496e-03 1.039315e-01
7.070707e-01 4.141414e-01 -1.086321e-01 -5.804032e-03 1.028281e-01
7.171717e-01 4.141414e-01 -1.075404e-01 -5.805731e-03 1.017346e-01
7.272727e-01 4.141414e-01 -1.064596e-01 -5.807132e-03 1.006524e-01
7.373737e-01 4.141414e-01 -1.053896e-01 -5.808502e-03 9.958114e-02
7.474747e-01 4.141414e-01 -1.043305e-01 -5.809426e-03 9.852103e-02
7.575758e-01 4.141414e-01 -1.032819e-01 -5.810112e-03 9.747181e-02
7.676768e-01 4.141414e-01 -1.022439e-01 -5.811483e-03 9.643243e-02
7.777778e-01 4.141414e-01 -1.012163e-01 -5.812258e-03 9.540409e-02
7.878788e-01 4.141414e-01 -1.001991e-01 -5.813390e-03 9.438572e-02
7.979798e-01 4.141414e-01 -9.919209e-02 -5.814701e-03 9.337739e-02
8.080808e-01 4.141414e-01 -9.819519e-02 -5.815417e-03 9.237978e-02
8.181818e-01 4.141414e-01 -9.720831e-02 -5.816668e-03 9.139165e-02
8.282828e-01 4.141414e-01 -9.623135e-02 -5.817503e-03 9.041385e-02
8.383838e-01 4.141414e-01 -9.526421e-02 -5.818576e-03 8.944564e-02
8.484848e-01 4.141414e-01 -9.430679e-02 -5.818933e-03 8.848786e-02
8.585859e-01 4.141414e-01 -9.335899e-02 -5.820215e-03 8.753878e-02
8.686869e-01 4.141414e-01 -9.242072e-02 -5.820841e-03 8.659988e-02
8.787879e-01 4.141414e-01 -9.149188e-02 -5.822033e-03 8.566984e-02
8.888889e-01 4.141414e-01 -9.057237e-02 -5.823165e-03 8.474920e-02
8.989899e-01 4.141414e-01 -8.966210e-02 -5.823880e-03 8.383822e-02
9.090909e-01 4.141414e-01 -8.876098e-02 -5.824566e-03 8.293642e-02
9.191919e-01 4.141414e-01 -8.786892e-02 -5.825132e-03 8.204379e-02
9.292929e-01 4.141414e-01 -8.698582e-02 -5.826086e-03 8.115974e-02
9.393939e-01 4.141414e-01 -8.611160e-02 -5.827397e-03 8.028420e-02
9.494949e-01 4.141414e-01 -8.524616e-02 -5.827934e-03 7.941823e-02
9.595960e-01 4.141414e-01 -8.438943e-02 -5.828470e-03 7.856096e-02
9.696970e-01 4.141414e-01 -8.354130e-02 -5.829394e-03 7.771190e-02
9.797980e-01 4.141414e-01 -8.270169e-02 -5.830079e-03 7.687161e-02
9.898990e-01 4.141414e-01 -8.187053e-02 -5.830318e-03 7.604021e-02
1.000000e+00 4.141414e-01 -8.104772e-02 -5.831271e-03 7.521644e-02
0.000000e+00 4.242424e-01 3.716625e-01 -5.677909e-03 3.773404e-01
1.010101e-02 4.242424e-01 3.679272e-01 -5.680829e-03 3.736080e-01
2.020202e-02 4.242424e-01 3.642295e-01 -5.683750e-03 3.699132e-01
3.030303e-02 4.242424e-01 3.605689e-01 -5.686373e-03 3.662553e-01
4.040404e-02 4.242424e-01 3.569451e-01 -5.688876e-03 3.626340e-01
5.050505e-02 4.242424e-01 3.533578e-01 -5.691558e-03 3.590493e-01
6.060606e-02 4.242424e-01 3.498065e-01 -5.694091e-03 3.555005e-01
7.070707e-02 4.242424e-01 3.462908e-01 -5.696744e-03 3.519876e-01
8.080808e-02 4.242424e-01 3.428106e-01 -5.699128e-03 3.485097e-01
9.090909e-02 4.242424e-01 3.393653e-01 -5.702168e-03 3.450674e-01
1.010101e-01 4.242424e-01 3.359546e-01 -5.704254e-03 3.416588e-01
1.111111e-01 4.242424e-01 3.325782e-01 -5.706608e-03 3.382848e-01
1.212121e-01 4.242424e-01 3.292357e-01 -5.709231e-03 3.349449e-01
1.313131e-01 4.242424e-01 3.259268e-01 -5.711675e-03 3.316385e-01
1.414141e-01 4.242424e-01 3.226512e-01 -5.714029e-03 3.283652e-01
1.515152e-01 4.242424e-01 3.194085e-01 -5.715966e-03 3.251245e-01
1.616162e-01 4.242424e-01 3.161984e-01 -5.718827e-03 3.219172e-01
1.717172e-01 4.242424e-01 3.130206e-01 -5.720824e-03 3.187414e-01
1.818182e-01 4.242424e-01 3.098747e-01 -5.723745e-03 3.155984e-01
1.919192e-01 4.242424e-01 3.067604e-01 -5.725652e-03 3.124860e-01
2.020202e-01 4.242424e-01 3.036774e-01 -5.727768e-03 3.094051e-01
2.121212e-01 4.242424e-01 3.006254e-01 -5.729944e-03 3.063553e-01
2.222222e-01 4.242424e-01 2.976040e-01 -5.732656e-03 3.033367e-01
2.323232e-01 4.242424e-01 2.946131e-01 -5.734235e-03 3.003473e-01
2.424242e-01 4.242424e-01 2.916521e-01 -5.736679e-03 2.973888e-01
2.525253e-01 4.242424e-01 2.887210e-01 -5.738646e-03 2.944596e-01
2.626263e-01 4.242424e-01 2.858193e-01 -5.740672e-03 2.915600e-01
2.727273e-01 4.242424e-01 2.829468e-01 -5.743116e-03 2.886899e-01
2.828283e-01 4.242424e-01 2.801031e-01 -5.745053e-03 2.858482e-01
2.929293e-01 4.242424e-01 2.772880e-01 -5.747050e-03 2.830351e-01
3.030303e-01 4.242424e-01 2.745012e-01 -5.749196e-03 2.802504e-01
3.131313e-01 4.242424e-01 2.717425e-01 -5.750865e-03 2.774933e-01
3.232323e-01 4.242424e-01 2.690114e-01 -5.752593e-03 2.747640e-01
3.333333e-01 4.242424e-01 2.663078e-01 -5.755126e-03 2.720629e-01
3.434343e-01 4.242424e-01 2.636313e-01 -5.756617e-03 2.693880e-01
3.535354e-01 4.242424e-01 2.609818e-01 -5.758971e-03 2.667408e-01
3.636364e-01 4.242424e-01 2.583589e-01 -5.760759e-03 2.641197e-01
3.737374e-01 4.242424e-01 2.557623e-01 -5.762368e-03 2.615247e-01
3.838384e-01 4.242424e-01 2.531919e-01 -5.764037e-03 2.589559e-01
3.939394e-01 4.242424e-01 2.506473e-01 -5.765676e-03 2.564130e-01
4.040404e-01 4.242424e-01 2.481282e-01 -5.767912e-03 2.538961e-01
4.141414e-01 4.242424e-01 2.456345e-01 -5.769223e-03 2.514037e-01
4.242424e-01 4.242424e-01 2.431658e-01 -5.770952e-03 2.489368e-01
4.343434e-01 4.242424e-01 2.407220e-01 -5.772978e-03 2.464950e-01
4.444444e-01 4.242424e-01 2.383027e-01 -5.774587e-03 2.440773e-01
4.545455e-01 4.242424e-01 2.359077e-01 -5.776227e-03 2.416839e-01
4.646465e-01 4.242424e-01 2.335368e-01 -5.777985e-03 2.393148e-01
4.747475e-01 4.242424e-01 2.311897e-01 -5.779684e-03 2.369694e-01
4.848485e-01 4.242424e-01 2.288662e-01 -5.781829e-03 2.346480e-01
4.949495e-01 4.242424e-01 2.265661e-01 -5.782753e-03 2.323488e-01
5.050505e-01 4.242424e-01 2.242890e-01 -5.784065e-03 2.300731e-01
5.151515e-01 4.242424e-01 2.220349e-01 -5.785733e-03 2.278206e-01
5.252525e-01 4.242424e-01 2.198034e-01 -5.787432e-03 2.255908e-01
5.353535e-01 4.242424e-01 2.175943e-01 -5.788833e-03 2.233832e-01
5.454545e-01 4.242424e-01 2.154075e-01 -5.790740e-03 2.211982e-01
5.555556e-01 4.242424e-01 2.132426e-01 -5.792230e-03 2.190348e-01
5.656566e-01 4.242424e-01 2.110995e-01 -5.793035e-03 2.168925e-01
5.757576e-01 4.242424e-01 2.089779e-01 -5.794764e-03 2.147727e-01
5.858586e-01 4.242424e-01 2.068776e-01 -5.795926e-03 2.126736e-01
5.959596e-01 4.242424e-01 2.047985e-01 -5.797595e-03 2.105961e-01
6.060606e-01 4.242424e-01 2.027402e-01 -5.799174e-03 2.085394e-01
6.161616e-01 4.242424e-01 2.007026e-01 -5.800039e-03 2.065027e-01
6.262626e-01 4.242424e-01 1.986856e-01 -5.801678e-03 2.044872e-01
6.363636e-01 4.242424e-01 1.966887e-01 -5.802751e-03 2.024915e-01
6.464646e-01 4.242424e-01 1.947120e-01 -5.804151e-03 2.005161e-01
6.565657e-01 4.242424e-01 1.927551e-01 -5.805939e-03 1.985610e-01
6.666667e-01 4.242424e-01 1.908179e-01 -5.806655e-03 1.966245e-01
6.767677e-01 4.242424e-01 1.889001e-01 -5.807668e-03 1.947078e-01
6.868687e-01 4.242424e-01 1.870016e-01 -5.809337e-03 1.928110e-01
6.969697e-01 4.242424e-01 1.851222e-01 -5.810410e-03 1.909327e-01
7.070707e-01 4.242424e-01 1.832617e-01 -5.811572e-03 1.890733e-01
7.171717e-01 4.242424e-01 1.814199e-01 -5.812764e-03 1.872327e-01
7.272727e-01 4.242424e-01 1.795966e-01 -5.813777e-03 1.854104e-01
7.373737e-01 4.242424e-01 1.777916e-01 -5.814999e-03 1.836066e-01
7.474747e-01 4.242424e-01 1.760048e-01 -5.816281e-03 1.818211e-01
7.575758e-01 4.242424e-01 1.742359e-01 -5.816936e-03 1.800529e-01
7.676768e-01 4.242424e-01 1.724848e-01 -5.818367e-03 1.783032e-01
7.777778e-01 4.242424e-01 1.707513e-01 -5.818516e-03 1.765698e-01
7.878788e-01 4.242424e-01 1.690353e-01 -5.820334e-03 1.748556e-01
7.979798e-01 4.242424e-01 1.673364e-01 -5.820662e-03 1.731571e-01
8.080808e-01 4.242424e-01 1.656547e-01 -5.822152e-03 1.714768e-01
8.181818e-01 4.242424e-01 1.639898e-01 -5.822837e-03 1.698126e-01
8.282828e-01 4.242424e-01 1.623417e-01 -5.823523e-03 1.681652e-01
8.383838e-01 4.242424e-01 1.607101e-01 -5.824834e-03 1.665350e-01
8.484848e-01 4.242424e-01 1.590950e-01 -5.825311e-03 1.649203e-01
8.585859e-01 4.242424e-01 1.574960e-01 -5.826324e-03 1.633223e-01
8.686869e-01 4.242424e-01 1.559132e-01 -5.827010e-03 1.617402e-01
8.787879e-01 4.242424e-01 1.543462e-01 -5.828232e-03 1.601744e-01
8.888889e-01 4.242424e-01 1.527950e-01 -5.828798e-03 1.586238e-01
8.989899e-01 4.242424e-01 1.512594e-01 -5.830050e-03 1.570894e-01
9.090909e-01 4.242424e-01 1.497392e-01 -5.830526e-03 1.555697e-01
9.191919e-01 4.242424e-01 1.482343e-01 -5.831957e-03 1.540663e-01
9.292929e-01 4.242424e-01 1.467445e-01 -5.832106e-03 1.525766e-01
9.393939e-01 4.242424e-01 1.452697e-01 -5.832791e-03 1.511025e-01
9.494949e-01 4.242424e-01 1.438097e-01 -5.833507e-03 1.496432e-01
9.595960e-01 4.242424e-01 1.423644e-01 -5.834311e-03 1.481987e-01
9.696970e-01 4.242424e-01 1.409336e-01 -5.834907e-03 1.467685e-01
9.797980e-01 4.242424e-01 1.395172e-01 -5.835831e-03 1.453531e-01
9.898990e-01 4.242424e-01 1.381151e-01 -5.836040e-03 1.439511e-01
1.000000e+00 4.242424e-01 1.367270e-01 -5.837113e-03 1.425641e-01
0.000000e+00 4.343434e-01 -5.136774e-01 -5.689591e-03 5.079878e-01
1.010101e-02 4.343434e-01 -5.085148e-01 -5.692005e-03 5.028228e-01
2.020202e-02 4.343434e-01 -5.034042e-01 -5.695313e-03 4.977089e-01
3.030303e-02 4.343434e-01 -4.983449e-01 -5.697161e-03 4.926477e-01
4.040404e-02 4.343434e-01 -4.933364e-01 -5.700171e-03 4.876363e-01
5.050505e-02 4.343434e-01 -4.883783e-01 -5.703121e-03 4.826752e-01
6.060606e-02 4.343434e-01 -4.834700e-01 -5.705208e-03 4.777648e-01
7.070707e-02 4.343434e-01 -4.786111e-01 -5.707771e-03 4.729033e-01
8.080808e-02 4.343434e-01 -4.738010e-01 -5.710363e-03 4.680906e-01
9.090909e-02 4.343434e-01 -4.690392e-01 -5.712777e-03 4.633264e-01
1.010101e-01 4.343434e-01 -4.643253e-01 -5.714953e-03 4.586103e-01
1.111111e-01 4.343434e-01 -4.596587e-01 -5.717337e-03 4.539414e-01
1.212121e-01 4.343434e-01 -4.550391e-01 -5.719930e-03 4.493191e-01
1.313131e-01 4.343434e-01 -4.504659e-01 -5.722255e-03 4.447436e-01
1.414141e-01 4.343434e-01 -4.459386e-01 -5.724698e-03 4.402139e-01
1.515152e-01 4.343434e-01 -4.414568e-01 -5.727023e-03 4.357298e-01
1.616162e-01 4.343434e-01 -4.370201e-01 -5.729109e-03 4.312910e-01
1.717172e-01 4.343434e-01 -4.326280e-01 -5.731046e-03 4.268970e-01
1.818182e-01 4.343434e-01 -4.282800e-01 -5.734175e-03 4.225458e-01
1.919192e-01 4.343434e-01 -4.239757e-01 -5.735934e-03 4.182398e-01
2.020202e-01 4.343434e-01 -4.197147e-01 -5.737931e-03 4.139768e-01
2.121212e-01 4.343434e-01 -4.154965e-01 -5.740166e-03 4.097563e-01
2.222222e-01 4.343434e-01 -4.113207e-01 -5.742013e-03 4.055787e-01
2.323232e-01 4.343434e-01 -4.071869e-01 -5.744010e-03 4.014428e-01
2.424242e-01 4.343434e-01 -4.030946e-01 -5.746484e-03 3.973481e-01
2.525253e-01 4.343434e-01 -3.990434e-01 -5.748123e-03 3.932953e-01
2.626263e-01 4.343434e-01 -3.950329e-01 -5.750090e-03 3.892829e-01
2.727273e-01 4.343434e-01 -3.910628e-01 -5.752623e-03 3.853102e-01
2.828283e-01 4.343434e-01 -3.871326e-01 -5.754977e-03 3.813776e-01
2.929293e-01 4.343434e-01 -3.832418e-01 -5.756438e-03 3.774854e-01
3.030303e-01 4.343434e-01 -3.793902e-01 -5.758345e-03 3.736318e-01
3.131313e-01 4.343434e-01 -3.755772e-01 -5.759925e-03 3.698173e-01
3.232323e-01 4.343434e-01 -3.718026e-01 -5.762130e-03 3.660405e-01
3.333333e-01 4.343434e-01 -3.680659e-01 -5.764186e-03 3.623017e-01
3.434343e-01 4.343434e-01 -3.643668e-01 -5.766213e-03 3.586006e-01
3.535354e-01 4.343434e-01 -3.607049e-01 -5.767435e-03 3.549374e-01
3.636364e-01 4.343434e-01 -3.570797e-01 -5.769402e-03 3.513103e-01
3.737374e-01 4.343434e-01 -3.534910e-01 -5.771607e-03 3.477194e-01
3.838384e-01 4.343434e-01 -3.499384e-01 -5.772889e-03 3.441655e-01
3.939394e-01 4.343434e-01 -3.464214e-01 -5.774558e-03 3.406469e-01
4.040404e-01 4.343434e-01 -3.429398e-01 -5.776882e-03 3.371630e-01
4.141414e-01 4.343434e-01 -3.394932e-01 -5.778015e-03 3.337152e-01
4.242424e-01 4.343434e-01 -3.360813e-01 -5.779892e-03 3.303014e-01
4.343434e-01 4.343434e-01 -3.327036e-01 -5.781144e-03 3.269225e-01
4.444444e-01 4.343434e-01 -3.293599e-01 -5.782813e-03 3.235771e-01
4.545455e-01 4.343434e-01 -3.260497e-01 -5.784512e-03 3.202652e-01
4.646465e-01 4.343434e-01 -3.227729e-01 -5.786300e-03 3.169866e-01
4.747475e-01 4.343434e-01 -3.195290e-01 -5.788058e-03 3.137409e-01
4.848485e-01 4.343434e-01 -3.163177e-01 -5.789429e-03 3.105282e-01
4.949495e-01 4.343434e-01 -3.131386e-01 -5.791098e-03 3.073475e-01
5.050505e-01 4.343434e-01 -3.099915e-01 -5.792171e-03 3.041993e-01
5.151515e-01 4.343434e-01 -3.068760e-01 -5.794019e-03 3.010820e-01
5.252525e-01 4.343434e-01 -3.037919e-01 -5.795360e-03 2.979965e-01
5.353535e-01 4.343434e-01 -3.007387e-01 -5.796880e-03 2.949419e-01
5.454545e-01 4.343434e-01 -2.977163e-01 -5.798012e-03 2.919182e-01
5.555556e-01 4.343434e-01 -2.947242e-01 -5.799353e-03 2.889248e-01
5.656566e-01 4.343434e-01 -2.917621e-01 -5.800575e-03 2.859616e-01
5.757576e-01 4.343434e-01 -2.888299e-01 -5.801767e-03 2.830281e-01
5.858586e-01 4.343434e-01 -2.859271e-01 -5.802929e-03 2.801242e-01
5.959596e-01 4.343434e-01 -2.830535e-01 -5.804896e-03 2.772486e-01
6.060606e-01 4.343434e-01 -2.802087e-01 -5.806088e-03 2.744026e-01
6.161616e-01 4.343434e-01 -2.773926e-01 -5.807489e-03 2.715851e-01
6.262626e-01 4.343434e-01 -2.746048e-01 -5.808920e-03 2.687958e-01
6.363636e-01 4.343434e-01 -2.718449e-01 -5.810171e-03 2.660348e-01
6.464646e-01 4.343434e-01 -2.691128e-01 -5.811721e-03 2.633011e-01
6.565657e-01 4.343434e-01 -2.664082e-01 -5.812675e-03 2.605955e-01
6.666667e-01 4.343434e-01 -2.637308e-01 -5.813748e-03 2.579170e-01
6.767677e-01 4.343434e-01 -2.610802e-01 -5.814940e-03 2.552653e-01
6.868687e-01 4.343434e-01 -2.584563e-01 -5.816251e-03 2.526401e-01
6.969697e-01 4.343434e-01 -2.558588e-01 -5.816966e-03 2.500418e-01
7.070707e-01 4.343434e-01 -2.532874e-01 -5.818278e-03 2.474691e-01
7.171717e-01 4.343434e-01 -2.507418e-01 -5.819589e-03 2.449222e-01
7.272727e-01 4.343434e-01 -2.482218e-01 -5.820185e-03 2.424016e-01
7.373737e-01 4.343434e-01 -2.457271e-01 -5.821437e-03 2.399057e-01
7.474747e-01 4.343434e-01 -2.432575e-01 -5.822152e-03 2.374354e-01
7.575758e-01 4.343434e-01 -2.408128e-01 -5.823553e-03 2.349892e-01
7.676768e-01 4.343434e-01 -2.383925e-01 -5.824387e-03 2.325682e-01
7.777778e-01 4.343434e-01 -2.359967e-01 -5.825043e-03 2.301716e-01
7.878788e-01 4.343434e-01 -2.336249e-01 -5.826205e-03 2.277986e-01
7.979798e-01 4.343434e-01 -2.312769e-01 -5.827665e-03 2.254492e-01
8.080808e-01 4.343434e-01 -2.289525e-01 -5.828351e-03 2.231242e-01
8.181818e-01 4.343434e-01 -2.266515e-01 -5.829364e-03 2.208221e-01
8.282828e-01 4.343434e-01 -2.243736e-01 -5.829901e-03 2.185437e-01
8.383838e-01 4.343434e-01 -2.221186e-01 -5.830973e-03 2.162877e-01
8.484848e-01 4.343434e-01 -2.198863e-01 -5.831689e-03 2.140546e-01
8.585859e-01 4.343434e-01 -2.176764e-01 -5.832314e-03 2.118441e-01
8.686869e-01 4.343434e-01 -2.154887e-01 -5.833179e-03 2.096555e-01
8.787879e-01 4.343434e-01 -2.133230e-01 -5.833834e-03 2.074892e-01
8.888889e-01 4.343434e-01 -2.111791e-01 -5.835027e-03 2.053441e-01
8.989899e-01 4.343434e-01 -2.090567e-01 -5.835950e-03 2.032208e-01
9.090909e-01 4.343434e-01 -2.069556e-01 -5.836517e-03 2.011191e-01
9.191919e-01 4.343434e-01 -2.048757e-01 -5.837291e-03 1.990384e-01
9.292929e-01 4.343434e-01 -2.028167e-01 -5.838454e-03 1.969782e-01
9.393939e-01 4.343434e-01 -2.007783e-01 -5.838275e-03 1.949401e-01
9.494949e-01 4.343434e-01 -1.987605e-01 -5.839437e-03 1.929210e-01
9.595960e-01 4.343434e-01 -1.967629e-01 -5.840302e-03 1.909226e-01
9.696970e-01 4.343434e-01 -1.947854e-01 -5.840600e-03 1.889448e-01
9.797980e-01 4.343434e-01 -1.928278e-01 -5.841434e-03 1.869863e-01
9.898990e-01 4.343434e-01 -1.908898e-01 -5.841762e-03 1.850481e-01
1.000000e+00 4.343434e-01 -1.889714e-01 -5.842358e-03 1.831290e-01
0.000000e+00 4.444444e-01 6.427876e-01 -5.701393e-03 6.484890e-01
1.010101e-02 4.444444e-01 6.363275e-01 -5.704135e-03 6.420316e-01
2.020202e-02 4.444444e-01 6.299323e-01 -5.706817e-03 6.356391e-01
3.030303e-02 4.444444e-01 6.236014e-01 -5.708605e-03 6.293100e-01
4.040404e-02 4.444444e-01 6.173341e-01 -5.711585e-03 6.230457e-01
5.050505e-02 4.444444e-01 6.111298e-01 -5.714029e-03 6.168438e-01
6.060606e-02 4.444444e-01 6.049878e-01 -5.716652e-03 6.107045e-01
7.070707e-02 4.444444e-01 5.989076e-01 -5.719036e-03 6.046266e-01
8.080808e-02 4.444444e-01 5.928885e-01 -5.721778e-03 5.986102e-01
9.090909e-02 4.444444e-01 5.869298e-01 -5.723506e-03 5.926533e-01
1.010101e-01 4.444444e-01 5.810311e-01 -5.726069e-03 5.867572e-01
1.111111e-01 4.444444e-01 5.751916e-01 -5.728096e-03 5.809197e-01
1.212121e-01 4.444444e-01 5.694109e-01 -5.730748e-03 5.751416e-01
1.313131e-01 4.444444e-01 5.636882e-01 -5.732983e-03 5.694212e-01
1.414141e-01 4.444444e-01 5.580230e-01 -5.735815e-03 5.637588e-01
1.515152e-01 4.444444e-01 5.524148e-01 -5.737424e-03 5.581522e-01
1.616162e-01 4.444444e-01 5.468629e-01 -5.739421e-03 5.526024e-01
1.717172e-01 4.444444e-01 5.413669e-01 -5.741805e-03 5.471087e-01
1.818182e-01 4.444444e-01 5.359260e-01 -5.743712e-03 5.416698e-01
1.919192e-01 4.444444e-01 5.305399e-01 -5.746335e-03 5.362862e-01
2.020202e-01 4.444444e-01 5.252079e-01 -5.747885e-03 5.309558e-01
2.121212e-01 4.444444e-01 5.199295e-01 -5.750477e-03 5.256799e-01
2.222222e-01 4.444444e-01 5.147041e-01 -5.751997e-03 5.204561e-01
2.323232e-01 4.444444e-01 5.095312e-01 -5.754471e-03 5.152857e-01
2.424242e-01 4.444444e-01 5.044103e-01 -5.756050e-03 5.101664e-01
2.525253e-01 4.444444e-01 4.993409e-01 -5.757987e-03 5.050989e-01
2.626263e-01 4.444444e-01 4.943225e-01 -5.759686e-03 5.000822e-01
2.727273e-01 4.444444e-01 4.893545e-01 -5.762130e-03 4.951166e-01
2.828283e-01 4.444444e-01 4.844364e-01 -5.763412e-03 4.901998e-01
2.929293e-01 4.444444e-01 4.795677e-01 -5.765289e-03 4.853330e-01
3.030303e-01 4.444444e-01 4.747480e-01 -5.767316e-03 4.805153e-01
3.131313e-01 4.444444e-01 4.699767e-01 -5.769163e-03 4.757458e-01
3.232323e-01 4.444444e-01 4.652533e-01 -5.771637e-03 4.710250e-01
3.333333e-01 4.444444e-01 4.605774e-01 -5.772889e-03 4.663503e-01
3.434343e-01 4.444444e-01 4.559486e-01 -5.774826e-03 4.617234e-01
3.535354e-01 4.444444e-01 4.513662e-01 -5.776912e-03 4.571431e-01
3.636364e-01 4.444444e-01 4.468299e-01 -5.778313e-03 4.526082e-01
3.737374e-01 4.444444e-01 4.423392e-01 -5.779713e-03 4.481189e-01
3.838384e-01 4.444444e-01 4.378936e-01 -5.781591e-03 4.436752e-01
3.939394e-01 4.444444e-01 4.334927e-01 -5.782962e-03 4.392757e-01
4.040404e-01 4.444444e-01 4.291360e-01 -5.784899e-03 4.349209e-01
4.141414e-01 4.444444e-01 4.248231e-01 -5.786389e-03 4.306095e-01
4.242424e-01 4.444444e-01 4.205536e-01 -5.787641e-03 4.263412e-01
4.343434e-01 4.444444e-01 4.163270e-01 -5.789459e-03 4.221164e-01
4.444444e-01 4.444444e-01 4.121428e-01 -5.791217e-03 4.179340e-01
4.545455e-01 4.444444e-01 4.080007e-01 -5.792886e-03 4.137936e-01
4.646465e-01 4.444444e-01 4.039002e-01 -5.794376e-03 4.096946e-01
4.747475e-01 4.444444e-01 3.998410e-01 -5.795926e-03 4.056369e-01
4.848485e-01 4.444444e-01 3.958225e-01 -5.797833e-03 4.016203e-01
4.949495e-01 4.444444e-01 3.918444e-01 -5.798787e-03 3.976432e-01
5.050505e-01 4.444444e-01 3.879063e-01 -5.799800e-03 3.937061e-01
5.151515e-01 4.444444e-01 3.840078e-01 -5.801678e-03 3.898095e-01
5.252525e-01 4.444444e-01 3.801484e-01 -5.803049e-03 3.859515e-01
5.353535e-01 4.444444e-01 3.763279e-01 -5.804539e-03 3.821324e-01
5.454545e-01 4.444444e-01 3.725457e-01 -5.805880e-03 3.783516e-01
5.555556e-01 4.444444e-01 3.688016e-01 -5.807161e-03 3.746088e-01
5.656566e-01 4.444444e-01 3.650951e-01 -5.808234e-03 3.709033e-01
5.757576e-01 4.444444e-01 3.614258e-01 -5.810171e-03 3.672360e-01
5.858586e-01 4.444444e-01 3.577934e-01 -5.810499e-03 3.636039e-01
5.959596e-01 4.444444e-01 3.541975e-01 -5.812407e-03 3.600099e-01
6.060606e-01 4.444444e-01 3.506378e-01 -5.813688e-03 3.564515e-01
6.161616e-01 4.444444e-01 3.471138e-01 -5.814582e-03 3.529284e-01
6.262626e-01 4.444444e-01 3.436253e-01 -5.816281e-03 3.494416e-01
6.363636e-01 4.444444e-01 3.401718e-01 -5.816877e-03 3.459887e-01
6.464646e-01 4.444444e-01 3.367530e-01 -5.818099e-03 3.425711e-01
6.565657e-01 4.444444e-01 3.333686e-01 -5.819112e-03 3.391877e-01
6.666667e-01 4.444444e-01 3.300182e-01 -5.820662e-03 3.358388e-01
6.767677e-01 4.444444e-01 3.267014e-01 -5.821854e-03 3.325233e-01
6.868687e-01 4.444444e-01 3.234180e-01 -5.823463e-03 3.292415e-01
6.969697e-01 4.444444e-01 3.201676e-01 -5.824178e-03 3.259918e-01
7.070707e-01 4.444444e-01 3.169499e-01 -5.825251e-03 3.227751e-01
7.171717e-01 4.444444e-01 3.137645e-01 -5.826384e-03 3.195909e-01
7.272727e-01 4.444444e-01 3.106111e-01 -5.827099e-03 3.164382e-01
7.373737e-01 4.444444e-01 3.074894e-01 -5.828291e-03 3.133177e-01
7.474747e-01 4.444444e-01 3.043991e-01 -5.829245e-03 3.102283e-01
7.575758e-01 4.444444e-01 3.013398e-01 -5.829722e-03 3.071695e-01
7.676768e-01 4.444444e-01 2.983113e-01 -5.830914e-03 3.041422e-01
7.777778e-01 4.444444e-01 2.953132e-01 -5.831629e-03 3.011449e-01
7.878788e-01 4.444444e-01 2.923453e-01 -5.832940e-03 2.981782e-01
7.979798e-01 4.444444e-01 2.894072e-01 -5.833626e-03 2.952408e-01
8.080808e-01 4.444444e-01 2.864986e-01 -5.834848e-03 2.923334e-01
8.181818e-01 4.444444e-01 2.836192e-01 -5.835265e-03 2.894545e-01
8.282828e-01 4.444444e-01 2.807688e-01 -5.835980e-03 2.866048e-01
8.383838e-01 4.444444e-01 2.779470e-01 -5.836874e-03 2.837839e-01
8.484848e-01 4.444444e-01 2.751536e-01 -5.837411e-03 2.809910e-01
8.585859e-01 4.444444e-01 2.723883e-01 -5.838096e-03 2.782264e-01
8.686869e-01 4.444444e-01 2.696507e-01 -5.839258e-03 2.754900e-01
8.787879e-01 4.444444e-01 2.669407e-01 -5.840093e-03 2.727808e-01
8.888889e-01 4.444444e-01 2.642579e-01 -5.840987e-03 2.700989e-01
8.989899e-01 4.444444e-01 2.616021e-01 -5.841702e-03 2.674438e-01
9.090909e-01 4.444444e-01 2.589729e-01 -5.842507e-03 2.648154e-01
9.191919e-01 4.444444e-01 2.563702e-01 -5.843192e-03 2.622134e-01
9.292929e-01 4.444444e-01 2.537936e-01 -5.844206e-03 2.596378e-01
9.393939e-01 4.444444e-01 2.512430e-01 -5.844742e-03 2.570877e-01
9.494949e-01 4.444444e-01 2.487179e-01 -5.845159e-03 2.545631e-01
9.595960e-01 4.444444e-01 2.462183e-01 -5.845636e-03 2.520639e-01
9.696970e-01 4.444444e-01 2.437437e-01 -5.846411e-03 2.495901e-01
9.797980e-01 4.444444e-01 2.412941e-01 -5.846322e-03 2.471404e-01
9.898990e-01 4.444444e-01 2.388690e-01 -5.847692e-03 2.447167e-01
1.000000e+00 4.444444e-01 2.364683e-01 -5.847722e-03 2.423161e-01
0.000000e+00 4.545455e-01 -7.557496e-01 -5.713075e-03 7.500365e-01
1.010101e-02 4.545455e-01 -7.481542e-01 -5.715340e-03 7.424388e-01
2.020202e-02 4.545455e-01 -7.406351e-01 -5.717456e-03 7.349176e-01
3.030303e-02 4.545455e-01 -7.331916e-01 -5.720109e-03 7.274715e-01
4.040404e-02 4.545455e-01 -7.258229e-01 -5.722612e-03 7.201003e-01
5.050505e-02 4.545455e-01 -7.185282e-01 -5.725294e-03 7.128030e-01
6.060606e-02 4.545455e-01 -7.113069e-01 -5.727738e-03 7.055792e-01
7.070707e-02 4.545455e-01 -7.041582e-01 -5.730301e-03 6.984279e-01
8.080808e-02 4.545455e-01 -6.970813e-01 -5.731821e-03 6.913494e-01
9.090909e-02 4.545455e-01 -6.900755e-01 -5.734146e-03 6.843413e-01
1.010101e-01 4.545455e-01 -6.831401e-01 -5.736798e-03 6.774033e-01
1.111111e-01 4.545455e-01 -6.762744e-01 -5.739063e-03 6.705354e-01
1.212121e-01 4.545455e-01 -6.694778e-01 -5.741626e-03 6.637361e-01
1.313131e-01 4.545455e-01 -6.627494e-01 -5.743116e-03 6.570063e-01
1.414141e-01 4.545455e-01 -6.560887e-01 -5.745620e-03 6.503430e-01
1.515152e-01 4.545455e-01 -6.494949e-01 -5.747467e-03 6.437474e-01
1.616162e-01 4.545455e-01 -6.429673e-01 -5.749881e-03 6.372174e-01
1.717172e-01 4.545455e-01 -6.365054e-01 -5.751848e-03 6.307535e-01
1.818182e-01 4.545455e-01 -6.301084e-01 -5.754054e-03 6.243544e-01
1.919192e-01 4.545455e-01 -6.237757e-01 -5.755752e-03 6.180200e-01
2.020202e-01 4.545455e-01 -6.175067e-01 -5.758315e-03 6.117484e-01
2.121212e-01 4.545455e-01 -6.113006e-01 -5.759805e-03 6.055408e-01
2.222222e-01 4.545455e-01 -6.051570e-01 -5.761832e-03 5.993951e-01
2.323232e-01 4.545455e-01 -5.990750e-01 -5.763948e-03 5.933111e-01
2.424242e-01 4.545455e-01 -5.930542e-01 -5.765885e-03 5.872883e-01
2.525253e-01 4.545455e-01 -5.870939e-01 -5.767405e-03 5.813265e-01
2.626263e-01 4.545455e-01 -5.811935e-01 -5.769342e-03 5.754242e-01
2.727273e-01 4.545455e-01 -5.753524e-01 -5.771250e-03 5.695812e-01
2.828283e-01 4.545455e-01 -5.695701e-01 -5.773067e-03 5.637970e-01
2.929293e-01 4.545455e-01 -5.638458e-01 -5.774796e-03 5.580710e-01
3.030303e-01 4.545455e-01 -5.581790e-01 -5.776674e-03 5.524024e-01
3.131313e-01 4.545455e-01 -5.525692e-01 -5.778402e-03 5.467908e-01
3.232323e-01 4.545455e-01 -5.470158e-01 -5.779952e-03 5.412359e-01
3.333333e-01 4.545455e-01 -5.415182e-01 -5.781889e-03 5.357363e-01
3.434343e-01 4.545455e-01 -5.360759e-01 -5.783051e-03 5.302928e-01
3.535354e-01 4.545455e-01 -5.306882e-01 -5.785406e-03 5.249028e-01
3.636364e-01 4.545455e-01 -5.253547e-01 -5.787134e-03 5.195676e-01
3.737374e-01 4.545455e-01 -5.200748e-01 -5.788505e-03 5.142863e-01
3.838384e-01 4.545455e-01 -5.148480e-01 -5.790144e-03 5.090578e-01
3.939394e-01 4.545455e-01 -5.096737e-01 -5.791485e-03 5.038822e-01
4.040404e-01 4.545455e-01 -5.045514e-01 -5.793601e-03 4.987578e-01
4.141414e-01 4.545455e-01 -4.994805e-01 -5.794615e-03 4.936859e-01
4.242424e-01 4.545455e-01 -4.944607e-01 -5.796283e-03 4.886644e-01
4.343434e-01 4.545455e-01 -4.894913e-01 -5.798012e-03 4.836933e-01
4.444444e-01 4.545455e-01 -4.845718e-01 -5.799472e-03 4.787723e-01
4.545455e-01 4.545455e-01 -4.797018e-01 -5.800813e-03 4.739010e-01
4.646465e-01 4.545455e-01 -4.748807e-01 -5.802959e-03 4.690777e-01
4.747475e-01 4.545455e-01 -4.701081e-01 -5.803943e-03 4.643041e-01
4.848485e-01 4.545455e-01 -4.653834e-01 -5.805135e-03 4.595783e-01
4.949495e-01 4.545455e-01 -4.607062e-01 -5.806804e-03 4.548994e-01
5.050505e-01 4.545455e-01 -4.560760e-01 -5.808026e-03 4.502680e-01
5.151515e-01 4.545455e-01 -4.514924e-01 -5.808920e-03 4.456835e-01
5.252525e-01 4.545455e-01 -4.469548e-01 -5.810827e-03 4.411440e-01
5.353535e-01 4.545455e-01 -4.424629e-01 -5.811810e-03 4.366511e-01
5.454545e-01 4.545455e-01 -4.380160e-01 -5.813152e-03 4.322029e-01
5.555556e-01 4.545455e-01 -4.336139e-01 -5.814701e-03 4.277992e-01
5.656566e-01 4.545455e-01 -4.292560e-01 -5.815834e-03 4.234402e-01
5.757576e-01 4.545455e-01 -4.249419e-01 -5.817026e-03 4.191249e-01
5.858586e-01 4.545455e-01 -4.206712e-01 -5.818367e-03 4.148528e-01
5.959596e-01 4.545455e-01 -4.164434e-01 -5.819380e-03 4.106240e-01
6.060606e-01 4.545455e-01 -4.122580e-01 -5.820394e-03 4.064376e-01
6.161616e-01 4.545455e-01 -4.081148e-01 -5.821913e-03 4.022929e-01
6.262626e-01 4.545455e-01 -4.040132e-01 -5.823284e-03 3.981899e-01
6.363636e-01 4.545455e-01 -3.999528e-01 -5.824476e-03 3.941283e-01
6.464646e-01 4.545455e-01 -3.959332e-01 -5.825609e-03 3.901076e-01
6.565657e-01 4.545455e-01 -3.919540e-01 -5.826592e-03 3.861274e-01
6.666667e-01 4.545455e-01 -3.880148e-01 -5.827487e-03 3.821873e-01
6.767677e-01 4.545455e-01 -3.841152e-01 -5.828828e-03 3.782863e-01
6.868687e-01 4.545455e-01 -3.802547e-01 -5.829513e-03 3.744252e-01
6.969697e-01 4.545455e-01 -3.764331e-01 -5.830616e-03 3.706025e-01
7.070707e-01 4.545455e-01 -3.726499e-01 -5.831957e-03 3.668179e-01
7.171717e-01 4.545455e-01 -3.689047e-01 -5.833089e-03 3.630716e-01
7.272727e-01 4.545455e-01 -3.651971e-01 -5.833477e-03 3.593637e-01
7.373737e-01 4.545455e-01 -3.615269e-01 -5.834728e-03 3.556921e-01
7.474747e-01 4.545455e-01 -3.578935e-01 -5.835891e-03 3.520576e-01
7.575758e-01 4.545455e-01 -3.542966e-01 -5.836427e-03 3.484601e-01
7.676768e-01 4.545455e-01 -3.507358e-01 -5.836874e-03 3.448990e-01
7.777778e-01 4.545455e-01 -3.472109e-01 -5.837739e-03 3.413731e-01
7.878788e-01 4.545455e-01 -3.437213e-01 -5.838662e-03 3.378827e-01
7.979798e-01 4.545455e-01 -3.402669e-01 -5.840063e-03 3.344268e-01
8.080808e-01 4.545455e-01 -3.368471e-01 -5.840689e-03 3.310065e-01
8.181818e-01 4.545455e-01 -3.334618e-01 -5.841553e-03 3.276202e-01
8.282828e-01 4.545455e-01 -3.301104e-01 -5.842060e-03 3.242684e-01
8.383838e-01 4.545455e-01 -3.267928e-01 -5.843014e-03 3.209498e-01
8.484848e-01 4.545455e-01 -3.235084e-01 -5.843401e-03 3.176650e-01
8.585859e-01 4.545455e-01 -3.202571e-01 -5.844384e-03 3.144127e-01
8.686869e-01 4.545455e-01 -3.170385e-01 -5.845428e-03 3.111931e-01
8.787879e-01 4.545455e-01 -3.138522e-01 -5.845815e-03 3.080064e-01
8.888889e-01 4.545455e-01 -3.106979e-01 -5.846590e-03 3.048513e-01
8.989899e-01 4.545455e-01 -3.075754e-01 -5.847514e-03 3.017279e-01
9.090909e-01 4.545455e-01 -3.044842e-01 -5.848557e-03 2.986356e-01
9.191919e-01 4.545455e-01 -3.014241e-01 -5.849004e-03 2.955751e-01
9.292929e-01 4.545455e-01 -2.983947e-01 -5.849332e-03 2.925454e-01
9.393939e-01 4.545455e-01 -2.953958e-01 -5.850464e-03 2.895453e-01
9.494949e-01 4.545455e-01 -2.924270e-01 -5.850822e-03 2.865762e-01
9.595960e-01 4.545455e-01 -2.894881e-01 -5.851686e-03 2.836364e-01
9.696970e-01 4.545455e-01 -2.865787e-01 -5.851746e-03 2.807269e-01
9.797980e-01 4.545455e-01 -2.836985e-01 -5.852461e-03 2.778460e-01
9.898990e-01 4.545455e-01 -2.808473e-01 -5.852729e-03 2.749946e-01
1.000000e+00 4.545455e-01 -2.780247e-01 -5.853385e-03 2.721713e-01
0.000000e+00 4.646465e-01 8.497254e-01 -5.724341e-03 8.554498e-01
1.010101e-02 4.646465e-01 8.411855e-01 -5.726606e-03 8.469122e-01
2.020202e-02 4.646465e-01 8.327315e-01 -5.729496e-03 8.384610e-01
3.030303e-02 4.646465e-01 8.243624e-01 -5.730987e-03 8.300934e-01
4.040404e-02 4.646465e-01 8.160774e-01 -5.733490e-03 8.218109e-01
5.050505e-02 4.646465e-01 8.078757e-01 -5.736709e-03 8.136124e-01
6.060606e-02 4.646465e-01 7.997564e-01 -5.738825e-03 8.054953e-01
7.070707e-02 4.646465e-01 7.917187e-01 -5.740523e-03 7.974593e-01
8.080808e-02 4.646465e-01 7.837618e-01 -5.742490e-03 7.895043e-01
9.090909e-02 4.646465e-01 7.758849e-01 -5.745083e-03 7.816300e-01
1.010101e-01 4.646465e-01 7.680871e-01 -5.747616e-03 7.738347e-01
1.111111e-01 4.646465e-01 7.603677e-01 -5.749673e-03 7.661174e-01
1.212121e-01 4.646465e-01 7.527259e-01 -5.751610e-03 7.584775e-01
1.313131e-01 4.646465e-01 7.451609e-01 -5.753666e-03 7.509145e-01
1.414141e-01 4.646465e-01 7.376719e-01 -5.755961e-03 7.434279e-01
1.515152e-01 4.646465e-01 7.302582e-01 -5.758196e-03 7.360164e-01
1.616162e-01 4.646465e-01 7.229189e-01 -5.759627e-03 7.286786e-01
1.717172e-01 4.646465e-01 7.156535e-01 -5.761832e-03 7.214153e-01
1.818182e-01 4.646465e-01 7.084611e-01 -5.764157e-03 7.142252e-01
1.919192e-01 4.646465e-01 7.013409e-01 -5.765676e-03 7.071066e-01
2.020202e-01 4.646465e-01 6.942923e-01 -5.767435e-03 7.000597e-01
2.121212e-01 4.646465e-01 6.873146e-01 -5.769640e-03 6.930842e-01
2.222222e-01 4.646465e-01 6.804069e-01 -5.771488e-03 6.861784e-01
2.323232e-01 4.646465e-01 6.735687e-01 -5.773544e-03 6.793423e-01
2.424242e-01 4.646465e-01 6.667993e-01 -5.774915e-03 6.725742e-01
2.525253e-01 4.646465e-01 6.600978e-01 -5.777150e-03 6.658750e-01
2.626263e-01 4.646465e-01 6.534637e-01 -5.779117e-03 6.592428e-01
2.727273e-01 4.646465e-01 6.468963e-01 -5.780637e-03 6.526769e-01
2.828283e-01 4.646465e-01 6.403949e-01 -5.781919e-03 6.461768e-01
2.929293e-01 4.646465e-01 6.339588e-01 -5.783945e-03 6.397428e-01
3.030303e-01 4.646465e-01 6.275874e-01 -5.785674e-03 6.333731e-01
3.131313e-01 4.646465e-01 6.212801e-01 -5.787551e-03 6.270676e-01
3.232323e-01 4.646465e-01 6.150361e-01 -5.789012e-03 6.208251e-01
3.333333e-01 4.646465e-01 6.088549e-01 -5.790919e-03 6.146458e-01
3.434343e-01 4.646465e-01 6.027358e-01 -5.792022e-03 6.085278e-01
3.535354e-01 4.646465e-01 5.966782e-01 -5.793422e-03 6.024716e-01
3.636364e-01 4.646465e-01 5.906815e-01 -5.795628e-03 5.964771e-01
3.737374e-01 4.646465e-01 5.847450e-01 -5.797714e-03 5.905427e-01
3.838384e-01 4.646465e-01 5.788682e-01 -5.798906e-03 5.846671e-01
3.939394e-01 4.646465e-01 5.730505e-01 -5.800098e-03 5.788506e-01
4.040404e-01 4.646465e-01 5.672913e-01 -5.801469e-03 5.730927e-01
4.141414e-01 4.646465e-01 5.615899e-01 -5.803138e-03 5.673930e-01
4.242424e-01 4.646465e-01 5.559458e-01 -5.804658e-03 5.617505e-01
4.343434e-01 4.646465e-01 5.503585e-01 -5.806118e-03 5.561646e-01
4.444444e-01 4.646465e-01 5.448273e-01 -5.807817e-03 5.506351e-01
4.545455e-01 4.646465e-01 5.393517e-01 -5.808949e-03 5.451606e-01
4.646465e-01 4.646465e-01 5.339311e-01 -5.810529e-03 5.397416e-01
4.747475e-01 4.646465e-01 5.285650e-01 -5.811870e-03 5.343769e-01
4.848485e-01 4.646465e-01 5.232528e-01 -5.812883e-03 5.290657e-01
4.949495e-01 4.646465e-01 5.179941e-01 -5.814463e-03 5.238085e-01
5.050505e-01 4.646465e-01 5.127881e-01 -5.815804e-03 5.186039e-01
5.151515e-01 4.646465e-01 5.076345e-01 -5.817264e-03 5.134518e-01
5.252525e-01 4.646465e-01 5.025327e-01 -5.818605e-03 5.083513e-01
5.353535e-01 4.646465e-01 4.974822e-01 -5.819708e-03 5.033019e-01
5.454545e-01 4.646465e-01 4.924824e-01 -5.820721e-03 4.983031e-01
5.555556e-01 4.646465e-01 4.875329e-01 -5.822003e-03 4.933549e-01
5.656566e-01 4.646465e-01 4.826331e-01 -5.822986e-03 4.884561e-01
5.757576e-01 4.646465e-01 4.777825e-01 -5.824596e-03 4.836071e-01
5.858586e-01 4.646465e-01 4.729807e-01 -5.825669e-03 4.788064e-01
5.959596e-01 4.646465e-01 4.682272e-01 -5.826652e-03 4.740539e-01
6.060606e-01 4.646465e-01 4.635215e-01 -5.827755e-03 4.693492e-01
6.161616e-01 4.646465e-01 4.588630e-01 -5.829245e-03 4.646922e-01
6.262626e-01 4.646465e-01 4.542513e-01 -5.829960e-03 4.600813e-01
6.363636e-01 4.646465e-01 4.496860e-01 -5.831063e-03 4.555171e-01
6.464646e-01 4.646465e-01 4.451666e-01 -5.832404e-03 4.509990e-01
6.565657e-01 4.646465e-01 4.406926e-01 -5.833536e-03 4.465262e-01
6.666667e-01 4.646465e-01 4.362636e-01 -5.834609e-03 4.420982e-01
6.767677e-01 4.646465e-01 4.318791e-01 -5.835682e-03 4.377147e-01
6.868687e-01 4.646465e-01 4.275386e-01 -5.836010e-03 4.333746e-01
6.969697e-01 4.646465e-01 4.232418e-01 -5.837470e-03 4.290792e-01
7.070707e-01 4.646465e-01 4.189881e-01 -5.838335e-03 4.248265e-01
7.171717e-01 4.646465e-01 4.147772e-01 -5.839556e-03 4.206168e-01
7.272727e-01 4.646465e-01 4.106086e-01 -5.840123e-03 4.164488e-01
7.373737e-01 4.646465e-01 4.064820e-01 -5.840927e-03 4.123229e-01
7.474747e-01 4.646465e-01 4.023967e-01 -5.841881e-03 4.082386e-01
7.575758e-01 4.646465e-01 3.983526e-01 -5.842596e-03 4.041952e-01
7.676768e-01 4.646465e-01 3.943491e-01 -5.843669e-03 4.001927e-01
7.777778e-01 4.646465e-01 3.903858e-01 -5.844444e-03 3.962302e-01
7.878788e-01 4.646465e-01 3.864624e-01 -5.845159e-03 3.923075e-01
7.979798e-01 4.646465e-01 3.825784e-01 -5.846173e-03 3.884245e-01
8.080808e-01 4.646465e-01 3.787334e-01 -5.846590e-03 3.845800e-01
8.181818e-01 4.646465e-01 3.749270e-01 -5.847543e-03 3.807746e-01
8.282828e-01 4.646465e-01 3.711590e-01 -5.848080e-03 3.770070e-01
8.383838e-01 4.646465e-01 3.674288e-01 -5.848736e-03 3.732775e-01
8.484848e-01 4.646465e-01 3.637360e-01 -5.849868e-03 3.695859e-01
8.585859e-01 4.646465e-01 3.600804e-01 -5.850464e-03 3.659309e-01
8.686869e-01 4.646465e-01 3.564616e-01 -5.851060e-03 3.623126e-01
8.787879e-01 4.646465e-01 3.528791e-01 -5.851746e-03 3.587308e-01
8.888889e-01 4.646465e-01 3.493326e-01 -5.852550e-03 3.551851e-01
8.989899e-01 4.646465e-01 3.458217e-01 -5.853444e-03 3.516752e-01
9.090909e-01 4.646465e-01 3.423462e-01 -5.853742e-03 3.481999e-01
9.191919e-01 4.646465e-01 3.389055e-01 -5.854130e-03 3.447596e-01
9.292929e-01 4.646465e-01 3.354995e-01 -5.854696e-03 3.413542e-01
9.393939e-01 4.646465e-01 3.321276e-01 -5.855501e-03 3.379831e-01
9.494949e-01 4.646465e-01 3.287897e-01 -5.856335e-03 3.346460e-01
9.595960e-01 4.646465e-01 3.254853e-01 -5.856544e-03 3.313418e-01
9.696970e-01 4.646465e-01 3.222141e-01 -5.857259e-03 3.280714e-01
9.797980e-01 4.646465e-01 3.189758e-01 -5.857855e-03 3.248337e-01
9.898990e-01 4.646465e-01 3.157701e-01 -5.858421e-03 3.216285e-01
1.000000e+00 4.646465e-01 3.125965e-01 -5.858809e-03 3.184553e-01
0.000000e+00 4.747475e-01 -9.223543e-01 -5.735695e-03 9.166186e-01
1.010101e-02 4.747475e-01 -9.130845e-01 -5.738169e-03 9.073463e-01
2.020202e-02 4.747475e-01 -9.039078e-01 -5.740374e-03 8.981675e-01
3.030303e-02 4.747475e-01 -8.948234e-01 -5.743414e-03 8.890800e-01
4.040404e-02 4.747475e-01 -8.858303e-01 -5.744666e-03 8.800856e-01
5.050505e-02 4.747475e-01 -8.769275e-01 -5.746871e-03 8.711807e-01
6.060606e-02 4.747475e-01 -8.681143e-01 -5.749136e-03 8.623651e-01
7.070707e-02 4.747475e-01 -8.593896e-01 -5.751401e-03 8.536382e-01
8.080808e-02 4.747475e-01 -8.507526e-01 -5.753458e-03 8.449991e-01
9.090909e-02 4.747475e-01 -8.422024e-01 -5.756289e-03 8.364461e-01
1.010101e-01 4.747475e-01 -8.337381e-01 -5.757540e-03 8.279806e-01
1.111111e-01 4.747475e-01 -8.253589e-01 -5.759925e-03 8.195990e-01
1.212121e-01 4.747475e-01 -8.170639e-01 -5.762488e-03 8.113014e-01
1.313131e-01 4.747475e-01 -8.088523e-01 -5.764157e-03 8.030881e-01
1.414141e-01 4.747475e-01 -8.007232e-01 -5.765826e-03 7.949573e-01
1.515152e-01 4.747475e-01 -7.926758e-01 -5.768627e-03 7.869071e-01
1.616162e-01 4.747475e-01 -7.847092e-01 -5.770266e-03 7.789390e-01
1.717172e-01 4.747475e-01 -7.768228e-01 -5.771756e-03 7.710510e-01
1.818182e-01 4.747475e-01 -7.690156e-01 -5.774170e-03 7.632414e-01
1.919192e-01 4.747475e-01 -7.612868e-01 -5.775481e-03 7.555114e-01
2.020202e-01 4.747475e-01 -7.536358e-01 -5.777568e-03 7.478582e-01
2.121212e-01 4.747475e-01 -7.460616e-01 -5.779326e-03 7.402823e-01
2.222222e-01 4.747475e-01 -7.385636e-01 -5.781382e-03 7.327822e-01
2.323232e-01 4.747475e-01 -7.311409e-01 -5.783290e-03 7.253576e-01
2.424242e-01 4.747475e-01 -7.237928e-01 -5.784869e-03 7.180079e-01
2.525253e-01 4.747475e-01 -7.165186e-01 -5.786687e-03 7.107319e-01
2.626263e-01 4.747475e-01 -7.093174e-01 -5.788535e-03 7.035289e-01
2.727273e-01 4.747475e-01 -7.021887e-01 -5.789280e-03 6.963994e-01
2.828283e-01 4.747475e-01 -6.951316e-01 -5.791545e-03 6.893400e-01
2.929293e-01 4.747475e-01 -6.881454e-01 -5.793065e-03 6.823523e-01
3.030303e-01 4.747475e-01 -6.812294e-01 -5.794674e-03 6.754347e-01
3.131313e-01 4.747475e-01 -6.743829e-01 -5.796343e-03 6.685866e-01
3.232323e-01 4.747475e-01 -6.676053e-01 -5.798072e-03 6.618072e-01
3.333333e-01 4.747475e-01 -6.608957e-01 -5.799651e-03 6.550961e-01
3.434343e-01 4.747475e-01 -6.542536e-01 -5.801171e-03 6.484524e-01
3.535354e-01 4.747475e-01 -6.476783e-01 -5.802512e-03 6.418757e-01
3.636364e-01 4.747475e-01 -6.411690e-01 -5.804211e-03 6.353648e-01
3.737374e-01 4.747475e-01 -6.347251e-01 -5.805790e-03 6.289193e-01
3.838384e-01 4.747475e-01 -6.283460e-01 -5.807251e-03 6.225388e-01
3.939394e-01 4.747475e-01 -6.220311e-01 -5.808532e-03 6.162225e-01
4.040404e-01 4.747475e-01 -6.157795e-01 -5.809814e-03 6.099697e-01
4.141414e-01 4.747475e-01 -6.095909e-01 -5.811542e-03 6.037793e-01
4.242424e-01 4.747475e-01 -6.034644e-01 -5.812734e-03 5.976516e-01
4.343434e-01 4.747475e-01 -5.973994e-01 -5.814612e-03 5.915848e-01
4.444444e-01 4.747475e-01 -5.913955e-01 -5.816370e-03 5.855791e-01
4.545455e-01 4.747475e-01 -5.854519e-01 -5.817264e-03 5.796346e-01
4.646465e-01 4.747475e-01 -5.795680e-01 -5.818337e-03 5.737496e-01
4.747475e-01 4.747475e-01 -5.737432e-01 -5.820036e-03 5.679232e-01
4.848485e-01 4.747475e-01 -5.679770e-01 -5.821228e-03 5.621558e-01
4.949495e-01 4.747475e-01 -5.622687e-01 -5.822390e-03 5.564464e-01
5.050505e-01 4.747475e-01 -5.566178e-01 -5.823523e-03 5.507943e-01
5.151515e-01 4.747475e-01 -5.510237e-01 -5.825281e-03 5.451985e-01
5.252525e-01 4.747475e-01 -5.454859e-01 -5.826056e-03 5.396598e-01
5.353535e-01 4.747475e-01 -5.400036e-01 -5.827069e-03 5.341766e-01
5.454545e-01 4.747475e-01 -5.345765e-01 -5.828381e-03 5.287481e-01
5.555556e-01 4.747475e-01 -5.292039e-01 -5.829543e-03 5.233744e-01
5.656566e-01 4.747475e-01 -5.238853e-01 -5.830795e-03 5.180545e-01
5.757576e-01 4.747475e-01 -5.186202e-01 -5.832046e-03 5.127882e-01
5.858586e-01 4.747475e-01 -5.134080e-01 -5.833000e-03 5.075750e-01
5.959596e-01 4.747475e-01 -5.082482e-01 -5.834550e-03 5.024136e-01
6.060606e-01 4.747475e-01 -5.031402e-01 -5.834490e-03 4.973057e-01
6.161616e-01 4.747475e-01 -4.980835e-01 -5.836099e-03 4.922474e-01
6.262626e-01 4.747475e-01 -4.930777e-01 -5.837083e-03 4.872406e-01
6.363636e-01 4.747475e-01 -4.881222e-01 -5.837858e-03 4.822843e-01
6.464646e-01 4.747475e-01 -4.832165e-01 -5.839676e-03 4.773768e-01
6.565657e-01 4.747475e-01 -4.783601e-01 -5.840123e-03 4.725200e-01
6.666667e-01 4.747475e-01 -4.735525e-01 -5.841762e-03 4.677107e-01
6.767677e-01 4.747475e-01 -4.687932e-01 -5.842566e-03 4.629506e-01
6.868687e-01 4.747475e-01 -4.640818e-01 -5.843222e-03 4.582385e-01
6.969697e-01 4.747475e-01 -4.594177e-01 -5.843759e-03 4.535739e-01
7.070707e-01 4.747475e-01 -4.548004e-01 -5.845308e-03 4.489551e-01
7.171717e-01 4.747475e-01 -4.502296e-01 -5.845666e-03 4.443839e-01
7.272727e-01 4.747475e-01 -4.457047e-01 -5.846411e-03 4.398583e-01
7.373737e-01 4.747475e-01 -4.412253e-01 -5.847543e-03 4.353778e-01
7.474747e-01 4.747475e-01 -4.367909e-01 -5.848557e-03 4.309424e-01
7.575758e-01 4.747475e-01 -4.324011e-01 -5.849391e-03 4.265517e-01
7.676768e-01 4.747475e-01 -4.280554e-01 -5.850106e-03 4.222053e-01
7.777778e-01 4.747475e-01 -4.237534e-01 -5.851060e-03 4.179023e-01
7.878788e-01 4.747475e-01 -4.194946e-01 -5.851895e-03 4.136427e-01
7.979798e-01 4.747475e-01 -4.152786e-01 -5.852610e-03 4.094260e-01
8.080808e-01 4.747475e-01 -4.111050e-01 -5.852997e-03 4.052520e-01
8.181818e-01 4.747475e-01 -4.069733e-01 -5.853683e-03 4.011196e-01
8.282828e-01 4.747475e-01 -4.028832e-01 -5.854577e-03 3.970286e-01
8.383838e-01 4.747475e-01 -3.988341e-01 -5.854666e-03 3.929794e-01
8.484848e-01 4.747475e-01 -3.948258e-01 -5.855769e-03 3.889700e-01
8.585859e-01 4.747475e-01 -3.908577e-01 -5.856603e-03 3.850011e-01
8.686869e-01 4.747475e-01 -3.869295e-01 -5.857110e-03 3.810724e-01
8.787879e-01 4.747475e-01 -3.830408e-01 -5.857825e-03 3.771830e-01
8.888889e-01 4.747475e-01 -3.791912e-01 -5.858690e-03 3.733325e-01
8.989899e-01 4.747475e-01 -3.753803e-01 -5.858749e-03 3.695215e-01
9.090909e-01 4.747475e-01 -3.716076e-01 -5.859613e-03 3.657480e-01
9.191919e-01 4.747475e-01 -3.678729e-01 -5.860180e-03 3.620127e-01
9.292929e-01 4.747475e-01 -3.641757e-01 -5.860984e-03 3.583147e-01
9.393939e-01 4.747475e-01 -3.605157e-01 -5.861253e-03 3.546544e-01
9.494949e-01 4.747475e-01 -3.568924e-01 -5.861670e-03 3.510308e-01
9.595960e-01 4.747475e-01 -3.533056e-01 -5.862296e-03 3.474433e-01
9.696970e-01 4.747475e-01 -3.497548e-01 -5.862862e-03 3.438920e-01
9.797980e-01 4.747475e-01 -3.462397e-01 -5.863100e-03 3.403766e-01
9.898990e-01 4.747475e-01 -3.427600e-01 -5.864114e-03 3.368959e-01
1.000000e+00 4.747475e-01 -3.393152e-01 -5.864084e-03 3.334511e-01
0.000000e+00 4.848485e-01 9.718116e-01 -5.747378e-03 9.775589e-01
1.010101e-02 4.848485e-01 9.620447e-01 -5.749434e-03 9.677941e-01
2.020202e-02 4.848485e-01 9.523760e-01 -5.751610e-03 9.581276e-01
3.030303e-02 4.848485e-01 9.428045e-01 -5.753785e-03 9.485582e-01
4.040404e-02 4.848485e-01 9.333291e-01 -5.756140e-03 9.390853e-01
5.050505e-02 4.848485e-01 9.239490e-01 -5.757540e-03 9.297065e-01
6.060606e-02 4.848485e-01 9.146632e-01 -5.760163e-03 9.204233e-01
7.070707e-02 4.848485e-01 9.054706e-01 -5.762130e-03 9.112328e-01
8.080808e-02 4.848485e-01 8.963705e-01 -5.764097e-03 9.021346e-01
9.090909e-02 4.848485e-01 8.873618e-01 -5.766183e-03 8.931280e-01
1.010101e-01 4.848485e-01 8.784437e-01 -5.768389e-03 8.842121e-01
1.111111e-01 4.848485e-01 8.696152e-01 -5.770653e-03 8.753859e-01
1.212121e-01 4.848485e-01 8.608754e-01 -5.772263e-03 8.666477e-01
1.313131e-01 4.848485e-01 8.522235e-01 -5.774409e-03 8.579979e-01
1.414141e-01 4.848485e-01 8.436585e-01 -5.776495e-03 8.494350e-01
1.515152e-01 4.848485e-01 8.351796e-01 -5.778104e-03 8.409577e-01
1.616162e-01 4.848485e-01 8.267859e-01 -5.780190e-03 8.325661e-01
1.717172e-01 4.848485e-01 8.184766e-01 -5.781740e-03 8.242583e-01
1.818182e-01 4.848485e-01 8.102507e-01 -5.783558e-03 8.160343e-01
1.919192e-01 4.848485e-01 8.021076e-01 -5.785197e-03 8.078928e-01
2.020202e-01 4.848485e-01 7.940463e-01 -5.786985e-03 7.998332e-01
2.121212e-01 4.848485e-01 7.860660e-01 -5.789340e-03 7.918553e-01
2.222222e-01 4.848485e-01 7.781659e-01 -5.790770e-03 7.839566e-01
2.323232e-01 4.848485e-01 7.703452e-01 -5.793333e-03 7.761385e-01
2.424242e-01 4.848485e-01 7.626031e-01 -5.794525e-03 7.683976e-01
2.525253e-01 4.848485e-01 7.549388e-01 -5.795926e-03 7.607347e-01
2.626263e-01 4.848485e-01 7.473515e-01 -5.797237e-03 7.531488e-01
2.727273e-01 4.848485e-01 7.398405e-01 -5.799145e-03 7.456397e-01
2.828283e-01 4.848485e-01 7.324050e-01 -5.800456e-03 7.382055e-01
2.929293e-01 4.848485e-01 7.250442e-01 -5.802006e-03 7.308462e-01
3.030303e-01 4.848485e-01 7.177574e-01 -5.803943e-03 7.235613e-01
3.131313e-01 4.848485e-01 7.105438e-01 -5.805790e-03 7.163496e-01
3.232323e-01 4.848485e-01 7.034027e-01 -5.806535e-03 7.092093e-01
3.333333e-01 4.848485e-01 6.963334e-01 -5.808473e-03 7.021419e-01
3.434343e-01 4.848485e-01 6.893352e-01 -5.809754e-03 6.951449e-01
3.535354e-01 4.848485e-01 6.824072e-01 -5.810589e-03 6.882178e-01
3.636364e-01 4.848485e-01 6.755489e-01 -5.812943e-03 6.813619e-01
3.737374e-01 4.848485e-01 6.687595e-01 -5.814344e-03 6.745739e-01
3.838384e-01 4.848485e-01 6.620384e-01 -5.815476e-03 6.678539e-01
3.939394e-01 4.848485e-01 6.553848e-01 -5.816966e-03 6.612018e-01
4.040404e-01 4.848485e-01 6.487981e-01 -5.818278e-03 6.546163e-01
4.141414e-01 4.848485e-01 6.422775e-01 -5.820066e-03 6.480976e-01
4.242424e-01 4.848485e-01 6.358225e-01 -5.820990e-03 6.416435e-01
4.343434e-01 4.848485e-01 6.294324e-01 -5.822718e-03 6.352551e-01
4.444444e-01 4.848485e-01 6.231065e-01 -5.823970e-03 6.289305e-01
4.545455e-01 4.848485e-01 6.168442e-01 -5.825281e-03 6.226695e-01
4.646465e-01 4.848485e-01 6.106448e-01 -5.826861e-03 6.164717e-01
4.747475e-01 4.848485e-01 6.045077e-01 -5.827516e-03 6.103352e-01
4.848485e-01 4.848485e-01 5.984323e-01 -5.829006e-03 6.042613e-01
4.949495e-01 4.848485e-01 5.924180e-01 -5.830288e-03 5.982483e-01
5.050505e-01 4.848485e-01 5.864641e-01 -5.831301e-03 5.922954e-01
5.151515e-01 4.848485e-01 5.805700e-01 -5.832672e-03 5.864027e-01
5.252525e-01 4.848485e-01 5.747352e-01 -5.833656e-03 5.805688e-01
5.353535e-01 4.848485e-01 5.689590e-01 -5.835176e-03 5.747942e-01
5.454545e-01 4.848485e-01 5.632409e-01 -5.836248e-03 5.690771e-01
5.555556e-01 4.848485e-01 5.575802e-01 -5.837321e-03 5.634175e-01
5.656566e-01 4.848485e-01 5.519764e-01 -5.838245e-03 5.578147e-01
5.757576e-01 4.848485e-01 5.464290e-01 -5.839795e-03 5.522688e-01
5.858586e-01 4.848485e-01 5.409373e-01 -5.840272e-03 5.467776e-01
5.959596e-01 4.848485e-01 5.355008e-01 -5.841047e-03 5.413418e-01
6.060606e-01 4.848485e-01 5.301189e-01 -5.842119e-03 5.359610e-01
6.161616e-01 4.848485e-01 5.247911e-01 -5.843073e-03 5.306342e-01
6.262626e-01 4.848485e-01 5.195169e-01 -5.844057e-03 5.253609e-01
6.363636e-01 4.848485e-01 5.142956e-01 -5.845159e-03 5.201408e-01
6.464646e-01 4.848485e-01 5.091269e-01 -5.846292e-03 5.149732e-01
6.565657e-01 4.848485e-01 5.040101e-01 -5.846977e-03 5.098571e-01
6.666667e-01 4.848485e-01 4.989447e-01 -5.848140e-03 5.047928e-01
6.767677e-01 4.848485e-01 4.939302e-01 -5.849332e-03 4.997796e-01
6.868687e-01 4.848485e-01 4.889661e-01 -5.849659e-03 4.948158e-01
6.969697e-01 4.848485e-01 4.840519e-01 -5.851001e-03 4.899029e-01
7.070707e-01 4.848485e-01 4.791871e-01 -5.851924e-03 4.850391e-01
7.171717e-01 4.848485e-01 4.743712e-01 -5.852371e-03 4.802236e-01
7.272727e-01 4.848485e-01 4.696037e-01 -5.853295e-03 4.754570e-01
7.373737e-01 4.848485e-01 4.648841e-01 -5.854070e-03 4.707382e-01
7.474747e-01 4.848485e-01 4.602120e-01 -5.854785e-03 4.660668e-01
7.575758e-01 4.848485e-01 4.555868e-01 -5.855531e-03 4.614423e-01
7.676768e-01 4.848485e-01 4.510080e-01 -5.856395e-03 4.568644e-01
7.777778e-01 4.848485e-01 4.464753e-01 -5.857319e-03 4.523326e-01
7.878788e-01 4.848485e-01 4.419882e-01 -5.858332e-03 4.478465e-01
7.979798e-01 4.848485e-01 4.375461e-01 -5.858719e-03 4.434048e-01
8.080808e-01 4.848485e-01 4.331487e-01 -5.859256e-03 4.390080e-01
8.181818e-01 4.848485e-01 4.287955e-01 -5.860180e-03 4.346557e-01
8.282828e-01 4.848485e-01 4.244860e-01 -5.860358e-03 4.303464e-01
8.383838e-01 4.848485e-01 4.202199e-01 -5.861104e-03 4.260810e-01
8.484848e-01 4.848485e-01 4.159966e-01 -5.861610e-03 4.218582e-01
8.585859e-01 4.848485e-01 4.118158e-01 -5.862504e-03 4.176783e-01
8.686869e-01 4.848485e-01 4.076769e-01 -5.862564e-03 4.135395e-01
8.787879e-01 4.848485e-01 4.035797e-01 -5.863279e-03 4.094430e-01
8.888889e-01 4.848485e-01 3.995237e-01 -5.863875e-03 4.053876e-01
8.989899e-01 4.848485e-01 3.955084e-01 -5.864650e-03 4.013731e-01
9.090909e-01 4.848485e-01 3.915335e-01 -5.865067e-03 3.973985e-01
9.191919e-01 4.848485e-01 3.875985e-01 -5.865932e-03 3.934644e-01
9.292929e-01 4.848485e-01 3.837031e-01 -5.866259e-03 3.895693e-01
9.393939e-01 4.848485e-01 3.798468e-01 -5.866736e-03 3.857135e-01
9.494949e-01 4.848485e-01 3.760293e-01 -5.867362e-03 3.818966e-01
9.595960e-01 4.848485e-01 3.722501e-01 -5.867928e-03 3.781180e-01
9.696970e-01 4.848485e-01 3.685089e-01 -5.867958e-03 3.743769e-01
9.797980e-01 4.848485e-01 3.648054e-01 -5.868703e-03 3.706741e-01
9.898990e-01 4.848485e-01 3.611390e-01 -5.869359e-03 3.670084e-01
1.000000e+00 4.848485e-01 3.575095e-01 -5.869418e-03 3.633789e-01
0.000000e+00 4.949495e-01 -9.968548e-01 -5.758494e-03 9.910963e-01
1.010101e-02 4.949495e-01 -9.868362e-01 -5.760521e-03 9.810757e-01
2.020202e-02 4.949495e-01 -9.769184e-01 -5.762845e-03 9.711555e-01
3.030303e-02 4.949495e-01 -9.671002e-01 -5.764514e-03 9.613356e-01
4.040404e-02 4.949495e-01 -9.573806e-01 -5.766481e-03 9.516142e-01
5.050505e-02 4.949495e-01 -9.477588e-01 -5.768627e-03 9.419902e-01
6.060606e-02 4.949495e-01 -9.382337e-01 -5.771071e-03 9.324626e-01
7.070707e-02 4.949495e-01 -9.288043e-01 -5.773276e-03 9.230310e-01
8.080808e-02 4.949495e-01 -9.194696e-01 -5.774617e-03 9.136950e-01
9.090909e-02 4.949495e-01 -9.102288e-01 -5.777091e-03 9.044517e-01
1.010101e-01 4.949495e-01 -9.010809e-01 -5.778939e-03 8.953019e-01
1.111111e-01 4.949495e-01 -8.920248e-01 -5.780727e-03 8.862441e-01
1.212121e-01 4.949495e-01 -8.830598e-01 -5.782098e-03 8.772778e-01
1.313131e-01 4.949495e-01 -8.741850e-01 -5.784363e-03 8.684006e-01
1.414141e-01 4.949495e-01 -8.653992e-01 -5.786270e-03 8.596130e-01
1.515152e-01 4.949495e-01 -8.567018e-01 -5.788505e-03 8.509133e-01
1.616162e-01 4.949495e-01 -8.480918e-01 -5.789936e-03 8.423019e-01
1.717172e-01 4.949495e-01 -8.395684e-01 -5.791694e-03 8.337767e-01
1.818182e-01 4.949495e-01 -8.311306e-01 -5.793422e-03 8.253372e-01
1.919192e-01 4.949495e-01 -8.227776e-01 -5.795091e-03 8.169825e-01
2.020202e-01 4.949495e-01 -8.145085e-01 -5.796820e-03 8.087117e-01
2.121212e-01 4.949495e-01 -8.063226e-01 -5.798787e-03 8.005238e-01
2.222222e-01 4.949495e-01 -7.982189e-01 -5.800188e-03 7.924187e-01
2.323232e-01 4.949495e-01 -7.901967e-01 -5.802125e-03 7.843945e-01
2.424242e-01 4.949495e-01 -7.822551e-01 -5.803317e-03 7.764517e-01
2.525253e-01 4.949495e-01 -7.743933e-01 -5.805463e-03 7.685878e-01
2.626263e-01 4.949495e-01 -7.666105e-01 -5.806655e-03 7.608038e-01
2.727273e-01 4.949495e-01 -7.589059e-01 -5.808413e-03 7.530975e-01
2.828283e-01 4.949495e-01 -7.512788e-01 -5.809456e-03 7.454693e-01
2.929293e-01 4.949495e-01 -7.437283e-01 -5.811423e-03 7.379169e-01
3.030303e-01 4.949495e-01 -7.362537e-01 -5.812883e-03 7.304408e-01
3.131313e-01 4.949495e-01 -7.288543e-01 -5.814046e-03 7.230402e-01
3.232323e-01 4.949495e-01 -7.215291e-01 -5.815506e-03 7.157136e-01
3.333333e-01 4.949495e-01 -7.142777e-01 -5.816489e-03 7.084612e-01
3.434343e-01 4.949495e-01 -7.070990e-01 -5.818158e-03 7.012809e-01
3.535354e-01 4.949495e-01 -6.999926e-01 -5.819678e-03 6.941729e-01
3.636364e-01 4.949495e-01 -6.929575e-01 -5.821019e-03 6.871365e-01
3.737374e-01 4.949495e-01 -6.859932e-01 -5.822420e-03 6.801708e-01
3.838384e-01 4.949495e-01 -6.790989e-01 -5.824149e-03 6.732747e-01
3.939394e-01 4.949495e-01 -6.722738e-01 -5.825728e-03 6.664481e-01
4.040404e-01 4.949495e-01 -6.655173e-01 -5.826682e-03 6.596907e-01
4.141414e-01 4.949495e-01 -6.588288e-01 -5.828381e-03 6.530004e-01
4.242424e-01 4.949495e-01 -6.522074e-01 -5.829215e-03 6.463782e-01
4.343434e-01 4.949495e-01 -6.456526e-01 -5.831122e-03 6.398215e-01
4.444444e-01 4.949495e-01 -6.391637e-01 -5.832016e-03 6.333317e-01
4.545455e-01 4.949495e-01 -6.327400e-01 -5.833089e-03 6.269069e-01
4.646465e-01 4.949495e-01 -6.263809e-01 -5.834669e-03 6.205462e-01
4.747475e-01 4.949495e-01 -6.200857e-01 -5.835444e-03 6.142502e-01
4.848485e-01 4.949495e-01 -6.138537e-01 -5.836636e-03 6.080171e-01
4.949495e-01 4.949495e-01 -6.076844e-01 -5.837709e-03 6.018467e-01
5.050505e-01 4.949495e-01 -6.015770e-01 -5.838692e-03 5.957383e-01
5.151515e-01 4.949495e-01 -5.955311e-01 -5.840480e-03 5.896906e-01
5.252525e-01 4.949495e-01 -5.895459e-01 -5.841345e-03 5.837046e-01
5.353535e-01 4.949495e-01 -5.836209e-01 -5.842686e-03 5.777782e-01
5.454545e-01 4.949495e-01 -5.777554e-01 -5.843014e-03 5.719124e-01
5.555556e-01 4.949495e-01 -5.719488e-01 -5.844295e-03 5.661045e-01
5.656566e-01 4.949495e-01 -5.662007e-01 -5.845189e-03 5.603555e-01
5.757576e-01 4.949495e-01 -5.605102e-01 -5.846530e-03 5.546637e-01
5.858586e-01 4.949495e-01 -5.548770e-01 -5.847424e-03 5.490296e-01
5.959596e-01 4.949495e-01 -5.493004e-01 -5.848557e-03 5.434519e-01
6.060606e-01 4.949495e-01 -5.437799e-01 -5.849630e-03 5.379302e-01
6.161616e-01 4.949495e-01 -5.383148e-01 -5.850554e-03 5.324642e-01
6.262626e-01 4.949495e-01 -5.329046e-01 -5.851179e-03 5.270534e-01
6.363636e-01 4.949495e-01 -5.275488e-01 -5.852014e-03 5.216968e-01
6.464646e-01 4.949495e-01 -5.222469e-01 -5.853117e-03 5.163938e-01
6.565657e-01 4.949495e-01 -5.169982e-01 -5.853891e-03 5.111443e-01
6.666667e-01 4.949495e-01 -5.118023e-01 -5.854636e-03 5.059477e-01
6.767677e-01 4.949495e-01 -5.066586e-01 -5.855113e-03 5.008035e-01
6.868687e-01 4.949495e-01 -5.015666e-01 -5.856514e-03 4.957101e-01
6.969697e-01 4.949495e-01 -4.965258e-01 -5.857408e-03 4.906684e-01
7.070707e-01 4.949495e-01 -4.915356e-01 -5.858302e-03 4.856773e-01
7.171717e-01 4.949495e-01 -4.865956e-01 -5.858868e-03 4.807367e-01
7.272727e-01 4.949495e-01 -4.817052e-01 -5.859882e-03 4.758453e-01
7.373737e-01 4.949495e-01 -4.768640e-01 -5.860686e-03 4.710033e-01
7.474747e-01 4.949495e-01 -4.720714e-01 -5.860895e-03 4.662106e-01
7.575758e-01 4.949495e-01 -4.673271e-01 -5.862087e-03 4.614650e-01
7.676768e-01 4.949495e-01 -4.626303e-01 -5.862743e-03 4.567676e-01
7.777778e-01 4.949495e-01 -4.579808e-01 -5.863428e-03 4.521174e-01
7.878788e-01 4.949495e-01 -4.533780e-01 -5.864203e-03 4.475138e-01
7.979798e-01 4.949495e-01 -4.488215e-01 -5.864650e-03 4.429569e-01
8.080808e-01 4.949495e-01 -4.443108e-01 -5.865008e-03 4.384458e-01
8.181818e-01 4.949495e-01 -4.398454e-01 -5.865991e-03 4.339794e-01
8.282828e-01 4.949495e-01 -4.354249e-01 -5.866259e-03 4.295586e-01
8.383838e-01 4.949495e-01 -4.310488e-01 -5.867302e-03 4.251815e-01
8.484848e-01 4.949495e-01 -4.267167e-01 -5.867779e-03 4.208489e-01
8.585859e-01 4.949495e-01 -4.224281e-01 -5.868077e-03 4.165600e-01
8.686869e-01 4.949495e-01 -4.181826e-01 -5.868375e-03 4.123142e-01
8.787879e-01 4.949495e-01 -4.139798e-01 -5.868465e-03 4.081114e-01
8.888889e-01 4.949495e-01 -4.098193e-01 -5.869329e-03 4.039499e-01
8.989899e-01 4.949495e-01 -4.057005e-01 -5.869836e-03 3.998307e-01
9.090909e-01 4.949495e-01 -4.016231e-01 -5.870491e-03 3.957526e-01
9.191919e-01 4.949495e-01 -3.975868e-01 -5.871207e-03 3.917156e-01
9.292929e-01 4.949495e-01 -3.935909e-01 -5.871475e-03 3.877195e-01
9.393939e-01 4.949495e-01 -3.896353e-01 -5.872220e-03 3.837631e-01
9.494949e-01 4.949495e-01 -3.857194e-01 -5.872667e-03 3.798467e-01
9.595960e-01 4.949495e-01 -3.818429e-01 -5.872995e-03 3.759699e-01
9.696970e-01 4.949495e-01 -3.780053e-01 -5.873233e-03 3.721320e-01
9.797980e-01 4.949495e-01 -3.742063e-01 -5.874068e-03 3.683322e-01
9.898990e-01 4.949495e-01 -3.704454e-01 -5.874187e-03 3.645712e-01
1.000000e+00 4.949495e-01 -3.667224e-01 -5.874425e-03 3.608480e-01
0.000000e+00 5.050505e-01 9.968548e-01 -5.769551e-03 1.002624e+00
1.010101e-02 5.050505e-01 9.868362e-01 -5.771458e-03 9.926077e-01
2.020202e-02 5.050505e-01 9.769184e-01 -5.773932e-03 9.826923e-01
3.030303e-02 5.050505e-01 9.671002e-01 -5.775601e-03 9.728758e-01
4.040404e-02 5.050505e-01 9.573806e-01 -5.777955e-03 9.631586e-01
5.050505e-02 5.050505e-01 9.477588e-01 -5.779296e-03 9.535381e-01
6.060606e-02 5.050505e-01 9.382337e-01 -5.781144e-03 9.440148e-01
7.070707e-02 5.050505e-01 9.288043e-01 -5.783528e-03 9.345878e-01
8.080808e-02 5.050505e-01 9.194696e-01 -5.785882e-03 9.252555e-01
9.090909e-02 5.050505e-01 9.102288e-01 -5.787283e-03 9.160161e-01
1.010101e-01 5.050505e-01 9.010809e-01 -5.789489e-03 9.068703e-01
1.111111e-01 5.050505e-01 8.920248e-01 -5.791515e-03 8.978164e-01
1.212121e-01 5.050505e-01 8.830598e-01 -5.793005e-03 8.888529e-01
1.313131e-01 5.050505e-01 8.741850e-01 -5.794734e-03 8.799797e-01
1.414141e-01 5.050505e-01 8.653992e-01 -5.796462e-03 8.711957e-01
1.515152e-01 5.050505e-01 8.567018e-01 -5.798072e-03 8.624999e-01
1.616162e-01 5.050505e-01 8.480918e-01 -5.799770e-03 8.538916e-01
1.717172e-01 5.050505e-01 8.395684e-01 -5.801469e-03 8.453698e-01
1.818182e-01 5.050505e-01 8.311306e-01 -5.803287e-03 8.369339e-01
1.919192e-01 5.050505e-01 8.227776e-01 -5.804628e-03 8.285822e-01
2.020202e-01 5.050505e-01 8.145085e-01 -5.806506e-03 8.203150e-01
2.121212e-01 5.050505e-01 8.063226e-01 -5.808115e-03 8.121307e-01
2.222222e-01 5.050505e-01 7.982189e-01 -5.809754e-03 8.040287e-01
2.323232e-01 5.050505e-01 7.901967e-01 -5.811840e-03 7.960085e-01
2.424242e-01 5.050505e-01 7.822551e-01 -5.812973e-03 7.880680e-01
2.525253e-01 5.050505e-01 7.743933e-01 -5.814373e-03 7.802076e-01
2.626263e-01 5.050505e-01 7.666105e-01 -5.815387e-03 7.724259e-01
2.727273e-01 5.050505e-01 7.589059e-01 -5.817324e-03 7.647233e-01
2.828283e-01 5.050505e-01 7.512788e-01 -5.818725e-03 7.570975e-01
2.929293e-01 5.050505e-01 7.437283e-01 -5.819798e-03 7.495481e-01
3.030303e-01 5.050505e-01 7.362537e-01 -5.821377e-03 7.420751e-01
3.131313e-01 5.050505e-01 7.288543e-01 -5.822688e-03 7.346769e-01
3.232323e-01 5.050505e-01 7.215291e-01 -5.823940e-03 7.273531e-01
3.333333e-01 5.050505e-01 7.142777e-01 -5.825162e-03 7.201028e-01
3.434343e-01 5.050505e-01 7.070990e-01 -5.826980e-03 7.129260e-01
3.535354e-01 5.050505e-01 6.999926e-01 -5.828470e-03 7.058211e-01
3.636364e-01 5.050505e-01 6.929575e-01 -5.829573e-03 6.987871e-01
3.737374e-01 5.050505e-01 6.859932e-01 -5.831152e-03 6.918244e-01
3.838384e-01 5.050505e-01 6.790989e-01 -5.832613e-03 6.849315e-01
3.939394e-01 5.050505e-01 6.722738e-01 -5.834073e-03 6.781079e-01
4.040404e-01 5.050505e-01 6.655173e-01 -5.835027e-03 6.713524e-01
4.141414e-01 5.050505e-01 6.588288e-01 -5.836278e-03 6.646651e-01
4.242424e-01 5.050505e-01 6.522074e-01 -5.837590e-03 6.580450e-01
4.343434e-01 5.050505e-01 6.456526e-01 -5.838484e-03 6.514911e-01
4.444444e-01 5.050505e-01 6.391637e-01 -5.840421e-03 6.450042e-01
4.545455e-01 5.050505e-01 6.327400e-01 -5.841166e-03 6.385812e-01
4.646465e-01 5.050505e-01 6.263809e-01 -5.842417e-03 6.322233e-01
4.747475e-01 5.050505e-01 6.200857e-01 -5.842984e-03 6.259286e-01
4.848485e-01 5.050505e-01 6.138537e-01 -5.844623e-03 6.196983e-01
4.949495e-01 5.050505e-01 6.076844e-01 -5.845517e-03 6.135299e-01
5.050505e-01 5.050505e-01 6.015770e-01 -5.846828e-03 6.074239e-01
5.151515e-01 5.050505e-01 5.955311e-01 -5.848199e-03 6.013793e-01
5.252525e-01 5.050505e-01 5.895459e-01 -5.848885e-03 5.953948e-01
5.353535e-01 5.050505e-01 5.836209e-01 -5.849600e-03 5.894705e-01
5.454545e-01 5.050505e-01 5.777554e-01 -5.850613e-03 5.836060e-01
5.555556e-01 5.050505e-01 5.719488e-01 -5.851895e-03 5.778007e-01
5.656566e-01 5.050505e-01 5.662007e-01 -5.852818e-03 5.720535e-01
5.757576e-01 5.050505e-01 5.605102e-01 -5.853891e-03 5.663641e-01
5.858586e-01 5.050505e-01 5.548770e-01 -5.854875e-03 5.607319e-01
5.959596e-01 5.050505e-01 5.493004e-01 -5.855650e-03 5.551561e-01
6.060606e-01 5.050505e-01 5.437799e-01 -5.856693e-03 5.496366e-01
6.161616e-01 5.050505e-01 5.383148e-01 -5.857676e-03 5.441725e-01
6.262626e-01 5.050505e-01 5.329046e-01 -5.858004e-03 5.387626e-01
6.363636e-01 5.050505e-01 5.275488e-01 -5.859137e-03 5.334080e-01
6.464646e-01 5.050505e-01 5.222469e-01 -5.859762e-03 5.281067e-01
6.565657e-01 5.050505e-01 5.169982e-01 -5.860716e-03 5.228589e-01
6.666667e-01 5.050505e-01 5.118023e-01 -5.861074e-03 5.176634e-01
6.767677e-01 5.050505e-01 5.066586e-01 -5.861789e-03 5.125204e-01
6.868687e-01 5.050505e-01 5.015666e-01 -5.862862e-03 5.074295e-01
6.969697e-01 5.050505e-01 4.965258e-01 -5.864114e-03 5.023899e-01
7.070707e-01 5.050505e-01 4.915356e-01 -5.864650e-03 4.974003e-01
7.171717e-01 5.050505e-01 4.865956e-01 -5.865693e-03 4.924613e-01
7.272727e-01 5.050505e-01 4.817052e-01 -5.866319e-03 4.875715e-01
7.373737e-01 5.050505e-01 4.768640e-01 -5.866766e-03 4.827308e-01
7.474747e-01 5.050505e-01 4.720714e-01 -5.867392e-03 4.779388e-01
7.575758e-01 5.050505e-01 4.673271e-01 -5.867958e-03 4.731950e-01
7.676768e-01 5.050505e-01 4.626303e-01 -5.869091e-03 4.684994e-01
7.777778e-01 5.050505e-01 4.579808e-01 -5.869925e-03 4.638508e-01
7.878788e-01 5.050505e-01 4.533780e-01 -5.870432e-03 4.592485e-01
7.979798e-01 5.050505e-01 4.488215e-01 -5.870730e-03 4.546922e-01
8.080808e-01 5.050505e-01 4.443108e-01 -5.871683e-03 4.501825e-01
8.181818e-01 5.050505e-01 4.398454e-01 -5.872041e-03 4.457174e-01
8.282828e-01 5.050505e-01 4.354249e-01 -5.872637e-03 4.412975e-01
8.383838e-01 5.050505e-01 4.310488e-01 -5.873173e-03 4.369220e-01
8.484848e-01 5.050505e-01 4.267167e-01 -5.873382e-03 4.325900e-01
8.585859e-01 5.050505e-01 4.224281e-01 -5.874008e-03 4.283021e-01
8.686869e-01 5.050505e-01 4.181826e-01 -5.874306e-03 4.240569e-01
8.787879e-01 5.050505e-01 4.139798e-01 -5.874783e-03 4.198546e-01
8.888889e-01 5.050505e-01 4.098193e-01 -5.875260e-03 4.156945e-01
8.989899e-01 5.050505e-01 4.057005e-01 -5.875617e-03 4.115761e-01
9.090909e-01 5.050505e-01 4.016231e-01 -5.876511e-03 4.074997e-01
9.191919e-01 5.050505e-01 3.975868e-01 -5.876929e-03 4.034637e-01
9.292929e-01 5.050505e-01 3.935909e-01 -5.877256e-03 3.994682e-01
9.393939e-01 5.050505e-01 3.896353e-01 -5.878121e-03 3.955134e-01
9.494949e-01 5.050505e-01 3.857194e-01 -5.878121e-03 3.915975e-01
9.595960e-01 5.050505e-01 3.818429e-01 -5.878180e-03 3.877210e-01
9.696970e-01 5.050505e-01 3.780053e-01 -5.878419e-03 3.838837e-01
9.797980e-01 5.050505e-01 3.742063e-01 -5.878896e-03 3.800851e-01
9.898990e-01 5.050505e-01 3.704454e-01 -5.880088e-03 3.763255e-01
1.000000e+00 5.050505e-01 3.667224e-01 -5.880117e-03 3.726025e-01
0.000000e+00 5.151515e-01 -9.718116e-01 -5.780607e-03 9.660310e-01
1.010101e-02 5.151515e-01 -9.620447e-01 -5.783170e-03 9.562615e-01
2.020202e-02 5.151515e-01 -9.523760e-01 -5.784422e-03 9.465916e-01
3.030303e-02 5.151515e-01 -9.428045e-01 -5.786151e-03 9.370183e-01
4.040404e-02 5.151515e-01 -9.333291e-01 -5.788118e-03 9.275410e-01
5.050505e-02 5.151515e-01 -9.239490e-01 -5.790323e-03 9.181587e-01
6.060606e-02 5.151515e-01 -9.146632e-01 -5.792052e-03 9.088711e-01
7.070707e-02 5.151515e-01 -9.054706e-01 -5.794138e-03 8.996765e-01
8.080808e-02 5.151515e-01 -8.963705e-01 -5.796015e-03 8.905745e-01
9.090909e-02 5.151515e-01 -8.873618e-01 -5.797863e-03 8.815640e-01
1.010101e-01 5.151515e-01 -8.784437e-01 -5.799323e-03 8.726444e-01
1.111111e-01 5.151515e-01 -8.696152e-01 -5.801260e-03 8.638139e-01
1.212121e-01 5.151515e-01 -8.608754e-01 -5.803227e-03 8.550722e-01
1.313131e-01 5.151515e-01 -8.522235e-01 -5.804300e-03 8.464192e-01
1.414141e-01 5.151515e-01 -8.436585e-01 -5.806357e-03 8.378521e-01
1.515152e-01 5.151515e-01 -8.351796e-01 -5.808294e-03 8.293713e-01
1.616162e-01 5.151515e-01 -8.267859e-01 -5.809724e-03 8.209762e-01
1.717172e-01 5.151515e-01 -8.184766e-01 -5.811661e-03 8.126649e-01
1.818182e-01 5.151515e-01 -8.102507e-01 -5.812556e-03 8.044382e-01
1.919192e-01 5.151515e-01 -8.021076e-01 -5.814046e-03 7.962935e-01
2.020202e-01 5.151515e-01 -7.940463e-01 -5.815774e-03 7.882305e-01
2.121212e-01 5.151515e-01 -7.860660e-01 -5.817711e-03 7.802483e-01
2.222222e-01 5.151515e-01 -7.781659e-01 -5.819410e-03 7.723465e-01
2.323232e-01 5.151515e-01 -7.703452e-01 -5.820364e-03 7.645248e-01
2.424242e-01 5.151515e-01 -7.626031e-01 -5.822122e-03 7.567810e-01
2.525253e-01 5.151515e-01 -7.549388e-01 -5.823880e-03 7.491149e-01
2.626263e-01 5.151515e-01 -7.473515e-01 -5.825430e-03 7.415261e-01
2.727273e-01 5.151515e-01 -7.398405e-01 -5.826145e-03 7.340144e-01
2.828283e-01 5.151515e-01 -7.324050e-01 -5.827904e-03 7.265771e-01
2.929293e-01 5.151515e-01 -7.250442e-01 -5.829126e-03 7.192151e-01
3.030303e-01 5.151515e-01 -7.177574e-01 -5.830228e-03 7.119272e-01
3.131313e-01 5.151515e-01 -7.105438e-01 -5.831599e-03 7.047122e-01
3.232323e-01 5.151515e-01 -7.034027e-01 -5.832553e-03 6.975702e-01
3.333333e-01 5.151515e-01 -6.963334e-01 -5.834073e-03 6.904993e-01
3.434343e-01 5.151515e-01 -6.893352e-01 -5.835623e-03 6.834995e-01
3.535354e-01 5.151515e-01 -6.824072e-01 -5.836993e-03 6.765702e-01
3.636364e-01 5.151515e-01 -6.755489e-01 -5.838364e-03 6.697105e-01
3.737374e-01 5.151515e-01 -6.687595e-01 -5.839258e-03 6.629203e-01
3.838384e-01 5.151515e-01 -6.620384e-01 -5.841106e-03 6.561973e-01
3.939394e-01 5.151515e-01 -6.553848e-01 -5.842060e-03 6.495427e-01
4.040404e-01 5.151515e-01 -6.487981e-01 -5.843461e-03 6.429546e-01
4.141414e-01 5.151515e-01 -6.422775e-01 -5.844772e-03 6.364328e-01
4.242424e-01 5.151515e-01 -6.358225e-01 -5.846024e-03 6.299765e-01
4.343434e-01 5.151515e-01 -6.294324e-01 -5.847007e-03 6.235854e-01
4.444444e-01 5.151515e-01 -6.231065e-01 -5.847663e-03 6.172589e-01
4.545455e-01 5.151515e-01 -6.168442e-01 -5.848765e-03 6.109954e-01
4.646465e-01 5.151515e-01 -6.106448e-01 -5.849987e-03 6.047948e-01
4.747475e-01 5.151515e-01 -6.045077e-01 -5.851358e-03 5.986564e-01
4.848485e-01 5.151515e-01 -5.984323e-01 -5.852371e-03 5.925800e-01
4.949495e-01 5.151515e-01 -5.924180e-01 -5.853206e-03 5.865648e-01
5.050505e-01 5.151515e-01 -5.864641e-01 -5.854398e-03 5.806097e-01
5.151515e-01 5.151515e-01 -5.805700e-01 -5.855054e-03 5.747150e-01
5.252525e-01 5.151515e-01 -5.747352e-01 -5.856484e-03 5.688787e-01
5.353535e-01 5.151515e-01 -5.689590e-01 -5.857140e-03 5.631019e-01
5.454545e-01 5.151515e-01 -5.632409e-01 -5.858302e-03 5.573826e-01
5.555556e-01 5.151515e-01 -5.575802e-01 -5.859584e-03 5.517206e-01
5.656566e-01 5.151515e-01 -5.519764e-01 -5.859792e-03 5.461166e-01
5.757576e-01 5.151515e-01 -5.464290e-01 -5.860895e-03 5.405681e-01
5.858586e-01 5.151515e-01 -5.409373e-01 -5.861729e-03 5.350756e-01
5.959596e-01 5.151515e-01 -5.355008e-01 -5.863011e-03 5.296378e-01
6.060606e-01 5.151515e-01 -5.301189e-01 -5.863577e-03 5.242553e-01
6.161616e-01 5.151515e-01 -5.247911e-01 -5.864769e-03 5.189263e-01
6.262626e-01 5.151515e-01 -5.195169e-01 -5.865484e-03 5.136514e-01
6.363636e-01 5.151515e-01 -5.142956e-01 -5.866081e-03 5.084296e-01
6.464646e-01 5.151515e-01 -5.091269e-01 -5.866796e-03 5.032601e-01
6.565657e-01 5.151515e-01 -5.040101e-01 -5.866677e-03 4.981434e-01
6.666667e-01 5.151515e-01 -4.989447e-01 -5.868018e-03 4.930767e-01
6.767677e-01 5.151515e-01 -4.939302e-01 -5.868435e-03 4.880618e-01
6.868687e-01 5.151515e-01 -4.889661e-01 -5.869389e-03 4.830967e-01
6.969697e-01 5.151515e-01 -4.840519e-01 -5.869836e-03 4.781821e-01
7.070707e-01 5.151515e-01 -4.791871e-01 -5.870491e-03 4.733167e-01
7.171717e-01 5.151515e-01 -4.743712e-01 -5.871803e-03 4.684994e-01
7.272727e-01 5.151515e-01 -4.696037e-01 -5.872905e-03 4.637308e-01
7.373737e-01 5.151515e-01 -4.648841e-01 -5.873114e-03 4.590110e-01
7.474747e-01 5.151515e-01 -4.602120e-01 -5.873859e-03 4.543381e-01
7.575758e-01 5.151515e-01 -4.555868e-01 -5.874336e-03 4.497124e-01
7.676768e-01 5.151515e-01 -4.510080e-01 -5.875260e-03 4.451328e-01
7.777778e-01 5.151515e-01 -4.464753e-01 -5.876243e-03 4.405991e-01
7.878788e-01 5.151515e-01 -4.419882e-01 -5.876213e-03 4.361120e-01
7.979798e-01 5.151515e-01 -4.375461e-01 -5.877256e-03 4.316689e-01
8.080808e-01 5.151515e-01 -4.331487e-01 -5.877823e-03 4.272709e-01
8.181818e-01 5.151515e-01 -4.287955e-01 -5.878270e-03 4.229172e-01
8.282828e-01 5.151515e-01 -4.244860e-01 -5.878896e-03 4.186071e-01
8.383838e-01 5.151515e-01 -4.202199e-01 -5.879134e-03 4.143407e-01
8.484848e-01 5.151515e-01 -4.159966e-01 -5.879551e-03 4.101170e-01
8.585859e-01 5.151515e-01 -4.118158e-01 -5.879790e-03 4.059360e-01
8.686869e-01 5.151515e-01 -4.076769e-01 -5.880088e-03 4.017969e-01
8.787879e-01 5.151515e-01 -4.035797e-01 -5.881041e-03 3.976987e-01
8.888889e-01 5.151515e-01 -3.995237e-01 -5.881220e-03 3.936425e-01
8.989899e-01 5.151515e-01 -3.955084e-01 -5.881578e-03 3.896268e-01
9.090909e-01 5.151515e-01 -3.915335e-01 -5.882084e-03 3.856514e-01
9.191919e-01 5.151515e-01 -3.875985e-01 -5.882144e-03 3.817164e-01
9.292929e-01 5.151515e-01 -3.837031e-01 -5.883038e-03 3.778200e-01
9.393939e-01 5.151515e-01 -3.798468e-01 -5.883187e-03 3.739636e-01
9.494949e-01 5.151515e-01 -3.760293e-01 -5.883902e-03 3.701454e-01
9.595960e-01 5.151515e-01 -3.722501e-01 -5.884290e-03 3.663658e-01
9.696970e-01 5.151515e-01 -3.685089e-01 -5.884498e-03 3.626244e-01
9.797980e-01 5.151515e-01 -3.648054e-01 -5.884498e-03 3.589209e-01
9.898990e-01 5.151515e-01 -3.611390e-01 -5.884588e-03 3.552544e-01
1.000000e+00 5.151515e-01 -3.575095e-01 -5.885452e-03 3.516240e-01
0.000000e+00 5.252525e-01 9.223543e-01 -5.791932e-03 9.281462e-01
1.010101e-02 5.252525e-01 9.130845e-01 -5.794227e-03 9.188787e-01
2.020202e-02 5.252525e-01 9.039078e-01 -5.795628e-03 9.097035e-01
3.030303e-02 5.252525e-01 8.948234e-01 -5.797118e-03 9.006205e-01
4.040404e-02 5.252525e-01 8.858303e-01 -5.799741e-03 8.916300e-01
5.050505e-02 5.252525e-01 8.769275e-01 -5.801141e-03 8.827287e-01
6.060606e-02 5.252525e-01 8.681143e-01 -5.802780e-03 8.739171e-01
7.070707e-02 5.252525e-01 8.593896e-01 -5.804449e-03 8.651940e-01
8.080808e-02 5.252525e-01 8.507526e-01 -5.806684e-03 8.565593e-01
9.090909e-02 5.252525e-01 8.422024e-01 -5.807966e-03 8.480103e-01
1.010101e-01 5.252525e-01 8.337381e-01 -5.809516e-03 8.395476e-01
1.111111e-01 5.252525e-01 8.253589e-01 -5.811363e-03 8.311702e-01
1.212121e-01 5.252525e-01 8.170639e-01 -5.812913e-03 8.228768e-01
1.313131e-01 5.252525e-01 8.088523e-01 -5.814552e-03 8.146668e-01
1.414141e-01 5.252525e-01 8.007232e-01 -5.816311e-03 8.065395e-01
1.515152e-01 5.252525e-01 7.926758e-01 -5.817801e-03 7.984936e-01
1.616162e-01 5.252525e-01 7.847092e-01 -5.819887e-03 7.905291e-01
1.717172e-01 5.252525e-01 7.768228e-01 -5.820870e-03 7.826437e-01
1.818182e-01 5.252525e-01 7.690156e-01 -5.822659e-03 7.748382e-01
1.919192e-01 5.252525e-01 7.612868e-01 -5.823761e-03 7.671106e-01
2.020202e-01 5.252525e-01 7.536358e-01 -5.825192e-03 7.594610e-01
2.121212e-01 5.252525e-01 7.460616e-01 -5.827427e-03 7.518891e-01
2.222222e-01 5.252525e-01 7.385636e-01 -5.828142e-03 7.443917e-01
2.323232e-01 5.252525e-01 7.311409e-01 -5.829841e-03 7.369707e-01
2.424242e-01 5.252525e-01 7.237928e-01 -5.830616e-03 7.296234e-01
2.525253e-01 5.252525e-01 7.165186e-01 -5.832732e-03 7.223513e-01
2.626263e-01 5.252525e-01 7.093174e-01 -5.833864e-03 7.151513e-01
2.727273e-01 5.252525e-01 7.021887e-01 -5.835444e-03 7.080241e-01
2.828283e-01 5.252525e-01 6.951316e-01 -5.836874e-03 7.009684e-01
2.929293e-01 5.252525e-01 6.881454e-01 -5.838096e-03 6.939835e-01
3.030303e-01 5.252525e-01 6.812294e-01 -5.839050e-03 6.870685e-01
3.131313e-01 5.252525e-01 6.743829e-01 -5.840212e-03 6.802231e-01
3.232323e-01 5.252525e-01 6.676053e-01 -5.841702e-03 6.734470e-01
3.333333e-01 5.252525e-01 6.608957e-01 -5.842566e-03 6.667383e-01
3.434343e-01 5.252525e-01 6.542536e-01 -5.843878e-03 6.600975e-01
3.535354e-01 5.252525e-01 6.476783e-01 -5.845368e-03 6.535236e-01
3.636364e-01 5.252525e-01 6.411690e-01 -5.846769e-03 6.470158e-01
3.737374e-01 5.252525e-01 6.347251e-01 -5.847424e-03 6.405726e-01
3.838384e-01 5.252525e-01 6.283460e-01 -5.848914e-03 6.341950e-01
3.939394e-01 5.252525e-01 6.220311e-01 -5.850285e-03 6.278813e-01
4.040404e-01 5.252525e-01 6.157795e-01 -5.851090e-03 6.216306e-01
4.141414e-01 5.252525e-01 6.095909e-01 -5.852371e-03 6.154432e-01
4.242424e-01 5.252525e-01 6.034644e-01 -5.853057e-03 6.093174e-01
4.343434e-01 5.252525e-01 5.973994e-01 -5.854785e-03 6.032542e-01
4.444444e-01 5.252525e-01 5.913955e-01 -5.855352e-03 5.972508e-01
4.545455e-01 5.252525e-01 5.854519e-01 -5.856544e-03 5.913084e-01
4.646465e-01 5.252525e-01 5.795680e-01 -5.857289e-03 5.854253e-01
4.747475e-01 5.252525e-01 5.737432e-01 -5.858600e-03 5.796018e-01
4.848485e-01 5.252525e-01 5.679770e-01 -5.859703e-03 5.738367e-01
4.949495e-01 5.252525e-01 5.622687e-01 -5.860835e-03 5.681296e-01
5.050505e-01 5.252525e-01 5.566178e-01 -5.861610e-03 5.624795e-01
5.151515e-01 5.252525e-01 5.510237e-01 -5.862921e-03 5.568867e-01
5.252525e-01 5.252525e-01 5.454859e-01 -5.863458e-03 5.513493e-01
5.353535e-01 5.252525e-01 5.400036e-01 -5.864710e-03 5.458684e-01
5.454545e-01 5.252525e-01 5.345765e-01 -5.865514e-03 5.404420e-01
5.555556e-01 5.252525e-01 5.292039e-01 -5.866677e-03 5.350706e-01
5.656566e-01 5.252525e-01 5.238853e-01 -5.866915e-03 5.297523e-01
5.757576e-01 5.252525e-01 5.186202e-01 -5.868435e-03 5.244886e-01
5.858586e-01 5.252525e-01 5.134080e-01 -5.868942e-03 5.192769e-01
5.959596e-01 5.252525e-01 5.082482e-01 -5.869597e-03 5.141178e-01
6.060606e-01 5.252525e-01 5.031402e-01 -5.870610e-03 5.090108e-01
6.161616e-01 5.252525e-01 4.980835e-01 -5.871534e-03 5.039551e-01
6.262626e-01 5.252525e-01 4.930777e-01 -5.872279e-03 4.989500e-01
6.363636e-01 5.252525e-01 4.881222e-01 -5.873293e-03 4.939955e-01
6.464646e-01 5.252525e-01 4.832165e-01 -5.873203e-03 4.890897e-01
6.565657e-01 5.252525e-01 4.783601e-01 -5.873799e-03 4.842339e-01
6.666667e-01 5.252525e-01 4.735525e-01 -5.875081e-03 4.794276e-01
6.767677e-01 5.252525e-01 4.687932e-01 -5.875140e-03 4.746683e-01
6.868687e-01 5.252525e-01 4.640818e-01 -5.876213e-03 4.699580e-01
6.969697e-01 5.252525e-01 4.594177e-01 -5.876988e-03 4.652946e-01
7.070707e-01 5.252525e-01 4.548004e-01 -5.877465e-03 4.606779e-01
7.171717e-01 5.252525e-01 4.502296e-01 -5.878299e-03 4.561079e-01
7.272727e-01 5.252525e-01 4.457047e-01 -5.878806e-03 4.515835e-01
7.373737e-01 5.252525e-01 4.412253e-01 -5.879611e-03 4.471049e-01
7.474747e-01 5.252525e-01 4.367909e-01 -5.879879e-03 4.426708e-01
7.575758e-01 5.252525e-01 4.324011e-01 -5.880803e-03 4.382819e-01
7.676768e-01 5.252525e-01 4.280554e-01 -5.881339e-03 4.339367e-01
7.777778e-01 5.252525e-01 4.237534e-01 -5.882233e-03 4.296356e-01
7.878788e-01 5.252525e-01 4.194946e-01 -5.882770e-03 4.253774e-01
7.979798e-01 5.252525e-01 4.152786e-01 -5.883664e-03 4.211623e-01
8.080808e-01 5.252525e-01 4.111050e-01 -5.883485e-03 4.169885e-01
8.181818e-01 5.252525e-01 4.069733e-01 -5.884320e-03 4.128576e-01
8.282828e-01 5.252525e-01 4.028832e-01 -5.884558e-03 4.087677e-01
8.383838e-01 5.252525e-01 3.988341e-01 -5.884558e-03 4.047187e-01
8.484848e-01 5.252525e-01 3.948258e-01 -5.885661e-03 4.007114e-01
8.585859e-01 5.252525e-01 3.908577e-01 -5.885690e-03 3.967434e-01
8.686869e-01 5.252525e-01 3.869295e-01 -5.886346e-03 3.928159e-01
8.787879e-01 5.252525e-01 3.830408e-01 -5.886227e-03 3.889270e-01
8.888889e-01 5.252525e-01 3.791912e-01 -5.886585e-03 3.850778e-01
8.989899e-01 5.252525e-01 3.753803e-01 -5.887091e-03 3.812673e-01
9.090909e-01 5.252525e-01 3.716076e-01 -5.888134e-03 3.774958e-01
9.191919e-01 5.252525e-01 3.678729e-01 -5.888045e-03 3.737609e-01
9.292929e-01 5.252525e-01 3.641757e-01 -5.888373e-03 3.700641e-01
9.393939e-01 5.252525e-01 3.605157e-01 -5.888492e-03 3.664042e-01
9.494949e-01 5.252525e-01 3.568924e-01 -5.888820e-03 3.627813e-01
9.595960e-01 5.252525e-01 3.533056e-01 -5.889088e-03 3.591947e-01
9.696970e-01 5.252525e-01 3.497548e-01 -5.889744e-03 3.556446e-01
9.797980e-01 5.252525e-01 3.462397e-01 -5.889863e-03 3.521296e-01
9.898990e-01 5.252525e-01 3.427600e-01 -5.890340e-03 3.486503e-01
1.000000e+00 5.252525e-01 3.393152e-01 -5.890876e-03 3.452061e-01
0.000000e+00 5.353535e-01 -8.497254e-01 -5.802333e-03 8.439231e-01
1.010101e-02 5.353535e-01 -8.411855e-01 -5.804718e-03 8.353808e-01
2.020202e-02 5.353535e-01 -8.327315e-01 -5.806208e-03 8.269253e-01
3.030303e-02 5.353535e-01 -8.243624e-01 -5.808502e-03 8.185539e-01
4.040404e-02 5.353535e-01 -8.160774e-01 -5.810171e-03 8.102673e-01
5.050505e-02 5.353535e-01 -8.078757e-01 -5.811602e-03 8.020641e-01
6.060606e-02 5.353535e-01 -7.997564e-01 -5.813748e-03 7.939427e-01
7.070707e-02 5.353535e-01 -7.917187e-01 -5.815119e-03 7.859036e-01
8.080808e-02 5.353535e-01 -7.837618e-01 -5.816460e-03 7.779454e-01
9.090909e-02 5.353535e-01 -7.758849e-01 -5.818218e-03 7.700667e-01
1.010101e-01 5.353535e-01 -7.680871e-01 -5.819529e-03 7.622676e-01
1.111111e-01 5.353535e-01 -7.603677e-01 -5.821317e-03 7.545464e-01
1.212121e-01 5.353535e-01 -7.527259e-01 -5.822957e-03 7.469029e-01
1.313131e-01 5.353535e-01 -7.451609e-01 -5.824625e-03 7.393363e-01
1.414141e-01 5.353535e-01 -7.376719e-01 -5.825788e-03 7.318461e-01
1.515152e-01 5.353535e-01 -7.302582e-01 -5.827367e-03 7.244308e-01
1.616162e-01 5.353535e-01 -7.229189e-01 -5.829006e-03 7.170899e-01
1.717172e-01 5.353535e-01 -7.156535e-01 -5.830556e-03 7.098229e-01
1.818182e-01 5.353535e-01 -7.084611e-01 -5.832076e-03 7.026290e-01
1.919192e-01 5.353535e-01 -7.013409e-01 -5.833179e-03 6.955077e-01
2.020202e-01 5.353535e-01 -6.942923e-01 -5.834192e-03 6.884581e-01
2.121212e-01 5.353535e-01 -6.873146e-01 -5.836070e-03 6.814785e-01
2.222222e-01 5.353535e-01 -6.804069e-01 -5.837709e-03 6.745692e-01
2.323232e-01 5.353535e-01 -6.735687e-01 -5.839258e-03 6.677295e-01
2.424242e-01 5.353535e-01 -6.667993e-01 -5.840659e-03 6.609586e-01
2.525253e-01 5.353535e-01 -6.600978e-01 -5.841702e-03 6.542561e-01
2.626263e-01 5.353535e-01 -6.534637e-01 -5.842656e-03 6.476211e-01
2.727273e-01 5.353535e-01 -6.468963e-01 -5.844414e-03 6.410519e-01
2.828283e-01 5.353535e-01 -6.403949e-01 -5.845815e-03 6.345491e-01
2.929293e-01 5.353535e-01 -6.339588e-01 -5.846858e-03 6.281120e-01
3.030303e-01 5.353535e-01 -6.275874e-01 -5.847692e-03 6.217397e-01
3.131313e-01 5.353535e-01 -6.212801e-01 -5.848914e-03 6.154311e-01
3.232323e-01 5.353535e-01 -6.150361e-01 -5.850047e-03 6.091860e-01
3.333333e-01 5.353535e-01 -6.088549e-01 -5.851418e-03 6.030035e-01
3.434343e-01 5.353535e-01 -6.027358e-01 -5.852908e-03 5.968829e-01
3.535354e-01 5.353535e-01 -5.966782e-01 -5.854070e-03 5.908241e-01
3.636364e-01 5.353535e-01 -5.906815e-01 -5.855083e-03 5.848264e-01
3.737374e-01 5.353535e-01 -5.847450e-01 -5.855948e-03 5.788891e-01
3.838384e-01 5.353535e-01 -5.788682e-01 -5.857050e-03 5.730112e-01
3.939394e-01 5.353535e-01 -5.730505e-01 -5.857944e-03 5.671926e-01
4.040404e-01 5.353535e-01 -5.672913e-01 -5.859405e-03 5.614319e-01
4.141414e-01 5.353535e-01 -5.615899e-01 -5.860180e-03 5.557297e-01
4.242424e-01 5.353535e-01 -5.559458e-01 -5.861700e-03 5.500841e-01
4.343434e-01 5.353535e-01 -5.503585e-01 -5.862385e-03 5.444961e-01
4.444444e-01 5.353535e-01 -5.448273e-01 -5.862862e-03 5.389644e-01
4.545455e-01 5.353535e-01 -5.393517e-01 -5.864441e-03 5.334872e-01
4.646465e-01 5.353535e-01 -5.339311e-01 -5.865544e-03 5.280656e-01
4.747475e-01 5.353535e-01 -5.285650e-01 -5.866200e-03 5.226988e-01
4.848485e-01 5.353535e-01 -5.232528e-01 -5.867571e-03 5.173853e-01
4.949495e-01 5.353535e-01 -5.179941e-01 -5.868286e-03 5.121258e-01
5.050505e-01 5.353535e-01 -5.127881e-01 -5.868644e-03 5.069195e-01
5.151515e-01 5.353535e-01 -5.076345e-01 -5.870312e-03 5.017642e-01
5.252525e-01 5.353535e-01 -5.025327e-01 -5.871117e-03 4.966616e-01
5.353535e-01 5.353535e-01 -4.974822e-01 -5.872011e-03 4.916102e-01
5.454545e-01 5.353535e-01 -4.924824e-01 -5.872458e-03 4.866099e-01
5.555556e-01 5.353535e-01 -4.875329e-01 -5.873770e-03 4.816591e-01
5.656566e-01 5.353535e-01 -4.826331e-01 -5.874544e-03 4.767585e-01
5.757576e-01 5.353535e-01 -4.777825e-01 -5.875379e-03 4.719072e-01
5.858586e-01 5.353535e-01 -4.729807e-01 -5.875915e-03 4.671048e-01
5.959596e-01 5.353535e-01 -4.682272e-01 -5.876631e-03 4.623506e-01
6.060606e-01 5.353535e-01 -4.635215e-01 -5.877972e-03 4.576435e-01
6.161616e-01 5.353535e-01 -4.588630e-01 -5.878419e-03 4.529846e-01
6.262626e-01 5.353535e-01 -4.542513e-01 -5.879015e-03 4.483723e-01
6.363636e-01 5.353535e-01 -4.496860e-01 -5.879670e-03 4.438064e-01
6.464646e-01 5.353535e-01 -4.451666e-01 -5.880535e-03 4.392861e-01
6.565657e-01 5.353535e-01 -4.406926e-01 -5.880922e-03 4.348117e-01
6.666667e-01 5.353535e-01 -4.362636e-01 -5.881459e-03 4.303821e-01
6.767677e-01 5.353535e-01 -4.318791e-01 -5.882293e-03 4.259968e-01
6.868687e-01 5.353535e-01 -4.275386e-01 -5.882472e-03 4.216561e-01
6.969697e-01 5.353535e-01 -4.232418e-01 -5.883455e-03 4.173583e-01
7.070707e-01 5.353535e-01 -4.189881e-01 -5.884141e-03 4.131040e-01
7.171717e-01 5.353535e-01 -4.147772e-01 -5.884886e-03 4.088923e-01
7.272727e-01 5.353535e-01 -4.106086e-01 -5.885333e-03 4.047233e-01
7.373737e-01 5.353535e-01 -4.064820e-01 -5.885512e-03 4.005964e-01
7.474747e-01 5.353535e-01 -4.023967e-01 -5.886525e-03 3.965102e-01
7.575758e-01 5.353535e-01 -3.983526e-01 -5.887061e-03 3.924655e-01
7.676768e-01 5.353535e-01 -3.943491e-01 -5.888194e-03 3.884609e-01
7.777778e-01 5.353535e-01 -3.903858e-01 -5.887955e-03 3.844979e-01
7.878788e-01 5.353535e-01 -3.864624e-01 -5.888939e-03 3.805734e-01
7.979798e-01 5.353535e-01 -3.825784e-01 -5.889326e-03 3.766890e-01
8.080808e-01 5.353535e-01 -3.787334e-01 -5.889148e-03 3.728442e-01
8.181818e-01 5.353535e-01 -3.749270e-01 -5.890071e-03 3.690370e-01
8.282828e-01 5.353535e-01 -3.711590e-01 -5.890131e-03 3.652688e-01
8.383838e-01 5.353535e-01 -3.674288e-01 -5.890995e-03 3.615378e-01
8.484848e-01 5.353535e-01 -3.637360e-01 -5.891263e-03 3.578448e-01
8.585859e-01 5.353535e-01 -3.600804e-01 -5.891711e-03 3.541887e-01
8.686869e-01 5.353535e-01 -3.564616e-01 -5.891860e-03 3.505697e-01
8.787879e-01 5.353535e-01 -3.528791e-01 -5.891919e-03 3.469871e-01
8.888889e-01 5.353535e-01 -3.493326e-01 -5.892277e-03 3.434403e-01
8.989899e-01 5.353535e-01 -3.458217e-01 -5.892992e-03 3.399287e-01
9.090909e-01 5.353535e-01 -3.423462e-01 -5.893499e-03 3.364527e-01
9.191919e-01 5.353535e-01 -3.389055e-01 -5.894184e-03 3.330113e-01
9.292929e-01 5.353535e-01 -3.354995e-01 -5.894482e-03 3.296050e-01
9.393939e-01 5.353535e-01 -3.321276e-01 -5.894482e-03 3.262332e-01
9.494949e-01 5.353535e-01 -3.287897e-01 -5.894750e-03 3.228949e-01
9.595960e-01 5.353535e-01 -3.254853e-01 -5.894661e-03 3.195906e-01
9.696970e-01 5.353535e-01 -3.222141e-01 -5.895108e-03 3.163190e-01
9.797980e-01 5.353535e-01 -3.189758e-01 -5.895257e-03 3.130806e-01
9.898990e-01 5.353535e-01 -3.157701e-01 -5.895823e-03 3.098742e-01
1.000000e+00 5.353535e-01 -3.125965e-01 -5.895793e-03 3.067007e-01
0.000000e+00 5.454545e-01 7.557496e-01 -5.813867e-03 7.615634e-01
1.010101e-02 5.454545e-01 7.481542e-01 -5.815178e-03 7.539693e-01
2.020202e-02 5.454545e-01 7.406351e-01 -5.817175e-03 7.464523e-01
3.030303e-02 5.454545e-01 7.331916e-01 -5.818903e-03 7.390105e-01
4.040404e-02 5.454545e-01 7.258229e-01 -5.820602e-03 7.316435e-01
5.050505e-02 5.454545e-01 7.185282e-01 -5.822390e-03 7.243506e-01
6.060606e-02 5.454545e-01 7.113069e-01 -5.823821e-03 7.171307e-01
7.070707e-02 5.454545e-01 7.041582e-01 -5.824894e-03 7.099831e-01
8.080808e-02 5.454545e-01 6.970813e-01 -5.826682e-03 7.029079e-01
9.090909e-02 5.454545e-01 6.900755e-01 -5.828649e-03 6.959041e-01
1.010101e-01 5.454545e-01 6.831401e-01 -5.830407e-03 6.889705e-01
1.111111e-01 5.454545e-01 6.762744e-01 -5.831510e-03 6.821059e-01
1.212121e-01 5.454545e-01 6.694778e-01 -5.832255e-03 6.753100e-01
1.313131e-01 5.454545e-01 6.627494e-01 -5.833983e-03 6.685834e-01
1.414141e-01 5.454545e-01 6.560887e-01 -5.835474e-03 6.619241e-01
1.515152e-01 5.454545e-01 6.494949e-01 -5.837291e-03 6.553321e-01
1.616162e-01 5.454545e-01 6.429673e-01 -5.838662e-03 6.488060e-01
1.717172e-01 5.454545e-01 6.365054e-01 -5.840242e-03 6.423456e-01
1.818182e-01 5.454545e-01 6.301084e-01 -5.841613e-03 6.359500e-01
1.919192e-01 5.454545e-01 6.237757e-01 -5.842537e-03 6.296183e-01
2.020202e-01 5.454545e-01 6.175067e-01 -5.843937e-03 6.233506e-01
2.121212e-01 5.454545e-01 6.113006e-01 -5.845368e-03 6.171460e-01
2.222222e-01 5.454545e-01 6.051570e-01 -5.846590e-03 6.110035e-01
2.323232e-01 5.454545e-01 5.990750e-01 -5.848438e-03 6.049235e-01
2.424242e-01 5.454545e-01 5.930542e-01 -5.849272e-03 5.989035e-01
2.525253e-01 5.454545e-01 5.870939e-01 -5.850524e-03 5.929445e-01
2.626263e-01 5.454545e-01 5.811935e-01 -5.852163e-03 5.870457e-01
2.727273e-01 5.454545e-01 5.753524e-01 -5.853266e-03 5.812057e-01
2.828283e-01 5.454545e-01 5.695701e-01 -5.854428e-03 5.754245e-01
2.929293e-01 5.454545e-01 5.638458e-01 -5.854934e-03 5.697007e-01
3.030303e-01 5.454545e-01 5.581790e-01 -5.856246e-03 5.640353e-01
3.131313e-01 5.454545e-01 5.525692e-01 -5.857140e-03 5.584264e-01
3.232323e-01 5.454545e-01 5.470158e-01 -5.858451e-03 5.528743e-01
3.333333e-01 5.454545e-01 5.415182e-01 -5.859852e-03 5.473781e-01
3.434343e-01 5.454545e-01 5.360759e-01 -5.861014e-03 5.419369e-01
3.535354e-01 5.454545e-01 5.306882e-01 -5.862057e-03 5.365503e-01
3.636364e-01 5.454545e-01 5.253547e-01 -5.863696e-03 5.312184e-01
3.737374e-01 5.454545e-01 5.200748e-01 -5.863875e-03 5.259387e-01
3.838384e-01 5.454545e-01 5.148480e-01 -5.865782e-03 5.207138e-01
3.939394e-01 5.454545e-01 5.096737e-01 -5.866438e-03 5.155401e-01
4.040404e-01 5.454545e-01 5.045514e-01 -5.867749e-03 5.104191e-01
4.141414e-01 5.454545e-01 4.994805e-01 -5.868226e-03 5.053488e-01
4.242424e-01 5.454545e-01 4.944607e-01 -5.869418e-03 5.003301e-01
4.343434e-01 5.454545e-01 4.894913e-01 -5.870342e-03 4.953616e-01
4.444444e-01 5.454545e-01 4.845718e-01 -5.871475e-03 4.904433e-01
4.545455e-01 5.454545e-01 4.797018e-01 -5.871981e-03 4.855738e-01
4.646465e-01 5.454545e-01 4.748807e-01 -5.872935e-03 4.807536e-01
4.747475e-01 5.454545e-01 4.701081e-01 -5.874068e-03 4.759821e-01
4.848485e-01 5.454545e-01 4.653834e-01 -5.874962e-03 4.712584e-01
4.949495e-01 5.454545e-01 4.607062e-01 -5.875796e-03 4.665820e-01
5.050505e-01 5.454545e-01 4.560760e-01 -5.875945e-03 4.619520e-01
5.151515e-01 5.454545e-01 4.514924e-01 -5.877316e-03 4.573697e-01
5.252525e-01 5.454545e-01 4.469548e-01 -5.878299e-03 4.528331e-01
5.353535e-01 5.454545e-01 4.424629e-01 -5.878985e-03 4.483418e-01
5.454545e-01 5.454545e-01 4.380160e-01 -5.880207e-03 4.438962e-01
5.555556e-01 5.454545e-01 4.336139e-01 -5.880982e-03 4.394949e-01
5.656566e-01 5.454545e-01 4.292560e-01 -5.881876e-03 4.351379e-01
5.757576e-01 5.454545e-01 4.249419e-01 -5.882353e-03 4.308243e-01
5.858586e-01 5.454545e-01 4.206712e-01 -5.882978e-03 4.265542e-01
5.959596e-01 5.454545e-01 4.164434e-01 -5.883902e-03 4.223273e-01
6.060606e-01 5.454545e-01 4.122580e-01 -5.884320e-03 4.181424e-01
6.161616e-01 5.454545e-01 4.081148e-01 -5.885184e-03 4.140000e-01
6.262626e-01 5.454545e-01 4.040132e-01 -5.885810e-03 4.098990e-01
6.363636e-01 5.454545e-01 3.999528e-01 -5.886883e-03 4.058396e-01
6.464646e-01 5.454545e-01 3.959332e-01 -5.886942e-03 4.018201e-01
6.565657e-01 5.454545e-01 3.919540e-01 -5.887628e-03 3.978416e-01
6.666667e-01 5.454545e-01 3.880148e-01 -5.887896e-03 3.939027e-01
6.767677e-01 5.454545e-01 3.841152e-01 -5.888700e-03 3.900039e-01
6.868687e-01 5.454545e-01 3.802547e-01 -5.889267e-03 3.861440e-01
6.969697e-01 5.454545e-01 3.764331e-01 -5.889922e-03 3.823230e-01
7.070707e-01 5.454545e-01 3.726499e-01 -5.890578e-03 3.785405e-01
7.171717e-01 5.454545e-01 3.689047e-01 -5.891144e-03 3.747958e-01
7.272727e-01 5.454545e-01 3.651971e-01 -5.891293e-03 3.710884e-01
7.373737e-01 5.454545e-01 3.615269e-01 -5.891770e-03 3.674186e-01
7.474747e-01 5.454545e-01 3.578935e-01 -5.892605e-03 3.637861e-01
7.575758e-01 5.454545e-01 3.542966e-01 -5.893081e-03 3.601896e-01
7.676768e-01 5.454545e-01 3.507358e-01 -5.893558e-03 3.566294e-01
7.777778e-01 5.454545e-01 3.472109e-01 -5.894512e-03 3.531054e-01
7.878788e-01 5.454545e-01 3.437213e-01 -5.894333e-03 3.496157e-01
7.979798e-01 5.454545e-01 3.402669e-01 -5.895138e-03 3.461620e-01
8.080808e-01 5.454545e-01 3.368471e-01 -5.896002e-03 3.427432e-01
8.181818e-01 5.454545e-01 3.334618e-01 -5.896002e-03 3.393578e-01
8.282828e-01 5.454545e-01 3.301104e-01 -5.896181e-03 3.360066e-01
8.383838e-01 5.454545e-01 3.267928e-01 -5.897313e-03 3.326901e-01
8.484848e-01 5.454545e-01 3.235084e-01 -5.897433e-03 3.294059e-01
8.585859e-01 5.454545e-01 3.202571e-01 -5.897462e-03 3.261546e-01
8.686869e-01 5.454545e-01 3.170385e-01 -5.897731e-03 3.229362e-01
8.787879e-01 5.454545e-01 3.138522e-01 -5.897611e-03 3.197498e-01
8.888889e-01 5.454545e-01 3.106979e-01 -5.898118e-03 3.165961e-01
8.989899e-01 5.454545e-01 3.075754e-01 -5.898744e-03 3.134741e-01
9.090909e-01 5.454545e-01 3.044842e-01 -5.898803e-03 3.103830e-01
9.191919e-01 5.454545e-01 3.014241e-01 -5.899251e-03 3.073233e-01
9.292929e-01 5.454545e-01 2.983947e-01 -5.899757e-03 3.042945e-01
9.393939e-01 5.454545e-01 2.953958e-01 -5.900174e-03 3.012960e-01
9.494949e-01 5.454545e-01 2.924270e-01 -5.900025e-03 2.983270e-01
9.595960e-01 5.454545e-01 2.894881e-01 -5.900383e-03 2.953885e-01
9.696970e-01 5.454545e-01 2.865787e-01 -5.900353e-03 2.924790e-01
9.797980e-01 5.454545e-01 2.836985e-01 -5.900621e-03 2.895991e-01
9.898990e-01 5.454545e-01 2.808473e-01 -5.901337e-03 2.867486e-01
1.000000e+00 5.454545e-01 2.780247e-01 -5.900830e-03 2.839256e-01
0.000000e+00 5.555556e-01 -6.427876e-01 -5.824059e-03 6.369636e-01
1.010101e-02 5.555556e-01 -6.363275e-01 -5.825996e-03 6.305015e-01
2.020202e-02 5.555556e-01 -6.299323e-01 -5.827874e-03 6.241044e-01
3.030303e-02 5.555556e-01 -6.236014e-01 -5.829364e-03 6.177720e-01
4.040404e-02 5.555556e-01 -6.173341e-01 -5.830973e-03 6.115031e-01
5.050505e-02 5.555556e-01 -6.111298e-01 -5.832374e-03 6.052974e-01
6.060606e-02 5.555556e-01 -6.049878e-01 -5.833685e-03 5.991541e-01
7.070707e-02 5.555556e-01 -5.989076e-01 -5.834907e-03 5.930727e-01
8.080808e-02 5.555556e-01 -5.928885e-01 -5.837232e-03 5.870512e-01
9.090909e-02 5.555556e-01 -5.869298e-01 -5.838901e-03 5.810909e-01
1.010101e-01 5.555556e-01 -5.810311e-01 -5.840331e-03 5.751908e-01
1.111111e-01 5.555556e-01 -5.751916e-01 -5.841583e-03 5.693500e-01
1.212121e-01 5.555556e-01 -5.694109e-01 -5.843014e-03 5.635678e-01
1.313131e-01 5.555556e-01 -5.636882e-01 -5.843669e-03 5.578445e-01
1.414141e-01 5.555556e-01 -5.580230e-01 -5.845547e-03 5.521775e-01
1.515152e-01 5.555556e-01 -5.524148e-01 -5.846471e-03 5.465683e-01
1.616162e-01 5.555556e-01 -5.468629e-01 -5.848020e-03 5.410149e-01
1.717172e-01 5.555556e-01 -5.413669e-01 -5.849451e-03 5.355174e-01
1.818182e-01 5.555556e-01 -5.359260e-01 -5.850554e-03 5.300755e-01
1.919192e-01 5.555556e-01 -5.305399e-01 -5.851775e-03 5.246881e-01
2.020202e-01 5.555556e-01 -5.252079e-01 -5.853176e-03 5.193547e-01
2.121212e-01 5.555556e-01 -5.199295e-01 -5.854100e-03 5.140754e-01
2.222222e-01 5.555556e-01 -5.147041e-01 -5.855948e-03 5.088481e-01
2.323232e-01 5.555556e-01 -5.095312e-01 -5.857378e-03 5.036738e-01
2.424242e-01 5.555556e-01 -5.044103e-01 -5.858958e-03 4.985514e-01
2.525253e-01 5.555556e-01 -4.993409e-01 -5.859733e-03 4.934812e-01
2.626263e-01 5.555556e-01 -4.943225e-01 -5.861074e-03 4.884614e-01
2.727273e-01 5.555556e-01 -4.893545e-01 -5.861849e-03 4.834926e-01
2.828283e-01 5.555556e-01 -4.844364e-01 -5.863547e-03 4.785728e-01
2.929293e-01 5.555556e-01 -4.795677e-01 -5.863965e-03 4.737037e-01
3.030303e-01 5.555556e-01 -4.747480e-01 -5.864948e-03 4.688830e-01
3.131313e-01 5.555556e-01 -4.699767e-01 -5.866259e-03 4.641104e-01
3.232323e-01 5.555556e-01 -4.652533e-01 -5.867183e-03 4.593861e-01
3.333333e-01 5.555556e-01 -4.605774e-01 -5.868345e-03 4.547091e-01
3.434343e-01 5.555556e-01 -4.559486e-01 -5.869418e-03 4.500792e-01
3.535354e-01 5.555556e-01 -4.513662e-01 -5.870491e-03 4.454957e-01
3.636364e-01 5.555556e-01 -4.468299e-01 -5.870908e-03 4.409590e-01
3.737374e-01 5.555556e-01 -4.423392e-01 -5.873084e-03 4.364661e-01
3.838384e-01 5.555556e-01 -4.378936e-01 -5.873770e-03 4.320198e-01
3.939394e-01 5.555556e-01 -4.334927e-01 -5.874276e-03 4.276184e-01
4.040404e-01 5.555556e-01 -4.291360e-01 -5.875111e-03 4.232609e-01
4.141414e-01 5.555556e-01 -4.248231e-01 -5.876273e-03 4.189469e-01
4.242424e-01 5.555556e-01 -4.205536e-01 -5.877227e-03 4.146764e-01
4.343434e-01 5.555556e-01 -4.163270e-01 -5.877882e-03 4.104491e-01
4.444444e-01 5.555556e-01 -4.121428e-01 -5.879015e-03 4.062638e-01
4.545455e-01 5.555556e-01 -4.080007e-01 -5.880177e-03 4.021205e-01
4.646465e-01 5.555556e-01 -4.039002e-01 -5.880207e-03 3.980200e-01
4.747475e-01 5.555556e-01 -3.998410e-01 -5.881697e-03 3.939593e-01
4.848485e-01 5.555556e-01 -3.958225e-01 -5.882233e-03 3.899403e-01
4.949495e-01 5.555556e-01 -3.918444e-01 -5.882919e-03 3.859615e-01
5.050505e-01 5.555556e-01 -3.879063e-01 -5.884081e-03 3.820222e-01
5.151515e-01 5.555556e-01 -3.840078e-01 -5.884469e-03 3.781233e-01
5.252525e-01 5.555556e-01 -3.801484e-01 -5.885571e-03 3.742629e-01
5.353535e-01 5.555556e-01 -3.763279e-01 -5.886555e-03 3.704413e-01
5.454545e-01 5.555556e-01 -3.725457e-01 -5.887359e-03 3.666584e-01
5.555556e-01 5.555556e-01 -3.688016e-01 -5.888134e-03 3.629135e-01
5.656566e-01 5.555556e-01 -3.650951e-01 -5.889297e-03 3.592058e-01
5.757576e-01 5.555556e-01 -3.614258e-01 -5.889297e-03 3.555365e-01
5.858586e-01 5.555556e-01 -3.577934e-01 -5.889922e-03 3.519035e-01
5.959596e-01 5.555556e-01 -3.541975e-01 -5.891204e-03 3.483063e-01
6.060606e-01 5.555556e-01 -3.506378e-01 -5.891263e-03 3.447465e-01
6.161616e-01 5.555556e-01 -3.471138e-01 -5.891830e-03 3.412220e-01
6.262626e-01 5.555556e-01 -3.436253e-01 -5.892605e-03 3.377327e-01
6.363636e-01 5.555556e-01 -3.401718e-01 -5.893409e-03 3.342784e-01
6.464646e-01 5.555556e-01 -3.367530e-01 -5.893856e-03 3.308591e-01
6.565657e-01 5.555556e-01 -3.333686e-01 -5.894303e-03 3.274743e-01
6.666667e-01 5.555556e-01 -3.300182e-01 -5.894810e-03 3.241234e-01
6.767677e-01 5.555556e-01 -3.267014e-01 -5.895108e-03 3.208063e-01
6.868687e-01 5.555556e-01 -3.234180e-01 -5.895525e-03 3.175225e-01
6.969697e-01 5.555556e-01 -3.201676e-01 -5.896032e-03 3.142716e-01
7.070707e-01 5.555556e-01 -3.169499e-01 -5.896598e-03 3.110533e-01
7.171717e-01 5.555556e-01 -3.137645e-01 -5.897433e-03 3.078670e-01
7.272727e-01 5.555556e-01 -3.106111e-01 -5.897790e-03 3.047133e-01
7.373737e-01 5.555556e-01 -3.074894e-01 -5.897611e-03 3.015918e-01
7.474747e-01 5.555556e-01 -3.043991e-01 -5.898863e-03 2.985002e-01
7.575758e-01 5.555556e-01 -3.013398e-01 -5.899221e-03 2.954406e-01
7.676768e-01 5.555556e-01 -2.983113e-01 -5.899847e-03 2.924115e-01
7.777778e-01 5.555556e-01 -2.953132e-01 -5.900055e-03 2.894132e-01
7.878788e-01 5.555556e-01 -2.923453e-01 -5.900294e-03 2.864450e-01
7.979798e-01 5.555556e-01 -2.894072e-01 -5.901188e-03 2.835060e-01
8.080808e-01 5.555556e-01 -2.864986e-01 -5.901664e-03 2.805969e-01
8.181818e-01 5.555556e-01 -2.836192e-01 -5.901605e-03 2.777176e-01
8.282828e-01 5.555556e-01 -2.807688e-01 -5.901814e-03 2.748670e-01
8.383838e-01 5.555556e-01 -2.779470e-01 -5.902231e-03 2.720448e-01
8.484848e-01 5.555556e-01 -2.751536e-01 -5.902618e-03 2.692510e-01
8.585859e-01 5.555556e-01 -2.723883e-01 -5.902946e-03 2.664853e-01
8.686869e-01 5.555556e-01 -2.696507e-01 -5.903274e-03 2.637474e-01
8.787879e-01 5.555556e-01 -2.669407e-01 -5.903304e-03 2.610374e-01
8.888889e-01 5.555556e-01 -2.642579e-01 -5.903512e-03 2.583544e-01
8.989899e-01 5.555556e-01 -2.616021e-01 -5.904406e-03 2.556976e-01
9.090909e-01 5.555556e-01 -2.589729e-01 -5.904168e-03 2.530687e-01
9.191919e-01 5.555556e-01 -2.563702e-01 -5.904704e-03 2.504655e-01
9.292929e-01 5.555556e-01 -2.537936e-01 -5.905390e-03 2.478882e-01
9.393939e-01 5.555556e-01 -2.512430e-01 -5.905569e-03 2.453374e-01
9.494949e-01 5.555556e-01 -2.487179e-01 -5.905390e-03 2.428125e-01
9.595960e-01 5.555556e-01 -2.462183e-01 -5.905479e-03 2.403128e-01
9.696970e-01 5.555556e-01 -2.437437e-01 -5.905807e-03 2.378379e-01
9.797980e-01 5.555556e-01 -2.412941e-01 -5.906254e-03 2.353878e-01
9.898990e-01 5.555556e-01 -2.388690e-01 -5.906284e-03 2.329627e-01
1.000000e+00 5.555556e-01 -2.364683e-01 -5.906016e-03 2.305623e-01
0.000000e+00 5.656566e-01 5.136774e-01 -5.835325e-03 5.195127e-01
1.010101e-02 5.656566e-01 5.085148e-01 -5.836397e-03 5.143512e-01
2.020202e-02 5.656566e-01 5.034042e-01 -5.838484e-03 5.092427e-01
3.030303e-02 5.656566e-01 4.983449e-01 -5.839884e-03 5.041848e-01
4.040404e-02 5.656566e-01 4.933364e-01 -5.841672e-03 4.991781e-01
5.050505e-02 5.656566e-01 4.883783e-01 -5.842477e-03 4.942208e-01
6.060606e-02 5.656566e-01 4.834700e-01 -5.844384e-03 4.893144e-01
7.070707e-02 5.656566e-01 4.786111e-01 -5.845696e-03 4.844568e-01
8.080808e-02 5.656566e-01 4.738010e-01 -5.847007e-03 4.796480e-01
9.090909e-02 5.656566e-01 4.690392e-01 -5.848289e-03 4.748875e-01
1.010101e-01 5.656566e-01 4.643253e-01 -5.850643e-03 4.701759e-01
1.111111e-01 5.656566e-01 4.596587e-01 -5.851656e-03 4.655104e-01
1.212121e-01 5.656566e-01 4.550391e-01 -5.852580e-03 4.608917e-01
1.313131e-01 5.656566e-01 4.504659e-01 -5.853862e-03 4.563197e-01
1.414141e-01 5.656566e-01 4.459386e-01 -5.855262e-03 4.517939e-01
1.515152e-01 5.656566e-01 4.414568e-01 -5.856365e-03 4.473132e-01
1.616162e-01 5.656566e-01 4.370201e-01 -5.857646e-03 4.428778e-01
1.717172e-01 5.656566e-01 4.326280e-01 -5.859107e-03 4.384871e-01
1.818182e-01 5.656566e-01 4.282800e-01 -5.860418e-03 4.341404e-01
1.919192e-01 5.656566e-01 4.239757e-01 -5.861491e-03 4.298372e-01
2.020202e-01 5.656566e-01 4.197147e-01 -5.863041e-03 4.255778e-01
2.121212e-01 5.656566e-01 4.154965e-01 -5.863905e-03 4.213604e-01
2.222222e-01 5.656566e-01 4.113207e-01 -5.865425e-03 4.171861e-01
2.323232e-01 5.656566e-01 4.071869e-01 -5.866051e-03 4.130529e-01
2.424242e-01 5.656566e-01 4.030946e-01 -5.867660e-03 4.089622e-01
2.525253e-01 5.656566e-01 3.990434e-01 -5.868763e-03 4.049122e-01
2.626263e-01 5.656566e-01 3.950329e-01 -5.869657e-03 4.009026e-01
2.727273e-01 5.656566e-01 3.910628e-01 -5.870819e-03 3.969336e-01
2.828283e-01 5.656566e-01 3.871326e-01 -5.871892e-03 3.930044e-01
2.929293e-01 5.656566e-01 3.832418e-01 -5.872846e-03 3.891146e-01
3.030303e-01 5.656566e-01 3.793902e-01 -5.873531e-03 3.852637e-01
3.131313e-01 5.656566e-01 3.755772e-01 -5.875200e-03 3.814524e-01
3.232323e-01 5.656566e-01 3.718026e-01 -5.876333e-03 3.776789e-01
3.333333e-01 5.656566e-01 3.680659e-01 -5.877107e-03 3.739430e-01
3.434343e-01 5.656566e-01 3.643668e-01 -5.877703e-03 3.702445e-01
3.535354e-01 5.656566e-01 3.607049e-01 -5.878776e-03 3.665836e-01
3.636364e-01 5.656566e-01 3.570797e-01 -5.879819e-03 3.629595e-01
3.737374e-01 5.656566e-01 3.534910e-01 -5.880564e-03 3.593716e-01
3.838384e-01 5.656566e-01 3.499384e-01 -5.881608e-03 3.558200e-01
3.939394e-01 5.656566e-01 3.464214e-01 -5.882323e-03 3.523037e-01
4.040404e-01 5.656566e-01 3.429398e-01 -5.883396e-03 3.488232e-01
4.141414e-01 5.656566e-01 3.394932e-01 -5.884409e-03 3.453776e-01
4.242424e-01 5.656566e-01 3.360813e-01 -5.885422e-03 3.419667e-01
4.343434e-01 5.656566e-01 3.327036e-01 -5.885839e-03 3.385894e-01
4.444444e-01 5.656566e-01 3.293599e-01 -5.886942e-03 3.352468e-01
4.545455e-01 5.656566e-01 3.260497e-01 -5.887866e-03 3.319376e-01
4.646465e-01 5.656566e-01 3.227729e-01 -5.887985e-03 3.286609e-01
4.747475e-01 5.656566e-01 3.195290e-01 -5.889207e-03 3.254182e-01
4.848485e-01 5.656566e-01 3.163177e-01 -5.890042e-03 3.222077e-01
4.949495e-01 5.656566e-01 3.131386e-01 -5.890459e-03 3.190291e-01
5.050505e-01 5.656566e-01 3.099915e-01 -5.891621e-03 3.158831e-01
5.151515e-01 5.656566e-01 3.068760e-01 -5.892009e-03 3.127681e-01
5.252525e-01 5.656566e-01 3.037919e-01 -5.892545e-03 3.096844e-01
5.353535e-01 5.656566e-01 3.007387e-01 -5.893260e-03 3.066320e-01
5.454545e-01 5.656566e-01 2.977163e-01 -5.894005e-03 3.036103e-01
5.555556e-01 5.656566e-01 2.947242e-01 -5.894929e-03 3.006191e-01
5.656566e-01 5.656566e-01 2.917621e-01 -5.895287e-03 2.976574e-01
5.757576e-01 5.656566e-01 2.888299e-01 -5.896181e-03 2.947261e-01
5.858586e-01 5.656566e-01 2.859271e-01 -5.897015e-03 2.918241e-01
5.959596e-01 5.656566e-01 2.830535e-01 -5.897611e-03 2.889511e-01
6.060606e-01 5.656566e-01 2.802087e-01 -5.898327e-03 2.861071e-01
6.161616e-01 5.656566e-01 2.773926e-01 -5.899072e-03 2.832917e-01
6.262626e-01 5.656566e-01 2.746048e-01 -5.899519e-03 2.805043e-01
6.363636e-01 5.656566e-01 2.718449e-01 -5.900174e-03 2.777451e-01
6.464646e-01 5.656566e-01 2.691128e-01 -5.900234e-03 2.750131e-01
6.565657e-01 5.656566e-01 2.664082e-01 -5.901247e-03 2.723095e-01
6.666667e-01 5.656566e-01 2.637308e-01 -5.901188e-03 2.696320e-01
6.767677e-01 5.656566e-01 2.610802e-01 -5.901784e-03 2.669820e-01
6.868687e-01 5.656566e-01 2.584563e-01 -5.902380e-03 2.643587e-01
6.969697e-01 5.656566e-01 2.558588e-01 -5.902499e-03 2.617613e-01
7.070707e-01 5.656566e-01 2.532874e-01 -5.903244e-03 2.591906e-01
7.171717e-01 5.656566e-01 2.507418e-01 -5.903155e-03 2.566450e-01
7.272727e-01 5.656566e-01 2.482218e-01 -5.904198e-03 2.541260e-01
7.373737e-01 5.656566e-01 2.457271e-01 -5.904704e-03 2.516318e-01
7.474747e-01 5.656566e-01 2.432575e-01 -5.904943e-03 2.491625e-01
7.575758e-01 5.656566e-01 2.408128e-01 -5.905658e-03 2.467184e-01
7.676768e-01 5.656566e-01 2.383925e-01 -5.905926e-03 2.442985e-01
7.777778e-01 5.656566e-01 2.359967e-01 -5.906522e-03 2.419032e-01
7.878788e-01 5.656566e-01 2.336249e-01 -5.906910e-03 2.395318e-01
7.979798e-01 5.656566e-01 2.312769e-01 -5.907029e-03 2.371839e-01
8.080808e-01 5.656566e-01 2.289525e-01 -5.907148e-03 2.348597e-01
8.181818e-01 5.656566e-01 2.266515e-01 -5.907267e-03 2.325588e-01
8.282828e-01 5.656566e-01 2.243736e-01 -5.907834e-03 2.302815e-01
8.383838e-01 5.656566e-01 2.221186e-01 -5.908340e-03 2.280270e-01
8.484848e-01 5.656566e-01 2.198863e-01 -5.908877e-03 2.257952e-01
8.585859e-01 5.656566e-01 2.176764e-01 -5.908728e-03 2.235851e-01
8.686869e-01 5.656566e-01 2.154887e-01 -5.909413e-03 2.213981e-01
8.787879e-01 5.656566e-01 2.133230e-01 -5.909353e-03 2.192324e-01
8.888889e-01 5.656566e-01 2.111791e-01 -5.909204e-03 2.170883e-01
8.989899e-01 5.656566e-01 2.090567e-01 -5.909801e-03 2.149665e-01
9.090909e-01 5.656566e-01 2.069556e-01 -5.909413e-03 2.128651e-01
9.191919e-01 5.656566e-01 2.048757e-01 -5.909771e-03 2.107855e-01
9.292929e-01 5.656566e-01 2.028167e-01 -5.910426e-03 2.087271e-01
9.393939e-01 5.656566e-01 2.007783e-01 -5.910426e-03 2.066888e-01
9.494949e-01 5.656566e-01 1.987605e-01 -5.911082e-03 2.046716e-01
9.595960e-01 5.656566e-01 1.967629e-01 -5.910903e-03 2.026738e-01
9.696970e-01 5.656566e-01 1.947854e-01 -5.910993e-03 2.006964e-01
9.797980e-01 5.656566e-01 1.928278e-01 -5.910933e-03 1.987387e-01
9.898990e-01 5.656566e-01 1.908898e-01 -5.911022e-03 1.968008e-01
1.000000e+00 5.656566e-01 1.889714e-01 -5.911320e-03 1.948827e-01
0.000000e+00 5.757576e-01 -3.716625e-01 -5.846709e-03 3.658157e-01
1.010101e-02 5.757576e-01 -3.679272e-01 -5.847245e-03 3.620799e-01
2.020202e-02 5.757576e-01 -3.642295e-01 -5.848736e-03 3.583807e-01
3.030303e-02 5.757576e-01 -3.605689e-01 -5.850613e-03 3.547183e-01
4.040404e-02 5.757576e-01 -3.569451e-01 -5.851865e-03 3.510932e-01
5.050505e-02 5.757576e-01 -3.533578e-01 -5.853295e-03 3.475045e-01
6.060606e-02 5.757576e-01 -3.498065e-01 -5.854458e-03 3.439520e-01
7.070707e-02 5.757576e-01 -3.462908e-01 -5.855292e-03 3.404355e-01
8.080808e-02 5.757576e-01 -3.428106e-01 -5.856842e-03 3.369537e-01
9.090909e-02 5.757576e-01 -3.393653e-01 -5.858332e-03 3.335069e-01
1.010101e-01 5.757576e-01 -3.359546e-01 -5.860329e-03 3.300942e-01
1.111111e-01 5.757576e-01 -3.325782e-01 -5.861044e-03 3.267171e-01
1.212121e-01 5.757576e-01 -3.292357e-01 -5.862325e-03 3.233734e-01
1.313131e-01 5.757576e-01 -3.259268e-01 -5.863696e-03 3.200631e-01
1.414141e-01 5.757576e-01 -3.226512e-01 -5.864829e-03 3.167864e-01
1.515152e-01 5.757576e-01 -3.194085e-01 -5.865812e-03 3.135427e-01
1.616162e-01 5.757576e-01 -3.161984e-01 -5.867094e-03 3.103313e-01
1.717172e-01 5.757576e-01 -3.130206e-01 -5.868584e-03 3.071520e-01
1.818182e-01 5.757576e-01 -3.098747e-01 -5.869508e-03 3.040051e-01
1.919192e-01 5.757576e-01 -3.067604e-01 -5.870551e-03 3.008898e-01
2.020202e-01 5.757576e-01 -3.036774e-01 -5.871922e-03 2.978055e-01
2.121212e-01 5.757576e-01 -3.006254e-01 -5.873203e-03 2.947522e-01
2.222222e-01 5.757576e-01 -2.976040e-01 -5.873770e-03 2.917303e-01
2.323232e-01 5.757576e-01 -2.946131e-01 -5.875140e-03 2.887379e-01
2.424242e-01 5.757576e-01 -2.916521e-01 -5.876273e-03 2.857759e-01
2.525253e-01 5.757576e-01 -2.887210e-01 -5.877078e-03 2.828439e-01
2.626263e-01 5.757576e-01 -2.858193e-01 -5.878299e-03 2.799410e-01
2.727273e-01 5.757576e-01 -2.829468e-01 -5.878836e-03 2.770679e-01
2.828283e-01 5.757576e-01 -2.801031e-01 -5.880326e-03 2.742228e-01
2.929293e-01 5.757576e-01 -2.772880e-01 -5.881399e-03 2.714066e-01
3.030303e-01 5.757576e-01 -2.745012e-01 -5.882770e-03 2.686185e-01
3.131313e-01 5.757576e-01 -2.717425e-01 -5.883247e-03 2.658592e-01
3.232323e-01 5.757576e-01 -2.690114e-01 -5.884200e-03 2.631272e-01
3.333333e-01 5.757576e-01 -2.663078e-01 -5.884945e-03 2.604228e-01
3.434343e-01 5.757576e-01 -2.636313e-01 -5.886078e-03 2.577453e-01
3.535354e-01 5.757576e-01 -2.609818e-01 -5.886585e-03 2.550952e-01
3.636364e-01 5.757576e-01 -2.583589e-01 -5.888134e-03 2.524708e-01
3.737374e-01 5.757576e-01 -2.557623e-01 -5.889028e-03 2.498733e-01
3.838384e-01 5.757576e-01 -2.531919e-01 -5.889803e-03 2.473021e-01
3.939394e-01 5.757576e-01 -2.506473e-01 -5.890459e-03 2.447568e-01
4.040404e-01 5.757576e-01 -2.481282e-01 -5.891412e-03 2.422368e-01
4.141414e-01 5.757576e-01 -2.456345e-01 -5.892038e-03 2.397425e-01
4.242424e-01 5.757576e-01 -2.431658e-01 -5.892754e-03 2.372731e-01
4.343434e-01 5.757576e-01 -2.407220e-01 -5.893379e-03 2.348286e-01
4.444444e-01 5.757576e-01 -2.383027e-01 -5.894184e-03 2.324085e-01
4.545455e-01 5.757576e-01 -2.359077e-01 -5.895197e-03 2.300125e-01
4.646465e-01 5.757576e-01 -2.335368e-01 -5.896032e-03 2.276408e-01
4.747475e-01 5.757576e-01 -2.311897e-01 -5.896658e-03 2.252930e-01
4.848485e-01 5.757576e-01 -2.288662e-01 -5.897462e-03 2.229687e-01
4.949495e-01 5.757576e-01 -2.265661e-01 -5.897611e-03 2.206685e-01
5.050505e-01 5.757576e-01 -2.242890e-01 -5.898446e-03 2.183906e-01
5.151515e-01 5.757576e-01 -2.220349e-01 -5.899638e-03 2.161353e-01
5.252525e-01 5.757576e-01 -2.198034e-01 -5.899549e-03 2.139039e-01
5.353535e-01 5.757576e-01 -2.175943e-01 -5.900562e-03 2.116938e-01
5.454545e-01 5.757576e-01 -2.154075e-01 -5.901366e-03 2.095061e-01
5.555556e-01 5.757576e-01 -2.132426e-01 -5.902320e-03 2.073403e-01
5.656566e-01 5.757576e-01 -2.110995e-01 -5.902767e-03 2.051967e-01
5.757576e-01 5.757576e-01 -2.089779e-01 -5.903393e-03 2.030745e-01
5.858586e-01 5.757576e-01 -2.068776e-01 -5.903810e-03 2.009738e-01
5.959596e-01 5.757576e-01 -2.047985e-01 -5.905002e-03 1.988935e-01
6.060606e-01 5.757576e-01 -2.027402e-01 -5.904913e-03 1.968353e-01
6.161616e-01 5.757576e-01 -2.007026e-01 -5.905509e-03 1.947971e-01
6.262626e-01 5.757576e-01 -1.986856e-01 -5.906254e-03 1.927793e-01
6.363636e-01 5.757576e-01 -1.966887e-01 -5.906522e-03 1.907822e-01
6.464646e-01 5.757576e-01 -1.947120e-01 -5.906612e-03 1.888054e-01
6.565657e-01 5.757576e-01 -1.927551e-01 -5.907804e-03 1.868473e-01
6.666667e-01 5.757576e-01 -1.908179e-01 -5.908251e-03 1.849096e-01
6.767677e-01 5.757576e-01 -1.889001e-01 -5.908698e-03 1.829914e-01
6.868687e-01 5.757576e-01 -1.870016e-01 -5.908519e-03 1.810931e-01
6.969697e-01 5.757576e-01 -1.851222e-01 -5.908817e-03 1.792134e-01
7.070707e-01 5.757576e-01 -1.832617e-01 -5.909771e-03 1.773520e-01
7.171717e-01 5.757576e-01 -1.814199e-01 -5.910367e-03 1.755096e-01
7.272727e-01 5.757576e-01 -1.795966e-01 -5.910426e-03 1.736862e-01
7.373737e-01 5.757576e-01 -1.777916e-01 -5.910724e-03 1.718809e-01
7.474747e-01 5.757576e-01 -1.760048e-01 -5.911082e-03 1.700937e-01
7.575758e-01 5.757576e-01 -1.742359e-01 -5.911738e-03 1.683242e-01
7.676768e-01 5.757576e-01 -1.724848e-01 -5.911738e-03 1.665731e-01
7.777778e-01 5.757576e-01 -1.707513e-01 -5.912125e-03 1.648392e-01
7.878788e-01 5.757576e-01 -1.690353e-01 -5.912453e-03 1.631228e-01
7.979798e-01 5.757576e-01 -1.673364e-01 -5.912870e-03 1.614235e-01
8.080808e-01 5.757576e-01 -1.656547e-01 -5.912751e-03 1.597419e-01
8.181818e-01 5.757576e-01 -1.639898e-01 -5.913198e-03 1.580766e-01
8.282828e-01 5.757576e-01 -1.623417e-01 -5.913883e-03 1.564278e-01
8.383838e-01 5.757576e-01 -1.607101e-01 -5.913943e-03 1.547962e-01
8.484848e-01 5.757576e-01 -1.590950e-01 -5.914301e-03 1.531807e-01
8.585859e-01 5.757576e-01 -1.574960e-01 -5.914837e-03 1.515812e-01
8.686869e-01 5.757576e-01 -1.559132e-01 -5.914479e-03 1.499987e-01
8.787879e-01 5.757576e-01 -1.543462e-01 -5.914837e-03 1.484314e-01
8.888889e-01 5.757576e-01 -1.527950e-01 -5.914658e-03 1.468803e-01
8.989899e-01 5.757576e-01 -1.512594e-01 -5.915046e-03 1.453443e-01
9.090909e-01 5.757576e-01 -1.497392e-01 -5.915076e-03 1.438241e-01
9.191919e-01 5.757576e-01 -1.482343e-01 -5.915135e-03 1.423192e-01
9.292929e-01 5.757576e-01 -1.467445e-01 -5.915999e-03 1.408285e-01
9.393939e-01 5.757576e-01 -1.452697e-01 -5.916387e-03 1.393533e-01
9.494949e-01 5.757576e-01 -1.438097e-01 -5.915791e-03 1.378939e-01
9.595960e-01 5.757576e-01 -1.423644e-01 -5.916506e-03 1.364479e-01
9.696970e-01 5.757576e-01 -1.409336e-01 -5.916119e-03 1.350175e-01
9.797980e-01 5.757576e-01 -1.395172e-01 -5.916595e-03 1.336006e-01
9.898990e-01 5.757576e-01 -1.381151e-01 -5.917132e-03 1.321979e-01
1.000000e+00 5.757576e-01 -1.367270e-01 -5.916625e-03 1.308104e-01
0.000000e+00 5.858586e-01 2.203105e-01 -5.857080e-03 2.261676e-01
1.010101e-02 5.858586e-01 2.180964e-01 -5.858362e-03 2.239547e-01
2.020202e-02 5.858586e-01 2.159045e-01 -5.859792e-03 2.217643e-01
3.030303e-02 5.858586e-01 2.137346e-01 -5.860955e-03 2.195955e-01
4.040404e-02 5.858586e-01 2.115865e-01 -5.861402e-03 2.174479e-01
5.050505e-02 5.858586e-01 2.094600e-01 -5.862981e-03 2.153230e-01
6.060606e-02 5.858586e-01 2.073549e-01 -5.864382e-03 2.132193e-01
7.070707e-02 5.858586e-01 2.052710e-01 -5.865782e-03 2.111368e-01
8.080808e-02 5.858586e-01 2.032080e-01 -5.867213e-03 2.090752e-01
9.090909e-02 5.858586e-01 2.011657e-01 -5.868196e-03 2.070339e-01
1.010101e-01 5.858586e-01 1.991440e-01 -5.869508e-03 2.050135e-01
1.111111e-01 5.858586e-01 1.971425e-01 -5.870998e-03 2.030135e-01
1.212121e-01 5.858586e-01 1.951612e-01 -5.872220e-03 2.010334e-01
1.313131e-01 5.858586e-01 1.931998e-01 -5.873710e-03 1.990735e-01
1.414141e-01 5.858586e-01 1.912581e-01 -5.874187e-03 1.971323e-01
1.515152e-01 5.858586e-01 1.893359e-01 -5.875140e-03 1.952111e-01
1.616162e-01 5.858586e-01 1.874331e-01 -5.876422e-03 1.933095e-01
1.717172e-01 5.858586e-01 1.855494e-01 -5.878001e-03 1.914274e-01
1.818182e-01 5.858586e-01 1.836845e-01 -5.878508e-03 1.895631e-01
1.919192e-01 5.858586e-01 1.818385e-01 -5.879611e-03 1.877181e-01
2.020202e-01 5.858586e-01 1.800110e-01 -5.881071e-03 1.858921e-01
2.121212e-01 5.858586e-01 1.782018e-01 -5.881697e-03 1.840835e-01
2.222222e-01 5.858586e-01 1.764109e-01 -5.883485e-03 1.822944e-01
2.323232e-01 5.858586e-01 1.746379e-01 -5.884349e-03 1.805223e-01
2.424242e-01 5.858586e-01 1.728828e-01 -5.885065e-03 1.787678e-01
2.525253e-01 5.858586e-01 1.711453e-01 -5.886346e-03 1.770316e-01
2.626263e-01 5.858586e-01 1.694252e-01 -5.887032e-03 1.753123e-01
2.727273e-01 5.858586e-01 1.677225e-01 -5.887955e-03 1.736104e-01
2.828283e-01 5.858586e-01 1.660369e-01 -5.888551e-03 1.719254e-01
2.929293e-01 5.858586e-01 1.643682e-01 -5.889446e-03 1.702576e-01
3.030303e-01 5.858586e-01 1.627162e-01 -5.891293e-03 1.686075e-01
3.131313e-01 5.858586e-01 1.610809e-01 -5.891562e-03 1.669725e-01
3.232323e-01 5.858586e-01 1.594620e-01 -5.892843e-03 1.653549e-01
3.333333e-01 5.858586e-01 1.578594e-01 -5.893320e-03 1.637527e-01
3.434343e-01 5.858586e-01 1.562729e-01 -5.894542e-03 1.621674e-01
3.535354e-01 5.858586e-01 1.547023e-01 -5.894721e-03 1.605970e-01
3.636364e-01 5.858586e-01 1.531475e-01 -5.895853e-03 1.590434e-01
3.737374e-01 5.858586e-01 1.516084e-01 -5.896807e-03 1.575052e-01
3.838384e-01 5.858586e-01 1.500847e-01 -5.897552e-03 1.559822e-01
3.939394e-01 5.858586e-01 1.485763e-01 -5.898148e-03 1.544745e-01
4.040404e-01 5.858586e-01 1.470831e-01 -5.898744e-03 1.529818e-01
4.141414e-01 5.858586e-01 1.456049e-01 -5.899638e-03 1.515045e-01
4.242424e-01 5.858586e-01 1.441415e-01 -5.900860e-03 1.500424e-01
4.343434e-01 5.858586e-01 1.426929e-01 -5.901396e-03 1.485943e-01
4.444444e-01 5.858586e-01 1.412588e-01 -5.901724e-03 1.471605e-01
4.545455e-01 5.858586e-01 1.398391e-01 -5.902857e-03 1.457420e-01
4.646465e-01 5.858586e-01 1.384337e-01 -5.903274e-03 1.443370e-01
4.747475e-01 5.858586e-01 1.370424e-01 -5.904168e-03 1.429466e-01
4.848485e-01 5.858586e-01 1.356651e-01 -5.904645e-03 1.415698e-01
4.949495e-01 5.858586e-01 1.343017e-01 -5.905092e-03 1.402068e-01
5.050505e-01 5.858586e-01 1.329519e-01 -5.905420e-03 1.388573e-01
5.151515e-01 5.858586e-01 1.316157e-01 -5.906701e-03 1.375224e-01
5.252525e-01 5.858586e-01 1.302930e-01 -5.907148e-03 1.362001e-01
5.353535e-01 5.858586e-01 1.289835e-01 -5.907863e-03 1.348914e-01
5.454545e-01 5.858586e-01 1.276872e-01 -5.907923e-03 1.335951e-01
5.555556e-01 5.858586e-01 1.264039e-01 -5.909145e-03 1.323131e-01
5.656566e-01 5.858586e-01 1.251335e-01 -5.909413e-03 1.310430e-01
5.757576e-01 5.858586e-01 1.238759e-01 -5.910426e-03 1.297864e-01
5.858586e-01 5.858586e-01 1.226310e-01 -5.910575e-03 1.285415e-01
5.959596e-01 5.858586e-01 1.213985e-01 -5.911380e-03 1.273099e-01
6.060606e-01 5.858586e-01 1.201784e-01 -5.912215e-03 1.260906e-01
6.161616e-01 5.858586e-01 1.189706e-01 -5.912274e-03 1.248829e-01
6.262626e-01 5.858586e-01 1.177749e-01 -5.912751e-03 1.236877e-01
6.363636e-01 5.858586e-01 1.165913e-01 -5.912572e-03 1.225038e-01
6.464646e-01 5.858586e-01 1.154195e-01 -5.913585e-03 1.213331e-01
6.565657e-01 5.858586e-01 1.142595e-01 -5.914241e-03 1.201738e-01
6.666667e-01 5.858586e-01 1.131112e-01 -5.914360e-03 1.190256e-01
6.767677e-01 5.858586e-01 1.119744e-01 -5.915195e-03 1.178896e-01
6.868687e-01 5.858586e-01 1.108491e-01 -5.915433e-03 1.167645e-01
6.969697e-01 5.858586e-01 1.097350e-01 -5.915642e-03 1.156506e-01
7.070707e-01 5.858586e-01 1.086321e-01 -5.916506e-03 1.145487e-01
7.171717e-01 5.858586e-01 1.075404e-01 -5.916148e-03 1.134565e-01
7.272727e-01 5.858586e-01 1.064596e-01 -5.916506e-03 1.123761e-01
7.373737e-01 5.858586e-01 1.053896e-01 -5.916685e-03 1.113063e-01
7.474747e-01 5.858586e-01 1.043305e-01 -5.917281e-03 1.102477e-01
7.575758e-01 5.858586e-01 1.032819e-01 -5.917937e-03 1.091999e-01
7.676768e-01 5.858586e-01 1.022439e-01 -5.918086e-03 1.081620e-01
7.777778e-01 5.858586e-01 1.012163e-01 -5.918205e-03 1.071346e-01
7.878788e-01 5.858586e-01 1.001991e-01 -5.918443e-03 1.061176e-01
7.979798e-01 5.858586e-01 9.919209e-02 -5.918711e-03 1.051108e-01
8.080808e-01 5.858586e-01 9.819519e-02 -5.919188e-03 1.041144e-01
8.181818e-01 5.858586e-01 9.720831e-02 -5.919337e-03 1.031277e-01
8.282828e-01 5.858586e-01 9.623135e-02 -5.919635e-03 1.021510e-01
8.383838e-01 5.858586e-01 9.526421e-02 -5.920112e-03 1.011843e-01
8.484848e-01 5.858586e-01 9.430679e-02 -5.920589e-03 1.002274e-01
8.585859e-01 5.858586e-01 9.335899e-02 -5.920678e-03 9.927967e-02
8.686869e-01 5.858586e-01 9.242072e-02 -5.920440e-03 9.834116e-02
8.787879e-01 5.858586e-01 9.149188e-02 -5.920261e-03 9.741214e-02
8.888889e-01 5.858586e-01 9.057237e-02 -5.920410e-03 9.649278e-02
8.989899e-01 5.858586e-01 8.966210e-02 -5.920976e-03 9.558308e-02
9.090909e-01 5.858586e-01 8.876098e-02 -5.920827e-03 9.468181e-02
9.191919e-01 5.858586e-01 8.786892e-02 -5.920976e-03 9.378990e-02
9.292929e-01 5.858586e-01 8.698582e-02 -5.921543e-03 9.290736e-02
9.393939e-01 5.858586e-01 8.611160e-02 -5.921364e-03 9.203296e-02
9.494949e-01 5.858586e-01 8.524616e-02 -5.921453e-03 9.116762e-02
9.595960e-01 5.858586e-01 8.438943e-02 -5.921513e-03 9.031094e-02
9.696970e-01 5.858586e-01 8.354130e-02 -5.921751e-03 8.946305e-02
9.797980e-01 5.858586e-01 8.270169e-02 -5.922049e-03 8.862374e-02
9.898990e-01 5.858586e-01 8.187053e-02 -5.921841e-03 8.779237e-02
1.000000e+00 5.858586e-01 8.104772e-02 -5.922228e-03 8.696994e-02
0.000000e+00 5.959596e-01 -6.342392e-02 -5.867124e-03 5.755680e-02
1.010101e-02 5.959596e-01 -6.278650e-02 -5.868047e-03 5.691845e-02
2.020202e-02 5.959596e-01 -6.215548e-02 -5.869955e-03 5.628553e-02
3.030303e-02 5.959596e-01 -6.153081e-02 -5.870730e-03 5.566008e-02
4.040404e-02 5.959596e-01 -6.091242e-02 -5.872637e-03 5.503978e-02
5.050505e-02 5.959596e-01 -6.030024e-02 -5.873054e-03 5.442718e-02
6.060606e-02 5.959596e-01 -5.969421e-02 -5.874068e-03 5.382014e-02
7.070707e-02 5.959596e-01 -5.909427e-02 -5.876333e-03 5.321794e-02
8.080808e-02 5.959596e-01 -5.850036e-02 -5.877167e-03 5.262320e-02
9.090909e-02 5.959596e-01 -5.791243e-02 -5.878180e-03 5.203425e-02
1.010101e-01 5.959596e-01 -5.733040e-02 -5.879253e-03 5.145114e-02
1.111111e-01 5.959596e-01 -5.675422e-02 -5.880684e-03 5.087353e-02
1.212121e-01 5.959596e-01 -5.618383e-02 -5.881667e-03 5.030216e-02
1.313131e-01 5.959596e-01 -5.561917e-02 -5.882770e-03 4.973640e-02
1.414141e-01 5.959596e-01 -5.506019e-02 -5.883783e-03 4.917641e-02
1.515152e-01 5.959596e-01 -5.450682e-02 -5.885214e-03 4.862161e-02
1.616162e-01 5.959596e-01 -5.395902e-02 -5.886078e-03 4.807294e-02
1.717172e-01 5.959596e-01 -5.341673e-02 -5.887181e-03 4.752954e-02
1.818182e-01 5.959596e-01 -5.287988e-02 -5.887568e-03 4.699231e-02
1.919192e-01 5.959596e-01 -5.234843e-02 -5.889326e-03 4.645910e-02
2.020202e-01 5.959596e-01 -5.182232e-02 -5.889595e-03 4.593272e-02
2.121212e-01 5.959596e-01 -5.130149e-02 -5.890936e-03 4.541056e-02
2.222222e-01 5.959596e-01 -5.078590e-02 -5.892396e-03 4.489351e-02
2.323232e-01 5.959596e-01 -5.027550e-02 -5.893111e-03 4.438239e-02
2.424242e-01 5.959596e-01 -4.977022e-02 -5.894065e-03 4.387616e-02
2.525253e-01 5.959596e-01 -4.927002e-02 -5.894691e-03 4.337533e-02
2.626263e-01 5.959596e-01 -4.877485e-02 -5.895585e-03 4.287927e-02
2.727273e-01 5.959596e-01 -4.828465e-02 -5.896240e-03 4.238841e-02
2.828283e-01 5.959596e-01 -4.779939e-02 -5.897671e-03 4.190171e-02
2.929293e-01 5.959596e-01 -4.731899e-02 -5.898148e-03 4.142085e-02
3.030303e-01 5.959596e-01 -4.684343e-02 -5.898982e-03 4.094445e-02
3.131313e-01 5.959596e-01 -4.637265e-02 -5.899668e-03 4.047298e-02
3.232323e-01 5.959596e-01 -4.590659e-02 -5.900681e-03 4.000591e-02
3.333333e-01 5.959596e-01 -4.544522e-02 -5.901814e-03 3.954341e-02
3.434343e-01 5.959596e-01 -4.498849e-02 -5.902201e-03 3.908629e-02
3.535354e-01 5.959596e-01 -4.453635e-02 -5.903184e-03 3.863317e-02
3.636364e-01 5.959596e-01 -4.408875e-02 -5.904406e-03 3.818435e-02
3.737374e-01 5.959596e-01 -4.364565e-02 -5.904675e-03 3.774098e-02
3.838384e-01 5.959596e-01 -4.320701e-02 -5.905807e-03 3.730120e-02
3.939394e-01 5.959596e-01 -4.277277e-02 -5.906135e-03 3.686663e-02
4.040404e-01 5.959596e-01 -4.234290e-02 -5.906314e-03 3.643658e-02
4.141414e-01 5.959596e-01 -4.191734e-02 -5.907625e-03 3.600972e-02
4.242424e-01 5.959596e-01 -4.149607e-02 -5.908102e-03 3.558797e-02
4.343434e-01 5.959596e-01 -4.107902e-02 -5.908489e-03 3.517054e-02
4.444444e-01 5.959596e-01 -4.066617e-02 -5.909592e-03 3.475658e-02
4.545455e-01 5.959596e-01 -4.025747e-02 -5.909830e-03 3.434764e-02
4.646465e-01 5.959596e-01 -3.985288e-02 -5.910784e-03 3.394209e-02
4.747475e-01 5.959596e-01 -3.945235e-02 -5.911589e-03 3.354076e-02
4.848485e-01 5.959596e-01 -3.905585e-02 -5.911857e-03 3.314399e-02
4.949495e-01 5.959596e-01 -3.866333e-02 -5.912364e-03 3.275097e-02
5.050505e-01 5.959596e-01 -3.827476e-02 -5.913109e-03 3.236165e-02
5.151515e-01 5.959596e-01 -3.789009e-02 -5.913824e-03 3.197626e-02
5.252525e-01 5.959596e-01 -3.750929e-02 -5.914420e-03 3.159487e-02
5.353535e-01 5.959596e-01 -3.713231e-02 -5.915284e-03 3.121703e-02
5.454545e-01 5.959596e-01 -3.675913e-02 -5.915672e-03 3.084345e-02
5.555556e-01 5.959596e-01 -3.638969e-02 -5.916208e-03 3.047348e-02
5.656566e-01 5.959596e-01 -3.602397e-02 -5.916357e-03 3.010761e-02
5.757576e-01 5.959596e-01 -3.566192e-02 -5.917162e-03 2.974476e-02
5.858586e-01 5.959596e-01 -3.530351e-02 -5.917639e-03 2.938587e-02
5.959596e-01 5.959596e-01 -3.494871e-02 -5.918115e-03 2.903059e-02
6.060606e-01 5.959596e-01 -3.459747e-02 -5.918652e-03 2.867881e-02
6.161616e-01 5.959596e-01 -3.424976e-02 -5.919188e-03 2.833057e-02
6.262626e-01 5.959596e-01 -3.390554e-02 -5.919844e-03 2.798570e-02
6.363636e-01 5.959596e-01 -3.356478e-02 -5.919755e-03 2.764503e-02
6.464646e-01 5.959596e-01 -3.322745e-02 -5.920142e-03 2.730731e-02
6.565657e-01 5.959596e-01 -3.289351e-02 -5.920887e-03 2.697262e-02
6.666667e-01 5.959596e-01 -3.256293e-02 -5.920529e-03 2.664240e-02
6.767677e-01 5.959596e-01 -3.223566e-02 -5.921006e-03 2.631466e-02
6.868687e-01 5.959596e-01 -3.191169e-02 -5.921572e-03 2.599012e-02
6.969697e-01 5.959596e-01 -3.159097e-02 -5.922109e-03 2.566886e-02
7.070707e-01 5.959596e-01 -3.127348e-02 -5.922407e-03 2.535107e-02
7.171717e-01 5.959596e-01 -3.095917e-02 -5.922765e-03 2.503641e-02
7.272727e-01 5.959596e-01 -3.064803e-02 -5.922705e-03 2.472532e-02
7.373737e-01 5.959596e-01 -3.034001e-02 -5.923063e-03 2.441695e-02
7.474747e-01 5.959596e-01 -3.003509e-02 -5.923420e-03 2.411167e-02
7.575758e-01 5.959596e-01 -2.973323e-02 -5.923867e-03 2.380936e-02
7.676768e-01 5.959596e-01 -2.943441e-02 -5.924046e-03 2.351036e-02
7.777778e-01 5.959596e-01 -2.913859e-02 -5.924255e-03 2.321433e-02
7.878788e-01 5.959596e-01 -2.884574e-02 -5.924731e-03 2.292101e-02
7.979798e-01 5.959596e-01 -2.855583e-02 -5.925328e-03 2.263051e-02
8.080808e-01 5.959596e-01 -2.826884e-02 -5.925030e-03 2.234381e-02
8.181818e-01 5.959596e-01 -2.798474e-02 -5.925208e-03 2.205953e-02
8.282828e-01 5.959596e-01 -2.770349e-02 -5.925715e-03 2.177777e-02
8.383838e-01 5.959596e-01 -2.742506e-02 -5.926162e-03 2.149890e-02
8.484848e-01 5.959596e-01 -2.714943e-02 -5.925804e-03 2.122363e-02
8.585859e-01 5.959596e-01 -2.687658e-02 -5.926102e-03 2.095048e-02
8.686869e-01 5.959596e-01 -2.660646e-02 -5.925804e-03 2.068066e-02
8.787879e-01 5.959596e-01 -2.633906e-02 -5.926162e-03 2.041290e-02
8.888889e-01 5.959596e-01 -2.607435e-02 -5.926520e-03 2.014783e-02
8.989899e-01 5.959596e-01 -2.581230e-02 -5.926013e-03 1.988629e-02
9.090909e-01 5.959596e-01 -2.555288e-02 -5.926281e-03 1.962660e-02
9.191919e-01 5.959596e-01 -2.529607e-02 -5.926669e-03 1.936940e-02
9.292929e-01 5.959596e-01 -2.504184e-02 -5.926311e-03 1.911553e-02
9.393939e-01 5.959596e-01 -2.479017e-02 -5.927116e-03 1.886305e-02
9.494949e-01 5.959596e-01 -2.454102e-02 -5.926818e-03 1.861421e-02
9.595960e-01 5.959596e-01 -2.429438e-02 -5.926877e-03 1.836750e-02
9.696970e-01 5.959596e-01 -2.405022e-02 -5.927175e-03 1.812304e-02
9.797980e-01 5.959596e-01 -2.380851e-02 -5.927384e-03 1.788113e-02
9.898990e-01 5.959596e-01 -2.356923e-02 -5.927294e-03 1.764194e-02
1.000000e+00 5.959596e-01 -2.333236e-02 -5.927414e-03 1.740494e-02
0.000000e+00 6.060606e-01 -9.505604e-02 -5.877495e-03 8.917855e-02
1.010101e-02 6.060606e-01 -9.410071e-02 -5.879283e-03 8.822143e-02
2.020202e-02 6.060606e-01 -9.315499e-02 -5.879730e-03 8.727526e-02
3.030303e-02 6.060606e-01 -9.221876e-02 -5.881280e-03 8.633748e-02
4.040404e-02 6.060606e-01 -9.129195e-02 -5.882502e-03 8.540945e-02
5.050505e-02 6.060606e-01 -9.037445e-02 -5.883485e-03 8.449097e-02
6.060606e-02 6.060606e-01 -8.946617e-02 -5.884111e-03 8.358206e-02
7.070707e-02 6.060606e-01 -8.856702e-02 -5.885899e-03 8.268112e-02
8.080808e-02 6.060606e-01 -8.767691e-02 -5.886644e-03 8.179026e-02
9.090909e-02 6.060606e-01 -8.679574e-02 -5.887896e-03 8.090785e-02
1.010101e-01 6.060606e-01 -8.592343e-02 -5.889028e-03 8.003440e-02
1.111111e-01 6.060606e-01 -8.505988e-02 -5.890250e-03 7.916963e-02
1.212121e-01 6.060606e-01 -8.420502e-02 -5.891621e-03 7.831340e-02
1.313131e-01 6.060606e-01 -8.335874e-02 -5.892843e-03 7.746590e-02
1.414141e-01 6.060606e-01 -8.252098e-02 -5.893409e-03 7.662757e-02
1.515152e-01 6.060606e-01 -8.169163e-02 -5.894005e-03 7.579762e-02
1.616162e-01 6.060606e-01 -8.087061e-02 -5.895704e-03 7.497491e-02
1.717172e-01 6.060606e-01 -8.005785e-02 -5.896240e-03 7.416161e-02
1.818182e-01 6.060606e-01 -7.925325e-02 -5.896926e-03 7.335633e-02
1.919192e-01 6.060606e-01 -7.845675e-02 -5.898207e-03 7.255854e-02
2.020202e-01 6.060606e-01 -7.766824e-02 -5.899101e-03 7.176914e-02
2.121212e-01 6.060606e-01 -7.688766e-02 -5.899876e-03 7.098779e-02
2.222222e-01 6.060606e-01 -7.611493e-02 -5.901158e-03 7.021377e-02
2.323232e-01 6.060606e-01 -7.534996e-02 -5.901545e-03 6.944842e-02
2.424242e-01 6.060606e-01 -7.459268e-02 -5.902559e-03 6.869012e-02
2.525253e-01 6.060606e-01 -7.384301e-02 -5.903274e-03 6.793974e-02
2.626263e-01 6.060606e-01 -7.310088e-02 -5.904675e-03 6.719620e-02
2.727273e-01 6.060606e-01 -7.236620e-02 -5.905241e-03 6.646096e-02
2.828283e-01 6.060606e-01 -7.163891e-02 -5.906135e-03 6.573278e-02
2.929293e-01 6.060606e-01 -7.091893e-02 -5.906761e-03 6.501217e-02
3.030303e-01 6.060606e-01 -7.020618e-02 -5.907446e-03 6.429873e-02
3.131313e-01 6.060606e-01 -6.950060e-02 -5.908430e-03 6.359217e-02
3.232323e-01 6.060606e-01 -6.880210e-02 -5.909234e-03 6.289287e-02
3.333333e-01 6.060606e-01 -6.811063e-02 -5.909801e-03 6.220083e-02
3.434343e-01 6.060606e-01 -6.742611e-02 -5.910754e-03 6.151535e-02
3.535354e-01 6.060606e-01 -6.674846e-02 -5.911022e-03 6.083744e-02
3.636364e-01 6.060606e-01 -6.607763e-02 -5.912095e-03 6.016554e-02
3.737374e-01 6.060606e-01 -6.541354e-02 -5.912751e-03 5.950079e-02
3.838384e-01 6.060606e-01 -6.475612e-02 -5.913258e-03 5.884287e-02
3.939394e-01 6.060606e-01 -6.410531e-02 -5.914122e-03 5.819119e-02
4.040404e-01 6.060606e-01 -6.346104e-02 -5.914778e-03 5.754627e-02
4.141414e-01 6.060606e-01 -6.282325e-02 -5.915076e-03 5.690817e-02
4.242424e-01 6.060606e-01 -6.219187e-02 -5.916059e-03 5.627581e-02
4.343434e-01 6.060606e-01 -6.156683e-02 -5.916059e-03 5.565077e-02
4.444444e-01 6.060606e-01 -6.094807e-02 -5.916744e-03 5.503133e-02
4.545455e-01 6.060606e-01 -6.033553e-02 -5.917042e-03 5.441849e-02
4.646465e-01 6.060606e-01 -5.972915e-02 -5.918115e-03 5.381104e-02
4.747475e-01 6.060606e-01 -5.912886e-02 -5.918860e-03 5.321000e-02
4.848485e-01 6.060606e-01 -5.853461e-02 -5.919427e-03 5.261518e-02
4.949495e-01 6.060606e-01 -5.794633e-02 -5.920380e-03 5.202594e-02
5.050505e-01 6.060606e-01 -5.736395e-02 -5.920321e-03 5.144363e-02
5.151515e-01 6.060606e-01 -5.678744e-02 -5.921423e-03 5.086601e-02
5.252525e-01 6.060606e-01 -5.621671e-02 -5.921811e-03 5.029490e-02
5.353535e-01 6.060606e-01 -5.565173e-02 -5.922407e-03 4.972932e-02
5.454545e-01 6.060606e-01 -5.509242e-02 -5.922765e-03 4.916965e-02
5.555556e-01 6.060606e-01 -5.453873e-02 -5.922884e-03 4.861585e-02
5.656566e-01 6.060606e-01 -5.399061e-02 -5.923271e-03 4.806734e-02
5.757576e-01 6.060606e-01 -5.344799e-02 -5.923986e-03 4.752401e-02
5.858586e-01 6.060606e-01 -5.291083e-02 -5.924761e-03 4.698607e-02
5.959596e-01 6.060606e-01 -5.237907e-02 -5.924851e-03 4.645422e-02
6.060606e-01 6.060606e-01 -5.185265e-02 -5.925208e-03 4.592744e-02
6.161616e-01 6.060606e-01 -5.133152e-02 -5.925804e-03 4.540572e-02
6.262626e-01 6.060606e-01 -5.081563e-02 -5.926162e-03 4.488947e-02
6.363636e-01 6.060606e-01 -5.030493e-02 -5.926311e-03 4.437862e-02
6.464646e-01 6.060606e-01 -4.979935e-02 -5.926490e-03 4.387286e-02
6.565657e-01 6.060606e-01 -4.929886e-02 -5.927235e-03 4.337163e-02
6.666667e-01 6.060606e-01 -4.880340e-02 -5.927593e-03 4.287581e-02
6.767677e-01 6.060606e-01 -4.831292e-02 -5.927414e-03 4.238550e-02
6.868687e-01 6.060606e-01 -4.782736e-02 -5.927712e-03 4.189965e-02
6.969697e-01 6.060606e-01 -4.734669e-02 -5.928546e-03 4.141815e-02
7.070707e-01 6.060606e-01 -4.687085e-02 -5.928546e-03 4.094230e-02
7.171717e-01 6.060606e-01 -4.639979e-02 -5.928725e-03 4.047106e-02
7.272727e-01 6.060606e-01 -4.593346e-02 -5.929232e-03 4.000423e-02
7.373737e-01 6.060606e-01 -4.547183e-02 -5.929500e-03 3.954233e-02
7.474747e-01 6.060606e-01 -4.501483e-02 -5.929440e-03 3.908539e-02
7.575758e-01 6.060606e-01 -4.456242e-02 -5.929559e-03 3.863286e-02
7.676768e-01 6.060606e-01 -4.411456e-02 -5.929917e-03 3.818464e-02
7.777778e-01 6.060606e-01 -4.367120e-02 -5.930334e-03 3.774087e-02
7.878788e-01 6.060606e-01 -4.323230e-02 -5.930454e-03 3.730184e-02
7.979798e-01 6.060606e-01 -4.279781e-02 -5.930603e-03 3.686720e-02
8.080808e-01 6.060606e-01 -4.236768e-02 -5.931228e-03 3.643645e-02
8.181818e-01 6.060606e-01 -4.194188e-02 -5.931407e-03 3.601047e-02
8.282828e-01 6.060606e-01 -4.152036e-02 -5.931467e-03 3.558889e-02
8.383838e-01 6.060606e-01 -4.110307e-02 -5.931586e-03 3.517148e-02
8.484848e-01 6.060606e-01 -4.068998e-02 -5.931586e-03 3.475839e-02
8.585859e-01 6.060606e-01 -4.028104e-02 -5.932003e-03 3.434903e-02
8.686869e-01 6.060606e-01 -3.987620e-02 -5.931586e-03 3.394462e-02
8.787879e-01 6.060606e-01 -3.947544e-02 -5.932212e-03 3.354323e-02
8.888889e-01 6.060606e-01 -3.907871e-02 -5.932033e-03 3.314667e-02
8.989899e-01 6.060606e-01 -3.868596e-02 -5.931884e-03 3.275408e-02
9.090909e-01 6.060606e-01 -3.829716e-02 -5.931824e-03 3.236534e-02
9.191919e-01 6.060606e-01 -3.791227e-02 -5.931973e-03 3.198029e-02
9.292929e-01 6.060606e-01 -3.753124e-02 -5.932271e-03 3.159897e-02
9.393939e-01 6.060606e-01 -3.715405e-02 -5.932301e-03 3.122175e-02
9.494949e-01 6.060606e-01 -3.678064e-02 -5.932331e-03 3.084831e-02
9.595960e-01 6.060606e-01 -3.641099e-02 -5.932182e-03 3.047881e-02
9.696970e-01 6.060606e-01 -3.604505e-02 -5.932450e-03 3.011260e-02
9.797980e-01 6.060606e-01 -3.568280e-02 -5.932540e-03 2.975026e-02
9.898990e-01 6.060606e-01 -3.532418e-02 -5.932242e-03 2.939194e-02
1.000000e+00 6.060606e-01 -3.496916e-02 -5.932748e-03 2.903642e-02
0.000000e+00 6.161616e-01 2.511480e-01 -5.888134e-03 2.570361e-01
1.010101e-02 6.161616e-01 2.486239e-01 -5.889148e-03 2.545131e-01
2.020202e-02 6.161616e-01 2.461252e-01 -5.889863e-03 2.520151e-01
3.030303e-02 6.161616e-01 2.436516e-01 -5.890995e-03 2.495426e-01
4.040404e-02 6.161616e-01 2.412029e-01 -5.892724e-03 2.470956e-01
5.050505e-02 6.161616e-01 2.387787e-01 -5.893201e-03 2.446719e-01
6.060606e-02 6.161616e-01 2.363790e-01 -5.894333e-03 2.422733e-01
7.070707e-02 6.161616e-01 2.340033e-01 -5.895793e-03 2.398991e-01
8.080808e-02 6.161616e-01 2.316515e-01 -5.896807e-03 2.375484e-01
9.090909e-02 6.161616e-01 2.293234e-01 -5.897701e-03 2.352211e-01
1.010101e-01 6.161616e-01 2.270187e-01 -5.898565e-03 2.329172e-01
1.111111e-01 6.161616e-01 2.247371e-01 -5.899698e-03 2.306368e-01
1.212121e-01 6.161616e-01 2.224784e-01 -5.901158e-03 2.283796e-01
1.313131e-01 6.161616e-01 2.202425e-01 -5.901486e-03 2.261440e-01
1.414141e-01 6.161616e-01 2.180290e-01 -5.902737e-03 2.239318e-01
1.515152e-01 6.161616e-01 2.158378e-01 -5.903631e-03 2.217414e-01
1.616162e-01 6.161616e-01 2.136686e-01 -5.904406e-03 2.195730e-01
1.717172e-01 6.161616e-01 2.115212e-01 -5.905360e-03 2.174266e-01
1.818182e-01 6.161616e-01 2.093954e-01 -5.906314e-03 2.153017e-01
1.919192e-01 6.161616e-01 2.072909e-01 -5.907297e-03 2.131982e-01
2.020202e-01 6.161616e-01 2.052076e-01 -5.908847e-03 2.111164e-01
2.121212e-01 6.161616e-01 2.031452e-01 -5.909204e-03 2.090544e-01
2.222222e-01 6.161616e-01 2.011036e-01 -5.910218e-03 2.070138e-01
2.323232e-01 6.161616e-01 1.990825e-01 -5.910248e-03 2.049927e-01
2.424242e-01 6.161616e-01 1.970817e-01 -5.911440e-03 2.029931e-01
2.525253e-01 6.161616e-01 1.951009e-01 -5.911857e-03 2.010128e-01
2.626263e-01 6.161616e-01 1.931402e-01 -5.912930e-03 1.990531e-01
2.727273e-01 6.161616e-01 1.911991e-01 -5.914003e-03 1.971131e-01
2.828283e-01 6.161616e-01 1.892775e-01 -5.914092e-03 1.951916e-01
2.929293e-01 6.161616e-01 1.873752e-01 -5.914956e-03 1.932902e-01
3.030303e-01 6.161616e-01 1.854921e-01 -5.915970e-03 1.914080e-01
3.131313e-01 6.161616e-01 1.836278e-01 -5.916774e-03 1.895446e-01
3.232323e-01 6.161616e-01 1.817823e-01 -5.917281e-03 1.876996e-01
3.333333e-01 6.161616e-01 1.799554e-01 -5.917698e-03 1.858731e-01
3.434343e-01 6.161616e-01 1.781468e-01 -5.918682e-03 1.840655e-01
3.535354e-01 6.161616e-01 1.763564e-01 -5.919009e-03 1.822754e-01
3.636364e-01 6.161616e-01 1.745840e-01 -5.919784e-03 1.805038e-01
3.737374e-01 6.161616e-01 1.728294e-01 -5.920440e-03 1.787498e-01
3.838384e-01 6.161616e-01 1.710924e-01 -5.920768e-03 1.770132e-01
3.939394e-01 6.161616e-01 1.693729e-01 -5.921692e-03 1.752946e-01
4.040404e-01 6.161616e-01 1.676707e-01 -5.922049e-03 1.735928e-01
4.141414e-01 6.161616e-01 1.659856e-01 -5.922973e-03 1.719086e-01
4.242424e-01 6.161616e-01 1.643174e-01 -5.923301e-03 1.702407e-01
4.343434e-01 6.161616e-01 1.626660e-01 -5.923361e-03 1.685893e-01
4.444444e-01 6.161616e-01 1.610312e-01 -5.924135e-03 1.669553e-01
4.545455e-01 6.161616e-01 1.594128e-01 -5.924612e-03 1.653374e-01
4.646465e-01 6.161616e-01 1.578106e-01 -5.925506e-03 1.637362e-01
4.747475e-01 6.161616e-01 1.562246e-01 -5.926222e-03 1.621508e-01
4.848485e-01 6.161616e-01 1.546545e-01 -5.926639e-03 1.605812e-01
4.949495e-01 6.161616e-01 1.531002e-01 -5.927026e-03 1.590273e-01
5.050505e-01 6.161616e-01 1.515616e-01 -5.927801e-03 1.574894e-01
5.151515e-01 6.161616e-01 1.500383e-01 -5.927891e-03 1.559662e-01
5.252525e-01 6.161616e-01 1.485304e-01 -5.928665e-03 1.544591e-01
5.353535e-01 6.161616e-01 1.470377e-01 -5.929261e-03 1.529669e-01
5.454545e-01 6.161616e-01 1.455599e-01 -5.929291e-03 1.514892e-01
5.555556e-01 6.161616e-01 1.440970e-01 -5.930275e-03 1.500273e-01
5.656566e-01 6.161616e-01 1.426488e-01 -5.930275e-03 1.485791e-01
5.757576e-01 6.161616e-01 1.412152e-01 -5.930692e-03 1.471459e-01
5.858586e-01 6.161616e-01 1.397959e-01 -5.930930e-03 1.457269e-01
5.959596e-01 6.161616e-01 1.383910e-01 -5.931109e-03 1.443221e-01
6.060606e-01 6.161616e-01 1.370001e-01 -5.931348e-03 1.429315e-01
6.161616e-01 6.161616e-01 1.356232e-01 -5.932301e-03 1.415555e-01
6.262626e-01 6.161616e-01 1.342602e-01 -5.932480e-03 1.401927e-01
6.363636e-01 6.161616e-01 1.329109e-01 -5.932868e-03 1.388437e-01
6.464646e-01 6.161616e-01 1.315751e-01 -5.933344e-03 1.375084e-01
6.565657e-01 6.161616e-01 1.302527e-01 -5.933613e-03 1.361864e-01
6.666667e-01 6.161616e-01 1.289437e-01 -5.933851e-03 1.348775e-01
6.767677e-01 6.161616e-01 1.276478e-01 -5.934119e-03 1.335819e-01
6.868687e-01 6.161616e-01 1.263649e-01 -5.934745e-03 1.322996e-01
6.969697e-01 6.161616e-01 1.250949e-01 -5.934685e-03 1.310296e-01
7.070707e-01 6.161616e-01 1.238377e-01 -5.934983e-03 1.297727e-01
7.171717e-01 6.161616e-01 1.225931e-01 -5.935580e-03 1.285287e-01
7.272727e-01 6.161616e-01 1.213610e-01 -5.935490e-03 1.272965e-01
7.373737e-01 6.161616e-01 1.201413e-01 -5.935520e-03 1.260768e-01
7.474747e-01 6.161616e-01 1.189339e-01 -5.935520e-03 1.248694e-01
7.575758e-01 6.161616e-01 1.177386e-01 -5.936116e-03 1.236747e-01
7.676768e-01 6.161616e-01 1.165553e-01 -5.936384e-03 1.224917e-01
7.777778e-01 6.161616e-01 1.153839e-01 -5.936623e-03 1.213205e-01
7.878788e-01 6.161616e-01 1.142242e-01 -5.936414e-03 1.201607e-01
7.979798e-01 6.161616e-01 1.130763e-01 -5.936474e-03 1.190127e-01
8.080808e-01 6.161616e-01 1.119398e-01 -5.936861e-03 1.178767e-01
8.181818e-01 6.161616e-01 1.108148e-01 -5.937248e-03 1.167521e-01
8.282828e-01 6.161616e-01 1.097011e-01 -5.937129e-03 1.156382e-01
8.383838e-01 6.161616e-01 1.085986e-01 -5.937070e-03 1.145357e-01
8.484848e-01 6.161616e-01 1.075072e-01 -5.937308e-03 1.134445e-01
8.585859e-01 6.161616e-01 1.064267e-01 -5.937308e-03 1.123640e-01
8.686869e-01 6.161616e-01 1.053571e-01 -5.937368e-03 1.112945e-01
8.787879e-01 6.161616e-01 1.042982e-01 -5.937696e-03 1.102359e-01
8.888889e-01 6.161616e-01 1.032500e-01 -5.937457e-03 1.091875e-01
8.989899e-01 6.161616e-01 1.022123e-01 -5.937845e-03 1.081502e-01
9.090909e-01 6.161616e-01 1.011851e-01 -5.937457e-03 1.071226e-01
9.191919e-01 6.161616e-01 1.001682e-01 -5.938023e-03 1.061062e-01
9.292929e-01 6.161616e-01 9.916146e-02 -5.937785e-03 1.050992e-01
9.393939e-01 6.161616e-01 9.816487e-02 -5.938500e-03 1.041034e-01
9.494949e-01 6.161616e-01 9.717830e-02 -5.937815e-03 1.031161e-01
9.595960e-01 6.161616e-01 9.620164e-02 -5.937785e-03 1.021394e-01
9.696970e-01 6.161616e-01 9.523480e-02 -5.937606e-03 1.011724e-01
9.797980e-01 6.161616e-01 9.427767e-02 -5.937427e-03 1.002151e-01
9.898990e-01 6.161616e-01 9.333016e-02 -5.937576e-03 9.926774e-02
1.000000e+00 6.161616e-01 9.239218e-02 -5.937725e-03 9.832991e-02
0.000000e+00 6.262626e-01 -4.009305e-01 -5.898446e-03 3.950321e-01
1.010101e-02 6.262626e-01 -3.969011e-01 -5.899221e-03 3.910019e-01
2.020202e-02 6.262626e-01 -3.929122e-01 -5.900472e-03 3.870117e-01
3.030303e-02 6.262626e-01 -3.889634e-01 -5.901366e-03 3.830620e-01
4.040404e-02 6.262626e-01 -3.850542e-01 -5.901903e-03 3.791523e-01
5.050505e-02 6.262626e-01 -3.811844e-01 -5.903274e-03 3.752811e-01
6.060606e-02 6.262626e-01 -3.773534e-01 -5.904406e-03 3.714490e-01
7.070707e-02 6.262626e-01 -3.735609e-01 -5.905867e-03 3.676551e-01
8.080808e-02 6.262626e-01 -3.698066e-01 -5.906761e-03 3.638998e-01
9.090909e-02 6.262626e-01 -3.660900e-01 -5.907685e-03 3.601823e-01
1.010101e-01 6.262626e-01 -3.624107e-01 -5.908132e-03 3.565026e-01
1.111111e-01 6.262626e-01 -3.587684e-01 -5.908936e-03 3.528595e-01
1.212121e-01 6.262626e-01 -3.551627e-01 -5.910307e-03 3.492524e-01
1.313131e-01 6.262626e-01 -3.515933e-01 -5.911440e-03 3.456818e-01
1.414141e-01 6.262626e-01 -3.480597e-01 -5.911916e-03 3.421478e-01
1.515152e-01 6.262626e-01 -3.445617e-01 -5.912870e-03 3.386488e-01
1.616162e-01 6.262626e-01 -3.410987e-01 -5.913615e-03 3.351851e-01
1.717172e-01 6.262626e-01 -3.376707e-01 -5.914301e-03 3.317563e-01
1.818182e-01 6.262626e-01 -3.342770e-01 -5.915344e-03 3.283617e-01
1.919192e-01 6.262626e-01 -3.309175e-01 -5.916268e-03 3.250012e-01
2.020202e-01 6.262626e-01 -3.275917e-01 -5.916625e-03 3.216751e-01
2.121212e-01 6.262626e-01 -3.242993e-01 -5.917996e-03 3.183813e-01
2.222222e-01 6.262626e-01 -3.210401e-01 -5.918711e-03 3.151214e-01
2.323232e-01 6.262626e-01 -3.178136e-01 -5.919188e-03 3.118944e-01
2.424242e-01 6.262626e-01 -3.146195e-01 -5.919904e-03 3.086996e-01
2.525253e-01 6.262626e-01 -3.114575e-01 -5.920857e-03 3.055367e-01
2.626263e-01 6.262626e-01 -3.083273e-01 -5.921513e-03 3.024058e-01
2.727273e-01 6.262626e-01 -3.052286e-01 -5.921632e-03 2.993069e-01
2.828283e-01 6.262626e-01 -3.021610e-01 -5.922467e-03 2.962385e-01
2.929293e-01 6.262626e-01 -2.991242e-01 -5.923450e-03 2.932008e-01
3.030303e-01 6.262626e-01 -2.961180e-01 -5.924195e-03 2.901938e-01
3.131313e-01 6.262626e-01 -2.931419e-01 -5.924553e-03 2.872174e-01
3.232323e-01 6.262626e-01 -2.901958e-01 -5.925119e-03 2.842707e-01
3.333333e-01 6.262626e-01 -2.872793e-01 -5.925924e-03 2.813534e-01
3.434343e-01 6.262626e-01 -2.843921e-01 -5.926639e-03 2.784654e-01
3.535354e-01 6.262626e-01 -2.815339e-01 -5.926818e-03 2.756071e-01
3.636364e-01 6.262626e-01 -2.787044e-01 -5.927324e-03 2.727771e-01
3.737374e-01 6.262626e-01 -2.759034e-01 -5.928189e-03 2.699752e-01
3.838384e-01 6.262626e-01 -2.731305e-01 -5.928993e-03 2.672015e-01
3.939394e-01 6.262626e-01 -2.703855e-01 -5.928934e-03 2.644566e-01
4.040404e-01 6.262626e-01 -2.676681e-01 -5.929917e-03 2.617382e-01
4.141414e-01 6.262626e-01 -2.649780e-01 -5.930185e-03 2.590478e-01
4.242424e-01 6.262626e-01 -2.623149e-01 -5.930692e-03 2.563842e-01
4.343434e-01 6.262626e-01 -2.596786e-01 -5.931228e-03 2.537474e-01
4.444444e-01 6.262626e-01 -2.570688e-01 -5.931765e-03 2.511370e-01
4.545455e-01 6.262626e-01 -2.544852e-01 -5.932659e-03 2.485526e-01
4.646465e-01 6.262626e-01 -2.519276e-01 -5.933017e-03 2.459946e-01
4.747475e-01 6.262626e-01 -2.493957e-01 -5.933404e-03 2.434623e-01
4.848485e-01 6.262626e-01 -2.468892e-01 -5.934209e-03 2.409550e-01
4.949495e-01 6.262626e-01 -2.444079e-01 -5.934119e-03 2.384738e-01
5.050505e-01 6.262626e-01 -2.419516e-01 -5.935043e-03 2.360166e-01
5.151515e-01 6.262626e-01 -2.395199e-01 -5.935550e-03 2.335844e-01
5.252525e-01 6.262626e-01 -2.371127e-01 -5.935580e-03 2.311771e-01
5.353535e-01 6.262626e-01 -2.347297e-01 -5.936146e-03 2.287936e-01
5.454545e-01 6.262626e-01 -2.323706e-01 -5.936176e-03 2.264345e-01
5.555556e-01 6.262626e-01 -2.300353e-01 -5.936831e-03 2.240984e-01
5.656566e-01 6.262626e-01 -2.277234e-01 -5.937219e-03 2.217862e-01
5.757576e-01 6.262626e-01 -2.254347e-01 -5.937904e-03 2.194968e-01
5.858586e-01 6.262626e-01 -2.231691e-01 -5.937785e-03 2.172313e-01
5.959596e-01 6.262626e-01 -2.209262e-01 -5.938143e-03 2.149880e-01
6.060606e-01 6.262626e-01 -2.187058e-01 -5.938590e-03 2.127672e-01
6.161616e-01 6.262626e-01 -2.165078e-01 -5.938679e-03 2.105691e-01
6.262626e-01 6.262626e-01 -2.143319e-01 -5.939096e-03 2.083928e-01
6.363636e-01 6.262626e-01 -2.121778e-01 -5.939454e-03 2.062383e-01
6.464646e-01 6.262626e-01 -2.100454e-01 -5.939394e-03 2.041060e-01
6.565657e-01 6.262626e-01 -2.079344e-01 -5.939931e-03 2.019944e-01
6.666667e-01 6.262626e-01 -2.058446e-01 -5.939990e-03 1.999046e-01
6.767677e-01 6.262626e-01 -2.037758e-01 -5.940527e-03 1.978353e-01
6.868687e-01 6.262626e-01 -2.017278e-01 -5.940706e-03 1.957871e-01
6.969697e-01 6.262626e-01 -1.997004e-01 -5.941689e-03 1.937588e-01
7.070707e-01 6.262626e-01 -1.976934e-01 -5.941361e-03 1.917521e-01
7.171717e-01 6.262626e-01 -1.957066e-01 -5.941093e-03 1.897655e-01
7.272727e-01 6.262626e-01 -1.937397e-01 -5.941391e-03 1.877983e-01
7.373737e-01 6.262626e-01 -1.917926e-01 -5.941540e-03 1.858510e-01
7.474747e-01 6.262626e-01 -1.898650e-01 -5.941838e-03 1.839232e-01
7.575758e-01 6.262626e-01 -1.879569e-01 -5.941898e-03 1.820150e-01
7.676768e-01 6.262626e-01 -1.860679e-01 -5.942196e-03 1.801257e-01
7.777778e-01 6.262626e-01 -1.841978e-01 -5.942374e-03 1.782555e-01
7.878788e-01 6.262626e-01 -1.823466e-01 -5.942613e-03 1.764040e-01
7.979798e-01 6.262626e-01 -1.805140e-01 -5.942196e-03 1.745718e-01
8.080808e-01 6.262626e-01 -1.786998e-01 -5.942851e-03 1.727570e-01
8.181818e-01 6.262626e-01 -1.769039e-01 -5.943269e-03 1.709606e-01
8.282828e-01 6.262626e-01 -1.751259e-01 -5.943239e-03 1.691827e-01
8.383838e-01 6.262626e-01 -1.733659e-01 -5.943000e-03 1.674229e-01
8.484848e-01 6.262626e-01 -1.716235e-01 -5.943030e-03 1.656805e-01
8.585859e-01 6.262626e-01 -1.698987e-01 -5.943000e-03 1.639557e-01
8.686869e-01 6.262626e-01 -1.681912e-01 -5.943090e-03 1.622481e-01
8.787879e-01 6.262626e-01 -1.665008e-01 -5.943060e-03 1.605578e-01
8.888889e-01 6.262626e-01 -1.648275e-01 -5.943030e-03 1.588844e-01
8.989899e-01 6.262626e-01 -1.631709e-01 -5.943269e-03 1.572277e-01
9.090909e-01 6.262626e-01 -1.615310e-01 -5.943269e-03 1.555878e-01
9.191919e-01 6.262626e-01 -1.599076e-01 -5.943209e-03 1.539644e-01
9.292929e-01 6.262626e-01 -1.583005e-01 -5.943209e-03 1.523573e-01
9.393939e-01 6.262626e-01 -1.567096e-01 -5.943358e-03 1.507662e-01
9.494949e-01 6.262626e-01 -1.551346e-01 -5.943298e-03 1.491913e-01
9.595960e-01 6.262626e-01 -1.535755e-01 -5.942911e-03 1.476326e-01
9.696970e-01 6.262626e-01 -1.520320e-01 -5.942732e-03 1.460893e-01
9.797980e-01 6.262626e-01 -1.505041e-01 -5.942881e-03 1.445612e-01
9.898990e-01 6.262626e-01 -1.489915e-01 -5.942553e-03 1.430489e-01
1.000000e+00 6.262626e-01 -1.474941e-01 -5.942971e-03 1.415511e-01
0.000000e+00 6.363636e-01 5.406408e-01 -5.908668e-03 5.465495e-01
1.010101e-02 6.363636e-01 5.352073e-01 -5.909681e-03 5.411170e-01
2.020202e-02 6.363636e-01 5.298284e-01 -5.910307e-03 5.357387e-01
3.030303e-02 6.363636e-01 5.245035e-01 -5.911499e-03 5.304150e-01
4.040404e-02 6.363636e-01 5.192322e-01 -5.912572e-03 5.251447e-01
5.050505e-02 6.363636e-01 5.140138e-01 -5.913228e-03 5.199270e-01
6.060606e-02 6.363636e-01 5.088479e-01 -5.914301e-03 5.147622e-01
7.070707e-02 6.363636e-01 5.037339e-01 -5.915135e-03 5.096490e-01
8.080808e-02 6.363636e-01 4.986712e-01 -5.916595e-03 5.045878e-01
9.090909e-02 6.363636e-01 4.936595e-01 -5.917281e-03 4.995768e-01
1.010101e-01 6.363636e-01 4.886982e-01 -5.918175e-03 4.946163e-01
1.111111e-01 6.363636e-01 4.837867e-01 -5.918950e-03 4.897056e-01
1.212121e-01 6.363636e-01 4.789245e-01 -5.919427e-03 4.848440e-01
1.313131e-01 6.363636e-01 4.741113e-01 -5.920321e-03 4.800316e-01
1.414141e-01 6.363636e-01 4.693464e-01 -5.921155e-03 4.752675e-01
1.515152e-01 6.363636e-01 4.646293e-01 -5.921870e-03 4.705512e-01
1.616162e-01 6.363636e-01 4.599597e-01 -5.922943e-03 4.658827e-01
1.717172e-01 6.363636e-01 4.553371e-01 -5.924195e-03 4.612613e-01
1.818182e-01 6.363636e-01 4.507609e-01 -5.924553e-03 4.566854e-01
1.919192e-01 6.363636e-01 4.462306e-01 -5.925149e-03 4.521558e-01
2.020202e-01 6.363636e-01 4.417459e-01 -5.925387e-03 4.476713e-01
2.121212e-01 6.363636e-01 4.373063e-01 -5.927026e-03 4.432334e-01
2.222222e-01 6.363636e-01 4.329113e-01 -5.927593e-03 4.388389e-01
2.323232e-01 6.363636e-01 4.285605e-01 -5.927950e-03 4.344884e-01
2.424242e-01 6.363636e-01 4.242534e-01 -5.928725e-03 4.301821e-01
2.525253e-01 6.363636e-01 4.199896e-01 -5.929083e-03 4.259187e-01
2.626263e-01 6.363636e-01 4.157686e-01 -5.929440e-03 4.216980e-01
2.727273e-01 6.363636e-01 4.115901e-01 -5.930513e-03 4.175206e-01
2.828283e-01 6.363636e-01 4.074535e-01 -5.930811e-03 4.133843e-01
2.929293e-01 6.363636e-01 4.033585e-01 -5.932242e-03 4.092908e-01
3.030303e-01 6.363636e-01 3.993047e-01 -5.932152e-03 4.052369e-01
3.131313e-01 6.363636e-01 3.952916e-01 -5.932748e-03 4.012244e-01
3.232323e-01 6.363636e-01 3.913189e-01 -5.933374e-03 3.972523e-01
3.333333e-01 6.363636e-01 3.873861e-01 -5.933732e-03 3.933198e-01
3.434343e-01 6.363636e-01 3.834928e-01 -5.934626e-03 3.894274e-01
3.535354e-01 6.363636e-01 3.796386e-01 -5.934983e-03 3.855736e-01
3.636364e-01 6.363636e-01 3.758232e-01 -5.935341e-03 3.817585e-01
3.737374e-01 6.363636e-01 3.720461e-01 -5.936265e-03 3.779824e-01
3.838384e-01 6.363636e-01 3.683070e-01 -5.936474e-03 3.742434e-01
3.939394e-01 6.363636e-01 3.646054e-01 -5.937040e-03 3.705425e-01
4.040404e-01 6.363636e-01 3.609411e-01 -5.937099e-03 3.668782e-01
4.141414e-01 6.363636e-01 3.573136e-01 -5.937994e-03 3.632516e-01
4.242424e-01 6.363636e-01 3.537225e-01 -5.938470e-03 3.596610e-01
4.343434e-01 6.363636e-01 3.501675e-01 -5.939245e-03 3.561068e-01
4.444444e-01 6.363636e-01 3.466483e-01 -5.939156e-03 3.525874e-01
4.545455e-01 6.363636e-01 3.431644e-01 -5.939811e-03 3.491042e-01
4.646465e-01 6.363636e-01 3.397156e-01 -5.939811e-03 3.456554e-01
4.747475e-01 6.363636e-01 3.363014e-01 -5.940139e-03 3.422415e-01
4.848485e-01 6.363636e-01 3.329215e-01 -5.941123e-03 3.388626e-01
4.949495e-01 6.363636e-01 3.295756e-01 -5.941510e-03 3.355171e-01
5.050505e-01 6.363636e-01 3.262633e-01 -5.942106e-03 3.322054e-01
5.151515e-01 6.363636e-01 3.229843e-01 -5.942434e-03 3.289267e-01
5.252525e-01 6.363636e-01 3.197382e-01 -5.942732e-03 3.256810e-01
5.353535e-01 6.363636e-01 3.165248e-01 -5.943388e-03 3.224682e-01
5.454545e-01 6.363636e-01 3.133437e-01 -5.943090e-03 3.192868e-01
5.555556e-01 6.363636e-01 3.101945e-01 -5.943745e-03 3.161383e-01
5.656566e-01 6.363636e-01 3.070770e-01 -5.944133e-03 3.130211e-01
5.757576e-01 6.363636e-01 3.039908e-01 -5.944967e-03 3.099358e-01
5.858586e-01 6.363636e-01 3.009357e-01 -5.944520e-03 3.068802e-01
5.959596e-01 6.363636e-01 2.979112e-01 -5.944997e-03 3.038562e-01
6.060606e-01 6.363636e-01 2.949172e-01 -5.944848e-03 3.008620e-01
6.161616e-01 6.363636e-01 2.919532e-01 -5.945534e-03 2.978987e-01
6.262626e-01 6.363636e-01 2.890190e-01 -5.945772e-03 2.949648e-01
6.363636e-01 6.363636e-01 2.861143e-01 -5.945474e-03 2.920598e-01
6.464646e-01 6.363636e-01 2.832388e-01 -5.945951e-03 2.891848e-01
6.565657e-01 6.363636e-01 2.803922e-01 -5.946577e-03 2.863388e-01
6.666667e-01 6.363636e-01 2.775743e-01 -5.946279e-03 2.835205e-01
6.767677e-01 6.363636e-01 2.747846e-01 -5.946726e-03 2.807313e-01
6.868687e-01 6.363636e-01 2.720230e-01 -5.947113e-03 2.779701e-01
6.969697e-01 6.363636e-01 2.692891e-01 -5.946904e-03 2.752360e-01
7.070707e-01 6.363636e-01 2.665827e-01 -5.947500e-03 2.725302e-01
7.171717e-01 6.363636e-01 2.639035e-01 -5.947381e-03 2.698509e-01
7.272727e-01 6.363636e-01 2.612512e-01 -5.947381e-03 2.671986e-01
7.373737e-01 6.363636e-01 2.586256e-01 -5.947679e-03 2.645733e-01
7.474747e-01 6.363636e-01 2.560264e-01 -5.948037e-03 2.619744e-01
7.575758e-01 6.363636e-01 2.534532e-01 -5.947977e-03 2.594012e-01
7.676768e-01 6.363636e-01 2.509060e-01 -5.947888e-03 2.568539e-01
7.777778e-01 6.363636e-01 2.483844e-01 -5.948335e-03 2.543327e-01
7.878788e-01 6.363636e-01 2.458880e-01 -5.948246e-03 2.518363e-01
7.979798e-01 6.363636e-01 2.434168e-01 -5.948097e-03 2.493649e-01
8.080808e-01 6.363636e-01 2.409705e-01 -5.948633e-03 2.469191e-01
8.181818e-01 6.363636e-01 2.385487e-01 -5.948573e-03 2.444972e-01
8.282828e-01 6.363636e-01 2.361512e-01 -5.949140e-03 2.421003e-01
8.383838e-01 6.363636e-01 2.337778e-01 -5.949110e-03 2.397270e-01
8.484848e-01 6.363636e-01 2.314283e-01 -5.948842e-03 2.373772e-01
8.585859e-01 6.363636e-01 2.291024e-01 -5.949169e-03 2.350516e-01
8.686869e-01 6.363636e-01 2.267999e-01 -5.948693e-03 2.327486e-01
8.787879e-01 6.363636e-01 2.245206e-01 -5.948871e-03 2.304694e-01
8.888889e-01 6.363636e-01 2.222641e-01 -5.948812e-03 2.282129e-01
8.989899e-01 6.363636e-01 2.200303e-01 -5.948782e-03 2.259791e-01
9.090909e-01 6.363636e-01 2.178190e-01 -5.948603e-03 2.237676e-01
9.191919e-01 6.363636e-01 2.156298e-01 -5.948633e-03 2.215785e-01
9.292929e-01 6.363636e-01 2.134627e-01 -5.948752e-03 2.194115e-01
9.393939e-01 6.363636e-01 2.113174e-01 -5.948961e-03 2.172663e-01
9.494949e-01 6.363636e-01 2.091936e-01 -5.948126e-03 2.151417e-01
9.595960e-01 6.363636e-01 2.070912e-01 -5.948097e-03 2.130393e-01
9.696970e-01 6.363636e-01 2.050099e-01 -5.948395e-03 2.109583e-01
9.797980e-01 6.363636e-01 2.029495e-01 -5.948335e-03 2.088978e-01
9.898990e-01 6.363636e-01 2.009098e-01 -5.948037e-03 2.068579e-01
1.000000e+00 6.363636e-01 1.988906e-01 -5.947649e-03 2.048383e-01
0.000000e+00 6.464646e-01 -6.667690e-01 -5.918741e-03 6.608503e-01
1.010101e-02 6.464646e-01 -6.600679e-01 -5.920410e-03 6.541475e-01
2.020202e-02 6.464646e-01 -6.534341e-01 -5.920440e-03 6.475136e-01
3.030303e-02 6.464646e-01 -6.468669e-01 -5.921930e-03 6.409450e-01
4.040404e-02 6.464646e-01 -6.403658e-01 -5.922258e-03 6.344436e-01
5.050505e-02 6.464646e-01 -6.339300e-01 -5.923301e-03 6.280067e-01
6.060606e-02 6.464646e-01 -6.275589e-01 -5.924135e-03 6.216348e-01
7.070707e-02 6.464646e-01 -6.212519e-01 -5.924910e-03 6.153270e-01
8.080808e-02 6.464646e-01 -6.150082e-01 -5.925298e-03 6.090829e-01
9.090909e-02 6.464646e-01 -6.088273e-01 -5.926579e-03 6.029007e-01
1.010101e-01 6.464646e-01 -6.027084e-01 -5.927593e-03 5.967808e-01
1.111111e-01 6.464646e-01 -5.966511e-01 -5.928487e-03 5.907226e-01
1.212121e-01 6.464646e-01 -5.906547e-01 -5.928934e-03 5.847257e-01
1.313131e-01 6.464646e-01 -5.847185e-01 -5.929500e-03 5.787890e-01
1.414141e-01 6.464646e-01 -5.788420e-01 -5.930752e-03 5.729112e-01
1.515152e-01 6.464646e-01 -5.730245e-01 -5.931228e-03 5.670933e-01
1.616162e-01 6.464646e-01 -5.672655e-01 -5.932122e-03 5.613334e-01
1.717172e-01 6.464646e-01 -5.615644e-01 -5.932778e-03 5.556316e-01
1.818182e-01 6.464646e-01 -5.559206e-01 -5.933374e-03 5.499872e-01
1.919192e-01 6.464646e-01 -5.503335e-01 -5.933493e-03 5.444000e-01
2.020202e-01 6.464646e-01 -5.448026e-01 -5.934626e-03 5.388679e-01
2.121212e-01 6.464646e-01 -5.393272e-01 -5.935222e-03 5.333920e-01
2.222222e-01 6.464646e-01 -5.339069e-01 -5.936027e-03 5.279709e-01
2.323232e-01 6.464646e-01 -5.285410e-01 -5.936533e-03 5.226045e-01
2.424242e-01 6.464646e-01 -5.232291e-01 -5.937666e-03 5.172914e-01
2.525253e-01 6.464646e-01 -5.179706e-01 -5.937368e-03 5.120332e-01
2.626263e-01 6.464646e-01 -5.127649e-01 -5.937904e-03 5.068270e-01
2.727273e-01 6.464646e-01 -5.076115e-01 -5.938381e-03 5.016731e-01
2.828283e-01 6.464646e-01 -5.025099e-01 -5.938798e-03 4.965711e-01
2.929293e-01 6.464646e-01 -4.974596e-01 -5.939782e-03 4.915198e-01
3.030303e-01 6.464646e-01 -4.924601e-01 -5.940348e-03 4.865197e-01
3.131313e-01 6.464646e-01 -4.875108e-01 -5.941331e-03 4.815694e-01
3.232323e-01 6.464646e-01 -4.826112e-01 -5.941480e-03 4.766697e-01
3.333333e-01 6.464646e-01 -4.777609e-01 -5.942166e-03 4.718187e-01
3.434343e-01 6.464646e-01 -4.729593e-01 -5.942434e-03 4.670169e-01
3.535354e-01 6.464646e-01 -4.682060e-01 -5.942613e-03 4.622634e-01
3.636364e-01 6.464646e-01 -4.635004e-01 -5.943120e-03 4.575573e-01
3.737374e-01 6.464646e-01 -4.588422e-01 -5.943596e-03 4.528986e-01
3.838384e-01 6.464646e-01 -4.542307e-01 -5.943805e-03 4.482869e-01
3.939394e-01 6.464646e-01 -4.496656e-01 -5.944252e-03 4.437214e-01
4.040404e-01 6.464646e-01 -4.451464e-01 -5.944818e-03 4.392016e-01
4.141414e-01 6.464646e-01 -4.406726e-01 -5.945653e-03 4.347270e-01
4.242424e-01 6.464646e-01 -4.362438e-01 -5.946070e-03 4.302977e-01
4.343434e-01 6.464646e-01 -4.318595e-01 -5.946726e-03 4.259127e-01
4.444444e-01 6.464646e-01 -4.275192e-01 -5.946726e-03 4.215725e-01
4.545455e-01 6.464646e-01 -4.232226e-01 -5.946666e-03 4.172759e-01
4.646465e-01 6.464646e-01 -4.189691e-01 -5.947262e-03 4.130218e-01
4.747475e-01 6.464646e-01 -4.147584e-01 -5.947322e-03 4.088111e-01
4.848485e-01 6.464646e-01 -4.105900e-01 -5.947977e-03 4.046420e-01
4.949495e-01 6.464646e-01 -4.064635e-01 -5.948871e-03 4.005146e-01
5.050505e-01 6.464646e-01 -4.023785e-01 -5.948931e-03 3.964296e-01
5.151515e-01 6.464646e-01 -3.983345e-01 -5.949736e-03 3.923848e-01
5.252525e-01 6.464646e-01 -3.943312e-01 -5.950153e-03 3.883810e-01
5.353535e-01 6.464646e-01 -3.903681e-01 -5.949974e-03 3.844181e-01
5.454545e-01 6.464646e-01 -3.864448e-01 -5.950361e-03 3.804945e-01
5.555556e-01 6.464646e-01 -3.825610e-01 -5.950838e-03 3.766102e-01
5.656566e-01 6.464646e-01 -3.787162e-01 -5.950898e-03 3.727653e-01
5.757576e-01 6.464646e-01 -3.749100e-01 -5.951315e-03 3.689587e-01
5.858586e-01 6.464646e-01 -3.711421e-01 -5.951136e-03 3.651910e-01
5.959596e-01 6.464646e-01 -3.674121e-01 -5.951613e-03 3.614605e-01
6.060606e-01 6.464646e-01 -3.637195e-01 -5.951703e-03 3.577678e-01
6.161616e-01 6.464646e-01 -3.600641e-01 -5.951971e-03 3.541121e-01
6.262626e-01 6.464646e-01 -3.564454e-01 -5.952179e-03 3.504932e-01
6.363636e-01 6.464646e-01 -3.528631e-01 -5.952269e-03 3.469108e-01
6.464646e-01 6.464646e-01 -3.493167e-01 -5.952328e-03 3.433644e-01
6.565657e-01 6.464646e-01 -3.458060e-01 -5.952358e-03 3.398537e-01
6.666667e-01 6.464646e-01 -3.423306e-01 -5.952984e-03 3.363776e-01
6.767677e-01 6.464646e-01 -3.388901e-01 -5.952924e-03 3.329372e-01
6.868687e-01 6.464646e-01 -3.354842e-01 -5.953312e-03 3.295309e-01
6.969697e-01 6.464646e-01 -3.321126e-01 -5.953342e-03 3.261592e-01
7.070707e-01 6.464646e-01 -3.287748e-01 -5.953580e-03 3.228212e-01
7.171717e-01 6.464646e-01 -3.254705e-01 -5.953431e-03 3.195171e-01
7.272727e-01 6.464646e-01 -3.221995e-01 -5.953521e-03 3.162460e-01
7.373737e-01 6.464646e-01 -3.189613e-01 -5.954027e-03 3.130073e-01
7.474747e-01 6.464646e-01 -3.157557e-01 -5.954117e-03 3.098016e-01
7.575758e-01 6.464646e-01 -3.125823e-01 -5.953878e-03 3.066285e-01
7.676768e-01 6.464646e-01 -3.094408e-01 -5.954385e-03 3.034864e-01
7.777778e-01 6.464646e-01 -3.063309e-01 -5.954295e-03 3.003766e-01
7.878788e-01 6.464646e-01 -3.032522e-01 -5.954266e-03 2.972980e-01
7.979798e-01 6.464646e-01 -3.002045e-01 -5.954325e-03 2.942502e-01
8.080808e-01 6.464646e-01 -2.971874e-01 -5.954772e-03 2.912326e-01
8.181818e-01 6.464646e-01 -2.942006e-01 -5.954385e-03 2.882462e-01
8.282828e-01 6.464646e-01 -2.912438e-01 -5.954474e-03 2.852894e-01
8.383838e-01 6.464646e-01 -2.883168e-01 -5.954415e-03 2.823624e-01
8.484848e-01 6.464646e-01 -2.854192e-01 -5.954117e-03 2.794650e-01
8.585859e-01 6.464646e-01 -2.825506e-01 -5.954176e-03 2.765965e-01
8.686869e-01 6.464646e-01 -2.797110e-01 -5.954236e-03 2.737567e-01
8.787879e-01 6.464646e-01 -2.768998e-01 -5.954474e-03 2.709453e-01
8.888889e-01 6.464646e-01 -2.741169e-01 -5.954236e-03 2.681627e-01
8.989899e-01 6.464646e-01 -2.713620e-01 -5.954295e-03 2.654077e-01
9.090909e-01 6.464646e-01 -2.686348e-01 -5.954295e-03 2.626805e-01
9.191919e-01 6.464646e-01 -2.659350e-01 -5.954355e-03 2.599806e-01
9.292929e-01 6.464646e-01 -2.632623e-01 -5.954325e-03 2.573079e-01
9.393939e-01 6.464646e-01 -2.606164e-01 -5.953938e-03 2.546625e-01
9.494949e-01 6.464646e-01 -2.579972e-01 -5.953938e-03 2.520433e-01
9.595960e-01 6.464646e-01 -2.554043e-01 -5.953729e-03 2.494506e-01
9.696970e-01 6.464646e-01 -2.528374e-01 -5.953997e-03 2.468834e-01
9.797980e-01 6.464646e-01 -2.502964e-01 -5.953491e-03 2.443429e-01
9.898990e-01 6.464646e-01 -2.477808e-01 -5.953401e-03 2.418274e-01
1.000000e+00 6.464646e-01 -2.452906e-01 -5.953163e-03 2.393374e-01
0.000000e+00 6.565657e-01 7.761465e-01 -5.929381e-03 7.820758e-01
1.010101e-02 6.565657e-01 7.683461e-01 -5.930156e-03 7.742762e-01
2.020202e-02 6.565657e-01 7.606241e-01 -5.930722e-03 7.665548e-01
3.030303e-02 6.565657e-01 7.529797e-01 -5.931765e-03 7.589114e-01
4.040404e-02 6.565657e-01 7.454121e-01 -5.932480e-03 7.513446e-01
5.050505e-02 6.565657e-01 7.379206e-01 -5.933672e-03 7.438542e-01
6.060606e-02 6.565657e-01 7.305043e-01 -5.934536e-03 7.364389e-01
7.070707e-02 6.565657e-01 7.231627e-01 -5.934417e-03 7.290971e-01
8.080808e-02 6.565657e-01 7.158948e-01 -5.935103e-03 7.218299e-01
9.090909e-02 6.565657e-01 7.086999e-01 -5.936295e-03 7.146362e-01
1.010101e-01 6.565657e-01 7.015773e-01 -5.937070e-03 7.075144e-01
1.111111e-01 6.565657e-01 6.945264e-01 -5.937934e-03 7.004643e-01
1.212121e-01 6.565657e-01 6.875463e-01 -5.938083e-03 6.934843e-01
1.313131e-01 6.565657e-01 6.806363e-01 -5.938798e-03 6.865751e-01
1.414141e-01 6.565657e-01 6.737958e-01 -5.939394e-03 6.797352e-01
1.515152e-01 6.565657e-01 6.670240e-01 -5.940527e-03 6.729646e-01
1.616162e-01 6.565657e-01 6.603203e-01 -5.940914e-03 6.662613e-01
1.717172e-01 6.565657e-01 6.536840e-01 -5.941510e-03 6.596255e-01
1.818182e-01 6.565657e-01 6.471144e-01 -5.942017e-03 6.530564e-01
1.919192e-01 6.565657e-01 6.406108e-01 -5.942672e-03 6.465534e-01
2.020202e-01 6.565657e-01 6.341725e-01 -5.943865e-03 6.401164e-01
2.121212e-01 6.565657e-01 6.277990e-01 -5.943567e-03 6.337426e-01
2.222222e-01 6.565657e-01 6.214895e-01 -5.944759e-03 6.274343e-01
2.323232e-01 6.565657e-01 6.152434e-01 -5.945057e-03 6.211885e-01
2.424242e-01 6.565657e-01 6.090601e-01 -5.946070e-03 6.150062e-01
2.525253e-01 6.565657e-01 6.029390e-01 -5.945921e-03 6.088849e-01
2.626263e-01 6.565657e-01 5.968793e-01 -5.946904e-03 6.028262e-01
2.727273e-01 6.565657e-01 5.908806e-01 -5.946636e-03 5.968272e-01
2.828283e-01 6.565657e-01 5.849422e-01 -5.947143e-03 5.908893e-01
2.929293e-01 6.565657e-01 5.790634e-01 -5.947858e-03 5.850112e-01
3.030303e-01 6.565657e-01 5.732437e-01 -5.948573e-03 5.791923e-01
3.131313e-01 6.565657e-01 5.674825e-01 -5.949169e-03 5.734317e-01
3.232323e-01 6.565657e-01 5.617792e-01 -5.949765e-03 5.677290e-01
3.333333e-01 6.565657e-01 5.561332e-01 -5.950123e-03 5.620834e-01
3.434343e-01 6.565657e-01 5.505440e-01 -5.950540e-03 5.564946e-01
3.535354e-01 6.565657e-01 5.450110e-01 -5.950838e-03 5.509618e-01
3.636364e-01 6.565657e-01 5.395335e-01 -5.951047e-03 5.454845e-01
3.737374e-01 6.565657e-01 5.341111e-01 -5.951285e-03 5.400624e-01
3.838384e-01 6.565657e-01 5.287432e-01 -5.951554e-03 5.346947e-01
3.939394e-01 6.565657e-01 5.234292e-01 -5.952388e-03 5.293816e-01
4.040404e-01 6.565657e-01 5.181687e-01 -5.952567e-03 5.241213e-01
4.141414e-01 6.565657e-01 5.129610e-01 -5.953223e-03 5.189142e-01
4.242424e-01 6.565657e-01 5.078057e-01 -5.953789e-03 5.137595e-01
4.343434e-01 6.565657e-01 5.027021e-01 -5.953699e-03 5.086558e-01
4.444444e-01 6.565657e-01 4.976499e-01 -5.954415e-03 5.036043e-01
4.545455e-01 6.565657e-01 4.926484e-01 -5.954444e-03 4.986029e-01
4.646465e-01 6.565657e-01 4.876972e-01 -5.954534e-03 4.936518e-01
4.747475e-01 6.565657e-01 4.827958e-01 -5.954772e-03 4.887506e-01
4.848485e-01 6.565657e-01 4.779436e-01 -5.954772e-03 4.838984e-01
4.949495e-01 6.565657e-01 4.731402e-01 -5.955786e-03 4.790960e-01
5.050505e-01 6.565657e-01 4.683851e-01 -5.955964e-03 4.743410e-01
5.151515e-01 6.565657e-01 4.636777e-01 -5.955935e-03 4.696336e-01
5.252525e-01 6.565657e-01 4.590177e-01 -5.956829e-03 4.649745e-01
5.353535e-01 6.565657e-01 4.544045e-01 -5.957246e-03 4.603617e-01
5.454545e-01 6.565657e-01 4.498376e-01 -5.957574e-03 4.557952e-01
5.555556e-01 6.565657e-01 4.453167e-01 -5.957901e-03 4.512746e-01
5.656566e-01 6.565657e-01 4.408412e-01 -5.957693e-03 4.467989e-01
5.757576e-01 6.565657e-01 4.364107e-01 -5.957991e-03 4.423686e-01
5.858586e-01 6.565657e-01 4.320247e-01 -5.957574e-03 4.379822e-01
5.959596e-01 6.565657e-01 4.276827e-01 -5.957991e-03 4.336407e-01
6.060606e-01 6.565657e-01 4.233845e-01 -5.958647e-03 4.293431e-01
6.161616e-01 6.565657e-01 4.191294e-01 -5.959004e-03 4.250884e-01
6.262626e-01 6.565657e-01 4.149170e-01 -5.958825e-03 4.208759e-01
6.363636e-01 6.565657e-01 4.107471e-01 -5.958825e-03 4.167059e-01
6.464646e-01 6.565657e-01 4.066190e-01 -5.958766e-03 4.125778e-01
6.565657e-01 6.565657e-01 4.025324e-01 -5.959243e-03 4.084916e-01
6.666667e-01 6.565657e-01 3.984869e-01 -5.959600e-03 4.044465e-01
6.767677e-01 6.565657e-01 3.944820e-01 -5.959570e-03 4.004416e-01
6.868687e-01 6.565657e-01 3.905174e-01 -5.959570e-03 3.964770e-01
6.969697e-01 6.565657e-01 3.865926e-01 -5.959362e-03 3.925520e-01
7.070707e-01 6.565657e-01 3.827073e-01 -5.959660e-03 3.886670e-01
7.171717e-01 6.565657e-01 3.788611e-01 -5.959898e-03 3.848210e-01
7.272727e-01 6.565657e-01 3.750534e-01 -5.960047e-03 3.810135e-01
7.373737e-01 6.565657e-01 3.712841e-01 -5.960017e-03 3.772441e-01
7.474747e-01 6.565657e-01 3.675526e-01 -5.960137e-03 3.735128e-01
7.575758e-01 6.565657e-01 3.638587e-01 -5.960137e-03 3.698188e-01
7.676768e-01 6.565657e-01 3.602018e-01 -5.959898e-03 3.661617e-01
7.777778e-01 6.565657e-01 3.565817e-01 -5.960345e-03 3.625421e-01
7.878788e-01 6.565657e-01 3.529980e-01 -5.960107e-03 3.589581e-01
7.979798e-01 6.565657e-01 3.494503e-01 -5.960047e-03 3.554104e-01
8.080808e-01 6.565657e-01 3.459383e-01 -5.959958e-03 3.518983e-01
8.181818e-01 6.565657e-01 3.424616e-01 -5.960256e-03 3.484218e-01
8.282828e-01 6.565657e-01 3.390198e-01 -5.960107e-03 3.449799e-01
8.383838e-01 6.565657e-01 3.356126e-01 -5.960375e-03 3.415729e-01
8.484848e-01 6.565657e-01 3.322396e-01 -5.960315e-03 3.381999e-01
8.585859e-01 6.565657e-01 3.289005e-01 -5.959988e-03 3.348605e-01
8.686869e-01 6.565657e-01 3.255950e-01 -5.959928e-03 3.315550e-01
8.787879e-01 6.565657e-01 3.223227e-01 -5.959451e-03 3.282822e-01
8.888889e-01 6.565657e-01 3.190834e-01 -5.959421e-03 3.250428e-01
8.989899e-01 6.565657e-01 3.158765e-01 -5.959541e-03 3.218361e-01
9.090909e-01 6.565657e-01 3.127019e-01 -5.959213e-03 3.186611e-01
9.191919e-01 6.565657e-01 3.095592e-01 -5.959302e-03 3.155185e-01
9.292929e-01 6.565657e-01 3.064481e-01 -5.959243e-03 3.124073e-01
9.393939e-01 6.565657e-01 3.033682e-01 -5.959123e-03 3.093273e-01
9.494949e-01 6.565657e-01 3.003193e-01 -5.959302e-03 3.062786e-01
9.595960e-01 6.565657e-01 2.973011e-01 -5.958766e-03 3.032598e-01
9.696970e-01 6.565657e-01 2.943131e-01 -5.958647e-03 3.002718e-01
9.797980e-01 6.565657e-01 2.913552e-01 -5.958706e-03 2.973139e-01
9.898990e-01 6.565657e-01 2.884271e-01 -5.958080e-03 2.943851e-01
1.000000e+00 6.565657e-01 2.855283e-01 -5.957931e-03 2.914863e-01
0.000000e+00 6.666667e-01 -8.660254e-01 -5.939424e-03 8.600860e-01
1.010101e-02 6.666667e-01 -8.573217e-01 -5.940050e-03 8.513817e-01
2.020202e-02 6.666667e-01 -8.487055e-01 -5.940497e-03 8.427650e-01
3.030303e-02 6.666667e-01 -8.401758e-01 -5.941212e-03 8.342346e-01
4.040404e-02 6.666667e-01 -8.317319e-01 -5.942136e-03 8.257898e-01
5.050505e-02 6.666667e-01 -8.233729e-01 -5.942732e-03 8.174302e-01
6.060606e-02 6.666667e-01 -8.150979e-01 -5.944043e-03 8.091538e-01
7.070707e-02 6.666667e-01 -8.069060e-01 -5.944282e-03 8.009617e-01
8.080808e-02 6.666667e-01 -7.987965e-01 -5.944490e-03 7.928520e-01
9.090909e-02 6.666667e-01 -7.907684e-01 -5.945325e-03 7.848231e-01
1.010101e-01 6.666667e-01 -7.828211e-01 -5.946606e-03 7.768745e-01
1.111111e-01 6.666667e-01 -7.749536e-01 -5.946904e-03 7.690067e-01
1.212121e-01 6.666667e-01 -7.671652e-01 -5.947560e-03 7.612176e-01
1.313131e-01 6.666667e-01 -7.594550e-01 -5.947828e-03 7.535072e-01
1.414141e-01 6.666667e-01 -7.518224e-01 -5.948782e-03 7.458736e-01
1.515152e-01 6.666667e-01 -7.442664e-01 -5.949110e-03 7.383173e-01
1.616162e-01 6.666667e-01 -7.367864e-01 -5.950034e-03 7.308364e-01
1.717172e-01 6.666667e-01 -7.293816e-01 -5.950332e-03 7.234313e-01
1.818182e-01 6.666667e-01 -7.220512e-01 -5.951375e-03 7.160998e-01
1.919192e-01 6.666667e-01 -7.147945e-01 -5.951345e-03 7.088431e-01
2.020202e-01 6.666667e-01 -7.076107e-01 -5.952209e-03 7.016585e-01
2.121212e-01 6.666667e-01 -7.004991e-01 -5.952150e-03 6.945469e-01
2.222222e-01 6.666667e-01 -6.934589e-01 -5.953044e-03 6.875059e-01
2.323232e-01 6.666667e-01 -6.864896e-01 -5.953312e-03 6.805362e-01
2.424242e-01 6.666667e-01 -6.795902e-01 -5.953878e-03 6.736363e-01
2.525253e-01 6.666667e-01 -6.727602e-01 -5.954355e-03 6.668059e-01
2.626263e-01 6.666667e-01 -6.659989e-01 -5.955637e-03 6.600432e-01
2.727273e-01 6.666667e-01 -6.593055e-01 -5.955487e-03 6.533500e-01
2.828283e-01 6.666667e-01 -6.526793e-01 -5.955845e-03 6.467235e-01
2.929293e-01 6.666667e-01 -6.461198e-01 -5.956024e-03 6.401638e-01
3.030303e-01 6.666667e-01 -6.396262e-01 -5.957037e-03 6.336692e-01
3.131313e-01 6.666667e-01 -6.331978e-01 -5.957335e-03 6.272405e-01
3.232323e-01 6.666667e-01 -6.268341e-01 -5.957782e-03 6.208763e-01
3.333333e-01 6.666667e-01 -6.205343e-01 -5.958259e-03 6.145761e-01
3.434343e-01 6.666667e-01 -6.142978e-01 -5.958170e-03 6.083397e-01
3.535354e-01 6.666667e-01 -6.081240e-01 -5.958289e-03 6.021658e-01
3.636364e-01 6.666667e-01 -6.020123e-01 -5.958676e-03 5.960536e-01
3.737374e-01 6.666667e-01 -5.959620e-01 -5.959004e-03 5.900030e-01
3.838384e-01 6.666667e-01 -5.899725e-01 -5.959511e-03 5.840129e-01
3.939394e-01 6.666667e-01 -5.840431e-01 -5.959779e-03 5.780834e-01
4.040404e-01 6.666667e-01 -5.781734e-01 -5.960286e-03 5.722131e-01
4.141414e-01 6.666667e-01 -5.723627e-01 -5.960673e-03 5.664020e-01
4.242424e-01 6.666667e-01 -5.666103e-01 -5.960971e-03 5.606494e-01
4.343434e-01 6.666667e-01 -5.609158e-01 -5.961448e-03 5.549544e-01
4.444444e-01 6.666667e-01 -5.552785e-01 -5.961269e-03 5.493172e-01
4.545455e-01 6.666667e-01 -5.496979e-01 -5.961418e-03 5.437364e-01
4.646465e-01 6.666667e-01 -5.441733e-01 -5.961984e-03 5.382113e-01
4.747475e-01 6.666667e-01 -5.387043e-01 -5.961865e-03 5.327424e-01
4.848485e-01 6.666667e-01 -5.332902e-01 -5.962163e-03 5.273280e-01
4.949495e-01 6.666667e-01 -5.279306e-01 -5.962700e-03 5.219679e-01
5.050505e-01 6.666667e-01 -5.226248e-01 -5.962819e-03 5.166619e-01
5.151515e-01 6.666667e-01 -5.173723e-01 -5.962729e-03 5.114096e-01
5.252525e-01 6.666667e-01 -5.121726e-01 -5.963415e-03 5.062092e-01
5.353535e-01 6.666667e-01 -5.070252e-01 -5.964041e-03 5.010612e-01
5.454545e-01 6.666667e-01 -5.019295e-01 -5.964309e-03 4.959652e-01
5.555556e-01 6.666667e-01 -4.968850e-01 -5.964190e-03 4.909208e-01
5.656566e-01 6.666667e-01 -4.918913e-01 -5.964190e-03 4.859271e-01
5.757576e-01 6.666667e-01 -4.869477e-01 -5.964577e-03 4.809831e-01
5.858586e-01 6.666667e-01 -4.820538e-01 -5.964339e-03 4.760894e-01
5.959596e-01 6.666667e-01 -4.772090e-01 -5.964875e-03 4.712442e-01
6.060606e-01 6.666667e-01 -4.724130e-01 -5.964786e-03 4.664482e-01
6.161616e-01 6.666667e-01 -4.676652e-01 -5.964965e-03 4.617002e-01
6.262626e-01 6.666667e-01 -4.629651e-01 -5.964726e-03 4.570003e-01
6.363636e-01 6.666667e-01 -4.583122e-01 -5.964965e-03 4.523472e-01
6.464646e-01 6.666667e-01 -4.537061e-01 -5.965203e-03 4.477409e-01
6.565657e-01 6.666667e-01 -4.491463e-01 -5.965352e-03 4.431809e-01
6.666667e-01 6.666667e-01 -4.446323e-01 -5.965739e-03 4.386665e-01
6.767677e-01 6.666667e-01 -4.401636e-01 -5.965948e-03 4.341977e-01
6.868687e-01 6.666667e-01 -4.357399e-01 -5.965859e-03 4.297741e-01
6.969697e-01 6.666667e-01 -4.313607e-01 -5.965918e-03 4.253947e-01
7.070707e-01 6.666667e-01 -4.270254e-01 -5.966038e-03 4.210594e-01
7.171717e-01 6.666667e-01 -4.227337e-01 -5.966395e-03 4.167673e-01
7.272727e-01 6.666667e-01 -4.184852e-01 -5.966216e-03 4.125190e-01
7.373737e-01 6.666667e-01 -4.142794e-01 -5.966336e-03 4.083130e-01
7.474747e-01 6.666667e-01 -4.101158e-01 -5.966574e-03 4.041492e-01
7.575758e-01 6.666667e-01 -4.059940e-01 -5.966395e-03 4.000276e-01
7.676768e-01 6.666667e-01 -4.019137e-01 -5.966544e-03 3.959472e-01
7.777778e-01 6.666667e-01 -3.978744e-01 -5.966097e-03 3.919083e-01
7.878788e-01 6.666667e-01 -3.938757e-01 -5.965620e-03 3.879101e-01
7.979798e-01 6.666667e-01 -3.899172e-01 -5.965918e-03 3.839513e-01
8.080808e-01 6.666667e-01 -3.859985e-01 -5.966336e-03 3.800321e-01
8.181818e-01 6.666667e-01 -3.821191e-01 -5.965978e-03 3.761532e-01
8.282828e-01 6.666667e-01 -3.782788e-01 -5.965948e-03 3.723128e-01
8.383838e-01 6.666667e-01 -3.744770e-01 -5.965948e-03 3.685111e-01
8.484848e-01 6.666667e-01 -3.707135e-01 -5.965680e-03 3.647478e-01
8.585859e-01 6.666667e-01 -3.669877e-01 -5.965382e-03 3.610223e-01
8.686869e-01 6.666667e-01 -3.632994e-01 -5.965859e-03 3.573336e-01
8.787879e-01 6.666667e-01 -3.596482e-01 -5.965412e-03 3.536828e-01
8.888889e-01 6.666667e-01 -3.560337e-01 -5.964875e-03 3.500688e-01
8.989899e-01 6.666667e-01 -3.524555e-01 -5.965143e-03 3.464903e-01
9.090909e-01 6.666667e-01 -3.489133e-01 -5.964339e-03 3.429489e-01
9.191919e-01 6.666667e-01 -3.454066e-01 -5.964786e-03 3.394418e-01
9.292929e-01 6.666667e-01 -3.419352e-01 -5.964667e-03 3.359706e-01
9.393939e-01 6.666667e-01 -3.384987e-01 -5.964637e-03 3.325341e-01
9.494949e-01 6.666667e-01 -3.350967e-01 -5.964786e-03 3.291320e-01
9.595960e-01 6.666667e-01 -3.317290e-01 -5.964190e-03 3.257648e-01
9.696970e-01 6.666667e-01 -3.283950e-01 -5.964041e-03 3.224310e-01
9.797980e-01 6.666667e-01 -3.250946e-01 -5.963892e-03 3.191307e-01
9.898990e-01 6.666667e-01 -3.218274e-01 -5.963951e-03 3.158634e-01
1.000000e+00 6.666667e-01 -3.185929e-01 -5.963713e-03 3.126292e-01
0.000000e+00 6.767677e-01 9.341479e-01 -5.949050e-03 9.400969e-01
1.010101e-02 6.767677e-01 9.247595e-01 -5.950212e-03 9.307097e-01
2.020202e-02 6.767677e-01 9.154655e-01 -5.950451e-03 9.214160e-01
3.030303e-02 6.767677e-01 9.062650e-01 -5.951136e-03 9.122161e-01
4.040404e-02 6.767677e-01 8.971568e-01 -5.951673e-03 9.031085e-01
5.050505e-02 6.767677e-01 8.881403e-01 -5.952269e-03 8.940925e-01
6.060606e-02 6.767677e-01 8.792143e-01 -5.953461e-03 8.851678e-01
7.070707e-02 6.767677e-01 8.703781e-01 -5.954057e-03 8.763321e-01
8.080808e-02 6.767677e-01 8.616306e-01 -5.954593e-03 8.675852e-01
9.090909e-02 6.767677e-01 8.529711e-01 -5.954802e-03 8.589259e-01
1.010101e-01 6.767677e-01 8.443986e-01 -5.955160e-03 8.503537e-01
1.111111e-01 6.767677e-01 8.359122e-01 -5.956262e-03 8.418685e-01
1.212121e-01 6.767677e-01 8.275112e-01 -5.956709e-03 8.334679e-01
1.313131e-01 6.767677e-01 8.191946e-01 -5.957633e-03 8.251522e-01
1.414141e-01 6.767677e-01 8.109615e-01 -5.957693e-03 8.169192e-01
1.515152e-01 6.767677e-01 8.028112e-01 -5.957991e-03 8.087692e-01
1.616162e-01 6.767677e-01 7.947428e-01 -5.958647e-03 8.007015e-01
1.717172e-01 6.767677e-01 7.867555e-01 -5.959541e-03 7.927151e-01
1.818182e-01 6.767677e-01 7.788485e-01 -5.959958e-03 7.848085e-01
1.919192e-01 6.767677e-01 7.710209e-01 -5.960345e-03 7.769813e-01
2.020202e-01 6.767677e-01 7.632721e-01 -5.961329e-03 7.692334e-01
2.121212e-01 6.767677e-01 7.556010e-01 -5.961686e-03 7.615627e-01
2.222222e-01 6.767677e-01 7.480071e-01 -5.961686e-03 7.539688e-01
2.323232e-01 6.767677e-01 7.404895e-01 -5.962282e-03 7.464518e-01
2.424242e-01 6.767677e-01 7.330475e-01 -5.962729e-03 7.390102e-01
2.525253e-01 6.767677e-01 7.256802e-01 -5.963206e-03 7.316434e-01
2.626263e-01 6.767677e-01 7.183870e-01 -5.963326e-03 7.243504e-01
2.727273e-01 6.767677e-01 7.111671e-01 -5.963862e-03 7.171310e-01
2.828283e-01 6.767677e-01 7.040198e-01 -5.964607e-03 7.099844e-01
2.929293e-01 6.767677e-01 6.969443e-01 -5.964428e-03 7.029087e-01
3.030303e-01 6.767677e-01 6.899399e-01 -5.964786e-03 6.959046e-01
3.131313e-01 6.767677e-01 6.830058e-01 -5.965620e-03 6.889715e-01
3.232323e-01 6.767677e-01 6.761415e-01 -5.965590e-03 6.821071e-01
3.333333e-01 6.767677e-01 6.693462e-01 -5.965948e-03 6.753121e-01
3.434343e-01 6.767677e-01 6.626192e-01 -5.966067e-03 6.685852e-01
3.535354e-01 6.767677e-01 6.559597e-01 -5.965799e-03 6.619255e-01
3.636364e-01 6.767677e-01 6.493672e-01 -5.966634e-03 6.553338e-01
3.737374e-01 6.767677e-01 6.428410e-01 -5.966991e-03 6.488080e-01
3.838384e-01 6.767677e-01 6.363803e-01 -5.967170e-03 6.423475e-01
3.939394e-01 6.767677e-01 6.299846e-01 -5.967170e-03 6.359517e-01
4.040404e-01 6.767677e-01 6.236531e-01 -5.967557e-03 6.296207e-01
4.141414e-01 6.767677e-01 6.173853e-01 -5.967975e-03 6.233533e-01
4.242424e-01 6.767677e-01 6.111805e-01 -5.968243e-03 6.171487e-01
4.343434e-01 6.767677e-01 6.050380e-01 -5.968958e-03 6.110070e-01
4.444444e-01 6.767677e-01 5.989573e-01 -5.968422e-03 6.049257e-01
4.545455e-01 6.767677e-01 5.929377e-01 -5.969018e-03 5.989067e-01
4.646465e-01 6.767677e-01 5.869785e-01 -5.969107e-03 5.929477e-01
4.747475e-01 6.767677e-01 5.810793e-01 -5.969375e-03 5.870487e-01
4.848485e-01 6.767677e-01 5.752394e-01 -5.969256e-03 5.812086e-01
4.949495e-01 6.767677e-01 5.694581e-01 -5.969852e-03 5.754280e-01
5.050505e-01 6.767677e-01 5.637350e-01 -5.969733e-03 5.697047e-01
5.151515e-01 6.767677e-01 5.580693e-01 -5.969882e-03 5.640392e-01
5.252525e-01 6.767677e-01 5.524606e-01 -5.970627e-03 5.584313e-01
5.353535e-01 6.767677e-01 5.469083e-01 -5.970687e-03 5.528790e-01
5.454545e-01 6.767677e-01 5.414118e-01 -5.970597e-03 5.473824e-01
5.555556e-01 6.767677e-01 5.359705e-01 -5.970567e-03 5.419411e-01
5.656566e-01 6.767677e-01 5.305839e-01 -5.970955e-03 5.365549e-01
5.757576e-01 6.767677e-01 5.252515e-01 -5.971253e-03 5.312227e-01
5.858586e-01 6.767677e-01 5.199726e-01 -5.971521e-03 5.259441e-01
5.959596e-01 6.767677e-01 5.147468e-01 -5.971819e-03 5.207186e-01
6.060606e-01 6.767677e-01 5.095735e-01 -5.971640e-03 5.155452e-01
6.161616e-01 6.767677e-01 5.044522e-01 -5.971521e-03 5.104237e-01
6.262626e-01 6.767677e-01 4.993824e-01 -5.971253e-03 5.053536e-01
6.363636e-01 6.767677e-01 4.943635e-01 -5.971849e-03 5.003354e-01
6.464646e-01 6.767677e-01 4.893951e-01 -5.971789e-03 4.953669e-01
6.565657e-01 6.767677e-01 4.844766e-01 -5.971938e-03 4.904485e-01
6.666667e-01 6.767677e-01 4.796075e-01 -5.972296e-03 4.855798e-01
6.767677e-01 6.767677e-01 4.747874e-01 -5.972534e-03 4.807599e-01
6.868687e-01 6.767677e-01 4.700157e-01 -5.972236e-03 4.759879e-01
6.969697e-01 6.767677e-01 4.652919e-01 -5.972087e-03 4.712640e-01
7.070707e-01 6.767677e-01 4.606157e-01 -5.972356e-03 4.665880e-01
7.171717e-01 6.767677e-01 4.559864e-01 -5.972356e-03 4.619588e-01
7.272727e-01 6.767677e-01 4.514037e-01 -5.971998e-03 4.573757e-01
7.373737e-01 6.767677e-01 4.468670e-01 -5.972534e-03 4.528395e-01
7.474747e-01 6.767677e-01 4.423759e-01 -5.972266e-03 4.483482e-01
7.575758e-01 6.767677e-01 4.379300e-01 -5.972058e-03 4.439020e-01
7.676768e-01 6.767677e-01 4.335287e-01 -5.971760e-03 4.395004e-01
7.777778e-01 6.767677e-01 4.291717e-01 -5.972445e-03 4.351441e-01
7.878788e-01 6.767677e-01 4.248584e-01 -5.971998e-03 4.308304e-01
7.979798e-01 6.767677e-01 4.205885e-01 -5.971730e-03 4.265602e-01
8.080808e-01 6.767677e-01 4.163615e-01 -5.971819e-03 4.223333e-01
8.181818e-01 6.767677e-01 4.121770e-01 -5.971879e-03 4.181489e-01
8.282828e-01 6.767677e-01 4.080346e-01 -5.971700e-03 4.140063e-01
8.383838e-01 6.767677e-01 4.039338e-01 -5.971551e-03 4.099053e-01
8.484848e-01 6.767677e-01 3.998742e-01 -5.971581e-03 4.058457e-01
8.585859e-01 6.767677e-01 3.958554e-01 -5.971879e-03 4.018272e-01
8.686869e-01 6.767677e-01 3.918769e-01 -5.971432e-03 3.978484e-01
8.787879e-01 6.767677e-01 3.879385e-01 -5.971044e-03 3.939096e-01
8.888889e-01 6.767677e-01 3.840397e-01 -5.970538e-03 3.900102e-01
8.989899e-01 6.767677e-01 3.801800e-01 -5.970329e-03 3.861503e-01
9.090909e-01 6.767677e-01 3.763591e-01 -5.970478e-03 3.823296e-01
9.191919e-01 6.767677e-01 3.725767e-01 -5.970418e-03 3.785471e-01
9.292929e-01 6.767677e-01 3.688322e-01 -5.970597e-03 3.748028e-01
9.393939e-01 6.767677e-01 3.651254e-01 -5.970210e-03 3.710956e-01
9.494949e-01 6.767677e-01 3.614558e-01 -5.970120e-03 3.674259e-01
9.595960e-01 6.767677e-01 3.578231e-01 -5.969673e-03 3.637928e-01
9.696970e-01 6.767677e-01 3.542269e-01 -5.969495e-03 3.601964e-01
9.797980e-01 6.767677e-01 3.506669e-01 -5.969137e-03 3.566360e-01
9.898990e-01 6.767677e-01 3.471426e-01 -5.969077e-03 3.531117e-01
1.000000e+00 6.767677e-01 3.436538e-01 -5.968928e-03 3.496227e-01
0.000000e+00 6.868687e-01 -9.788024e-01 -5.959302e-03 9.728431e-01
1.010101e-02 6.868687e-01 -9.689653e-01 -5.960017e-03 9.630053e-01
2.020202e-02 6.868687e-01 -9.592271e-01 -5.960792e-03 9.532663e-01
3.030303e-02 6.868687e-01 -9.495867e-01 -5.960792e-03 9.436259e-01
4.040404e-02 6.868687e-01 -9.400432e-01 -5.961299e-03 9.340819e-01
5.050505e-02 6.868687e-01 -9.305956e-01 -5.962133e-03 9.246334e-01
6.060606e-02 6.868687e-01 -9.212429e-01 -5.962402e-03 9.152805e-01
7.070707e-02 6.868687e-01 -9.119843e-01 -5.963355e-03 9.060209e-01
8.080808e-02 6.868687e-01 -9.028187e-01 -5.963594e-03 8.968551e-01
9.090909e-02 6.868687e-01 -8.937452e-01 -5.963892e-03 8.877813e-01
1.010101e-01 6.868687e-01 -8.847629e-01 -5.964398e-03 8.787985e-01
1.111111e-01 6.868687e-01 -8.758709e-01 -5.965561e-03 8.699054e-01
1.212121e-01 6.868687e-01 -8.670683e-01 -5.966038e-03 8.611022e-01
1.313131e-01 6.868687e-01 -8.583541e-01 -5.966723e-03 8.523874e-01
1.414141e-01 6.868687e-01 -8.497275e-01 -5.966872e-03 8.437606e-01
1.515152e-01 6.868687e-01 -8.411876e-01 -5.967170e-03 8.352204e-01
1.616162e-01 6.868687e-01 -8.327335e-01 -5.967647e-03 8.267659e-01
1.717172e-01 6.868687e-01 -8.243644e-01 -5.968064e-03 8.183963e-01
1.818182e-01 6.868687e-01 -8.160794e-01 -5.968839e-03 8.101106e-01
1.919192e-01 6.868687e-01 -8.078777e-01 -5.969197e-03 8.019085e-01
2.020202e-01 6.868687e-01 -7.997584e-01 -5.969346e-03 7.937890e-01
2.121212e-01 6.868687e-01 -7.917207e-01 -5.970269e-03 7.857504e-01
2.222222e-01 6.868687e-01 -7.837637e-01 -5.970061e-03 7.777937e-01
2.323232e-01 6.868687e-01 -7.758868e-01 -5.970299e-03 7.699165e-01
2.424242e-01 6.868687e-01 -7.680890e-01 -5.970687e-03 7.621183e-01
2.525253e-01 6.868687e-01 -7.603696e-01 -5.971402e-03 7.543982e-01
2.626263e-01 6.868687e-01 -7.527277e-01 -5.971432e-03 7.467563e-01
2.727273e-01 6.868687e-01 -7.451627e-01 -5.972058e-03 7.391906e-01
2.828283e-01 6.868687e-01 -7.376737e-01 -5.972028e-03 7.317016e-01
2.929293e-01 6.868687e-01 -7.302599e-01 -5.972624e-03 7.242873e-01
3.030303e-01 6.868687e-01 -7.229207e-01 -5.972356e-03 7.169483e-01
3.131313e-01 6.868687e-01 -7.156552e-01 -5.972922e-03 7.096823e-01
3.232323e-01 6.868687e-01 -7.084628e-01 -5.973697e-03 7.024891e-01
3.333333e-01 6.868687e-01 -7.013426e-01 -5.973250e-03 6.953693e-01
3.434343e-01 6.868687e-01 -6.942940e-01 -5.973488e-03 6.883205e-01
3.535354e-01 6.868687e-01 -6.873162e-01 -5.973876e-03 6.813423e-01
3.636364e-01 6.868687e-01 -6.804086e-01 -5.974472e-03 6.744341e-01
3.737374e-01 6.868687e-01 -6.735704e-01 -5.974501e-03 6.675959e-01
3.838384e-01 6.868687e-01 -6.668009e-01 -5.974382e-03 6.608265e-01
3.939394e-01 6.868687e-01 -6.600994e-01 -5.974591e-03 6.541248e-01
4.040404e-01 6.868687e-01 -6.534653e-01 -5.975217e-03 6.474901e-01
4.141414e-01 6.868687e-01 -6.468979e-01 -5.975544e-03 6.409223e-01
4.242424e-01 6.868687e-01 -6.403964e-01 -5.975813e-03 6.344206e-01
4.343434e-01 6.868687e-01 -6.339603e-01 -5.975932e-03 6.279844e-01
4.444444e-01 6.868687e-01 -6.275889e-01 -5.975932e-03 6.216130e-01
4.545455e-01 6.868687e-01 -6.212816e-01 -5.975932e-03 6.153056e-01
4.646465e-01 6.868687e-01 -6.150376e-01 -5.976021e-03 6.090616e-01
4.747475e-01 6.868687e-01 -6.088563e-01 -5.976498e-03 6.028798e-01
4.848485e-01 6.868687e-01 -6.027372e-01 -5.976856e-03 5.967604e-01
4.949495e-01 6.868687e-01 -5.966796e-01 -5.976230e-03 5.907034e-01
5.050505e-01 6.868687e-01 -5.906829e-01 -5.977005e-03 5.847059e-01
5.151515e-01 6.868687e-01 -5.847464e-01 -5.977094e-03 5.787693e-01
5.252525e-01 6.868687e-01 -5.788696e-01 -5.977690e-03 5.728919e-01
5.353535e-01 6.868687e-01 -5.730519e-01 -5.976945e-03 5.670750e-01
5.454545e-01 6.868687e-01 -5.672926e-01 -5.977482e-03 5.613152e-01
5.555556e-01 6.868687e-01 -5.615913e-01 -5.977482e-03 5.556138e-01
5.656566e-01 6.868687e-01 -5.559472e-01 -5.977541e-03 5.499696e-01
5.757576e-01 6.868687e-01 -5.503598e-01 -5.978256e-03 5.443815e-01
5.858586e-01 6.868687e-01 -5.448286e-01 -5.978048e-03 5.388505e-01
5.959596e-01 6.868687e-01 -5.393530e-01 -5.978495e-03 5.333745e-01
6.060606e-01 6.868687e-01 -5.339324e-01 -5.978376e-03 5.279540e-01
6.161616e-01 6.868687e-01 -5.285663e-01 -5.978137e-03 5.225881e-01
6.262626e-01 6.868687e-01 -5.232541e-01 -5.978197e-03 5.172759e-01
6.363636e-01 6.868687e-01 -5.179953e-01 -5.977839e-03 5.120175e-01
6.464646e-01 6.868687e-01 -5.127894e-01 -5.978435e-03 5.068109e-01
6.565657e-01 6.868687e-01 -5.076358e-01 -5.978376e-03 5.016574e-01
6.666667e-01 6.868687e-01 -5.025339e-01 -5.977958e-03 4.965560e-01
6.767677e-01 6.868687e-01 -4.974834e-01 -5.978554e-03 4.915048e-01
6.868687e-01 6.868687e-01 -4.924836e-01 -5.978525e-03 4.865051e-01
6.969697e-01 6.868687e-01 -4.875340e-01 -5.978286e-03 4.815558e-01
7.070707e-01 6.868687e-01 -4.826343e-01 -5.978614e-03 4.766556e-01
7.171717e-01 6.868687e-01 -4.777837e-01 -5.978167e-03 4.718055e-01
7.272727e-01 6.868687e-01 -4.729819e-01 -5.978227e-03 4.670037e-01
7.373737e-01 6.868687e-01 -4.682283e-01 -5.977899e-03 4.622504e-01
7.474747e-01 6.868687e-01 -4.635226e-01 -5.978197e-03 4.575444e-01
7.575758e-01 6.868687e-01 -4.588641e-01 -5.977958e-03 4.528861e-01
7.676768e-01 6.868687e-01 -4.542524e-01 -5.978018e-03 4.482744e-01
7.777778e-01 6.868687e-01 -4.496871e-01 -5.978078e-03 4.437090e-01
7.878788e-01 6.868687e-01 -4.451677e-01 -5.977601e-03 4.391901e-01
7.979798e-01 6.868687e-01 -4.406937e-01 -5.977362e-03 4.347163e-01
8.080808e-01 6.868687e-01 -4.362646e-01 -5.977154e-03 4.302875e-01
8.181818e-01 6.868687e-01 -4.318801e-01 -5.977601e-03 4.259025e-01
8.282828e-01 6.868687e-01 -4.275396e-01 -5.977064e-03 4.215626e-01
8.383838e-01 6.868687e-01 -4.232428e-01 -5.977124e-03 4.172657e-01
8.484848e-01 6.868687e-01 -4.189891e-01 -5.977184e-03 4.130119e-01
8.585859e-01 6.868687e-01 -4.147782e-01 -5.977362e-03 4.088009e-01
8.686869e-01 6.868687e-01 -4.106096e-01 -5.976945e-03 4.046327e-01
8.787879e-01 6.868687e-01 -4.064829e-01 -5.976588e-03 4.005063e-01
8.888889e-01 6.868687e-01 -4.023977e-01 -5.975753e-03 3.964220e-01
8.989899e-01 6.868687e-01 -3.983536e-01 -5.976051e-03 3.923775e-01
9.090909e-01 6.868687e-01 -3.943500e-01 -5.975515e-03 3.883745e-01
9.191919e-01 6.868687e-01 -3.903867e-01 -5.975604e-03 3.844111e-01
9.292929e-01 6.868687e-01 -3.864633e-01 -5.975395e-03 3.804879e-01
9.393939e-01 6.868687e-01 -3.825793e-01 -5.975395e-03 3.766039e-01
9.494949e-01 6.868687e-01 -3.787343e-01 -5.975187e-03 3.727591e-01
9.595960e-01 6.868687e-01 -3.749279e-01 -5.974799e-03 3.689531e-01
9.696970e-01 6.868687e-01 -3.711599e-01 -5.975068e-03 3.651848e-01
9.797980e-01 6.868687e-01 -3.674296e-01 -5.974382e-03 3.614553e-01
9.898990e-01 6.868687e-01 -3.637369e-01 -5.974025e-03 3.577629e-01
1.000000e+00 6.868687e-01 -3.600813e-01 -5.973846e-03 3.541075e-01
0.000000e+00 6.969697e-01 9.988673e-01 -5.969018e-03 1.004836e+00
1.010101e-02 6.969697e-01 9.888286e-01 -5.969673e-03 9.947982e-01
2.020202e-02 6.969697e-01 9.788907e-01 -5.970508e-03 9.848612e-01
3.030303e-02 6.969697e-01 9.690527e-01 -5.970985e-03 9.750236e-01
4.040404e-02 6.969697e-01 9.593135e-01 -5.971700e-03 9.652852e-01
5.050505e-02 6.969697e-01 9.496723e-01 -5.971909e-03 9.556442e-01
6.060606e-02 6.969697e-01 9.401279e-01 -5.972117e-03 9.461000e-01
7.070707e-02 6.969697e-01 9.306794e-01 -5.972475e-03 9.366519e-01
8.080808e-02 6.969697e-01 9.213260e-01 -5.972862e-03 9.272988e-01
9.090909e-02 6.969697e-01 9.120665e-01 -5.974054e-03 9.180405e-01
1.010101e-01 6.969697e-01 9.029001e-01 -5.973965e-03 9.088740e-01
1.111111e-01 6.969697e-01 8.938258e-01 -5.974323e-03 8.998001e-01
1.212121e-01 6.969697e-01 8.848427e-01 -5.975306e-03 8.908180e-01
1.313131e-01 6.969697e-01 8.759499e-01 -5.975038e-03 8.819249e-01
1.414141e-01 6.969697e-01 8.671464e-01 -5.976051e-03 8.731225e-01
1.515152e-01 6.969697e-01 8.584314e-01 -5.975932e-03 8.644074e-01
1.616162e-01 6.969697e-01 8.498041e-01 -5.976796e-03 8.557809e-01
1.717172e-01 6.969697e-01 8.412634e-01 -5.977005e-03 8.472404e-01
1.818182e-01 6.969697e-01 8.328086e-01 -5.977720e-03 8.387863e-01
1.919192e-01 6.969697e-01 8.244387e-01 -5.977899e-03 8.304166e-01
2.020202e-01 6.969697e-01 8.161529e-01 -5.977988e-03 8.221309e-01
2.121212e-01 6.969697e-01 8.079505e-01 -5.978435e-03 8.139289e-01
2.222222e-01 6.969697e-01 7.998304e-01 -5.978614e-03 8.058091e-01
2.323232e-01 6.969697e-01 7.917920e-01 -5.978733e-03 7.977707e-01
2.424242e-01 6.969697e-01 7.838344e-01 -5.979359e-03 7.898137e-01
2.525253e-01 6.969697e-01 7.759567e-01 -5.979687e-03 7.819364e-01
2.626263e-01 6.969697e-01 7.681582e-01 -5.979389e-03 7.741376e-01
2.727273e-01 6.969697e-01 7.604381e-01 -5.979747e-03 7.664178e-01
2.828283e-01 6.969697e-01 7.527956e-01 -5.980402e-03 7.587760e-01
2.929293e-01 6.969697e-01 7.452298e-01 -5.980402e-03 7.512102e-01
3.030303e-01 6.969697e-01 7.377402e-01 -5.980581e-03 7.437207e-01
3.131313e-01 6.969697e-01 7.303257e-01 -5.981088e-03 7.363068e-01
3.232323e-01 6.969697e-01 7.229859e-01 -5.981386e-03 7.289672e-01
3.333333e-01 6.969697e-01 7.157197e-01 -5.981594e-03 7.217013e-01
3.434343e-01 6.969697e-01 7.085266e-01 -5.981892e-03 7.145085e-01
3.535354e-01 6.969697e-01 7.014058e-01 -5.981505e-03 7.073873e-01
3.636364e-01 6.969697e-01 6.943566e-01 -5.981773e-03 7.003383e-01
3.737374e-01 6.969697e-01 6.873782e-01 -5.982488e-03 6.933607e-01
3.838384e-01 6.969697e-01 6.804699e-01 -5.982369e-03 6.864523e-01
3.939394e-01 6.969697e-01 6.736311e-01 -5.982250e-03 6.796133e-01
4.040404e-01 6.969697e-01 6.668610e-01 -5.982935e-03 6.728439e-01
4.141414e-01 6.969697e-01 6.601589e-01 -5.983144e-03 6.661420e-01
4.242424e-01 6.969697e-01 6.535242e-01 -5.983084e-03 6.595073e-01
4.343434e-01 6.969697e-01 6.469562e-01 -5.983025e-03 6.529392e-01
4.444444e-01 6.969697e-01 6.404541e-01 -5.983204e-03 6.464374e-01
4.545455e-01 6.969697e-01 6.340175e-01 -5.983740e-03 6.400012e-01
4.646465e-01 6.969697e-01 6.276455e-01 -5.983531e-03 6.336290e-01
4.747475e-01 6.969697e-01 6.213376e-01 -5.983204e-03 6.273208e-01
4.848485e-01 6.969697e-01 6.150930e-01 -5.983979e-03 6.210770e-01
4.949495e-01 6.969697e-01 6.089112e-01 -5.984157e-03 6.148954e-01
5.050505e-01 6.969697e-01 6.027916e-01 -5.984038e-03 6.087756e-01
5.151515e-01 6.969697e-01 5.967334e-01 -5.983859e-03 6.027173e-01
5.252525e-01 6.969697e-01 5.907361e-01 -5.984038e-03 5.967202e-01
5.353535e-01 6.969697e-01 5.847991e-01 -5.984008e-03 5.907832e-01
5.454545e-01 6.969697e-01 5.789218e-01 -5.984634e-03 5.849064e-01
5.555556e-01 6.969697e-01 5.731036e-01 -5.984336e-03 5.790879e-01
5.656566e-01 6.969697e-01 5.673438e-01 -5.984694e-03 5.733285e-01
5.757576e-01 6.969697e-01 5.616419e-01 -5.984336e-03 5.676262e-01
5.858586e-01 6.969697e-01 5.559973e-01 -5.984277e-03 5.619815e-01
5.959596e-01 6.969697e-01 5.504094e-01 -5.984515e-03 5.563939e-01
6.060606e-01 6.969697e-01 5.448777e-01 -5.984604e-03 5.508623e-01
6.161616e-01 6.969697e-01 5.394016e-01 -5.985171e-03 5.453868e-01
6.262626e-01 6.969697e-01 5.339805e-01 -5.985022e-03 5.399655e-01
6.363636e-01 6.969697e-01 5.286139e-01 -5.984426e-03 5.345983e-01
6.464646e-01 6.969697e-01 5.233013e-01 -5.984396e-03 5.292857e-01
6.565657e-01 6.969697e-01 5.180420e-01 -5.984634e-03 5.240266e-01
6.666667e-01 6.969697e-01 5.128356e-01 -5.984604e-03 5.188202e-01
6.767677e-01 6.969697e-01 5.076815e-01 -5.984694e-03 5.136662e-01
6.868687e-01 6.969697e-01 5.025792e-01 -5.984545e-03 5.085638e-01
6.969697e-01 6.969697e-01 4.975282e-01 -5.984157e-03 5.035124e-01
7.070707e-01 6.969697e-01 4.925280e-01 -5.984247e-03 4.985122e-01
7.171717e-01 6.969697e-01 4.875780e-01 -5.984455e-03 4.935624e-01
7.272727e-01 6.969697e-01 4.826778e-01 -5.984336e-03 4.886621e-01
7.373737e-01 6.969697e-01 4.778268e-01 -5.984187e-03 4.838109e-01
7.474747e-01 6.969697e-01 4.730245e-01 -5.984098e-03 4.790086e-01
7.575758e-01 6.969697e-01 4.682705e-01 -5.984038e-03 4.742546e-01
7.676768e-01 6.969697e-01 4.635643e-01 -5.984008e-03 4.695484e-01
7.777778e-01 6.969697e-01 4.589055e-01 -5.984157e-03 4.648896e-01
7.878788e-01 6.969697e-01 4.542934e-01 -5.983621e-03 4.602770e-01
7.979798e-01 6.969697e-01 4.497277e-01 -5.983263e-03 4.557109e-01
8.080808e-01 6.969697e-01 4.452078e-01 -5.983621e-03 4.511914e-01
8.181818e-01 6.969697e-01 4.407334e-01 -5.983263e-03 4.467167e-01
8.282828e-01 6.969697e-01 4.363040e-01 -5.983025e-03 4.422870e-01
8.383838e-01 6.969697e-01 4.319190e-01 -5.982935e-03 4.379020e-01
8.484848e-01 6.969697e-01 4.275782e-01 -5.982429e-03 4.335606e-01
8.585859e-01 6.969697e-01 4.232809e-01 -5.982906e-03 4.292638e-01
8.686869e-01 6.969697e-01 4.190269e-01 -5.982578e-03 4.250095e-01
8.787879e-01 6.969697e-01 4.148156e-01 -5.982071e-03 4.207977e-01
8.888889e-01 6.969697e-01 4.106466e-01 -5.981624e-03 4.166283e-01
8.989899e-01 6.969697e-01 4.065196e-01 -5.981535e-03 4.125011e-01
9.090909e-01 6.969697e-01 4.024340e-01 -5.981117e-03 4.084151e-01
9.191919e-01 6.969697e-01 3.983895e-01 -5.981177e-03 4.043706e-01
9.292929e-01 6.969697e-01 3.943856e-01 -5.980611e-03 4.003662e-01
9.393939e-01 6.969697e-01 3.904219e-01 -5.980432e-03 3.964024e-01
9.494949e-01 6.969697e-01 3.864981e-01 -5.980343e-03 3.924785e-01
9.595960e-01 6.969697e-01 3.826138e-01 -5.980343e-03 3.885941e-01
9.696970e-01 6.969697e-01 3.787684e-01 -5.980104e-03 3.847485e-01
9.797980e-01 6.969697e-01 3.749617e-01 -5.979627e-03 3.809414e-01
9.898990e-01 6.969697e-01 3.711933e-01 -5.979806e-03 3.771731e-01
1.000000e+00 6.969697e-01 3.674628e-01 -5.978853e-03 3.734416e-01
0.000000e+00 7.070707e-01 -9.938385e-01 -5.979091e-03 9.878594e-01
1.010101e-02 7.070707e-01 -9.838502e-01 -5.979329e-03 9.778709e-01
2.020202e-02 7.070707e-01 -9.739624e-01 -5.980343e-03 9.679820e-01
3.030303e-02 7.070707e-01 -9.641739e-01 -5.980641e-03 9.581932e-01
4.040404e-02 7.070707e-01 -9.544838e-01 -5.981326e-03 9.485024e-01
5.050505e-02 7.070707e-01 -9.448911e-01 -5.981117e-03 9.389099e-01
6.060606e-02 7.070707e-01 -9.353947e-01 -5.981952e-03 9.294128e-01
7.070707e-02 7.070707e-01 -9.259939e-01 -5.982131e-03 9.200117e-01
8.080808e-02 7.070707e-01 -9.166875e-01 -5.982667e-03 9.107048e-01
9.090909e-02 7.070707e-01 -9.074746e-01 -5.982786e-03 9.014918e-01
1.010101e-01 7.070707e-01 -8.983543e-01 -5.983293e-03 8.923710e-01
1.111111e-01 7.070707e-01 -8.893257e-01 -5.983651e-03 8.833421e-01
1.212121e-01 7.070707e-01 -8.803879e-01 -5.983680e-03 8.744042e-01
1.313131e-01 7.070707e-01 -8.715398e-01 -5.984008e-03 8.655558e-01
1.414141e-01 7.070707e-01 -8.627807e-01 -5.984545e-03 8.567962e-01
1.515152e-01 7.070707e-01 -8.541096e-01 -5.985200e-03 8.481244e-01
1.616162e-01 7.070707e-01 -8.455257e-01 -5.985647e-03 8.395400e-01
1.717172e-01 7.070707e-01 -8.370280e-01 -5.986214e-03 8.310418e-01
1.818182e-01 7.070707e-01 -8.286157e-01 -5.986720e-03 8.226290e-01
1.919192e-01 7.070707e-01 -8.202880e-01 -5.986392e-03 8.143016e-01
2.020202e-01 7.070707e-01 -8.120440e-01 -5.986542e-03 8.060574e-01
2.121212e-01 7.070707e-01 -8.038828e-01 -5.986720e-03 7.978961e-01
2.222222e-01 7.070707e-01 -7.958036e-01 -5.986840e-03 7.898168e-01
2.323232e-01 7.070707e-01 -7.878057e-01 -5.986840e-03 7.818188e-01
2.424242e-01 7.070707e-01 -7.798881e-01 -5.987257e-03 7.739008e-01
2.525253e-01 7.070707e-01 -7.720501e-01 -5.987525e-03 7.660626e-01
2.626263e-01 7.070707e-01 -7.642909e-01 -5.987734e-03 7.583031e-01
2.727273e-01 7.070707e-01 -7.566096e-01 -5.988151e-03 7.506215e-01
2.828283e-01 7.070707e-01 -7.490056e-01 -5.988151e-03 7.430174e-01
2.929293e-01 7.070707e-01 -7.414779e-01 -5.988926e-03 7.354890e-01
3.030303e-01 7.070707e-01 -7.340259e-01 -5.989194e-03 7.280368e-01
3.131313e-01 7.070707e-01 -7.266489e-01 -5.988985e-03 7.206599e-01
3.232323e-01 7.070707e-01 -7.193459e-01 -5.988926e-03 7.133570e-01
3.333333e-01 7.070707e-01 -7.121164e-01 -5.989522e-03 7.061269e-01
3.434343e-01 7.070707e-01 -7.049595e-01 -5.989522e-03 6.989700e-01
3.535354e-01 7.070707e-01 -6.978745e-01 -5.989671e-03 6.918849e-01
3.636364e-01 7.070707e-01 -6.908608e-01 -5.989850e-03 6.848709e-01
3.737374e-01 7.070707e-01 -6.839175e-01 -5.990088e-03 6.779274e-01
3.838384e-01 7.070707e-01 -6.770440e-01 -5.989909e-03 6.710541e-01
3.939394e-01 7.070707e-01 -6.702396e-01 -5.990058e-03 6.642496e-01
4.040404e-01 7.070707e-01 -6.635036e-01 -5.989879e-03 6.575137e-01
4.141414e-01 7.070707e-01 -6.568353e-01 -5.990386e-03 6.508449e-01
4.242424e-01 7.070707e-01 -6.502340e-01 -5.990416e-03 6.442436e-01
4.343434e-01 7.070707e-01 -6.436990e-01 -5.990595e-03 6.377084e-01
4.444444e-01 7.070707e-01 -6.372297e-01 -5.990475e-03 6.312393e-01
4.545455e-01 7.070707e-01 -6.308255e-01 -5.990714e-03 6.248348e-01
4.646465e-01 7.070707e-01 -6.244856e-01 -5.990714e-03 6.184949e-01
4.747475e-01 7.070707e-01 -6.182094e-01 -5.990565e-03 6.122188e-01
4.848485e-01 7.070707e-01 -6.119963e-01 -5.990893e-03 6.060054e-01
4.949495e-01 7.070707e-01 -6.058456e-01 -5.991071e-03 5.998545e-01
5.050505e-01 7.070707e-01 -5.997568e-01 -5.990863e-03 5.937659e-01
5.151515e-01 7.070707e-01 -5.937291e-01 -5.990893e-03 5.877382e-01
5.252525e-01 7.070707e-01 -5.877620e-01 -5.990833e-03 5.817712e-01
5.353535e-01 7.070707e-01 -5.818549e-01 -5.991161e-03 5.758638e-01
5.454545e-01 7.070707e-01 -5.760072e-01 -5.991012e-03 5.700162e-01
5.555556e-01 7.070707e-01 -5.702182e-01 -5.991131e-03 5.642271e-01
5.656566e-01 7.070707e-01 -5.644874e-01 -5.990952e-03 5.584965e-01
5.757576e-01 7.070707e-01 -5.588142e-01 -5.990922e-03 5.528233e-01
5.858586e-01 7.070707e-01 -5.531981e-01 -5.991280e-03 5.472068e-01
5.959596e-01 7.070707e-01 -5.476383e-01 -5.991668e-03 5.416467e-01
6.060606e-01 7.070707e-01 -5.421345e-01 -5.990833e-03 5.361436e-01
6.161616e-01 7.070707e-01 -5.366859e-01 -5.991310e-03 5.306946e-01
6.262626e-01 7.070707e-01 -5.312921e-01 -5.991608e-03 5.253005e-01
6.363636e-01 7.070707e-01 -5.259526e-01 -5.990952e-03 5.199616e-01
6.464646e-01 7.070707e-01 -5.206667e-01 -5.990416e-03 5.146762e-01
6.565657e-01 7.070707e-01 -5.154339e-01 -5.991161e-03 5.094427e-01
6.666667e-01 7.070707e-01 -5.102537e-01 -5.990952e-03 5.042627e-01
6.767677e-01 7.070707e-01 -5.051255e-01 -5.991101e-03 4.991344e-01
6.868687e-01 7.070707e-01 -5.000490e-01 -5.991012e-03 4.940579e-01
6.969697e-01 7.070707e-01 -4.950234e-01 -5.990654e-03 4.890327e-01
7.070707e-01 7.070707e-01 -4.900483e-01 -5.990416e-03 4.840579e-01
7.171717e-01 7.070707e-01 -4.851232e-01 -5.990297e-03 4.791329e-01
7.272727e-01 7.070707e-01 -4.802477e-01 -5.990207e-03 4.742575e-01
7.373737e-01 7.070707e-01 -4.754211e-01 -5.990416e-03 4.694307e-01
7.474747e-01 7.070707e-01 -4.706430e-01 -5.990416e-03 4.646526e-01
7.575758e-01 7.070707e-01 -4.659130e-01 -5.989879e-03 4.599231e-01
7.676768e-01 7.070707e-01 -4.612305e-01 -5.989760e-03 4.552407e-01
7.777778e-01 7.070707e-01 -4.565951e-01 -5.989730e-03 4.506053e-01
7.878788e-01 7.070707e-01 -4.520062e-01 -5.989641e-03 4.460166e-01
7.979798e-01 7.070707e-01 -4.474635e-01 -5.989283e-03 4.414742e-01
8.080808e-01 7.070707e-01 -4.429664e-01 -5.989820e-03 4.369766e-01
8.181818e-01 7.070707e-01 -4.385145e-01 -5.989164e-03 4.325253e-01
8.282828e-01 7.070707e-01 -4.341074e-01 -5.988955e-03 4.281184e-01
8.383838e-01 7.070707e-01 -4.297445e-01 -5.988687e-03 4.237558e-01
8.484848e-01 7.070707e-01 -4.254255e-01 -5.988389e-03 4.194371e-01
8.585859e-01 7.070707e-01 -4.211499e-01 -5.988121e-03 4.151618e-01
8.686869e-01 7.070707e-01 -4.169173e-01 -5.987942e-03 4.109293e-01
8.787879e-01 7.070707e-01 -4.127272e-01 -5.987674e-03 4.067395e-01
8.888889e-01 7.070707e-01 -4.085792e-01 -5.987436e-03 4.025918e-01
8.989899e-01 7.070707e-01 -4.044729e-01 -5.987257e-03 3.984857e-01
9.090909e-01 7.070707e-01 -4.004079e-01 -5.986363e-03 3.944215e-01
9.191919e-01 7.070707e-01 -3.963837e-01 -5.986273e-03 3.903975e-01
9.292929e-01 7.070707e-01 -3.924000e-01 -5.986243e-03 3.864138e-01
9.393939e-01 7.070707e-01 -3.884563e-01 -5.985647e-03 3.824707e-01
9.494949e-01 7.070707e-01 -3.845523e-01 -5.985647e-03 3.785666e-01
9.595960e-01 7.070707e-01 -3.806875e-01 -5.985498e-03 3.747020e-01
9.696970e-01 7.070707e-01 -3.768615e-01 -5.985558e-03 3.708759e-01
9.797980e-01 7.070707e-01 -3.730740e-01 -5.984873e-03 3.670891e-01
9.898990e-01 7.070707e-01 -3.693245e-01 -5.984724e-03 3.633398e-01
1.000000e+00 7.070707e-01 -3.656127e-01 -5.984515e-03 3.596282e-01
0.000000e+00 7.171717e-01 9.638422e-01 -5.988896e-03 9.698311e-01
1.010101e-02 7.171717e-01 9.541554e-01 -5.989105e-03 9.601445e-01
2.020202e-02 7.171717e-01 9.445660e-01 -5.989790e-03 9.505558e-01
3.030303e-02 7.171717e-01 9.350729e-01 -5.990595e-03 9.410635e-01
4.040404e-02 7.171717e-01 9.256753e-01 -5.990237e-03 9.316655e-01
5.050505e-02 7.171717e-01 9.163721e-01 -5.990446e-03 9.223625e-01
6.060606e-02 7.171717e-01 9.071624e-01 -5.991518e-03 9.131539e-01
7.070707e-02 7.171717e-01 8.980453e-01 -5.991459e-03 9.040367e-01
8.080808e-02 7.171717e-01 8.890198e-01 -5.991489e-03 8.950113e-01
9.090909e-02 7.171717e-01 8.800850e-01 -5.991846e-03 8.860768e-01
1.010101e-01 7.171717e-01 8.712400e-01 -5.992234e-03 8.772322e-01
1.111111e-01 7.171717e-01 8.624839e-01 -5.992413e-03 8.684763e-01
1.212121e-01 7.171717e-01 8.538158e-01 -5.993038e-03 8.598088e-01
1.313131e-01 7.171717e-01 8.452348e-01 -5.992979e-03 8.512277e-01
1.414141e-01 7.171717e-01 8.367400e-01 -5.993187e-03 8.427332e-01
1.515152e-01 7.171717e-01 8.283306e-01 -5.994111e-03 8.343247e-01
1.616162e-01 7.171717e-01 8.200058e-01 -5.994201e-03 8.260000e-01
1.717172e-01 7.171717e-01 8.117646e-01 -5.994827e-03 8.177594e-01
1.818182e-01 7.171717e-01 8.036062e-01 -5.994231e-03 8.096004e-01
1.919192e-01 7.171717e-01 7.955298e-01 -5.994827e-03 8.015247e-01
2.020202e-01 7.171717e-01 7.875346e-01 -5.995184e-03 7.935298e-01
2.121212e-01 7.171717e-01 7.796198e-01 -5.995393e-03 7.856152e-01
2.222222e-01 7.171717e-01 7.717845e-01 -5.994946e-03 7.777794e-01
2.323232e-01 7.171717e-01 7.640279e-01 -5.995363e-03 7.700233e-01
2.424242e-01 7.171717e-01 7.563493e-01 -5.995542e-03 7.623448e-01
2.525253e-01 7.171717e-01 7.487479e-01 -5.995691e-03 7.547436e-01
2.626263e-01 7.171717e-01 7.412228e-01 -5.995601e-03 7.472184e-01
2.727273e-01 7.171717e-01 7.337734e-01 -5.996495e-03 7.397699e-01
2.828283e-01 7.171717e-01 7.263989e-01 -5.996406e-03 7.323953e-01
2.929293e-01 7.171717e-01 7.190984e-01 -5.996525e-03 7.250950e-01
3.030303e-01 7.171717e-01 7.118714e-01 -5.996495e-03 7.178679e-01
3.131313e-01 7.171717e-01 7.047169e-01 -5.996913e-03 7.107139e-01
3.232323e-01 7.171717e-01 6.976344e-01 -5.996853e-03 7.036313e-01
3.333333e-01 7.171717e-01 6.906231e-01 -5.997092e-03 6.966202e-01
3.434343e-01 7.171717e-01 6.836822e-01 -5.996794e-03 6.896790e-01
3.535354e-01 7.171717e-01 6.768111e-01 -5.997211e-03 6.828083e-01
3.636364e-01 7.171717e-01 6.700090e-01 -5.997509e-03 6.760065e-01
3.737374e-01 7.171717e-01 6.632753e-01 -5.996674e-03 6.692720e-01
3.838384e-01 7.171717e-01 6.566093e-01 -5.997390e-03 6.626067e-01
3.939394e-01 7.171717e-01 6.500103e-01 -5.997509e-03 6.560078e-01
4.040404e-01 7.171717e-01 6.434776e-01 -5.998015e-03 6.494756e-01
4.141414e-01 7.171717e-01 6.370105e-01 -5.997747e-03 6.430082e-01
4.242424e-01 7.171717e-01 6.306084e-01 -5.997688e-03 6.366061e-01
4.343434e-01 7.171717e-01 6.242707e-01 -5.997986e-03 6.302687e-01
4.444444e-01 7.171717e-01 6.179967e-01 -5.997747e-03 6.239944e-01
4.545455e-01 7.171717e-01 6.117857e-01 -5.997568e-03 6.177833e-01
4.646465e-01 7.171717e-01 6.056372e-01 -5.997628e-03 6.116348e-01
4.747475e-01 7.171717e-01 5.995504e-01 -5.998015e-03 6.055484e-01
4.848485e-01 7.171717e-01 5.935248e-01 -5.997926e-03 5.995228e-01
4.949495e-01 7.171717e-01 5.875598e-01 -5.997211e-03 5.935570e-01
5.050505e-01 7.171717e-01 5.816547e-01 -5.998194e-03 5.876529e-01
5.151515e-01 7.171717e-01 5.758090e-01 -5.997717e-03 5.818067e-01
5.252525e-01 7.171717e-01 5.700220e-01 -5.997688e-03 5.760197e-01
5.353535e-01 7.171717e-01 5.642932e-01 -5.997926e-03 5.702911e-01
5.454545e-01 7.171717e-01 5.586220e-01 -5.997986e-03 5.646200e-01
5.555556e-01 7.171717e-01 5.530077e-01 -5.997598e-03 5.590053e-01
5.656566e-01 7.171717e-01 5.474499e-01 -5.998045e-03 5.534480e-01
5.757576e-01 7.171717e-01 5.419480e-01 -5.998015e-03 5.479460e-01
5.858586e-01 7.171717e-01 5.365013e-01 -5.997568e-03 5.424989e-01
5.959596e-01 7.171717e-01 5.311094e-01 -5.997658e-03 5.371070e-01
6.060606e-01 7.171717e-01 5.257716e-01 -5.997390e-03 5.317690e-01
6.161616e-01 7.171717e-01 5.204875e-01 -5.997390e-03 5.264849e-01
6.262626e-01 7.171717e-01 5.152565e-01 -5.997211e-03 5.212538e-01
6.363636e-01 7.171717e-01 5.100781e-01 -5.997181e-03 5.160753e-01
6.464646e-01 7.171717e-01 5.049518e-01 -5.997598e-03 5.109494e-01
6.565657e-01 7.171717e-01 4.998769e-01 -5.997092e-03 5.058740e-01
6.666667e-01 7.171717e-01 4.948531e-01 -5.997151e-03 5.008502e-01
6.767677e-01 7.171717e-01 4.898797e-01 -5.996913e-03 4.958766e-01
6.868687e-01 7.171717e-01 4.849563e-01 -5.996794e-03 4.909531e-01
6.969697e-01 7.171717e-01 4.800824e-01 -5.996585e-03 4.860790e-01
7.070707e-01 7.171717e-01 4.752575e-01 -5.996257e-03 4.812538e-01
7.171717e-01 7.171717e-01 4.704811e-01 -5.996525e-03 4.764776e-01
7.272727e-01 7.171717e-01 4.657527e-01 -5.996138e-03 4.717488e-01
7.373737e-01 7.171717e-01 4.610718e-01 -5.996406e-03 4.670682e-01
7.474747e-01 7.171717e-01 4.564380e-01 -5.995989e-03 4.624340e-01
7.575758e-01 7.171717e-01 4.518507e-01 -5.995572e-03 4.578463e-01
7.676768e-01 7.171717e-01 4.473095e-01 -5.995125e-03 4.533046e-01
7.777778e-01 7.171717e-01 4.428140e-01 -5.995780e-03 4.488098e-01
7.878788e-01 7.171717e-01 4.383636e-01 -5.995423e-03 4.443590e-01
7.979798e-01 7.171717e-01 4.339580e-01 -5.994976e-03 4.399530e-01
8.080808e-01 7.171717e-01 4.295966e-01 -5.994767e-03 4.355914e-01
8.181818e-01 7.171717e-01 4.252791e-01 -5.994231e-03 4.312734e-01
8.282828e-01 7.171717e-01 4.210050e-01 -5.994499e-03 4.269995e-01
8.383838e-01 7.171717e-01 4.167738e-01 -5.994648e-03 4.227685e-01
8.484848e-01 7.171717e-01 4.125852e-01 -5.994111e-03 4.185793e-01
8.585859e-01 7.171717e-01 4.084386e-01 -5.994231e-03 4.144329e-01
8.686869e-01 7.171717e-01 4.043338e-01 -5.993664e-03 4.103274e-01
8.787879e-01 7.171717e-01 4.002701e-01 -5.993217e-03 4.062634e-01
8.888889e-01 7.171717e-01 3.962474e-01 -5.992979e-03 4.022403e-01
8.989899e-01 7.171717e-01 3.922650e-01 -5.992562e-03 3.982576e-01
9.090909e-01 7.171717e-01 3.883227e-01 -5.992293e-03 3.943150e-01
9.191919e-01 7.171717e-01 3.844200e-01 -5.992204e-03 3.904122e-01
9.292929e-01 7.171717e-01 3.805565e-01 -5.992144e-03 3.865486e-01
9.393939e-01 7.171717e-01 3.767318e-01 -5.991757e-03 3.827236e-01
9.494949e-01 7.171717e-01 3.729456e-01 -5.990833e-03 3.789364e-01
9.595960e-01 7.171717e-01 3.691974e-01 -5.991369e-03 3.751888e-01
9.696970e-01 7.171717e-01 3.654870e-01 -5.990863e-03 3.714778e-01
9.797980e-01 7.171717e-01 3.618137e-01 -5.990297e-03 3.678040e-01
9.898990e-01 7.171717e-01 3.581775e-01 -5.990416e-03 3.641679e-01
1.000000e+00 7.171717e-01 3.545777e-01 -5.989283e-03 3.605670e-01
0.000000e+00 7.272727e-01 -9.096320e-01 -5.998820e-03 9.036332e-01
1.010101e-02 7.272727e-01 -9.004900e-01 -5.998880e-03 8.944912e-01
2.020202e-02 7.272727e-01 -8.914400e-01 -5.999476e-03 8.854405e-01
3.030303e-02 7.272727e-01 -8.824808e-01 -5.999565e-03 8.764813e-01
4.040404e-02 7.272727e-01 -8.736118e-01 -6.000251e-03 8.676115e-01
5.050505e-02 7.272727e-01 -8.648318e-01 -6.000370e-03 8.588315e-01
6.060606e-02 7.272727e-01 -8.561401e-01 -6.000429e-03 8.501397e-01
7.070707e-02 7.272727e-01 -8.475358e-01 -6.001562e-03 8.415342e-01
8.080808e-02 7.272727e-01 -8.390179e-01 -6.001204e-03 8.330167e-01
9.090909e-02 7.272727e-01 -8.305856e-01 -6.001204e-03 8.245844e-01
1.010101e-01 7.272727e-01 -8.222381e-01 -6.001741e-03 8.162364e-01
1.111111e-01 7.272727e-01 -8.139745e-01 -6.001323e-03 8.079731e-01
1.212121e-01 7.272727e-01 -8.057939e-01 -6.001830e-03 7.997921e-01
1.313131e-01 7.272727e-01 -7.976955e-01 -6.002039e-03 7.916935e-01
1.414141e-01 7.272727e-01 -7.896786e-01 -6.002218e-03 7.836763e-01
1.515152e-01 7.272727e-01 -7.817422e-01 -6.002575e-03 7.757396e-01
1.616162e-01 7.272727e-01 -7.738855e-01 -6.003022e-03 7.678825e-01
1.717172e-01 7.272727e-01 -7.661078e-01 -6.002873e-03 7.601050e-01
1.818182e-01 7.272727e-01 -7.584083e-01 -6.003350e-03 7.524050e-01
1.919192e-01 7.272727e-01 -7.507862e-01 -6.002873e-03 7.447833e-01
2.020202e-01 7.272727e-01 -7.432407e-01 -6.003618e-03 7.372371e-01
2.121212e-01 7.272727e-01 -7.357710e-01 -6.003499e-03 7.297675e-01
2.222222e-01 7.272727e-01 -7.283764e-01 -6.003618e-03 7.223727e-01
2.323232e-01 7.272727e-01 -7.210561e-01 -6.003588e-03 7.150525e-01
2.424242e-01 7.272727e-01 -7.138093e-01 -6.004065e-03 7.078053e-01
2.525253e-01 7.272727e-01 -7.066354e-01 -6.004035e-03 7.006314e-01
2.626263e-01 7.272727e-01 -6.995336e-01 -6.004095e-03 6.935295e-01
2.727273e-01 7.272727e-01 -6.925032e-01 -6.004065e-03 6.864991e-01
2.828283e-01 7.272727e-01 -6.855434e-01 -6.004483e-03 6.795389e-01
2.929293e-01 7.272727e-01 -6.786536e-01 -6.004602e-03 6.726490e-01
3.030303e-01 7.272727e-01 -6.718330e-01 -6.004632e-03 6.658284e-01
3.131313e-01 7.272727e-01 -6.650810e-01 -6.004781e-03 6.590762e-01
3.232323e-01 7.272727e-01 -6.583968e-01 -6.004244e-03 6.523926e-01
3.333333e-01 7.272727e-01 -6.517798e-01 -6.004840e-03 6.457750e-01
3.434343e-01 7.272727e-01 -6.452293e-01 -6.004661e-03 6.392246e-01
3.535354e-01 7.272727e-01 -6.387446e-01 -6.004542e-03 6.327401e-01
3.636364e-01 7.272727e-01 -6.323252e-01 -6.004959e-03 6.263202e-01
3.737374e-01 7.272727e-01 -6.259702e-01 -6.004959e-03 6.199652e-01
3.838384e-01 7.272727e-01 -6.196791e-01 -6.005317e-03 6.136738e-01
3.939394e-01 7.272727e-01 -6.134512e-01 -6.005257e-03 6.074459e-01
4.040404e-01 7.272727e-01 -6.072859e-01 -6.005198e-03 6.012807e-01
4.141414e-01 7.272727e-01 -6.011826e-01 -6.004781e-03 5.951778e-01
4.242424e-01 7.272727e-01 -5.951406e-01 -6.005019e-03 5.891356e-01
4.343434e-01 7.272727e-01 -5.891593e-01 -6.004959e-03 5.831544e-01
4.444444e-01 7.272727e-01 -5.832382e-01 -6.005228e-03 5.772330e-01
4.545455e-01 7.272727e-01 -5.773766e-01 -6.004900e-03 5.713717e-01
4.646465e-01 7.272727e-01 -5.715738e-01 -6.004542e-03 5.655693e-01
4.747475e-01 7.272727e-01 -5.658294e-01 -6.004423e-03 5.598250e-01
4.848485e-01 7.272727e-01 -5.601427e-01 -6.004602e-03 5.541381e-01
4.949495e-01 7.272727e-01 -5.545132e-01 -6.004483e-03 5.485087e-01
5.050505e-01 7.272727e-01 -5.489403e-01 -6.004602e-03 5.429357e-01
5.151515e-01 7.272727e-01 -5.434233e-01 -6.004900e-03 5.374184e-01
5.252525e-01 7.272727e-01 -5.379618e-01 -6.004840e-03 5.319570e-01
5.353535e-01 7.272727e-01 -5.325552e-01 -6.004959e-03 5.265503e-01
5.454545e-01 7.272727e-01 -5.272029e-01 -6.004632e-03 5.211983e-01
5.555556e-01 7.272727e-01 -5.219045e-01 -6.004661e-03 5.158998e-01
5.656566e-01 7.272727e-01 -5.166592e-01 -6.004721e-03 5.106545e-01
5.757576e-01 7.272727e-01 -5.114667e-01 -6.004423e-03 5.054623e-01
5.858586e-01 7.272727e-01 -5.063264e-01 -6.004125e-03 5.003223e-01
5.959596e-01 7.272727e-01 -5.012377e-01 -6.004184e-03 4.952336e-01
6.060606e-01 7.272727e-01 -4.962002e-01 -6.003886e-03 4.901963e-01
6.161616e-01 7.272727e-01 -4.912133e-01 -6.003797e-03 4.852095e-01
6.262626e-01 7.272727e-01 -4.862765e-01 -6.004065e-03 4.802725e-01
6.363636e-01 7.272727e-01 -4.813894e-01 -6.003767e-03 4.753856e-01
6.464646e-01 7.272727e-01 -4.765513e-01 -6.004184e-03 4.705472e-01
6.565657e-01 7.272727e-01 -4.717619e-01 -6.003499e-03 4.657584e-01
6.666667e-01 7.272727e-01 -4.670206e-01 -6.003410e-03 4.610172e-01
6.767677e-01 7.272727e-01 -4.623270e-01 -6.003082e-03 4.563239e-01
6.868687e-01 7.272727e-01 -4.576805e-01 -6.003141e-03 4.516774e-01
6.969697e-01 7.272727e-01 -4.530808e-01 -6.002903e-03 4.470779e-01
7.070707e-01 7.272727e-01 -4.485272e-01 -6.002784e-03 4.425245e-01
7.171717e-01 7.272727e-01 -4.440195e-01 -6.002247e-03 4.380172e-01
7.272727e-01 7.272727e-01 -4.395570e-01 -6.002218e-03 4.335548e-01
7.373737e-01 7.272727e-01 -4.351394e-01 -6.002367e-03 4.291370e-01
7.474747e-01 7.272727e-01 -4.307662e-01 -6.001949e-03 4.247642e-01
7.575758e-01 7.272727e-01 -4.264369e-01 -6.001592e-03 4.204353e-01
7.676768e-01 7.272727e-01 -4.221511e-01 -6.001979e-03 4.161491e-01
7.777778e-01 7.272727e-01 -4.179084e-01 -6.001621e-03 4.119068e-01
7.878788e-01 7.272727e-01 -4.137084e-01 -6.000996e-03 4.077074e-01
7.979798e-01 7.272727e-01 -4.095505e-01 -6.000727e-03 4.035498e-01
8.080808e-01 7.272727e-01 -4.054345e-01 -6.000668e-03 3.994338e-01
8.181818e-01 7.272727e-01 -4.013598e-01 -6.000489e-03 3.953593e-01
8.282828e-01 7.272727e-01 -3.973261e-01 -6.000191e-03 3.913259e-01
8.383838e-01 7.272727e-01 -3.933329e-01 -6.000191e-03 3.873327e-01
8.484848e-01 7.272727e-01 -3.893798e-01 -5.999267e-03 3.833806e-01
8.585859e-01 7.272727e-01 -3.854665e-01 -5.999058e-03 3.794674e-01
8.686869e-01 7.272727e-01 -3.815925e-01 -5.999416e-03 3.755931e-01
8.787879e-01 7.272727e-01 -3.777574e-01 -5.998403e-03 3.717590e-01
8.888889e-01 7.272727e-01 -3.739609e-01 -5.998343e-03 3.679625e-01
8.989899e-01 7.272727e-01 -3.702025e-01 -5.997926e-03 3.642046e-01
9.090909e-01 7.272727e-01 -3.664819e-01 -5.997777e-03 3.604842e-01
9.191919e-01 7.272727e-01 -3.627987e-01 -5.997330e-03 3.568014e-01
9.292929e-01 7.272727e-01 -3.591525e-01 -5.997181e-03 3.531554e-01
9.393939e-01 7.272727e-01 -3.555430e-01 -5.997449e-03 3.495455e-01
9.494949e-01 7.272727e-01 -3.519697e-01 -5.996257e-03 3.459735e-01
9.595960e-01 7.272727e-01 -3.484324e-01 -5.996048e-03 3.424363e-01
9.696970e-01 7.272727e-01 -3.449306e-01 -5.995363e-03 3.389352e-01
9.797980e-01 7.272727e-01 -3.414640e-01 -5.995423e-03 3.354685e-01
9.898990e-01 7.272727e-01 -3.380322e-01 -5.995005e-03 3.320372e-01
1.000000e+00 7.272727e-01 -3.346349e-01 -5.994767e-03 3.286401e-01
0.000000e+00 7.373737e-01 8.325699e-01 -6.007701e-03 8.385776e-01
1.010101e-02 7.373737e-01 8.242024e-01 -6.008476e-03 8.302109e-01
2.020202e-02 7.373737e-01 8.159190e-01 -6.009012e-03 8.219280e-01
3.030303e-02 7.373737e-01 8.077189e-01 -6.008714e-03 8.137276e-01
4.040404e-02 7.373737e-01 7.996012e-01 -6.009549e-03 8.056107e-01
5.050505e-02 7.373737e-01 7.915651e-01 -6.009787e-03 7.975748e-01
6.060606e-02 7.373737e-01 7.836097e-01 -6.009430e-03 7.896191e-01
7.070707e-02 7.373737e-01 7.757343e-01 -6.010532e-03 7.817448e-01
8.080808e-02 7.373737e-01 7.679380e-01 -6.009847e-03 7.739479e-01
9.090909e-02 7.373737e-01 7.602201e-01 -6.010205e-03 7.662303e-01
1.010101e-01 7.373737e-01 7.525798e-01 -6.010622e-03 7.585904e-01
1.111111e-01 7.373737e-01 7.450162e-01 -6.010473e-03 7.510267e-01
1.212121e-01 7.373737e-01 7.375287e-01 -6.010890e-03 7.435396e-01
1.313131e-01 7.373737e-01 7.301164e-01 -6.010979e-03 7.361274e-01
1.414141e-01 7.373737e-01 7.227786e-01 -6.010979e-03 7.287896e-01
1.515152e-01 7.373737e-01 7.155146e-01 -6.011158e-03 7.215257e-01
1.616162e-01 7.373737e-01 7.083235e-01 -6.011248e-03 7.143348e-01
1.717172e-01 7.373737e-01 7.012048e-01 -6.011665e-03 7.072164e-01
1.818182e-01 7.373737e-01 6.941575e-01 -6.011814e-03 7.001694e-01
1.919192e-01 7.373737e-01 6.871811e-01 -6.012052e-03 6.931932e-01
2.020202e-01 7.373737e-01 6.802749e-01 -6.011814e-03 6.862867e-01
2.121212e-01 7.373737e-01 6.734380e-01 -6.011784e-03 6.794498e-01
2.222222e-01 7.373737e-01 6.666698e-01 -6.011814e-03 6.726816e-01
2.323232e-01 7.373737e-01 6.599697e-01 -6.011456e-03 6.659811e-01
2.424242e-01 7.373737e-01 6.533369e-01 -6.011993e-03 6.593489e-01
2.525253e-01 7.373737e-01 6.467707e-01 -6.012082e-03 6.527828e-01
2.626263e-01 7.373737e-01 6.402706e-01 -6.012231e-03 6.462828e-01
2.727273e-01 7.373737e-01 6.338358e-01 -6.012082e-03 6.398478e-01
2.828283e-01 7.373737e-01 6.274656e-01 -6.012172e-03 6.334778e-01
2.929293e-01 7.373737e-01 6.211595e-01 -6.012321e-03 6.271718e-01
3.030303e-01 7.373737e-01 6.149167e-01 -6.012231e-03 6.209289e-01
3.131313e-01 7.373737e-01 6.087367e-01 -6.012648e-03 6.147493e-01
3.232323e-01 7.373737e-01 6.026188e-01 -6.012142e-03 6.086309e-01
3.333333e-01 7.373737e-01 5.965624e-01 -6.012529e-03 6.025749e-01
3.434343e-01 7.373737e-01 5.905668e-01 -6.012410e-03 5.965792e-01
3.535354e-01 7.373737e-01 5.846315e-01 -6.012410e-03 5.906439e-01
3.636364e-01 7.373737e-01 5.787559e-01 -6.012231e-03 5.847681e-01
3.737374e-01 7.373737e-01 5.729393e-01 -6.012708e-03 5.789520e-01
3.838384e-01 7.373737e-01 5.671812e-01 -6.012619e-03 5.731938e-01
3.939394e-01 7.373737e-01 5.614809e-01 -6.012470e-03 5.674934e-01
4.040404e-01 7.373737e-01 5.558379e-01 -6.012380e-03 5.618503e-01
4.141414e-01 7.373737e-01 5.502516e-01 -6.012589e-03 5.562642e-01
4.242424e-01 7.373737e-01 5.447215e-01 -6.012470e-03 5.507340e-01
4.343434e-01 7.373737e-01 5.392470e-01 -6.012440e-03 5.452594e-01
4.444444e-01 7.373737e-01 5.338275e-01 -6.012321e-03 5.398398e-01
4.545455e-01 7.373737e-01 5.284624e-01 -6.012231e-03 5.344746e-01
4.646465e-01 7.373737e-01 5.231513e-01 -6.012350e-03 5.291636e-01
4.747475e-01 7.373737e-01 5.178935e-01 -6.011546e-03 5.239051e-01
4.848485e-01 7.373737e-01 5.126886e-01 -6.011516e-03 5.187001e-01
4.949495e-01 7.373737e-01 5.075360e-01 -6.011635e-03 5.135476e-01
5.050505e-01 7.373737e-01 5.024352e-01 -6.011963e-03 5.084471e-01
5.151515e-01 7.373737e-01 4.973856e-01 -6.011993e-03 5.033976e-01
5.252525e-01 7.373737e-01 4.923868e-01 -6.011456e-03 4.983983e-01
5.353535e-01 7.373737e-01 4.874382e-01 -6.011635e-03 4.934499e-01
5.454545e-01 7.373737e-01 4.825394e-01 -6.011337e-03 4.885507e-01
5.555556e-01 7.373737e-01 4.776898e-01 -6.011039e-03 4.837008e-01
5.656566e-01 7.373737e-01 4.728889e-01 -6.011397e-03 4.789003e-01
5.757576e-01 7.373737e-01 4.681363e-01 -6.011397e-03 4.741477e-01
5.858586e-01 7.373737e-01 4.634315e-01 -6.010652e-03 4.694421e-01
5.959596e-01 7.373737e-01 4.587739e-01 -6.010801e-03 4.647847e-01
6.060606e-01 7.373737e-01 4.541632e-01 -6.010771e-03 4.601739e-01
6.161616e-01 7.373737e-01 4.495987e-01 -6.010920e-03 4.556097e-01
6.262626e-01 7.373737e-01 4.450802e-01 -6.010383e-03 4.510906e-01
6.363636e-01 7.373737e-01 4.406071e-01 -6.010205e-03 4.466173e-01
6.464646e-01 7.373737e-01 4.361789e-01 -6.010026e-03 4.421889e-01
6.565657e-01 7.373737e-01 4.317952e-01 -6.010324e-03 4.378056e-01
6.666667e-01 7.373737e-01 4.274556e-01 -6.009549e-03 4.334652e-01
6.767677e-01 7.373737e-01 4.231596e-01 -6.009072e-03 4.291687e-01
6.868687e-01 7.373737e-01 4.189068e-01 -6.009549e-03 4.249163e-01
6.969697e-01 7.373737e-01 4.146967e-01 -6.009191e-03 4.207059e-01
7.070707e-01 7.373737e-01 4.105289e-01 -6.008536e-03 4.165375e-01
7.171717e-01 7.373737e-01 4.064031e-01 -6.008714e-03 4.124118e-01
7.272727e-01 7.373737e-01 4.023186e-01 -6.007880e-03 4.083265e-01
7.373737e-01 7.373737e-01 3.982753e-01 -6.007910e-03 4.042832e-01
7.474747e-01 7.373737e-01 3.942725e-01 -6.008118e-03 4.002807e-01
7.575758e-01 7.373737e-01 3.903100e-01 -6.007791e-03 3.963178e-01
7.676768e-01 7.373737e-01 3.863873e-01 -6.007671e-03 3.923950e-01
7.777778e-01 7.373737e-01 3.825041e-01 -6.007522e-03 3.885116e-01
7.878788e-01 7.373737e-01 3.786599e-01 -6.007165e-03 3.846670e-01
7.979798e-01 7.373737e-01 3.748543e-01 -6.006658e-03 3.808609e-01
8.080808e-01 7.373737e-01 3.710869e-01 -6.006628e-03 3.770935e-01
8.181818e-01 7.373737e-01 3.673574e-01 -6.006390e-03 3.733638e-01
8.282828e-01 7.373737e-01 3.636654e-01 -6.005764e-03 3.696712e-01
8.383838e-01 7.373737e-01 3.600105e-01 -6.005675e-03 3.660162e-01
8.484848e-01 7.373737e-01 3.563924e-01 -6.005198e-03 3.623976e-01
8.585859e-01 7.373737e-01 3.528106e-01 -6.004721e-03 3.588153e-01
8.686869e-01 7.373737e-01 3.492648e-01 -6.004840e-03 3.552696e-01
8.787879e-01 7.373737e-01 3.457546e-01 -6.004125e-03 3.517587e-01
8.888889e-01 7.373737e-01 3.422797e-01 -6.003946e-03 3.482836e-01
8.989899e-01 7.373737e-01 3.388397e-01 -6.003290e-03 3.448430e-01
9.090909e-01 7.373737e-01 3.354343e-01 -6.002784e-03 3.414371e-01
9.191919e-01 7.373737e-01 3.320632e-01 -6.002665e-03 3.380658e-01
9.292929e-01 7.373737e-01 3.287259e-01 -6.002635e-03 3.347285e-01
9.393939e-01 7.373737e-01 3.254221e-01 -6.001920e-03 3.314240e-01
9.494949e-01 7.373737e-01 3.221516e-01 -6.001860e-03 3.281534e-01
9.595960e-01 7.373737e-01 3.189139e-01 -6.000757e-03 3.249147e-01
9.696970e-01 7.373737e-01 3.157088e-01 -6.000489e-03 3.217093e-01
9.797980e-01 7.373737e-01 3.125358e-01 -6.000042e-03 3.185359e-01
9.898990e-01 7.373737e-01 3.093948e-01 -5.999744e-03 3.153945e-01
1.000000e+00 7.373737e-01 3.062853e-01 -5.999416e-03 3.122847e-01
0.000000e+00 7.474747e-01 -7.345917e-01 -6.017685e-03 7.285740e-01
1.010101e-02 7.474747e-01 -7.272089e-01 -6.018221e-03 7.211907e-01
2.020202e-02 7.474747e-01 -7.199004e-01 -6.018549e-03 7.138818e-01
3.030303e-02 7.474747e-01 -7.126653e-01 -6.018370e-03 7.066469e-01
4.040404e-02 7.474747e-01 -7.055028e-01 -6.019443e-03 6.994834e-01
5.050505e-02 7.474747e-01 -6.984124e-01 -6.018698e-03 6.923937e-01
6.060606e-02 7.474747e-01 -6.913933e-01 -6.018907e-03 6.853744e-01
7.070707e-02 7.474747e-01 -6.844446e-01 -6.018996e-03 6.784257e-01
8.080808e-02 7.474747e-01 -6.775659e-01 -6.018996e-03 6.715469e-01
9.090909e-02 7.474747e-01 -6.707562e-01 -6.019384e-03 6.647368e-01
1.010101e-01 7.474747e-01 -6.640150e-01 -6.019145e-03 6.579959e-01
1.111111e-01 7.474747e-01 -6.573415e-01 -6.019592e-03 6.513220e-01
1.212121e-01 7.474747e-01 -6.507352e-01 -6.020010e-03 6.447151e-01
1.313131e-01 7.474747e-01 -6.441952e-01 -6.019533e-03 6.381756e-01
1.414141e-01 7.474747e-01 -6.377209e-01 -6.019741e-03 6.317011e-01
1.515152e-01 7.474747e-01 -6.313117e-01 -6.019384e-03 6.252923e-01
1.616162e-01 7.474747e-01 -6.249669e-01 -6.019741e-03 6.189472e-01
1.717172e-01 7.474747e-01 -6.186859e-01 -6.019801e-03 6.126661e-01
1.818182e-01 7.474747e-01 -6.124680e-01 -6.019980e-03 6.064480e-01
1.919192e-01 7.474747e-01 -6.063126e-01 -6.020159e-03 6.002924e-01
2.020202e-01 7.474747e-01 -6.002190e-01 -6.020367e-03 5.941987e-01
2.121212e-01 7.474747e-01 -5.941867e-01 -6.019861e-03 5.881669e-01
2.222222e-01 7.474747e-01 -5.882151e-01 -6.020367e-03 5.821947e-01
2.323232e-01 7.474747e-01 -5.823034e-01 -6.020308e-03 5.762831e-01
2.424242e-01 7.474747e-01 -5.764512e-01 -6.020516e-03 5.704306e-01
2.525253e-01 7.474747e-01 -5.706577e-01 -6.020337e-03 5.646374e-01
2.626263e-01 7.474747e-01 -5.649225e-01 -6.019920e-03 5.589026e-01
2.727273e-01 7.474747e-01 -5.592450e-01 -6.019920e-03 5.532250e-01
2.828283e-01 7.474747e-01 -5.536244e-01 -6.020039e-03 5.476044e-01
2.929293e-01 7.474747e-01 -5.480604e-01 -6.020337e-03 5.420401e-01
3.030303e-01 7.474747e-01 -5.425523e-01 -6.019741e-03 5.365326e-01
3.131313e-01 7.474747e-01 -5.370996e-01 -6.020397e-03 5.310792e-01
3.232323e-01 7.474747e-01 -5.317016e-01 -6.020367e-03 5.256813e-01
3.333333e-01 7.474747e-01 -5.263580e-01 -6.020069e-03 5.203379e-01
3.434343e-01 7.474747e-01 -5.210680e-01 -6.020099e-03 5.150479e-01
3.535354e-01 7.474747e-01 -5.158312e-01 -6.019801e-03 5.098114e-01
3.636364e-01 7.474747e-01 -5.106470e-01 -6.020010e-03 5.046270e-01
3.737374e-01 7.474747e-01 -5.055149e-01 -6.019831e-03 4.994950e-01
3.838384e-01 7.474747e-01 -5.004344e-01 -6.019861e-03 4.944145e-01
3.939394e-01 7.474747e-01 -4.954049e-01 -6.019562e-03 4.893854e-01
4.040404e-01 7.474747e-01 -4.904260e-01 -6.019652e-03 4.844064e-01
4.141414e-01 7.474747e-01 -4.854972e-01 -6.020039e-03 4.794771e-01
4.242424e-01 7.474747e-01 -4.806178e-01 -6.020278e-03 4.745976e-01
4.343434e-01 7.474747e-01 -4.757875e-01 -6.019682e-03 4.697679e-01
4.444444e-01 7.474747e-01 -4.710058e-01 -6.019384e-03 4.649864e-01
4.545455e-01 7.474747e-01 -4.662721e-01 -6.019354e-03 4.602528e-01
4.646465e-01 7.474747e-01 -4.615860e-01 -6.019175e-03 4.555668e-01
4.747475e-01 7.474747e-01 -4.569470e-01 -6.019175e-03 4.509278e-01
4.848485e-01 7.474747e-01 -4.523546e-01 -6.018847e-03 4.463357e-01
4.949495e-01 7.474747e-01 -4.478084e-01 -6.018370e-03 4.417900e-01
5.050505e-01 7.474747e-01 -4.433078e-01 -6.018549e-03 4.372893e-01
5.151515e-01 7.474747e-01 -4.388525e-01 -6.018490e-03 4.328340e-01
5.252525e-01 7.474747e-01 -4.344419e-01 -6.019205e-03 4.284227e-01
5.353535e-01 7.474747e-01 -4.300757e-01 -6.018728e-03 4.240570e-01
5.454545e-01 7.474747e-01 -4.257534e-01 -6.018043e-03 4.197354e-01
5.555556e-01 7.474747e-01 -4.214745e-01 -6.017834e-03 4.154567e-01
5.656566e-01 7.474747e-01 -4.172386e-01 -6.017953e-03 4.112207e-01
5.757576e-01 7.474747e-01 -4.130453e-01 -6.017745e-03 4.070276e-01
5.858586e-01 7.474747e-01 -4.088941e-01 -6.017655e-03 4.028765e-01
5.959596e-01 7.474747e-01 -4.047847e-01 -6.017238e-03 3.987674e-01
6.060606e-01 7.474747e-01 -4.007165e-01 -6.017327e-03 3.946992e-01
6.161616e-01 7.474747e-01 -3.966893e-01 -6.016940e-03 3.906723e-01
6.262626e-01 7.474747e-01 -3.927025e-01 -6.016999e-03 3.866855e-01
6.363636e-01 7.474747e-01 -3.887557e-01 -6.016403e-03 3.827393e-01
6.464646e-01 7.474747e-01 -3.848487e-01 -6.016612e-03 3.788321e-01
6.565657e-01 7.474747e-01 -3.809809e-01 -6.016314e-03 3.749646e-01
6.666667e-01 7.474747e-01 -3.771520e-01 -6.015748e-03 3.711362e-01
6.767677e-01 7.474747e-01 -3.733615e-01 -6.015778e-03 3.673457e-01
6.868687e-01 7.474747e-01 -3.696092e-01 -6.015688e-03 3.635935e-01
6.969697e-01 7.474747e-01 -3.658945e-01 -6.014854e-03 3.598797e-01
7.070707e-01 7.474747e-01 -3.622172e-01 -6.014496e-03 3.562027e-01
7.171717e-01 7.474747e-01 -3.585769e-01 -6.014854e-03 3.525620e-01
7.272727e-01 7.474747e-01 -3.549731e-01 -6.014258e-03 3.489589e-01
7.373737e-01 7.474747e-01 -3.514056e-01 -6.014287e-03 3.453913e-01
7.474747e-01 7.474747e-01 -3.478739e-01 -6.014466e-03 3.418594e-01
7.575758e-01 7.474747e-01 -3.443777e-01 -6.013304e-03 3.383644e-01
7.676768e-01 7.474747e-01 -3.409167e-01 -6.013304e-03 3.349034e-01
7.777778e-01 7.474747e-01 -3.374904e-01 -6.013423e-03 3.314770e-01
7.878788e-01 7.474747e-01 -3.340986e-01 -6.012827e-03 3.280857e-01
7.979798e-01 7.474747e-01 -3.307408e-01 -6.012350e-03 3.247285e-01
8.080808e-01 7.474747e-01 -3.274168e-01 -6.012022e-03 3.214048e-01
8.181818e-01 7.474747e-01 -3.241262e-01 -6.011873e-03 3.181144e-01
8.282828e-01 7.474747e-01 -3.208687e-01 -6.011575e-03 3.148571e-01
8.383838e-01 7.474747e-01 -3.176439e-01 -6.011009e-03 3.116329e-01
8.484848e-01 7.474747e-01 -3.144515e-01 -6.010354e-03 3.084412e-01
8.585859e-01 7.474747e-01 -3.112913e-01 -6.010234e-03 3.052810e-01
8.686869e-01 7.474747e-01 -3.081627e-01 -6.010234e-03 3.021525e-01
8.787879e-01 7.474747e-01 -3.050656e-01 -6.009787e-03 2.990559e-01
8.888889e-01 7.474747e-01 -3.019997e-01 -6.009370e-03 2.959903e-01
8.989899e-01 7.474747e-01 -2.989645e-01 -6.008893e-03 2.929556e-01
9.090909e-01 7.474747e-01 -2.959599e-01 -6.008476e-03 2.899514e-01
9.191919e-01 7.474747e-01 -2.929854e-01 -6.008238e-03 2.869772e-01
9.292929e-01 7.474747e-01 -2.900409e-01 -6.007731e-03 2.840332e-01
9.393939e-01 7.474747e-01 -2.871259e-01 -6.008089e-03 2.811178e-01
9.494949e-01 7.474747e-01 -2.842403e-01 -6.006509e-03 2.782338e-01
9.595960e-01 7.474747e-01 -2.813836e-01 -6.006986e-03 2.753766e-01
9.696970e-01 7.474747e-01 -2.785557e-01 -6.005794e-03 2.725499e-01
9.797980e-01 7.474747e-01 -2.757561e-01 -6.005317e-03 2.697508e-01
9.898990e-01 7.474747e-01 -2.729847e-01 -6.005317e-03 2.669794e-01
1.000000e+00 7.474747e-01 -2.702412e-01 -6.004840e-03 2.642363e-01
0.000000e+00 7.575758e-01 6.181590e-01 -6.027311e-03 6.241863e-01
1.010101e-02 7.575758e-01 6.119464e-01 -6.027728e-03 6.179741e-01
2.020202e-02 7.575758e-01 6.057962e-01 -6.028146e-03 6.118244e-01
3.030303e-02 7.575758e-01 5.997079e-01 -6.028295e-03 6.057362e-01
4.040404e-02 7.575758e-01 5.936807e-01 -6.027848e-03 5.997086e-01
5.050505e-02 7.575758e-01 5.877141e-01 -6.028265e-03 5.937424e-01
6.060606e-02 7.575758e-01 5.818075e-01 -6.028414e-03 5.878359e-01
7.070707e-02 7.575758e-01 5.759602e-01 -6.028205e-03 5.819884e-01
8.080808e-02 7.575758e-01 5.701717e-01 -6.027848e-03 5.761996e-01
9.090909e-02 7.575758e-01 5.644414e-01 -6.028563e-03 5.704700e-01
1.010101e-01 7.575758e-01 5.587687e-01 -6.028801e-03 5.647975e-01
1.111111e-01 7.575758e-01 5.531530e-01 -6.028682e-03 5.591816e-01
1.212121e-01 7.575758e-01 5.475937e-01 -6.028771e-03 5.536225e-01
1.313131e-01 7.575758e-01 5.420903e-01 -6.028563e-03 5.481188e-01
1.414141e-01 7.575758e-01 5.366422e-01 -6.028593e-03 5.426708e-01
1.515152e-01 7.575758e-01 5.312488e-01 -6.028384e-03 5.372772e-01
1.616162e-01 7.575758e-01 5.259097e-01 -6.028652e-03 5.319384e-01
1.717172e-01 7.575758e-01 5.206242e-01 -6.028622e-03 5.266528e-01
1.818182e-01 7.575758e-01 5.153919e-01 -6.028771e-03 5.214206e-01
1.919192e-01 7.575758e-01 5.102121e-01 -6.028652e-03 5.162407e-01
2.020202e-01 7.575758e-01 5.050844e-01 -6.028354e-03 5.111127e-01
2.121212e-01 7.575758e-01 5.000082e-01 -6.028324e-03 5.060365e-01
2.222222e-01 7.575758e-01 4.949830e-01 -6.028503e-03 5.010115e-01
2.323232e-01 7.575758e-01 4.900084e-01 -6.028116e-03 4.960365e-01
2.424242e-01 7.575758e-01 4.850837e-01 -6.028861e-03 4.911126e-01
2.525253e-01 7.575758e-01 4.802085e-01 -6.028622e-03 4.862371e-01
2.626263e-01 7.575758e-01 4.753823e-01 -6.028861e-03 4.814112e-01
2.727273e-01 7.575758e-01 4.706047e-01 -6.028175e-03 4.766329e-01
2.828283e-01 7.575758e-01 4.658750e-01 -6.028444e-03 4.719035e-01
2.929293e-01 7.575758e-01 4.611929e-01 -6.027669e-03 4.672206e-01
3.030303e-01 7.575758e-01 4.565578e-01 -6.028056e-03 4.625859e-01
3.131313e-01 7.575758e-01 4.519694e-01 -6.028056e-03 4.579974e-01
3.232323e-01 7.575758e-01 4.474270e-01 -6.028205e-03 4.534552e-01
3.333333e-01 7.575758e-01 4.429303e-01 -6.028265e-03 4.489585e-01
3.434343e-01 7.575758e-01 4.384787e-01 -6.027728e-03 4.445065e-01
3.535354e-01 7.575758e-01 4.340720e-01 -6.027073e-03 4.400990e-01
3.636364e-01 7.575758e-01 4.297095e-01 -6.027311e-03 4.357368e-01
3.737374e-01 7.575758e-01 4.253908e-01 -6.026804e-03 4.314176e-01
3.838384e-01 7.575758e-01 4.211156e-01 -6.026804e-03 4.271424e-01
3.939394e-01 7.575758e-01 4.168833e-01 -6.027073e-03 4.229104e-01
4.040404e-01 7.575758e-01 4.126935e-01 -6.027371e-03 4.187209e-01
4.141414e-01 7.575758e-01 4.085459e-01 -6.027102e-03 4.145730e-01
4.242424e-01 7.575758e-01 4.044399e-01 -6.026894e-03 4.104668e-01
4.343434e-01 7.575758e-01 4.003753e-01 -6.026775e-03 4.064020e-01
4.444444e-01 7.575758e-01 3.963514e-01 -6.026834e-03 4.023783e-01
4.545455e-01 7.575758e-01 3.923680e-01 -6.026119e-03 3.983941e-01
4.646465e-01 7.575758e-01 3.884247e-01 -6.026357e-03 3.944510e-01
4.747475e-01 7.575758e-01 3.845209e-01 -6.025523e-03 3.905464e-01
4.848485e-01 7.575758e-01 3.806564e-01 -6.026238e-03 3.866827e-01
4.949495e-01 7.575758e-01 3.768308e-01 -6.025761e-03 3.828565e-01
5.050505e-01 7.575758e-01 3.730436e-01 -6.025106e-03 3.790687e-01
5.151515e-01 7.575758e-01 3.692944e-01 -6.025106e-03 3.753195e-01
5.252525e-01 7.575758e-01 3.655829e-01 -6.025225e-03 3.716082e-01
5.353535e-01 7.575758e-01 3.619088e-01 -6.024987e-03 3.679338e-01
5.454545e-01 7.575758e-01 3.582715e-01 -6.024659e-03 3.642962e-01
5.555556e-01 7.575758e-01 3.546708e-01 -6.024748e-03 3.606956e-01
5.656566e-01 7.575758e-01 3.511063e-01 -6.024510e-03 3.571308e-01
5.757576e-01 7.575758e-01 3.475777e-01 -6.023973e-03 3.536016e-01
5.858586e-01 7.575758e-01 3.440844e-01 -6.024122e-03 3.501086e-01
5.959596e-01 7.575758e-01 3.406263e-01 -6.023705e-03 3.466500e-01
6.060606e-01 7.575758e-01 3.372030e-01 -6.023735e-03 3.432267e-01
6.161616e-01 7.575758e-01 3.338140e-01 -6.023675e-03 3.398377e-01
6.262626e-01 7.575758e-01 3.304592e-01 -6.023377e-03 3.364825e-01
6.363636e-01 7.575758e-01 3.271380e-01 -6.023377e-03 3.331614e-01
6.464646e-01 7.575758e-01 3.238502e-01 -6.022453e-03 3.298726e-01
6.565657e-01 7.575758e-01 3.205954e-01 -6.022394e-03 3.266178e-01
6.666667e-01 7.575758e-01 3.173734e-01 -6.022364e-03 3.233958e-01
6.767677e-01 7.575758e-01 3.141838e-01 -6.021529e-03 3.202053e-01
6.868687e-01 7.575758e-01 3.110262e-01 -6.021410e-03 3.170476e-01
6.969697e-01 7.575758e-01 3.079003e-01 -6.021082e-03 3.139214e-01
7.070707e-01 7.575758e-01 3.048058e-01 -6.020606e-03 3.108264e-01
7.171717e-01 7.575758e-01 3.017425e-01 -6.021142e-03 3.077636e-01
7.272727e-01 7.575758e-01 2.987099e-01 -6.020606e-03 3.047305e-01
7.373737e-01 7.575758e-01 2.957078e-01 -6.020337e-03 3.017282e-01
7.474747e-01 7.575758e-01 2.927359e-01 -6.020010e-03 2.987559e-01
7.575758e-01 7.575758e-01 2.897939e-01 -6.019711e-03 2.958136e-01
7.676768e-01 7.575758e-01 2.868814e-01 -6.019503e-03 2.929009e-01
7.777778e-01 7.575758e-01 2.839982e-01 -6.019324e-03 2.900175e-01
7.878788e-01 7.575758e-01 2.811440e-01 -6.018460e-03 2.871624e-01
7.979798e-01 7.575758e-01 2.783184e-01 -6.018430e-03 2.843369e-01
8.080808e-01 7.575758e-01 2.755213e-01 -6.018013e-03 2.815393e-01
8.181818e-01 7.575758e-01 2.727522e-01 -6.017774e-03 2.787700e-01
8.282828e-01 7.575758e-01 2.700110e-01 -6.016880e-03 2.760279e-01
8.383838e-01 7.575758e-01 2.672974e-01 -6.016672e-03 2.733141e-01
8.484848e-01 7.575758e-01 2.646110e-01 -6.017178e-03 2.706282e-01
8.585859e-01 7.575758e-01 2.619516e-01 -6.016672e-03 2.679683e-01
8.686869e-01 7.575758e-01 2.593190e-01 -6.015390e-03 2.653344e-01
8.787879e-01 7.575758e-01 2.567128e-01 -6.015331e-03 2.627281e-01
8.888889e-01 7.575758e-01 2.541328e-01 -6.015390e-03 2.601481e-01
8.989899e-01 7.575758e-01 2.515787e-01 -6.014556e-03 2.575932e-01
9.090909e-01 7.575758e-01 2.490503e-01 -6.014079e-03 2.550644e-01
9.191919e-01 7.575758e-01 2.465473e-01 -6.013393e-03 2.525607e-01
9.292929e-01 7.575758e-01 2.440694e-01 -6.012976e-03 2.500824e-01
9.393939e-01 7.575758e-01 2.416165e-01 -6.012410e-03 2.476289e-01
9.494949e-01 7.575758e-01 2.391882e-01 -6.011844e-03 2.452001e-01
9.595960e-01 7.575758e-01 2.367843e-01 -6.011933e-03 2.427963e-01
9.696970e-01 7.575758e-01 2.344046e-01 -6.011367e-03 2.404160e-01
9.797980e-01 7.575758e-01 2.320488e-01 -6.010860e-03 2.380597e-01
9.898990e-01 7.575758e-01 2.297167e-01 -6.010473e-03 2.357271e-01
1.000000e+00 7.575758e-01 2.274080e-01 -6.010205e-03 2.334182e-01
0.000000e+00 7.676768e-01 -4.861967e-01 -6.037235e-03 4.801595e-01
1.010101e-02 7.676768e-01 -4.813104e-01 -6.037205e-03 4.752732e-01
2.020202e-02 7.676768e-01 -4.764731e-01 -6.037146e-03 4.704360e-01
3.030303e-02 7.676768e-01 -4.716845e-01 -6.037772e-03 4.656467e-01
4.040404e-02 7.676768e-01 -4.669440e-01 -6.037176e-03 4.609068e-01
5.050505e-02 7.676768e-01 -4.622511e-01 -6.036848e-03 4.562143e-01
6.060606e-02 7.676768e-01 -4.576054e-01 -6.036907e-03 4.515685e-01
7.070707e-02 7.676768e-01 -4.530064e-01 -6.037027e-03 4.469694e-01
8.080808e-02 7.676768e-01 -4.484536e-01 -6.037205e-03 4.424164e-01
9.090909e-02 7.676768e-01 -4.439466e-01 -6.037176e-03 4.379094e-01
1.010101e-01 7.676768e-01 -4.394849e-01 -6.037295e-03 4.334476e-01
1.111111e-01 7.676768e-01 -4.350680e-01 -6.037474e-03 4.290305e-01
1.212121e-01 7.676768e-01 -4.306954e-01 -6.037235e-03 4.246582e-01
1.313131e-01 7.676768e-01 -4.263669e-01 -6.037265e-03 4.203296e-01
1.414141e-01 7.676768e-01 -4.220818e-01 -6.036848e-03 4.160450e-01
1.515152e-01 7.676768e-01 -4.178398e-01 -6.036788e-03 4.118031e-01
1.616162e-01 7.676768e-01 -4.136405e-01 -6.037146e-03 4.076033e-01
1.717172e-01 7.676768e-01 -4.094833e-01 -6.037086e-03 4.034462e-01
1.818182e-01 7.676768e-01 -4.053679e-01 -6.037056e-03 3.993309e-01
1.919192e-01 7.676768e-01 -4.012939e-01 -6.036848e-03 3.952571e-01
2.020202e-01 7.676768e-01 -3.972609e-01 -6.036609e-03 3.912243e-01
2.121212e-01 7.676768e-01 -3.932683e-01 -6.036282e-03 3.872320e-01
2.222222e-01 7.676768e-01 -3.893159e-01 -6.036311e-03 3.832796e-01
2.323232e-01 7.676768e-01 -3.854032e-01 -6.036252e-03 3.793670e-01
2.424242e-01 7.676768e-01 -3.815299e-01 -6.036252e-03 3.754936e-01
2.525253e-01 7.676768e-01 -3.776954e-01 -6.036252e-03 3.716592e-01
2.626263e-01 7.676768e-01 -3.738995e-01 -6.035805e-03 3.678637e-01
2.727273e-01 7.676768e-01 -3.701418e-01 -6.036103e-03 3.641057e-01
2.828283e-01 7.676768e-01 -3.664218e-01 -6.035358e-03 3.603864e-01
2.929293e-01 7.676768e-01 -3.627392e-01 -6.035417e-03 3.567038e-01
3.030303e-01 7.676768e-01 -3.590936e-01 -6.035894e-03 3.530577e-01
3.131313e-01 7.676768e-01 -3.554846e-01 -6.035596e-03 3.494490e-01
3.232323e-01 7.676768e-01 -3.519120e-01 -6.035507e-03 3.458765e-01
3.333333e-01 7.676768e-01 -3.483752e-01 -6.035447e-03 3.423397e-01
3.434343e-01 7.676768e-01 -3.448740e-01 -6.035298e-03 3.388387e-01
3.535354e-01 7.676768e-01 -3.414079e-01 -6.034791e-03 3.353731e-01
3.636364e-01 7.676768e-01 -3.379767e-01 -6.034344e-03 3.319424e-01
3.737374e-01 7.676768e-01 -3.345800e-01 -6.034493e-03 3.285455e-01
3.838384e-01 7.676768e-01 -3.312174e-01 -6.034762e-03 3.251826e-01
3.939394e-01 7.676768e-01 -3.278886e-01 -6.034642e-03 3.218540e-01
4.040404e-01 7.676768e-01 -3.245933e-01 -6.034344e-03 3.185589e-01
4.141414e-01 7.676768e-01 -3.213311e-01 -6.034076e-03 3.152970e-01
4.242424e-01 7.676768e-01 -3.181016e-01 -6.033778e-03 3.120679e-01
4.343434e-01 7.676768e-01 -3.149047e-01 -6.033897e-03 3.088708e-01
4.444444e-01 7.676768e-01 -3.117398e-01 -6.033272e-03 3.057065e-01
4.545455e-01 7.676768e-01 -3.086068e-01 -6.033212e-03 3.025736e-01
4.646465e-01 7.676768e-01 -3.055052e-01 -6.033212e-03 2.994720e-01
4.747475e-01 7.676768e-01 -3.024348e-01 -6.033063e-03 2.964018e-01
4.848485e-01 7.676768e-01 -2.993953e-01 -6.032377e-03 2.933629e-01
4.949495e-01 7.676768e-01 -2.963864e-01 -6.032795e-03 2.903536e-01
5.050505e-01 7.676768e-01 -2.934076e-01 -6.032199e-03 2.873754e-01
5.151515e-01 7.676768e-01 -2.904588e-01 -6.031781e-03 2.844270e-01
5.252525e-01 7.676768e-01 -2.875397e-01 -6.032050e-03 2.815076e-01
5.353535e-01 7.676768e-01 -2.846498e-01 -6.031662e-03 2.786182e-01
5.454545e-01 7.676768e-01 -2.817891e-01 -6.031364e-03 2.757577e-01
5.555556e-01 7.676768e-01 -2.789570e-01 -6.031215e-03 2.729258e-01
5.656566e-01 7.676768e-01 -2.761535e-01 -6.031752e-03 2.701217e-01
5.757576e-01 7.676768e-01 -2.733781e-01 -6.031096e-03 2.673470e-01
5.858586e-01 7.676768e-01 -2.706306e-01 -6.030351e-03 2.646002e-01
5.959596e-01 7.676768e-01 -2.679107e-01 -6.030232e-03 2.618805e-01
6.060606e-01 7.676768e-01 -2.652182e-01 -6.030172e-03 2.591880e-01
6.161616e-01 7.676768e-01 -2.625527e-01 -6.029665e-03 2.565230e-01
6.262626e-01 7.676768e-01 -2.599140e-01 -6.029934e-03 2.538840e-01
6.363636e-01 7.676768e-01 -2.573018e-01 -6.029636e-03 2.512722e-01
6.464646e-01 7.676768e-01 -2.547159e-01 -6.029069e-03 2.486868e-01
6.565657e-01 7.676768e-01 -2.521559e-01 -6.028235e-03 2.461277e-01
6.666667e-01 7.676768e-01 -2.496217e-01 -6.028622e-03 2.435931e-01
6.767677e-01 7.676768e-01 -2.471130e-01 -6.028175e-03 2.410848e-01
6.868687e-01 7.676768e-01 -2.446295e-01 -6.027758e-03 2.386017e-01
6.969697e-01 7.676768e-01 -2.421709e-01 -6.027430e-03 2.361435e-01
7.070707e-01 7.676768e-01 -2.397370e-01 -6.026775e-03 2.337103e-01
7.171717e-01 7.676768e-01 -2.373276e-01 -6.026953e-03 2.313007e-01
7.272727e-01 7.676768e-01 -2.349425e-01 -6.025881e-03 2.289166e-01
7.373737e-01 7.676768e-01 -2.325812e-01 -6.026238e-03 2.265550e-01
7.474747e-01 7.676768e-01 -2.302438e-01 -6.026298e-03 2.242175e-01
7.575758e-01 7.676768e-01 -2.279298e-01 -6.025165e-03 2.219046e-01
7.676768e-01 7.676768e-01 -2.256390e-01 -6.025463e-03 2.196136e-01
7.777778e-01 7.676768e-01 -2.233713e-01 -6.025225e-03 2.173461e-01
7.878788e-01 7.676768e-01 -2.211264e-01 -6.024510e-03 2.151019e-01
7.979798e-01 7.676768e-01 -2.189041e-01 -6.023943e-03 2.128801e-01
8.080808e-01 7.676768e-01 -2.167040e-01 -6.024301e-03 2.106797e-01
8.181818e-01 7.676768e-01 -2.145261e-01 -6.023675e-03 2.085025e-01
8.282828e-01 7.676768e-01 -2.123701e-01 -6.022900e-03 2.063472e-01
8.383838e-01 7.676768e-01 -2.102357e-01 -6.022781e-03 2.042130e-01
8.484848e-01 7.676768e-01 -2.081228e-01 -6.022900e-03 2.020999e-01
8.585859e-01 7.676768e-01 -2.060312e-01 -6.021649e-03 2.000095e-01
8.686869e-01 7.676768e-01 -2.039605e-01 -6.021231e-03 1.979393e-01
8.787879e-01 7.676768e-01 -2.019107e-01 -6.021380e-03 1.958893e-01
8.888889e-01 7.676768e-01 -1.998815e-01 -6.020099e-03 1.938614e-01
8.989899e-01 7.676768e-01 -1.978726e-01 -6.019741e-03 1.918529e-01
9.090909e-01 7.676768e-01 -1.958840e-01 -6.019443e-03 1.898645e-01
9.191919e-01 7.676768e-01 -1.939153e-01 -6.019086e-03 1.878962e-01
9.292929e-01 7.676768e-01 -1.919664e-01 -6.018251e-03 1.859482e-01
9.393939e-01 7.676768e-01 -1.900371e-01 -6.017804e-03 1.840193e-01
9.494949e-01 7.676768e-01 -1.881272e-01 -6.018132e-03 1.821091e-01
9.595960e-01 7.676768e-01 -1.862365e-01 -6.017327e-03 1.802192e-01
9.696970e-01 7.676768e-01 -1.843648e-01 -6.017119e-03 1.783477e-01
9.797980e-01 7.676768e-01 -1.825119e-01 -6.016582e-03 1.764953e-01
9.898990e-01 7.676768e-01 -1.806776e-01 -6.015807e-03 1.746618e-01
1.000000e+00 7.676768e-01 -1.788618e-01 -6.015629e-03 1.728462e-01
0.000000e+00 7.777778e-01 3.420201e-01 -6.046683e-03 3.480668e-01
1.010101e-02 7.777778e-01 3.385828e-01 -6.046385e-03 3.446292e-01
2.020202e-02 7.777778e-01 3.351800e-01 -6.046712e-03 3.412267e-01
3.030303e-02 7.777778e-01 3.318114e-01 -6.046742e-03 3.378581e-01
4.040404e-02 7.777778e-01 3.284766e-01 -6.046325e-03 3.345229e-01
5.050505e-02 7.777778e-01 3.251754e-01 -6.046087e-03 3.312214e-01
6.060606e-02 7.777778e-01 3.219073e-01 -6.046087e-03 3.279534e-01
7.070707e-02 7.777778e-01 3.186721e-01 -6.046087e-03 3.247182e-01
8.080808e-02 7.777778e-01 3.154694e-01 -6.045848e-03 3.215152e-01
9.090909e-02 7.777778e-01 3.122988e-01 -6.046504e-03 3.183453e-01
1.010101e-01 7.777778e-01 3.091602e-01 -6.045938e-03 3.152061e-01
1.111111e-01 7.777778e-01 3.060531e-01 -6.045908e-03 3.120990e-01
1.212121e-01 7.777778e-01 3.029772e-01 -6.045997e-03 3.090232e-01
1.313131e-01 7.777778e-01 2.999322e-01 -6.045729e-03 3.059779e-01
1.414141e-01 7.777778e-01 2.969178e-01 -6.045580e-03 3.029634e-01
1.515152e-01 7.777778e-01 2.939338e-01 -6.045669e-03 2.999794e-01
1.616162e-01 7.777778e-01 2.909797e-01 -6.045550e-03 2.970252e-01
1.717172e-01 7.777778e-01 2.880553e-01 -6.045312e-03 2.941006e-01
1.818182e-01 7.777778e-01 2.851603e-01 -6.045550e-03 2.912058e-01
1.919192e-01 7.777778e-01 2.822944e-01 -6.044716e-03 2.883391e-01
2.020202e-01 7.777778e-01 2.794573e-01 -6.044567e-03 2.855018e-01
2.121212e-01 7.777778e-01 2.766487e-01 -6.044388e-03 2.826931e-01
2.222222e-01 7.777778e-01 2.738683e-01 -6.044716e-03 2.799130e-01
2.323232e-01 7.777778e-01 2.711159e-01 -6.044298e-03 2.771602e-01
2.424242e-01 7.777778e-01 2.683911e-01 -6.044537e-03 2.744357e-01
2.525253e-01 7.777778e-01 2.656938e-01 -6.044269e-03 2.717380e-01
2.626263e-01 7.777778e-01 2.630235e-01 -6.044298e-03 2.690678e-01
2.727273e-01 7.777778e-01 2.603801e-01 -6.044120e-03 2.664242e-01
2.828283e-01 7.777778e-01 2.577632e-01 -6.043941e-03 2.638071e-01
2.929293e-01 7.777778e-01 2.551726e-01 -6.043702e-03 2.612163e-01
3.030303e-01 7.777778e-01 2.526081e-01 -6.043226e-03 2.586513e-01
3.131313e-01 7.777778e-01 2.500694e-01 -6.042957e-03 2.561123e-01
3.232323e-01 7.777778e-01 2.475561e-01 -6.042928e-03 2.535990e-01
3.333333e-01 7.777778e-01 2.450681e-01 -6.042808e-03 2.511109e-01
3.434343e-01 7.777778e-01 2.426052e-01 -6.042928e-03 2.486481e-01
3.535354e-01 7.777778e-01 2.401669e-01 -6.042391e-03 2.462093e-01
3.636364e-01 7.777778e-01 2.377532e-01 -6.041914e-03 2.437951e-01
3.737374e-01 7.777778e-01 2.353638e-01 -6.042004e-03 2.414058e-01
3.838384e-01 7.777778e-01 2.329983e-01 -6.041497e-03 2.390398e-01
3.939394e-01 7.777778e-01 2.306566e-01 -6.041408e-03 2.366981e-01
4.040404e-01 7.777778e-01 2.283385e-01 -6.041586e-03 2.343801e-01
4.141414e-01 7.777778e-01 2.260437e-01 -6.041497e-03 2.320852e-01
4.242424e-01 7.777778e-01 2.237719e-01 -6.040901e-03 2.298128e-01
4.343434e-01 7.777778e-01 2.215230e-01 -6.040961e-03 2.275639e-01
4.444444e-01 7.777778e-01 2.192966e-01 -6.040990e-03 2.253376e-01
4.545455e-01 7.777778e-01 2.170926e-01 -6.040245e-03 2.231329e-01
4.646465e-01 7.777778e-01 2.149108e-01 -6.039917e-03 2.209507e-01
4.747475e-01 7.777778e-01 2.127509e-01 -6.040007e-03 2.187909e-01
4.848485e-01 7.777778e-01 2.106128e-01 -6.039590e-03 2.166523e-01
4.949495e-01 7.777778e-01 2.084961e-01 -6.039470e-03 2.145355e-01
5.050505e-01 7.777778e-01 2.064006e-01 -6.039053e-03 2.124397e-01
5.151515e-01 7.777778e-01 2.043263e-01 -6.039262e-03 2.103655e-01
5.252525e-01 7.777778e-01 2.022728e-01 -6.038755e-03 2.083115e-01
5.353535e-01 7.777778e-01 2.002399e-01 -6.038517e-03 2.062784e-01
5.454545e-01 7.777778e-01 1.982274e-01 -6.038338e-03 2.042658e-01
5.555556e-01 7.777778e-01 1.962352e-01 -6.037951e-03 2.022732e-01
5.656566e-01 7.777778e-01 1.942630e-01 -6.037533e-03 2.003006e-01
5.757576e-01 7.777778e-01 1.923107e-01 -6.037593e-03 1.983482e-01
5.858586e-01 7.777778e-01 1.903779e-01 -6.037503e-03 1.964154e-01
5.959596e-01 7.777778e-01 1.884646e-01 -6.037086e-03 1.945017e-01
6.060606e-01 7.777778e-01 1.865705e-01 -6.036460e-03 1.926069e-01
6.161616e-01 7.777778e-01 1.846954e-01 -6.036341e-03 1.907317e-01
6.262626e-01 7.777778e-01 1.828392e-01 -6.036103e-03 1.888753e-01
6.363636e-01 7.777778e-01 1.810016e-01 -6.035924e-03 1.870375e-01
6.464646e-01 7.777778e-01 1.791825e-01 -6.035417e-03 1.852179e-01
6.565657e-01 7.777778e-01 1.773817e-01 -6.035209e-03 1.834169e-01
6.666667e-01 7.777778e-01 1.755990e-01 -6.034404e-03 1.816334e-01
6.767677e-01 7.777778e-01 1.738342e-01 -6.034255e-03 1.798685e-01
6.868687e-01 7.777778e-01 1.720871e-01 -6.034106e-03 1.781212e-01
6.969697e-01 7.777778e-01 1.703576e-01 -6.033629e-03 1.763913e-01
7.070707e-01 7.777778e-01 1.686455e-01 -6.033182e-03 1.746787e-01
7.171717e-01 7.777778e-01 1.669506e-01 -6.032854e-03 1.729834e-01
7.272727e-01 7.777778e-01 1.652727e-01 -6.032377e-03 1.713051e-01
7.373737e-01 7.777778e-01 1.636117e-01 -6.032139e-03 1.696438e-01
7.474747e-01 7.777778e-01 1.619674e-01 -6.031781e-03 1.679992e-01
7.575758e-01 7.777778e-01 1.603396e-01 -6.031632e-03 1.663712e-01
7.676768e-01 7.777778e-01 1.587281e-01 -6.031126e-03 1.647593e-01
7.777778e-01 7.777778e-01 1.571329e-01 -6.031096e-03 1.631640e-01
7.878788e-01 7.777778e-01 1.555537e-01 -6.030172e-03 1.615838e-01
7.979798e-01 7.777778e-01 1.539903e-01 -6.030053e-03 1.600204e-01
8.080808e-01 7.777778e-01 1.524427e-01 -6.030232e-03 1.584729e-01
8.181818e-01 7.777778e-01 1.509106e-01 -6.029069e-03 1.569397e-01
8.282828e-01 7.777778e-01 1.493940e-01 -6.028861e-03 1.554228e-01
8.383838e-01 7.777778e-01 1.478925e-01 -6.028354e-03 1.539209e-01
8.484848e-01 7.777778e-01 1.464062e-01 -6.028265e-03 1.524344e-01
8.585859e-01 7.777778e-01 1.449348e-01 -6.028116e-03 1.509629e-01
8.686869e-01 7.777778e-01 1.434782e-01 -6.027162e-03 1.495053e-01
8.787879e-01 7.777778e-01 1.420362e-01 -6.026834e-03 1.480630e-01
8.888889e-01 7.777778e-01 1.406087e-01 -6.026179e-03 1.466349e-01
8.989899e-01 7.777778e-01 1.391955e-01 -6.025314e-03 1.452209e-01
9.090909e-01 7.777778e-01 1.377966e-01 -6.024599e-03 1.438212e-01
9.191919e-01 7.777778e-01 1.364117e-01 -6.024778e-03 1.424365e-01
9.292929e-01 7.777778e-01 1.350408e-01 -6.023586e-03 1.410644e-01
9.393939e-01 7.777778e-01 1.336836e-01 -6.023437e-03 1.397070e-01
9.494949e-01 7.777778e-01 1.323400e-01 -6.023020e-03 1.383631e-01
9.595960e-01 7.777778e-01 1.310100e-01 -6.022424e-03 1.370324e-01
9.696970e-01 7.777778e-01 1.296933e-01 -6.022185e-03 1.357155e-01
9.797980e-01 7.777778e-01 1.283899e-01 -6.021708e-03 1.344116e-01
9.898990e-01 7.777778e-01 1.270996e-01 -6.020874e-03 1.331204e-01
1.000000e+00 7.777778e-01 1.258222e-01 -6.020278e-03 1.318425e-01
0.000000e+00 7.878788e-01 -1.892512e-01 -6.055683e-03 1.831956e-01
1.010101e-02 7.878788e-01 -1.873492e-01 -6.055713e-03 1.812935e-01
2.020202e-02 7.878788e-01 -1.854663e-01 -6.055593e-03 1.794108e-01
3.030303e-02 7.878788e-01 -1.836024e-01 -6.055623e-03 1.775468e-01
4.040404e-02 7.878788e-01 -1.817571e-01 -6.055206e-03 1.757019e-01
5.050505e-02 7.878788e-01 -1.799305e-01 -6.055266e-03 1.738752e-01
6.060606e-02 7.878788e-01 -1.781221e-01 -6.054968e-03 1.720672e-01
7.070707e-02 7.878788e-01 -1.763320e-01 -6.055027e-03 1.702769e-01
8.080808e-02 7.878788e-01 -1.745598e-01 -6.054908e-03 1.685049e-01
9.090909e-02 7.878788e-01 -1.728054e-01 -6.054938e-03 1.667505e-01
1.010101e-01 7.878788e-01 -1.710687e-01 -6.055087e-03 1.650136e-01
1.111111e-01 7.878788e-01 -1.693495e-01 -6.054968e-03 1.632945e-01
1.212121e-01 7.878788e-01 -1.676475e-01 -6.054670e-03 1.615928e-01
1.313131e-01 7.878788e-01 -1.659626e-01 -6.054431e-03 1.599081e-01
1.414141e-01 7.878788e-01 -1.642946e-01 -6.054193e-03 1.582404e-01
1.515152e-01 7.878788e-01 -1.626434e-01 -6.053835e-03 1.565896e-01
1.616162e-01 7.878788e-01 -1.610088e-01 -6.053835e-03 1.549550e-01
1.717172e-01 7.878788e-01 -1.593907e-01 -6.054163e-03 1.533365e-01
1.818182e-01 7.878788e-01 -1.577888e-01 -6.053776e-03 1.517350e-01
1.919192e-01 7.878788e-01 -1.562030e-01 -6.053835e-03 1.501491e-01
2.020202e-01 7.878788e-01 -1.546331e-01 -6.053180e-03 1.485799e-01
2.121212e-01 7.878788e-01 -1.530790e-01 -6.052822e-03 1.470262e-01
2.222222e-01 7.878788e-01 -1.515405e-01 -6.052673e-03 1.454879e-01
2.323232e-01 7.878788e-01 -1.500175e-01 -6.052762e-03 1.439648e-01
2.424242e-01 7.878788e-01 -1.485098e-01 -6.052047e-03 1.424578e-01
2.525253e-01 7.878788e-01 -1.470173e-01 -6.052703e-03 1.409646e-01
2.626263e-01 7.878788e-01 -1.455397e-01 -6.052047e-03 1.394877e-01
2.727273e-01 7.878788e-01 -1.440770e-01 -6.052047e-03 1.380250e-01
2.828283e-01 7.878788e-01 -1.426290e-01 -6.052226e-03 1.365768e-01
2.929293e-01 7.878788e-01 -1.411956e-01 -6.051570e-03 1.351440e-01
3.030303e-01 7.878788e-01 -1.397766e-01 -6.050915e-03 1.337256e-01
3.131313e-01 7.878788e-01 -1.383718e-01 -6.051123e-03 1.323207e-01
3.232323e-01 7.878788e-01 -1.369811e-01 -6.050676e-03 1.309304e-01
3.333333e-01 7.878788e-01 -1.356044e-01 -6.049991e-03 1.295545e-01
3.434343e-01 7.878788e-01 -1.342416e-01 -6.050140e-03 1.281915e-01
3.535354e-01 7.878788e-01 -1.328924e-01 -6.050050e-03 1.268424e-01
3.636364e-01 7.878788e-01 -1.315569e-01 -6.049633e-03 1.255072e-01
3.737374e-01 7.878788e-01 -1.302347e-01 -6.049216e-03 1.241855e-01
3.838384e-01 7.878788e-01 -1.289258e-01 -6.049067e-03 1.228767e-01
3.939394e-01 7.878788e-01 -1.276301e-01 -6.048441e-03 1.215816e-01
4.040404e-01 7.878788e-01 -1.263474e-01 -6.048292e-03 1.202991e-01
4.141414e-01 7.878788e-01 -1.250776e-01 -6.048322e-03 1.190292e-01
4.242424e-01 7.878788e-01 -1.238205e-01 -6.048471e-03 1.177720e-01
4.343434e-01 7.878788e-01 -1.225761e-01 -6.047934e-03 1.165282e-01
4.444444e-01 7.878788e-01 -1.213442e-01 -6.047457e-03 1.152967e-01
4.545455e-01 7.878788e-01 -1.201247e-01 -6.047159e-03 1.140775e-01
4.646465e-01 7.878788e-01 -1.189174e-01 -6.046742e-03 1.128706e-01
4.747475e-01 7.878788e-01 -1.177222e-01 -6.046891e-03 1.116754e-01
4.848485e-01 7.878788e-01 -1.165391e-01 -6.046921e-03 1.104922e-01
4.949495e-01 7.878788e-01 -1.153679e-01 -6.046325e-03 1.093216e-01
5.050505e-01 7.878788e-01 -1.142084e-01 -6.045759e-03 1.081627e-01
5.151515e-01 7.878788e-01 -1.130606e-01 -6.045908e-03 1.070147e-01
5.252525e-01 7.878788e-01 -1.119243e-01 -6.045192e-03 1.058791e-01
5.353535e-01 7.878788e-01 -1.107995e-01 -6.045192e-03 1.047543e-01
5.454545e-01 7.878788e-01 -1.096859e-01 -6.044954e-03 1.036410e-01
5.555556e-01 7.878788e-01 -1.085835e-01 -6.044775e-03 1.025388e-01
5.656566e-01 7.878788e-01 -1.074923e-01 -6.044388e-03 1.014479e-01
5.757576e-01 7.878788e-01 -1.064120e-01 -6.043881e-03 1.003681e-01
5.858586e-01 7.878788e-01 -1.053425e-01 -6.043345e-03 9.929915e-02
5.959596e-01 7.878788e-01 -1.042838e-01 -6.043106e-03 9.824068e-02
6.060606e-01 7.878788e-01 -1.032357e-01 -6.043196e-03 9.719252e-02
6.161616e-01 7.878788e-01 -1.021982e-01 -6.042868e-03 9.615531e-02
6.262626e-01 7.878788e-01 -1.011711e-01 -6.042689e-03 9.512838e-02
6.363636e-01 7.878788e-01 -1.001543e-01 -6.042212e-03 9.411207e-02
6.464646e-01 7.878788e-01 -9.914772e-02 -6.041974e-03 9.310574e-02
6.565657e-01 7.878788e-01 -9.815127e-02 -6.041348e-03 9.210992e-02
6.666667e-01 7.878788e-01 -9.716483e-02 -6.041050e-03 9.112378e-02
6.767677e-01 7.878788e-01 -9.618831e-02 -6.040633e-03 9.014767e-02
6.868687e-01 7.878788e-01 -9.522160e-02 -6.040305e-03 8.918129e-02
6.969697e-01 7.878788e-01 -9.426460e-02 -6.040156e-03 8.822445e-02
7.070707e-01 7.878788e-01 -9.331723e-02 -6.039381e-03 8.727785e-02
7.171717e-01 7.878788e-01 -9.237938e-02 -6.038755e-03 8.634062e-02
7.272727e-01 7.878788e-01 -9.145095e-02 -6.038487e-03 8.541246e-02
7.373737e-01 7.878788e-01 -9.053185e-02 -6.038338e-03 8.449351e-02
7.474747e-01 7.878788e-01 -8.962199e-02 -6.037980e-03 8.358401e-02
7.575758e-01 7.878788e-01 -8.872127e-02 -6.037086e-03 8.268419e-02
7.676768e-01 7.878788e-01 -8.782961e-02 -6.036669e-03 8.179294e-02
7.777778e-01 7.878788e-01 -8.694691e-02 -6.036609e-03 8.091030e-02
7.878788e-01 7.878788e-01 -8.607308e-02 -6.035894e-03 8.003718e-02
7.979798e-01 7.878788e-01 -8.520803e-02 -6.035835e-03 7.917219e-02
8.080808e-01 7.878788e-01 -8.435167e-02 -6.035179e-03 7.831650e-02
8.181818e-01 7.878788e-01 -8.350393e-02 -6.034970e-03 7.746896e-02
8.282828e-01 7.878788e-01 -8.266470e-02 -6.034046e-03 7.663065e-02
8.383838e-01 7.878788e-01 -8.183390e-02 -6.034106e-03 7.579980e-02
8.484848e-01 7.878788e-01 -8.101146e-02 -6.033629e-03 7.497783e-02
8.585859e-01 7.878788e-01 -8.019728e-02 -6.033391e-03 7.416389e-02
8.686869e-01 7.878788e-01 -7.939128e-02 -6.032795e-03 7.335849e-02
8.787879e-01 7.878788e-01 -7.859339e-02 -6.032556e-03 7.256083e-02
8.888889e-01 7.878788e-01 -7.780351e-02 -6.031305e-03 7.177221e-02
8.989899e-01 7.878788e-01 -7.702157e-02 -6.031007e-03 7.099057e-02
9.090909e-01 7.878788e-01 -7.624749e-02 -6.030351e-03 7.021714e-02
9.191919e-01 7.878788e-01 -7.548119e-02 -6.029576e-03 6.945162e-02
9.292929e-01 7.878788e-01 -7.472260e-02 -6.029069e-03 6.869353e-02
9.393939e-01 7.878788e-01 -7.397162e-02 -6.029099e-03 6.794252e-02
9.494949e-01 7.878788e-01 -7.322819e-02 -6.028265e-03 6.719993e-02
9.595960e-01 7.878788e-01 -7.249224e-02 -6.027848e-03 6.646439e-02
9.696970e-01 7.878788e-01 -7.176368e-02 -6.026953e-03 6.573673e-02
9.797980e-01 7.878788e-01 -7.104244e-02 -6.026894e-03 6.501555e-02
9.898990e-01 7.878788e-01 -7.032845e-02 -6.026328e-03 6.430213e-02
1.000000e+00 7.878788e-01 -6.962164e-02 -6.025881e-03 6.359576e-02
0.000000e+00 7.979798e-01 3.172793e-02 -6.064713e-03 3.779265e-02
1.010101e-02 7.979798e-01 3.140906e-02 -6.065369e-03 3.747443e-02
2.020202e-02 7.979798e-01 3.109340e-02 -6.065220e-03 3.715862e-02
3.030303e-02 7.979798e-01 3.078090e-02 -6.064922e-03 3.684582e-02
4.040404e-02 7.979798e-01 3.047155e-02 -6.064504e-03 3.653605e-02
5.050505e-02 7.979798e-01 3.016531e-02 -6.064713e-03 3.623002e-02
6.060606e-02 7.979798e-01 2.986214e-02 -6.064087e-03 3.592623e-02
7.070707e-02 7.979798e-01 2.956202e-02 -6.064206e-03 3.562623e-02
8.080808e-02 7.979798e-01 2.926492e-02 -6.063968e-03 3.532888e-02
9.090909e-02 7.979798e-01 2.897080e-02 -6.063372e-03 3.503417e-02
1.010101e-01 7.979798e-01 2.867964e-02 -6.063491e-03 3.474313e-02
1.111111e-01 7.979798e-01 2.839140e-02 -6.063312e-03 3.445471e-02
1.212121e-01 7.979798e-01 2.810606e-02 -6.063551e-03 3.416961e-02
1.313131e-01 7.979798e-01 2.782359e-02 -6.063491e-03 3.388708e-02
1.414141e-01 7.979798e-01 2.754396e-02 -6.062627e-03 3.360659e-02
1.515152e-01 7.979798e-01 2.726714e-02 -6.062269e-03 3.332941e-02
1.616162e-01 7.979798e-01 2.699310e-02 -6.062001e-03 3.305510e-02
1.717172e-01 7.979798e-01 2.672182e-02 -6.062716e-03 3.278453e-02
1.818182e-01 7.979798e-01 2.645326e-02 -6.062001e-03 3.251526e-02
1.919192e-01 7.979798e-01 2.618740e-02 -6.061375e-03 3.224877e-02
2.020202e-01 7.979798e-01 2.592421e-02 -6.061494e-03 3.198570e-02
2.121212e-01 7.979798e-01 2.566367e-02 -6.060869e-03 3.172454e-02
2.222222e-01 7.979798e-01 2.540574e-02 -6.060630e-03 3.146637e-02
2.323232e-01 7.979798e-01 2.515041e-02 -6.060690e-03 3.121110e-02
2.424242e-01 7.979798e-01 2.489765e-02 -6.060421e-03 3.095807e-02
2.525253e-01 7.979798e-01 2.464742e-02 -6.059945e-03 3.070736e-02
2.626263e-01 7.979798e-01 2.439971e-02 -6.060034e-03 3.045974e-02
2.727273e-01 7.979798e-01 2.415449e-02 -6.059855e-03 3.021434e-02
2.828283e-01 7.979798e-01 2.391173e-02 -6.059438e-03 2.997117e-02
2.929293e-01 7.979798e-01 2.367141e-02 -6.059200e-03 2.973061e-02
3.030303e-01 7.979798e-01 2.343351e-02 -6.058961e-03 2.949247e-02
3.131313e-01 7.979798e-01 2.319800e-02 -6.058395e-03 2.925640e-02
3.232323e-01 7.979798e-01 2.296486e-02 -6.058693e-03 2.902355e-02
3.333333e-01 7.979798e-01 2.273406e-02 -6.058186e-03 2.879224e-02
3.434343e-01 7.979798e-01 2.250558e-02 -6.057769e-03 2.856335e-02
3.535354e-01 7.979798e-01 2.227939e-02 -6.057531e-03 2.833692e-02
3.636364e-01 7.979798e-01 2.205548e-02 -6.057411e-03 2.811289e-02
3.737374e-01 7.979798e-01 2.183382e-02 -6.056398e-03 2.789022e-02
3.838384e-01 7.979798e-01 2.161439e-02 -6.056577e-03 2.767096e-02
3.939394e-01 7.979798e-01 2.139716e-02 -6.055862e-03 2.745302e-02
4.040404e-01 7.979798e-01 2.118211e-02 -6.055564e-03 2.723768e-02
4.141414e-01 7.979798e-01 2.096923e-02 -6.055623e-03 2.702485e-02
4.242424e-01 7.979798e-01 2.075848e-02 -6.055146e-03 2.681363e-02
4.343434e-01 7.979798e-01 2.054986e-02 -6.054640e-03 2.660450e-02
4.444444e-01 7.979798e-01 2.034333e-02 -6.054968e-03 2.639830e-02
4.545455e-01 7.979798e-01 2.013887e-02 -6.054670e-03 2.619354e-02
4.646465e-01 7.979798e-01 1.993648e-02 -6.054431e-03 2.599091e-02
4.747475e-01 7.979798e-01 1.973611e-02 -6.053269e-03 2.578938e-02
4.848485e-01 7.979798e-01 1.953776e-02 -6.053448e-03 2.559121e-02
4.949495e-01 7.979798e-01 1.934140e-02 -6.053239e-03 2.539464e-02
5.050505e-01 7.979798e-01 1.914702e-02 -6.052643e-03 2.519966e-02
5.151515e-01 7.979798e-01 1.895459e-02 -6.052405e-03 2.500699e-02
5.252525e-01 7.979798e-01 1.876409e-02 -6.052226e-03 2.481632e-02
5.353535e-01 7.979798e-01 1.857551e-02 -6.051660e-03 2.462717e-02
5.454545e-01 7.979798e-01 1.838882e-02 -6.051421e-03 2.444024e-02
5.555556e-01 7.979798e-01 1.820401e-02 -6.051332e-03 2.425534e-02
5.656566e-01 7.979798e-01 1.802106e-02 -6.050915e-03 2.407197e-02
5.757576e-01 7.979798e-01 1.783994e-02 -6.050736e-03 2.389068e-02
5.858586e-01 7.979798e-01 1.766065e-02 -6.050289e-03 2.371094e-02
5.959596e-01 7.979798e-01 1.748316e-02 -6.050140e-03 2.353330e-02
6.060606e-01 7.979798e-01 1.730745e-02 -6.049484e-03 2.335693e-02
6.161616e-01 7.979798e-01 1.713350e-02 -6.049097e-03 2.318260e-02
6.262626e-01 7.979798e-01 1.696131e-02 -6.048739e-03 2.301005e-02
6.363636e-01 7.979798e-01 1.679085e-02 -6.048054e-03 2.283890e-02
6.464646e-01 7.979798e-01 1.662209e-02 -6.047696e-03 2.266979e-02
6.565657e-01 7.979798e-01 1.645504e-02 -6.047279e-03 2.250232e-02
6.666667e-01 7.979798e-01 1.628966e-02 -6.047219e-03 2.233688e-02
6.767677e-01 7.979798e-01 1.612595e-02 -6.046981e-03 2.217293e-02
6.868687e-01 7.979798e-01 1.596388e-02 -6.046534e-03 2.201042e-02
6.969697e-01 7.979798e-01 1.580344e-02 -6.045669e-03 2.184911e-02
7.070707e-01 7.979798e-01 1.564462e-02 -6.045520e-03 2.169014e-02
7.171717e-01 7.979798e-01 1.548738e-02 -6.045163e-03 2.153255e-02
7.272727e-01 7.979798e-01 1.533173e-02 -6.044298e-03 2.137603e-02
7.373737e-01 7.979798e-01 1.517765e-02 -6.043911e-03 2.122156e-02
7.474747e-01 7.979798e-01 1.502511e-02 -6.043822e-03 2.106893e-02
7.575758e-01 7.979798e-01 1.487410e-02 -6.043226e-03 2.091733e-02
7.676768e-01 7.979798e-01 1.472462e-02 -6.042808e-03 2.076743e-02
7.777778e-01 7.979798e-01 1.457663e-02 -6.042719e-03 2.061935e-02
7.878788e-01 7.979798e-01 1.443013e-02 -6.041974e-03 2.047211e-02
7.979798e-01 7.979798e-01 1.428511e-02 -6.041497e-03 2.032661e-02
8.080808e-01 7.979798e-01 1.414154e-02 -6.041408e-03 2.018295e-02
8.181818e-01 7.979798e-01 1.399942e-02 -6.040633e-03 2.004005e-02
8.282828e-01 7.979798e-01 1.385872e-02 -6.039888e-03 1.989861e-02
8.383838e-01 7.979798e-01 1.371944e-02 -6.039798e-03 1.975924e-02
8.484848e-01 7.979798e-01 1.358156e-02 -6.039619e-03 1.962117e-02
8.585859e-01 7.979798e-01 1.344506e-02 -6.039023e-03 1.948408e-02
8.686869e-01 7.979798e-01 1.330993e-02 -6.038040e-03 1.934797e-02
8.787879e-01 7.979798e-01 1.317617e-02 -6.037861e-03 1.921403e-02
8.888889e-01 7.979798e-01 1.304374e-02 -6.037027e-03 1.908077e-02
8.989899e-01 7.979798e-01 1.291265e-02 -6.036639e-03 1.894929e-02
9.090909e-01 7.979798e-01 1.278288e-02 -6.035656e-03 1.881853e-02
9.191919e-01 7.979798e-01 1.265441e-02 -6.035298e-03 1.868971e-02
9.292929e-01 7.979798e-01 1.252723e-02 -6.034523e-03 1.856175e-02
9.393939e-01 7.979798e-01 1.240133e-02 -6.034374e-03 1.843570e-02
9.494949e-01 7.979798e-01 1.227669e-02 -6.033778e-03 1.831047e-02
9.595960e-01 7.979798e-01 1.215331e-02 -6.032795e-03 1.818610e-02
9.696970e-01 7.979798e-01 1.203117e-02 -6.032676e-03 1.806384e-02
9.797980e-01 7.979798e-01 1.191025e-02 -6.031990e-03 1.794224e-02
9.898990e-01 7.979798e-01 1.179055e-02 -6.031543e-03 1.782209e-02
1.000000e+00 7.979798e-01 1.167205e-02 -6.030887e-03 1.770294e-02
0.000000e+00 8.080808e-01 1.265925e-01 -6.074011e-03 1.326665e-01
1.010101e-02 8.080808e-01 1.253202e-01 -6.074041e-03 1.313942e-01
2.020202e-02 8.080808e-01 1.240607e-01 -6.074280e-03 1.301350e-01
3.030303e-02 8.080808e-01 1.228139e-01 -6.074160e-03 1.288880e-01
4.040404e-02 8.080808e-01 1.215796e-01 -6.073803e-03 1.276534e-01
5.050505e-02 8.080808e-01 1.203577e-01 -6.073296e-03 1.264310e-01
6.060606e-02 8.080808e-01 1.191481e-01 -6.073385e-03 1.252214e-01
7.070707e-02 8.080808e-01 1.179506e-01 -6.072998e-03 1.240236e-01
8.080808e-02 8.080808e-01 1.167652e-01 -6.072521e-03 1.228377e-01
9.090909e-02 8.080808e-01 1.155917e-01 -6.072551e-03 1.216642e-01
1.010101e-01 8.080808e-01 1.144299e-01 -6.072044e-03 1.205020e-01
1.111111e-01 8.080808e-01 1.132799e-01 -6.072015e-03 1.193519e-01
1.212121e-01 8.080808e-01 1.121414e-01 -6.071925e-03 1.182133e-01
1.313131e-01 8.080808e-01 1.110144e-01 -6.071746e-03 1.170861e-01
1.414141e-01 8.080808e-01 1.098987e-01 -6.071299e-03 1.159700e-01
1.515152e-01 8.080808e-01 1.087942e-01 -6.070942e-03 1.148651e-01
1.616162e-01 8.080808e-01 1.077008e-01 -6.070286e-03 1.137711e-01
1.717172e-01 8.080808e-01 1.066184e-01 -6.070584e-03 1.126889e-01
1.818182e-01 8.080808e-01 1.055468e-01 -6.070524e-03 1.116174e-01
1.919192e-01 8.080808e-01 1.044861e-01 -6.070167e-03 1.105562e-01
2.020202e-01 8.080808e-01 1.034360e-01 -6.069750e-03 1.095057e-01
2.121212e-01 8.080808e-01 1.023964e-01 -6.069481e-03 1.084659e-01
2.222222e-01 8.080808e-01 1.013673e-01 -6.069154e-03 1.074365e-01
2.323232e-01 8.080808e-01 1.003486e-01 -6.069154e-03 1.064177e-01
2.424242e-01 8.080808e-01 9.934003e-02 -6.068081e-03 1.054081e-01
2.525253e-01 8.080808e-01 9.834165e-02 -6.068081e-03 1.044097e-01
2.626263e-01 8.080808e-01 9.735330e-02 -6.067961e-03 1.034213e-01
2.727273e-01 8.080808e-01 9.637488e-02 -6.067574e-03 1.024425e-01
2.828283e-01 8.080808e-01 9.540630e-02 -6.066829e-03 1.014731e-01
2.929293e-01 8.080808e-01 9.444745e-02 -6.066561e-03 1.005140e-01
3.030303e-01 8.080808e-01 9.349824e-02 -6.066412e-03 9.956465e-02
3.131313e-01 8.080808e-01 9.255857e-02 -6.065995e-03 9.862456e-02
3.232323e-01 8.080808e-01 9.162834e-02 -6.066024e-03 9.769436e-02
3.333333e-01 8.080808e-01 9.070746e-02 -6.065637e-03 9.677309e-02
3.434343e-01 8.080808e-01 8.979583e-02 -6.065369e-03 9.586120e-02
3.535354e-01 8.080808e-01 8.889337e-02 -6.064922e-03 9.495829e-02
3.636364e-01 8.080808e-01 8.799998e-02 -6.064624e-03 9.406460e-02
3.737374e-01 8.080808e-01 8.711556e-02 -6.064087e-03 9.317965e-02
3.838384e-01 8.080808e-01 8.624004e-02 -6.062865e-03 9.230290e-02
3.939394e-01 8.080808e-01 8.537331e-02 -6.063670e-03 9.143698e-02
4.040404e-01 8.080808e-01 8.451529e-02 -6.062835e-03 9.057813e-02
4.141414e-01 8.080808e-01 8.366590e-02 -6.062597e-03 8.972850e-02
4.242424e-01 8.080808e-01 8.282504e-02 -6.062180e-03 8.888722e-02
4.343434e-01 8.080808e-01 8.199264e-02 -6.061822e-03 8.805446e-02
4.444444e-01 8.080808e-01 8.116860e-02 -6.061673e-03 8.723027e-02
4.545455e-01 8.080808e-01 8.035284e-02 -6.061852e-03 8.641469e-02
4.646465e-01 8.080808e-01 7.954528e-02 -6.061167e-03 8.560645e-02
4.747475e-01 8.080808e-01 7.874584e-02 -6.060541e-03 8.480638e-02
4.848485e-01 8.080808e-01 7.795443e-02 -6.060302e-03 8.401473e-02
4.949495e-01 8.080808e-01 7.717097e-02 -6.059349e-03 8.323032e-02
5.050505e-01 8.080808e-01 7.639539e-02 -6.059408e-03 8.245480e-02
5.151515e-01 8.080808e-01 7.562761e-02 -6.059676e-03 8.168728e-02
5.252525e-01 8.080808e-01 7.486754e-02 -6.058842e-03 8.092638e-02
5.353535e-01 8.080808e-01 7.411511e-02 -6.058842e-03 8.017395e-02
5.454545e-01 8.080808e-01 7.337024e-02 -6.058723e-03 7.942896e-02
5.555556e-01 8.080808e-01 7.263285e-02 -6.057650e-03 7.869050e-02
5.656566e-01 8.080808e-01 7.190288e-02 -6.057709e-03 7.796059e-02
5.757576e-01 8.080808e-01 7.118025e-02 -6.057113e-03 7.723736e-02
5.858586e-01 8.080808e-01 7.046487e-02 -6.056607e-03 7.652148e-02
5.959596e-01 8.080808e-01 6.975669e-02 -6.056517e-03 7.581321e-02
6.060606e-01 8.080808e-01 6.905562e-02 -6.056011e-03 7.511163e-02
6.161616e-01 8.080808e-01 6.836160e-02 -6.055921e-03 7.441752e-02
6.262626e-01 8.080808e-01 6.767456e-02 -6.054908e-03 7.372946e-02
6.363636e-01 8.080808e-01 6.699442e-02 -6.054431e-03 7.304885e-02
6.464646e-01 8.080808e-01 6.632111e-02 -6.054014e-03 7.237512e-02
6.565657e-01 8.080808e-01 6.565457e-02 -6.053954e-03 7.170853e-02
6.666667e-01 8.080808e-01 6.499473e-02 -6.053627e-03 7.104836e-02
6.767677e-01 8.080808e-01 6.434152e-02 -6.053329e-03 7.039485e-02
6.868687e-01 8.080808e-01 6.369488e-02 -6.052583e-03 6.974747e-02
6.969697e-01 8.080808e-01 6.305474e-02 -6.052256e-03 6.910699e-02
7.070707e-01 8.080808e-01 6.242103e-02 -6.051421e-03 6.847245e-02
7.171717e-01 8.080808e-01 6.179369e-02 -6.051511e-03 6.784520e-02
7.272727e-01 8.080808e-01 6.117265e-02 -6.050378e-03 6.722303e-02
7.373737e-01 8.080808e-01 6.055785e-02 -6.049842e-03 6.660770e-02
7.474747e-01 8.080808e-01 5.994924e-02 -6.049603e-03 6.599884e-02
7.575758e-01 8.080808e-01 5.934674e-02 -6.049275e-03 6.539601e-02
7.676768e-01 8.080808e-01 5.875029e-02 -6.048709e-03 6.479900e-02
7.777778e-01 8.080808e-01 5.815984e-02 -6.048441e-03 6.420828e-02
7.878788e-01 8.080808e-01 5.757533e-02 -6.047696e-03 6.362302e-02
7.979798e-01 8.080808e-01 5.699668e-02 -6.047219e-03 6.304390e-02
8.080808e-01 8.080808e-01 5.642386e-02 -6.046861e-03 6.247072e-02
8.181818e-01 8.080808e-01 5.585679e-02 -6.046444e-03 6.190323e-02
8.282828e-01 8.080808e-01 5.529542e-02 -6.045908e-03 6.134133e-02
8.383838e-01 8.080808e-01 5.473969e-02 -6.045729e-03 6.078542e-02
8.484848e-01 8.080808e-01 5.418955e-02 -6.045252e-03 6.023480e-02
8.585859e-01 8.080808e-01 5.364493e-02 -6.044418e-03 5.968935e-02
8.686869e-01 8.080808e-01 5.310579e-02 -6.043613e-03 5.914941e-02
8.787879e-01 8.080808e-01 5.257207e-02 -6.042868e-03 5.861494e-02
8.888889e-01 8.080808e-01 5.204371e-02 -6.042689e-03 5.808640e-02
8.989899e-01 8.080808e-01 5.152067e-02 -6.041497e-03 5.756216e-02
9.090909e-01 8.080808e-01 5.100287e-02 -6.041378e-03 5.704425e-02
9.191919e-01 8.080808e-01 5.049029e-02 -6.040901e-03 5.653119e-02
9.292929e-01 8.080808e-01 4.998285e-02 -6.039858e-03 5.602271e-02
9.393939e-01 8.080808e-01 4.948052e-02 -6.039441e-03 5.551996e-02
9.494949e-01 8.080808e-01 4.898323e-02 -6.039113e-03 5.502234e-02
9.595960e-01 8.080808e-01 4.849094e-02 -6.038040e-03 5.452898e-02
9.696970e-01 8.080808e-01 4.800360e-02 -6.037682e-03 5.404128e-02
9.797980e-01 8.080808e-01 4.752115e-02 -6.037503e-03 5.355866e-02
9.898990e-01 8.080808e-01 4.704356e-02 -6.036907e-03 5.308046e-02
1.000000e+00 8.080808e-01 4.657076e-02 -6.036431e-03 5.260719e-02
0.000000e+00 8.181818e-01 -2.817326e-01 -6.083161e-03 2.756494e-01
1.010101e-02 8.181818e-01 -2.789011e-01 -6.083310e-03 2.728178e-01
2.020202e-02 8.181818e-01 -2.760981e-01 -6.083012e-03 2.700151e-01
3.030303e-02 8.181818e-01 -2.733233e-01 -6.082982e-03 2.672403e-01
4.040404e-02 8.181818e-01 -2.705763e-01 -6.083012e-03 2.644933e-01
5.050505e-02 8.181818e-01 -2.678570e-01 -6.081820e-03 2.617752e-01
6.060606e-02 8.181818e-01 -2.651650e-01 -6.081551e-03 2.590834e-01
7.070707e-02 8.181818e-01 -2.625000e-01 -6.081820e-03 2.564182e-01
8.080808e-02 8.181818e-01 -2.598619e-01 -6.081372e-03 2.537805e-01
9.090909e-02 8.181818e-01 -2.572502e-01 -6.080896e-03 2.511693e-01
1.010101e-01 8.181818e-01 -2.546648e-01 -6.080776e-03 2.485840e-01
1.111111e-01 8.181818e-01 -2.521054e-01 -6.080359e-03 2.460250e-01
1.212121e-01 8.181818e-01 -2.495717e-01 -6.080419e-03 2.434912e-01
1.313131e-01 8.181818e-01 -2.470634e-01 -6.079972e-03 2.409835e-01
1.414141e-01 8.181818e-01 -2.445804e-01 -6.079793e-03 2.385006e-01
1.515152e-01 8.181818e-01 -2.421223e-01 -6.078988e-03 2.360433e-01
1.616162e-01 8.181818e-01 -2.396890e-01 -6.078362e-03 2.336106e-01
1.717172e-01 8.181818e-01 -2.372800e-01 -6.078571e-03 2.312015e-01
1.818182e-01 8.181818e-01 -2.348953e-01 -6.078005e-03 2.288173e-01
1.919192e-01 8.181818e-01 -2.325346e-01 -6.078422e-03 2.264562e-01
2.020202e-01 8.181818e-01 -2.301976e-01 -6.077975e-03 2.241196e-01
2.121212e-01 8.181818e-01 -2.278841e-01 -6.077349e-03 2.218067e-01
2.222222e-01 8.181818e-01 -2.255938e-01 -6.076992e-03 2.195168e-01
2.323232e-01 8.181818e-01 -2.233265e-01 -6.076545e-03 2.172500e-01
2.424242e-01 8.181818e-01 -2.210821e-01 -6.076097e-03 2.150060e-01
2.525253e-01 8.181818e-01 -2.188602e-01 -6.075859e-03 2.127843e-01
2.626263e-01 8.181818e-01 -2.166606e-01 -6.075472e-03 2.105851e-01
2.727273e-01 8.181818e-01 -2.144831e-01 -6.074995e-03 2.084081e-01
2.828283e-01 8.181818e-01 -2.123275e-01 -6.074458e-03 2.062531e-01
2.929293e-01 8.181818e-01 -2.101936e-01 -6.074220e-03 2.041194e-01
3.030303e-01 8.181818e-01 -2.080811e-01 -6.073505e-03 2.020076e-01
3.131313e-01 8.181818e-01 -2.059899e-01 -6.073356e-03 1.999165e-01
3.232323e-01 8.181818e-01 -2.039196e-01 -6.073087e-03 1.978465e-01
3.333333e-01 8.181818e-01 -2.018702e-01 -6.073207e-03 1.957970e-01
3.434343e-01 8.181818e-01 -1.998414e-01 -6.072849e-03 1.937685e-01
3.535354e-01 8.181818e-01 -1.978329e-01 -6.072789e-03 1.917601e-01
3.636364e-01 8.181818e-01 -1.958447e-01 -6.071508e-03 1.897732e-01
3.737374e-01 8.181818e-01 -1.938764e-01 -6.071329e-03 1.878051e-01
3.838384e-01 8.181818e-01 -1.919279e-01 -6.070852e-03 1.858571e-01
3.939394e-01 8.181818e-01 -1.899990e-01 -6.069928e-03 1.839291e-01
4.040404e-01 8.181818e-01 -1.880895e-01 -6.069988e-03 1.820195e-01
4.141414e-01 8.181818e-01 -1.861992e-01 -6.069034e-03 1.801301e-01
4.242424e-01 8.181818e-01 -1.843278e-01 -6.069332e-03 1.782585e-01
4.343434e-01 8.181818e-01 -1.824753e-01 -6.068796e-03 1.764065e-01
4.444444e-01 8.181818e-01 -1.806414e-01 -6.068945e-03 1.745724e-01
4.545455e-01 8.181818e-01 -1.788259e-01 -6.068140e-03 1.727578e-01
4.646465e-01 8.181818e-01 -1.770287e-01 -6.067902e-03 1.709608e-01
4.747475e-01 8.181818e-01 -1.752495e-01 -6.067425e-03 1.691821e-01
4.848485e-01 8.181818e-01 -1.734882e-01 -6.066740e-03 1.674215e-01
4.949495e-01 8.181818e-01 -1.717446e-01 -6.066531e-03 1.656781e-01
5.050505e-01 8.181818e-01 -1.700186e-01 -6.066114e-03 1.639525e-01
5.151515e-01 8.181818e-01 -1.683099e-01 -6.065696e-03 1.622442e-01
5.252525e-01 8.181818e-01 -1.666183e-01 -6.065369e-03 1.605530e-01
5.353535e-01 8.181818e-01 -1.649438e-01 -6.065011e-03 1.588788e-01
5.454545e-01 8.181818e-01 -1.632861e-01 -6.065220e-03 1.572209e-01
5.555556e-01 8.181818e-01 -1.616450e-01 -6.064147e-03 1.555809e-01
5.656566e-01 8.181818e-01 -1.600205e-01 -6.063968e-03 1.539565e-01
5.757576e-01 8.181818e-01 -1.584122e-01 -6.063789e-03 1.523484e-01
5.858586e-01 8.181818e-01 -1.568202e-01 -6.063491e-03 1.507567e-01
5.959596e-01 8.181818e-01 -1.552441e-01 -6.062418e-03 1.491817e-01
6.060606e-01 8.181818e-01 -1.536839e-01 -6.062001e-03 1.476219e-01
6.161616e-01 8.181818e-01 -1.521393e-01 -6.061435e-03 1.460779e-01
6.262626e-01 8.181818e-01 -1.506103e-01 -6.061465e-03 1.445488e-01
6.363636e-01 8.181818e-01 -1.490966e-01 -6.061018e-03 1.430356e-01
6.464646e-01 8.181818e-01 -1.475982e-01 -6.060034e-03 1.415381e-01
6.565657e-01 8.181818e-01 -1.461148e-01 -6.059647e-03 1.400551e-01
6.666667e-01 8.181818e-01 -1.446463e-01 -6.058902e-03 1.385874e-01
6.767677e-01 8.181818e-01 -1.431926e-01 -6.058872e-03 1.371337e-01
6.868687e-01 8.181818e-01 -1.417535e-01 -6.058604e-03 1.356949e-01
6.969697e-01 8.181818e-01 -1.403288e-01 -6.057769e-03 1.342711e-01
7.070707e-01 8.181818e-01 -1.389185e-01 -6.057411e-03 1.328611e-01
7.171717e-01 8.181818e-01 -1.375224e-01 -6.057411e-03 1.314649e-01
7.272727e-01 8.181818e-01 -1.361402e-01 -6.056726e-03 1.300835e-01
7.373737e-01 8.181818e-01 -1.347720e-01 -6.056011e-03 1.287160e-01
7.474747e-01 8.181818e-01 -1.334175e-01 -6.055385e-03 1.273621e-01
7.575758e-01 8.181818e-01 -1.320767e-01 -6.054789e-03 1.260219e-01
7.676768e-01 8.181818e-01 -1.307493e-01 -6.054431e-03 1.246948e-01
7.777778e-01 8.181818e-01 -1.294352e-01 -6.053567e-03 1.233816e-01
7.878788e-01 8.181818e-01 -1.281344e-01 -6.053537e-03 1.220808e-01
7.979798e-01 8.181818e-01 -1.268466e-01 -6.053001e-03 1.207936e-01
8.080808e-01 8.181818e-01 -1.255718e-01 -6.052285e-03 1.195195e-01
8.181818e-01 8.181818e-01 -1.243097e-01 -6.051779e-03 1.182580e-01
8.282828e-01 8.181818e-01 -1.230604e-01 -6.051302e-03 1.170091e-01
8.383838e-01 8.181818e-01 -1.218236e-01 -6.050795e-03 1.157728e-01
8.484848e-01 8.181818e-01 -1.205993e-01 -6.050199e-03 1.145491e-01
8.585859e-01 8.181818e-01 -1.193872e-01 -6.049991e-03 1.133373e-01
8.686869e-01 8.181818e-01 -1.181874e-01 -6.049693e-03 1.121377e-01
8.787879e-01 8.181818e-01 -1.169996e-01 -6.048828e-03 1.109508e-01
8.888889e-01 8.181818e-01 -1.158237e-01 -6.047904e-03 1.097758e-01
8.989899e-01 8.181818e-01 -1.146597e-01 -6.047398e-03 1.086123e-01
9.090909e-01 8.181818e-01 -1.135073e-01 -6.046474e-03 1.074608e-01
9.191919e-01 8.181818e-01 -1.123666e-01 -6.045967e-03 1.063206e-01
9.292929e-01 8.181818e-01 -1.112373e-01 -6.045580e-03 1.051917e-01
9.393939e-01 8.181818e-01 -1.101193e-01 -6.044894e-03 1.040744e-01
9.494949e-01 8.181818e-01 -1.090126e-01 -6.043941e-03 1.029686e-01
9.595960e-01 8.181818e-01 -1.079170e-01 -6.044120e-03 1.018729e-01
9.696970e-01 8.181818e-01 -1.068324e-01 -6.043106e-03 1.007893e-01
9.797980e-01 8.181818e-01 -1.057587e-01 -6.042272e-03 9.971645e-02
9.898990e-01 8.181818e-01 -1.046958e-01 -6.042033e-03 9.865379e-02
1.000000e+00 8.181818e-01 -1.036436e-01 -6.041646e-03 9.760197e-02
0.000000e+00 8.282828e-01 4.297949e-01 -6.092638e-03 4.358875e-01
1.010101e-02 8.282828e-01 4.254754e-01 -6.092519e-03 4.315679e-01
2.020202e-02 8.282828e-01 4.211993e-01 -6.091982e-03 4.272913e-01
3.030303e-02 8.282828e-01 4.169662e-01 -6.091803e-03 4.230580e-01
4.040404e-02 8.282828e-01 4.127756e-01 -6.091803e-03 4.188674e-01
5.050505e-02 8.282828e-01 4.086271e-01 -6.091505e-03 4.147186e-01
6.060606e-02 8.282828e-01 4.045204e-01 -6.090969e-03 4.106113e-01
7.070707e-02 8.282828e-01 4.004549e-01 -6.090105e-03 4.065450e-01
8.080808e-02 8.282828e-01 3.964302e-01 -6.089777e-03 4.025200e-01
9.090909e-02 8.282828e-01 3.924460e-01 -6.089807e-03 3.985358e-01
1.010101e-01 8.282828e-01 3.885019e-01 -6.089717e-03 3.945916e-01
1.111111e-01 8.282828e-01 3.845974e-01 -6.088585e-03 3.906860e-01
1.212121e-01 8.282828e-01 3.807321e-01 -6.088793e-03 3.868209e-01
1.313131e-01 8.282828e-01 3.769057e-01 -6.088883e-03 3.829946e-01
1.414141e-01 8.282828e-01 3.731177e-01 -6.088108e-03 3.792058e-01
1.515152e-01 8.282828e-01 3.693678e-01 -6.087631e-03 3.754555e-01
1.616162e-01 8.282828e-01 3.656556e-01 -6.087095e-03 3.717427e-01
1.717172e-01 8.282828e-01 3.619807e-01 -6.086558e-03 3.680673e-01
1.818182e-01 8.282828e-01 3.583428e-01 -6.086409e-03 3.644292e-01
1.919192e-01 8.282828e-01 3.547414e-01 -6.086111e-03 3.608275e-01
2.020202e-01 8.282828e-01 3.511761e-01 -6.085485e-03 3.572616e-01
2.121212e-01 8.282828e-01 3.476468e-01 -6.084770e-03 3.537315e-01
2.222222e-01 8.282828e-01 3.441529e-01 -6.084830e-03 3.502377e-01
2.323232e-01 8.282828e-01 3.406941e-01 -6.084353e-03 3.467784e-01
2.424242e-01 8.282828e-01 3.372700e-01 -6.084114e-03 3.433542e-01
2.525253e-01 8.282828e-01 3.338804e-01 -6.083727e-03 3.399641e-01
2.626263e-01 8.282828e-01 3.305249e-01 -6.083190e-03 3.366081e-01
2.727273e-01 8.282828e-01 3.272030e-01 -6.082982e-03 3.332860e-01
2.828283e-01 8.282828e-01 3.239146e-01 -6.082892e-03 3.299975e-01
2.929293e-01 8.282828e-01 3.206592e-01 -6.082207e-03 3.267414e-01
3.030303e-01 8.282828e-01 3.174365e-01 -6.081134e-03 3.235176e-01
3.131313e-01 8.282828e-01 3.142462e-01 -6.080985e-03 3.203272e-01
3.232323e-01 8.282828e-01 3.110880e-01 -6.081074e-03 3.171691e-01
3.333333e-01 8.282828e-01 3.079615e-01 -6.080419e-03 3.140419e-01
3.434343e-01 8.282828e-01 3.048664e-01 -6.080180e-03 3.109466e-01
3.535354e-01 8.282828e-01 3.018025e-01 -6.080240e-03 3.078827e-01
3.636364e-01 8.282828e-01 2.987693e-01 -6.078869e-03 3.048482e-01
3.737374e-01 8.282828e-01 2.957666e-01 -6.078273e-03 3.018449e-01
3.838384e-01 8.282828e-01 2.927941e-01 -6.078184e-03 2.988723e-01
3.939394e-01 8.282828e-01 2.898515e-01 -6.077319e-03 2.959288e-01
4.040404e-01 8.282828e-01 2.869385e-01 -6.076843e-03 2.930153e-01
4.141414e-01 8.282828e-01 2.840547e-01 -6.076366e-03 2.901310e-01
4.242424e-01 8.282828e-01 2.811999e-01 -6.075740e-03 2.872756e-01
4.343434e-01 8.282828e-01 2.783738e-01 -6.075710e-03 2.844495e-01
4.444444e-01 8.282828e-01 2.755761e-01 -6.075472e-03 2.816515e-01
4.545455e-01 8.282828e-01 2.728065e-01 -6.075472e-03 2.788820e-01
4.646465e-01 8.282828e-01 2.700647e-01 -6.074786e-03 2.761395e-01
4.747475e-01 8.282828e-01 2.673505e-01 -6.074160e-03 2.734247e-01
4.848485e-01 8.282828e-01 2.646636e-01 -6.074250e-03 2.707379e-01
4.949495e-01 8.282828e-01 2.620037e-01 -6.073475e-03 2.680772e-01
5.050505e-01 8.282828e-01 2.593705e-01 -6.073147e-03 2.654437e-01
5.151515e-01 8.282828e-01 2.567638e-01 -6.072164e-03 2.628360e-01
5.252525e-01 8.282828e-01 2.541833e-01 -6.072313e-03 2.602556e-01
5.353535e-01 8.282828e-01 2.516287e-01 -6.071776e-03 2.577005e-01
5.454545e-01 8.282828e-01 2.490998e-01 -6.070822e-03 2.551706e-01
5.555556e-01 8.282828e-01 2.465963e-01 -6.071001e-03 2.526673e-01
5.656566e-01 8.282828e-01 2.441180e-01 -6.070465e-03 2.501884e-01
5.757576e-01 8.282828e-01 2.416645e-01 -6.069928e-03 2.477345e-01
5.858586e-01 8.282828e-01 2.392358e-01 -6.069690e-03 2.453055e-01
5.959596e-01 8.282828e-01 2.368314e-01 -6.069332e-03 2.429007e-01
6.060606e-01 8.282828e-01 2.344512e-01 -6.068617e-03 2.405198e-01
6.161616e-01 8.282828e-01 2.320949e-01 -6.067932e-03 2.381629e-01
6.262626e-01 8.282828e-01 2.297624e-01 -6.067365e-03 2.358297e-01
6.363636e-01 8.282828e-01 2.274532e-01 -6.067127e-03 2.335203e-01
6.464646e-01 8.282828e-01 2.251673e-01 -6.066620e-03 2.312339e-01
6.565657e-01 8.282828e-01 2.229043e-01 -6.066054e-03 2.289703e-01
6.666667e-01 8.282828e-01 2.206641e-01 -6.065577e-03 2.267296e-01
6.767677e-01 8.282828e-01 2.184464e-01 -6.065220e-03 2.245116e-01
6.868687e-01 8.282828e-01 2.162509e-01 -6.065160e-03 2.223161e-01
6.969697e-01 8.282828e-01 2.140776e-01 -6.064147e-03 2.201417e-01
7.070707e-01 8.282828e-01 2.119261e-01 -6.064266e-03 2.179903e-01
7.171717e-01 8.282828e-01 2.097962e-01 -6.063312e-03 2.158595e-01
7.272727e-01 8.282828e-01 2.076877e-01 -6.062359e-03 2.137500e-01
7.373737e-01 8.282828e-01 2.056004e-01 -6.061882e-03 2.116623e-01
7.474747e-01 8.282828e-01 2.035341e-01 -6.061226e-03 2.095953e-01
7.575758e-01 8.282828e-01 2.014885e-01 -6.061286e-03 2.075498e-01
7.676768e-01 8.282828e-01 1.994635e-01 -6.060511e-03 2.055240e-01
7.777778e-01 8.282828e-01 1.974589e-01 -6.059438e-03 2.035183e-01
7.878788e-01 8.282828e-01 1.954744e-01 -6.059438e-03 2.015338e-01
7.979798e-01 8.282828e-01 1.935098e-01 -6.058872e-03 1.995687e-01
8.080808e-01 8.282828e-01 1.915650e-01 -6.058365e-03 1.976234e-01
8.181818e-01 8.282828e-01 1.896398e-01 -6.057858e-03 1.956976e-01
8.282828e-01 8.282828e-01 1.877339e-01 -6.057322e-03 1.937912e-01
8.383838e-01 8.282828e-01 1.858471e-01 -6.056339e-03 1.919034e-01
8.484848e-01 8.282828e-01 1.839793e-01 -6.056309e-03 1.900356e-01
8.585859e-01 8.282828e-01 1.821303e-01 -6.055623e-03 1.881859e-01
8.686869e-01 8.282828e-01 1.802998e-01 -6.055027e-03 1.863549e-01
8.787879e-01 8.282828e-01 1.784878e-01 -6.053686e-03 1.845415e-01
8.888889e-01 8.282828e-01 1.766940e-01 -6.053537e-03 1.827475e-01
8.989899e-01 8.282828e-01 1.749182e-01 -6.052971e-03 1.809711e-01
9.090909e-01 8.282828e-01 1.731602e-01 -6.052196e-03 1.792124e-01
9.191919e-01 8.282828e-01 1.714199e-01 -6.051332e-03 1.774713e-01
9.292929e-01 8.282828e-01 1.696971e-01 -6.051093e-03 1.757482e-01
9.393939e-01 8.282828e-01 1.679916e-01 -6.050617e-03 1.740423e-01
9.494949e-01 8.282828e-01 1.663033e-01 -6.049424e-03 1.723527e-01
9.595960e-01 8.282828e-01 1.646319e-01 -6.049275e-03 1.706812e-01
9.696970e-01 8.282828e-01 1.629773e-01 -6.048381e-03 1.690257e-01
9.797980e-01 8.282828e-01 1.613394e-01 -6.048650e-03 1.673880e-01
9.898990e-01 8.282828e-01 1.597179e-01 -6.047755e-03 1.657657e-01
1.000000e+00 8.282828e-01 1.581127e-01 -6.047010e-03 1.641597e-01
0.000000e+00 8.383838e-01 -5.670599e-01 -6.101519e-03 5.609583e-01
1.010101e-02 8.383838e-01 -5.613608e-01 -6.101519e-03 5.552593e-01
2.020202e-02 8.383838e-01 -5.557190e-01 -6.101698e-03 5.496174e-01
3.030303e-02 8.383838e-01 -5.501340e-01 -6.100565e-03 5.440334e-01
4.040404e-02 8.383838e-01 -5.446050e-01 -6.100655e-03 5.385044e-01
5.050505e-02 8.383838e-01 -5.391317e-01 -6.100029e-03 5.330316e-01
6.060606e-02 8.383838e-01 -5.337133e-01 -6.099612e-03 5.276137e-01
7.070707e-02 8.383838e-01 -5.283494e-01 -6.099373e-03 5.222500e-01
8.080808e-02 8.383838e-01 -5.230394e-01 -6.098598e-03 5.169408e-01
9.090909e-02 8.383838e-01 -5.177828e-01 -6.098419e-03 5.116843e-01
1.010101e-01 8.383838e-01 -5.125790e-01 -6.097853e-03 5.064811e-01
1.111111e-01 8.383838e-01 -5.074275e-01 -6.097943e-03 5.013295e-01
1.212121e-01 8.383838e-01 -5.023277e-01 -6.097227e-03 4.962305e-01
1.313131e-01 8.383838e-01 -4.972793e-01 -6.096810e-03 4.911824e-01
1.414141e-01 8.383838e-01 -4.922815e-01 -6.096184e-03 4.861853e-01
1.515152e-01 8.383838e-01 -4.873340e-01 -6.096035e-03 4.812380e-01
1.616162e-01 8.383838e-01 -4.824362e-01 -6.095707e-03 4.763405e-01
1.717172e-01 8.383838e-01 -4.775877e-01 -6.094813e-03 4.714928e-01
1.818182e-01 8.383838e-01 -4.727878e-01 -6.094038e-03 4.666938e-01
1.919192e-01 8.383838e-01 -4.680362e-01 -6.094545e-03 4.619417e-01
2.020202e-01 8.383838e-01 -4.633324e-01 -6.093949e-03 4.572384e-01
2.121212e-01 8.383838e-01 -4.586758e-01 -6.093323e-03 4.525825e-01
2.222222e-01 8.383838e-01 -4.540660e-01 -6.092608e-03 4.479734e-01
2.323232e-01 8.383838e-01 -4.495026e-01 -6.092846e-03 4.434098e-01
2.424242e-01 8.383838e-01 -4.449850e-01 -6.091982e-03 4.388930e-01
2.525253e-01 8.383838e-01 -4.405129e-01 -6.091684e-03 4.344212e-01
2.626263e-01 8.383838e-01 -4.360856e-01 -6.090909e-03 4.299947e-01
2.727273e-01 8.383838e-01 -4.317029e-01 -6.090730e-03 4.256122e-01
2.828283e-01 8.383838e-01 -4.273642e-01 -6.090671e-03 4.212735e-01
2.929293e-01 8.383838e-01 -4.230691e-01 -6.089658e-03 4.169795e-01
3.030303e-01 8.383838e-01 -4.188172e-01 -6.088823e-03 4.127284e-01
3.131313e-01 8.383838e-01 -4.146080e-01 -6.089240e-03 4.085188e-01
3.232323e-01 8.383838e-01 -4.104411e-01 -6.088108e-03 4.043530e-01
3.333333e-01 8.383838e-01 -4.063161e-01 -6.087512e-03 4.002286e-01
3.434343e-01 8.383838e-01 -4.022326e-01 -6.086946e-03 3.961457e-01
3.535354e-01 8.383838e-01 -3.981901e-01 -6.087214e-03 3.921029e-01
3.636364e-01 8.383838e-01 -3.941882e-01 -6.086230e-03 3.881020e-01
3.737374e-01 8.383838e-01 -3.902266e-01 -6.085932e-03 3.841406e-01
3.838384e-01 8.383838e-01 -3.863047e-01 -6.084710e-03 3.802200e-01
3.939394e-01 8.383838e-01 -3.824223e-01 -6.084710e-03 3.763376e-01
4.040404e-01 8.383838e-01 -3.785789e-01 -6.083548e-03 3.724953e-01
4.141414e-01 8.383838e-01 -3.747741e-01 -6.083965e-03 3.686901e-01
4.242424e-01 8.383838e-01 -3.710076e-01 -6.083339e-03 3.649242e-01
4.343434e-01 8.383838e-01 -3.672789e-01 -6.082803e-03 3.611961e-01
4.444444e-01 8.383838e-01 -3.635877e-01 -6.082684e-03 3.575050e-01
4.545455e-01 8.383838e-01 -3.599335e-01 -6.081909e-03 3.538516e-01
4.646465e-01 8.383838e-01 -3.563162e-01 -6.081253e-03 3.502349e-01
4.747475e-01 8.383838e-01 -3.527351e-01 -6.081223e-03 3.466539e-01
4.848485e-01 8.383838e-01 -3.491901e-01 -6.080806e-03 3.431093e-01
4.949495e-01 8.383838e-01 -3.456807e-01 -6.080121e-03 3.396005e-01
5.050505e-01 8.383838e-01 -3.422065e-01 -6.079525e-03 3.361270e-01
5.151515e-01 8.383838e-01 -3.387673e-01 -6.079137e-03 3.326881e-01
5.252525e-01 8.383838e-01 -3.353626e-01 -6.078690e-03 3.292839e-01
5.353535e-01 8.383838e-01 -3.319922e-01 -6.077737e-03 3.259144e-01
5.454545e-01 8.383838e-01 -3.286556e-01 -6.077856e-03 3.225777e-01
5.555556e-01 8.383838e-01 -3.253525e-01 -6.077230e-03 3.192753e-01
5.656566e-01 8.383838e-01 -3.220827e-01 -6.076872e-03 3.160058e-01
5.757576e-01 8.383838e-01 -3.188457e-01 -6.076723e-03 3.127690e-01
5.858586e-01 8.383838e-01 -3.156413e-01 -6.076127e-03 3.095651e-01
5.959596e-01 8.383838e-01 -3.124690e-01 -6.075591e-03 3.063934e-01
6.060606e-01 8.383838e-01 -3.093286e-01 -6.075293e-03 3.032533e-01
6.161616e-01 8.383838e-01 -3.062198e-01 -6.074667e-03 3.001452e-01
6.262626e-01 8.383838e-01 -3.031423e-01 -6.074518e-03 2.970678e-01
6.363636e-01 8.383838e-01 -3.000956e-01 -6.073862e-03 2.940218e-01
6.464646e-01 8.383838e-01 -2.970796e-01 -6.073028e-03 2.910066e-01
6.565657e-01 8.383838e-01 -2.940939e-01 -6.072044e-03 2.880219e-01
6.666667e-01 8.383838e-01 -2.911382e-01 -6.071717e-03 2.850665e-01
6.767677e-01 8.383838e-01 -2.882123e-01 -6.071568e-03 2.821407e-01
6.868687e-01 8.383838e-01 -2.853157e-01 -6.071299e-03 2.792444e-01
6.969697e-01 8.383838e-01 -2.824482e-01 -6.070584e-03 2.763776e-01
7.070707e-01 8.383838e-01 -2.796096e-01 -6.069839e-03 2.735397e-01
7.171717e-01 8.383838e-01 -2.767994e-01 -6.069094e-03 2.707303e-01
7.272727e-01 8.383838e-01 -2.740175e-01 -6.069034e-03 2.679485e-01
7.373737e-01 8.383838e-01 -2.712636e-01 -6.068498e-03 2.651951e-01
7.474747e-01 8.383838e-01 -2.685374e-01 -6.067723e-03 2.624697e-01
7.575758e-01 8.383838e-01 -2.658385e-01 -6.066859e-03 2.597717e-01
7.676768e-01 8.383838e-01 -2.631668e-01 -6.066650e-03 2.571002e-01
7.777778e-01 8.383838e-01 -2.605219e-01 -6.065577e-03 2.544564e-01
7.878788e-01 8.383838e-01 -2.579037e-01 -6.065309e-03 2.518383e-01
7.979798e-01 8.383838e-01 -2.553117e-01 -6.065011e-03 2.492467e-01
8.080808e-01 8.383838e-01 -2.527458e-01 -6.064206e-03 2.466816e-01
8.181818e-01 8.383838e-01 -2.502056e-01 -6.063491e-03 2.441421e-01
8.282828e-01 8.383838e-01 -2.476910e-01 -6.062627e-03 2.416284e-01
8.383838e-01 8.383838e-01 -2.452017e-01 -6.062210e-03 2.391395e-01
8.484848e-01 8.383838e-01 -2.427374e-01 -6.061643e-03 2.366757e-01
8.585859e-01 8.383838e-01 -2.402978e-01 -6.061286e-03 2.342365e-01
8.686869e-01 8.383838e-01 -2.378828e-01 -6.060451e-03 2.318223e-01
8.787879e-01 8.383838e-01 -2.354920e-01 -6.059855e-03 2.294322e-01
8.888889e-01 8.383838e-01 -2.331253e-01 -6.059110e-03 2.270662e-01
8.989899e-01 8.383838e-01 -2.307823e-01 -6.058902e-03 2.247234e-01
9.090909e-01 8.383838e-01 -2.284629e-01 -6.058186e-03 2.224047e-01
9.191919e-01 8.383838e-01 -2.261668e-01 -6.057084e-03 2.201098e-01
9.292929e-01 8.383838e-01 -2.238938e-01 -6.056279e-03 2.178375e-01
9.393939e-01 8.383838e-01 -2.216437e-01 -6.055713e-03 2.155879e-01
9.494949e-01 8.383838e-01 -2.194161e-01 -6.055385e-03 2.133607e-01
9.595960e-01 8.383838e-01 -2.172109e-01 -6.054729e-03 2.111562e-01
9.696970e-01 8.383838e-01 -2.150279e-01 -6.054252e-03 2.089737e-01
9.797980e-01 8.383838e-01 -2.128669e-01 -6.053448e-03 2.068134e-01
9.898990e-01 8.383838e-01 -2.107275e-01 -6.053120e-03 2.046744e-01
1.000000e+00 8.383838e-01 -2.086097e-01 -6.052405e-03 2.025573e-01
0.000000e+00 8.484848e-01 6.900790e-01 -6.111056e-03 6.961901e-01
1.010101e-02 8.484848e-01 6.831436e-01 -6.110966e-03 6.892546e-01
2.020202e-02 8.484848e-01 6.762779e-01 -6.110191e-03 6.823881e-01
3.030303e-02 8.484848e-01 6.694812e-01 -6.110162e-03 6.755914e-01
4.040404e-02 8.484848e-01 6.627528e-01 -6.109387e-03 6.688622e-01
5.050505e-02 8.484848e-01 6.560920e-01 -6.109208e-03 6.622012e-01
6.060606e-02 8.484848e-01 6.494982e-01 -6.108642e-03 6.556068e-01
7.070707e-02 8.484848e-01 6.429706e-01 -6.108075e-03 6.490787e-01
8.080808e-02 8.484848e-01 6.365087e-01 -6.107301e-03 6.426160e-01
9.090909e-02 8.484848e-01 6.301116e-01 -6.107152e-03 6.362188e-01
1.010101e-01 8.484848e-01 6.237789e-01 -6.107301e-03 6.298862e-01
1.111111e-01 8.484848e-01 6.175098e-01 -6.106198e-03 6.236160e-01
1.212121e-01 8.484848e-01 6.113038e-01 -6.105453e-03 6.174092e-01
1.313131e-01 8.484848e-01 6.051601e-01 -6.105274e-03 6.112653e-01
1.414141e-01 8.484848e-01 5.990781e-01 -6.104529e-03 6.051826e-01
1.515152e-01 8.484848e-01 5.930573e-01 -6.104380e-03 5.991616e-01
1.616162e-01 8.484848e-01 5.870969e-01 -6.103903e-03 5.932008e-01
1.717172e-01 8.484848e-01 5.811965e-01 -6.103486e-03 5.873000e-01
1.818182e-01 8.484848e-01 5.753554e-01 -6.103247e-03 5.814586e-01
1.919192e-01 8.484848e-01 5.695730e-01 -6.101668e-03 5.756746e-01
2.020202e-01 8.484848e-01 5.638487e-01 -6.101310e-03 5.699500e-01
2.121212e-01 8.484848e-01 5.581819e-01 -6.101042e-03 5.642829e-01
2.222222e-01 8.484848e-01 5.525721e-01 -6.100565e-03 5.586726e-01
2.323232e-01 8.484848e-01 5.470186e-01 -6.100297e-03 5.531189e-01
2.424242e-01 8.484848e-01 5.415210e-01 -6.099850e-03 5.476209e-01
2.525253e-01 8.484848e-01 5.360786e-01 -6.099612e-03 5.421782e-01
2.626263e-01 8.484848e-01 5.306910e-01 -6.098360e-03 5.367893e-01
2.727273e-01 8.484848e-01 5.253574e-01 -6.098449e-03 5.314559e-01
2.828283e-01 8.484848e-01 5.200775e-01 -6.097883e-03 5.261754e-01
2.929293e-01 8.484848e-01 5.148506e-01 -6.097466e-03 5.209481e-01
3.030303e-01 8.484848e-01 5.096763e-01 -6.096721e-03 5.157730e-01
3.131313e-01 8.484848e-01 5.045540e-01 -6.096333e-03 5.106503e-01
3.232323e-01 8.484848e-01 4.994831e-01 -6.095439e-03 5.055785e-01
3.333333e-01 8.484848e-01 4.944632e-01 -6.095290e-03 5.005585e-01
3.434343e-01 8.484848e-01 4.894938e-01 -6.094843e-03 4.955886e-01
3.535354e-01 8.484848e-01 4.845743e-01 -6.093979e-03 4.906683e-01
3.636364e-01 8.484848e-01 4.797042e-01 -6.093353e-03 4.857976e-01
3.737374e-01 8.484848e-01 4.748831e-01 -6.093472e-03 4.809766e-01
3.838384e-01 8.484848e-01 4.701105e-01 -6.092399e-03 4.762029e-01
3.939394e-01 8.484848e-01 4.653858e-01 -6.092608e-03 4.714784e-01
4.040404e-01 8.484848e-01 4.607086e-01 -6.091595e-03 4.668002e-01
4.141414e-01 8.484848e-01 4.560784e-01 -6.090432e-03 4.621688e-01
4.242424e-01 8.484848e-01 4.514947e-01 -6.090760e-03 4.575855e-01
4.343434e-01 8.484848e-01 4.469571e-01 -6.089687e-03 4.530468e-01
4.444444e-01 8.484848e-01 4.424651e-01 -6.089687e-03 4.485548e-01
4.545455e-01 8.484848e-01 4.380183e-01 -6.088734e-03 4.441070e-01
4.646465e-01 8.484848e-01 4.336161e-01 -6.088465e-03 4.397046e-01
4.747475e-01 8.484848e-01 4.292582e-01 -6.087929e-03 4.353461e-01
4.848485e-01 8.484848e-01 4.249441e-01 -6.087452e-03 4.310315e-01
4.949495e-01 8.484848e-01 4.206733e-01 -6.086886e-03 4.267602e-01
5.050505e-01 8.484848e-01 4.164455e-01 -6.086439e-03 4.225319e-01
5.151515e-01 8.484848e-01 4.122602e-01 -6.085902e-03 4.183461e-01
5.252525e-01 8.484848e-01 4.081169e-01 -6.085187e-03 4.142021e-01
5.353535e-01 8.484848e-01 4.040152e-01 -6.084859e-03 4.101001e-01
5.454545e-01 8.484848e-01 3.999548e-01 -6.084323e-03 4.060391e-01
5.555556e-01 8.484848e-01 3.959352e-01 -6.083995e-03 4.020192e-01
5.656566e-01 8.484848e-01 3.919560e-01 -6.083667e-03 3.980396e-01
5.757576e-01 8.484848e-01 3.880168e-01 -6.082922e-03 3.940997e-01
5.858586e-01 8.484848e-01 3.841171e-01 -6.082684e-03 3.901998e-01
5.959596e-01 8.484848e-01 3.802567e-01 -6.081581e-03 3.863383e-01
6.060606e-01 8.484848e-01 3.764350e-01 -6.081253e-03 3.825163e-01
6.161616e-01 8.484848e-01 3.726518e-01 -6.080836e-03 3.787326e-01
6.262626e-01 8.484848e-01 3.689066e-01 -6.080717e-03 3.749873e-01
6.363636e-01 8.484848e-01 3.651990e-01 -6.080121e-03 3.712791e-01
6.464646e-01 8.484848e-01 3.615287e-01 -6.079286e-03 3.676080e-01
6.565657e-01 8.484848e-01 3.578953e-01 -6.078839e-03 3.639741e-01
6.666667e-01 8.484848e-01 3.542984e-01 -6.078273e-03 3.603767e-01
6.767677e-01 8.484848e-01 3.507376e-01 -6.077439e-03 3.568151e-01
6.868687e-01 8.484848e-01 3.472126e-01 -6.077319e-03 3.532900e-01
6.969697e-01 8.484848e-01 3.437231e-01 -6.076634e-03 3.497997e-01
7.070707e-01 8.484848e-01 3.402686e-01 -6.075352e-03 3.463440e-01
7.171717e-01 8.484848e-01 3.368489e-01 -6.075591e-03 3.429245e-01
7.272727e-01 8.484848e-01 3.334635e-01 -6.075174e-03 3.395387e-01
7.373737e-01 8.484848e-01 3.301121e-01 -6.074458e-03 3.361866e-01
7.474747e-01 8.484848e-01 3.267944e-01 -6.073445e-03 3.328679e-01
7.575758e-01 8.484848e-01 3.235101e-01 -6.073207e-03 3.295833e-01
7.676768e-01 8.484848e-01 3.202588e-01 -6.072134e-03 3.263309e-01
7.777778e-01 8.484848e-01 3.170401e-01 -6.071866e-03 3.231120e-01
7.878788e-01 8.484848e-01 3.138538e-01 -6.071299e-03 3.199251e-01
7.979798e-01 8.484848e-01 3.106995e-01 -6.070644e-03 3.167702e-01
8.080808e-01 8.484848e-01 3.075769e-01 -6.069869e-03 3.136468e-01
8.181818e-01 8.484848e-01 3.044857e-01 -6.069422e-03 3.105552e-01
8.282828e-01 8.484848e-01 3.014256e-01 -6.068617e-03 3.074942e-01
8.383838e-01 8.484848e-01 2.983962e-01 -6.068379e-03 3.044646e-01
8.484848e-01 8.484848e-01 2.953973e-01 -6.067783e-03 3.014651e-01
8.585859e-01 8.484848e-01 2.924285e-01 -6.067187e-03 2.984957e-01
8.686869e-01 8.484848e-01 2.894896e-01 -6.066263e-03 2.955558e-01
8.787879e-01 8.484848e-01 2.865801e-01 -6.065518e-03 2.926457e-01
8.888889e-01 8.484848e-01 2.837000e-01 -6.064951e-03 2.897649e-01
8.989899e-01 8.484848e-01 2.808487e-01 -6.064326e-03 2.869131e-01
9.090909e-01 8.484848e-01 2.780262e-01 -6.063491e-03 2.840896e-01
9.191919e-01 8.484848e-01 2.752319e-01 -6.062716e-03 2.812947e-01
9.292929e-01 8.484848e-01 2.724658e-01 -6.062001e-03 2.785278e-01
9.393939e-01 8.484848e-01 2.697275e-01 -6.061077e-03 2.757886e-01
9.494949e-01 8.484848e-01 2.670167e-01 -6.060988e-03 2.730777e-01
9.595960e-01 8.484848e-01 2.643331e-01 -6.060272e-03 2.703934e-01
9.696970e-01 8.484848e-01 2.616765e-01 -6.059557e-03 2.677361e-01
9.797980e-01 8.484848e-01 2.590466e-01 -6.058991e-03 2.651056e-01
9.898990e-01 8.484848e-01 2.564432e-01 -6.058604e-03 2.625018e-01
1.000000e+00 8.484848e-01 2.538659e-01 -6.057769e-03 2.599237e-01
0.000000e+00 8.585859e-01 -7.957618e-01 -6.120175e-03 7.896417e-01
1.010101e-02 8.585859e-01 -7.877643e-01 -6.119698e-03 7.816446e-01
2.020202e-02 8.585859e-01 -7.798471e-01 -6.119460e-03 7.737277e-01
3.030303e-02 8.585859e-01 -7.720095e-01 -6.118417e-03 7.658911e-01
4.040404e-02 8.585859e-01 -7.642507e-01 -6.118834e-03 7.581319e-01
5.050505e-02 8.585859e-01 -7.565699e-01 -6.117672e-03 7.504522e-01
6.060606e-02 8.585859e-01 -7.489662e-01 -6.117076e-03 7.428491e-01
7.070707e-02 8.585859e-01 -7.414390e-01 -6.116658e-03 7.353223e-01
8.080808e-02 8.585859e-01 -7.339874e-01 -6.116241e-03 7.278712e-01
9.090909e-02 8.585859e-01 -7.266107e-01 -6.115586e-03 7.204951e-01
1.010101e-01 8.585859e-01 -7.193081e-01 -6.114990e-03 7.131932e-01
1.111111e-01 8.585859e-01 -7.120790e-01 -6.114423e-03 7.059646e-01
1.212121e-01 8.585859e-01 -7.049225e-01 -6.114334e-03 6.988081e-01
1.313131e-01 8.585859e-01 -6.978379e-01 -6.113440e-03 6.917244e-01
1.414141e-01 8.585859e-01 -6.908245e-01 -6.113023e-03 6.847115e-01
1.515152e-01 8.585859e-01 -6.838816e-01 -6.112248e-03 6.777693e-01
1.616162e-01 8.585859e-01 -6.770085e-01 -6.111532e-03 6.708969e-01
1.717172e-01 8.585859e-01 -6.702044e-01 -6.111383e-03 6.640930e-01
1.818182e-01 8.585859e-01 -6.634688e-01 -6.110817e-03 6.573579e-01
1.919192e-01 8.585859e-01 -6.568008e-01 -6.109983e-03 6.506908e-01
2.020202e-01 8.585859e-01 -6.501998e-01 -6.109565e-03 6.440903e-01
2.121212e-01 8.585859e-01 -6.436652e-01 -6.109416e-03 6.375558e-01
2.222222e-01 8.585859e-01 -6.371963e-01 -6.108493e-03 6.310878e-01
2.323232e-01 8.585859e-01 -6.307923e-01 -6.108135e-03 6.246842e-01
2.424242e-01 8.585859e-01 -6.244528e-01 -6.107420e-03 6.183454e-01
2.525253e-01 8.585859e-01 -6.181769e-01 -6.107062e-03 6.120699e-01
2.626263e-01 8.585859e-01 -6.119641e-01 -6.106526e-03 6.058576e-01
2.727273e-01 8.585859e-01 -6.058138e-01 -6.105870e-03 5.997079e-01
2.828283e-01 8.585859e-01 -5.997253e-01 -6.105334e-03 5.936199e-01
2.929293e-01 8.585859e-01 -5.936979e-01 -6.105036e-03 5.875929e-01
3.030303e-01 8.585859e-01 -5.877312e-01 -6.104678e-03 5.816265e-01
3.131313e-01 8.585859e-01 -5.818244e-01 -6.103963e-03 5.757204e-01
3.232323e-01 8.585859e-01 -5.759769e-01 -6.103426e-03 5.698735e-01
3.333333e-01 8.585859e-01 -5.701883e-01 -6.102771e-03 5.640855e-01
3.434343e-01 8.585859e-01 -5.644578e-01 -6.101936e-03 5.583559e-01
3.535354e-01 8.585859e-01 -5.587849e-01 -6.101638e-03 5.526833e-01
3.636364e-01 8.585859e-01 -5.531690e-01 -6.100833e-03 5.470682e-01
3.737374e-01 8.585859e-01 -5.476096e-01 -6.100416e-03 5.415092e-01
3.838384e-01 8.585859e-01 -5.421060e-01 -6.099850e-03 5.360062e-01
3.939394e-01 8.585859e-01 -5.366577e-01 -6.099015e-03 5.305587e-01
4.040404e-01 8.585859e-01 -5.312642e-01 -6.098956e-03 5.251653e-01
4.141414e-01 8.585859e-01 -5.259250e-01 -6.098092e-03 5.198269e-01
4.242424e-01 8.585859e-01 -5.206393e-01 -6.097227e-03 5.145421e-01
4.343434e-01 8.585859e-01 -5.154068e-01 -6.096870e-03 5.093099e-01
4.444444e-01 8.585859e-01 -5.102269e-01 -6.096095e-03 5.041308e-01
4.545455e-01 8.585859e-01 -5.050990e-01 -6.095886e-03 4.990031e-01
4.646465e-01 8.585859e-01 -5.000227e-01 -6.095469e-03 4.939272e-01
4.747475e-01 8.585859e-01 -4.949974e-01 -6.094187e-03 4.889032e-01
4.848485e-01 8.585859e-01 -4.900226e-01 -6.094545e-03 4.839280e-01
4.949495e-01 8.585859e-01 -4.850978e-01 -6.093591e-03 4.790042e-01
5.050505e-01 8.585859e-01 -4.802225e-01 -6.093442e-03 4.741290e-01
5.151515e-01 8.585859e-01 -4.753961e-01 -6.092817e-03 4.693033e-01
5.252525e-01 8.585859e-01 -4.706183e-01 -6.091863e-03 4.645265e-01
5.353535e-01 8.585859e-01 -4.658885e-01 -6.091893e-03 4.597966e-01
5.454545e-01 8.585859e-01 -4.612063e-01 -6.091148e-03 4.551151e-01
5.555556e-01 8.585859e-01 -4.565711e-01 -6.090581e-03 4.504805e-01
5.656566e-01 8.585859e-01 -4.519825e-01 -6.089777e-03 4.458927e-01
5.757576e-01 8.585859e-01 -4.474400e-01 -6.089121e-03 4.413508e-01
5.858586e-01 8.585859e-01 -4.429431e-01 -6.088287e-03 4.368548e-01
5.959596e-01 8.585859e-01 -4.384915e-01 -6.088823e-03 4.324026e-01
6.060606e-01 8.585859e-01 -4.340846e-01 -6.088138e-03 4.279964e-01
6.161616e-01 8.585859e-01 -4.297219e-01 -6.087780e-03 4.236342e-01
6.262626e-01 8.585859e-01 -4.254032e-01 -6.086975e-03 4.193162e-01
6.363636e-01 8.585859e-01 -4.211278e-01 -6.085962e-03 4.150418e-01
6.464646e-01 8.585859e-01 -4.168954e-01 -6.085575e-03 4.108098e-01
6.565657e-01 8.585859e-01 -4.127055e-01 -6.084770e-03 4.066207e-01
6.666667e-01 8.585859e-01 -4.085578e-01 -6.084353e-03 4.024734e-01
6.767677e-01 8.585859e-01 -4.044517e-01 -6.083757e-03 3.983679e-01
6.868687e-01 8.585859e-01 -4.003869e-01 -6.083250e-03 3.943036e-01
6.969697e-01 8.585859e-01 -3.963629e-01 -6.082714e-03 3.902802e-01
7.070707e-01 8.585859e-01 -3.923794e-01 -6.081879e-03 3.862975e-01
7.171717e-01 8.585859e-01 -3.884359e-01 -6.081492e-03 3.823544e-01
7.272727e-01 8.585859e-01 -3.845321e-01 -6.081253e-03 3.784508e-01
7.373737e-01 8.585859e-01 -3.806675e-01 -6.080180e-03 3.745873e-01
7.474747e-01 8.585859e-01 -3.768417e-01 -6.079793e-03 3.707619e-01
7.575758e-01 8.585859e-01 -3.730544e-01 -6.079167e-03 3.669752e-01
7.676768e-01 8.585859e-01 -3.693051e-01 -6.078452e-03 3.632267e-01
7.777778e-01 8.585859e-01 -3.655935e-01 -6.078213e-03 3.595153e-01
7.878788e-01 8.585859e-01 -3.619193e-01 -6.077409e-03 3.558419e-01
7.979798e-01 8.585859e-01 -3.582819e-01 -6.076336e-03 3.522056e-01
8.080808e-01 8.585859e-01 -3.546811e-01 -6.075889e-03 3.486052e-01
8.181818e-01 8.585859e-01 -3.511165e-01 -6.075591e-03 3.450409e-01
8.282828e-01 8.585859e-01 -3.475877e-01 -6.074160e-03 3.415136e-01
8.383838e-01 8.585859e-01 -3.440944e-01 -6.074160e-03 3.380203e-01
8.484848e-01 8.585859e-01 -3.406362e-01 -6.073296e-03 3.345629e-01
8.585859e-01 8.585859e-01 -3.372128e-01 -6.072968e-03 3.311398e-01
8.686869e-01 8.585859e-01 -3.338237e-01 -6.071985e-03 3.277517e-01
8.787879e-01 8.585859e-01 -3.304687e-01 -6.070793e-03 3.243979e-01
8.888889e-01 8.585859e-01 -3.271475e-01 -6.070673e-03 3.210768e-01
8.989899e-01 8.585859e-01 -3.238596e-01 -6.069571e-03 3.177900e-01
9.090909e-01 8.585859e-01 -3.206047e-01 -6.068885e-03 3.145359e-01
9.191919e-01 8.585859e-01 -3.173826e-01 -6.068319e-03 3.113143e-01
9.292929e-01 8.585859e-01 -3.141929e-01 -6.067425e-03 3.081254e-01
9.393939e-01 8.585859e-01 -3.110352e-01 -6.066710e-03 3.049685e-01
9.494949e-01 8.585859e-01 -3.079092e-01 -6.066710e-03 3.018425e-01
9.595960e-01 8.585859e-01 -3.048147e-01 -6.065369e-03 2.987493e-01
9.696970e-01 8.585859e-01 -3.017512e-01 -6.064445e-03 2.956868e-01
9.797980e-01 8.585859e-01 -2.987186e-01 -6.064564e-03 2.926540e-01
9.898990e-01 8.585859e-01 -2.957164e-01 -6.063879e-03 2.896525e-01
1.000000e+00 8.585859e-01 -2.927444e-01 -6.062895e-03 2.866815e-01
0.000000e+00 8.686869e-01 8.814534e-01 -6.129235e-03 8.875826e-01
1.010101e-02 8.686869e-01 8.725946e-01 -6.128639e-03 8.787232e-01
2.020202e-02 8.686869e-01 8.638249e-01 -6.127447e-03 8.699523e-01
3.030303e-02 8.686869e-01 8.551433e-01 -6.127149e-03 8.612705e-01
4.040404e-02 8.686869e-01 8.465490e-01 -6.127089e-03 8.526761e-01
5.050505e-02 8.686869e-01 8.380410e-01 -6.126583e-03 8.441676e-01
6.060606e-02 8.686869e-01 8.296186e-01 -6.125897e-03 8.357445e-01
7.070707e-02 8.686869e-01 8.212808e-01 -6.124645e-03 8.274054e-01
8.080808e-02 8.686869e-01 8.130268e-01 -6.124258e-03 8.191510e-01
9.090909e-02 8.686869e-01 8.048557e-01 -6.124049e-03 8.109797e-01
1.010101e-01 8.686869e-01 7.967668e-01 -6.123692e-03 8.028905e-01
1.111111e-01 8.686869e-01 7.887591e-01 -6.122857e-03 7.948820e-01
1.212121e-01 8.686869e-01 7.808320e-01 -6.122708e-03 7.869547e-01
1.313131e-01 8.686869e-01 7.729845e-01 -6.121695e-03 7.791062e-01
1.414141e-01 8.686869e-01 7.652159e-01 -6.120771e-03 7.713366e-01
1.515152e-01 8.686869e-01 7.575253e-01 -6.120473e-03 7.636458e-01
1.616162e-01 8.686869e-01 7.499120e-01 -6.119609e-03 7.560317e-01
1.717172e-01 8.686869e-01 7.423753e-01 -6.119132e-03 7.484944e-01
1.818182e-01 8.686869e-01 7.349143e-01 -6.118834e-03 7.410331e-01
1.919192e-01 8.686869e-01 7.275283e-01 -6.118089e-03 7.336464e-01
2.020202e-01 8.686869e-01 7.202165e-01 -6.117553e-03 7.263341e-01
2.121212e-01 8.686869e-01 7.129782e-01 -6.117016e-03 7.190952e-01
2.222222e-01 8.686869e-01 7.058127e-01 -6.116569e-03 7.119292e-01
2.323232e-01 8.686869e-01 6.987191e-01 -6.115347e-03 7.048345e-01
2.424242e-01 8.686869e-01 6.916969e-01 -6.114960e-03 6.978119e-01
2.525253e-01 8.686869e-01 6.847452e-01 -6.114393e-03 6.908596e-01
2.626263e-01 8.686869e-01 6.778634e-01 -6.113976e-03 6.839774e-01
2.727273e-01 8.686869e-01 6.710508e-01 -6.113619e-03 6.771644e-01
2.828283e-01 8.686869e-01 6.643066e-01 -6.112427e-03 6.704190e-01
2.929293e-01 8.686869e-01 6.576302e-01 -6.112605e-03 6.637428e-01
3.030303e-01 8.686869e-01 6.510209e-01 -6.111294e-03 6.571322e-01
3.131313e-01 8.686869e-01 6.444781e-01 -6.110877e-03 6.505889e-01
3.232323e-01 8.686869e-01 6.380009e-01 -6.110579e-03 6.441115e-01
3.333333e-01 8.686869e-01 6.315889e-01 -6.109685e-03 6.376986e-01
3.434343e-01 8.686869e-01 6.252414e-01 -6.109715e-03 6.313511e-01
3.535354e-01 8.686869e-01 6.189576e-01 -6.108403e-03 6.250660e-01
3.636364e-01 8.686869e-01 6.127370e-01 -6.107986e-03 6.188449e-01
3.737374e-01 8.686869e-01 6.065788e-01 -6.107301e-03 6.126861e-01
3.838384e-01 8.686869e-01 6.004826e-01 -6.106943e-03 6.065896e-01
3.939394e-01 8.686869e-01 5.944477e-01 -6.105483e-03 6.005532e-01
4.040404e-01 8.686869e-01 5.884734e-01 -6.105393e-03 5.945788e-01
4.141414e-01 8.686869e-01 5.825591e-01 -6.104678e-03 5.886638e-01
4.242424e-01 8.686869e-01 5.767043e-01 -6.103814e-03 5.828081e-01
4.343434e-01 8.686869e-01 5.709083e-01 -6.103545e-03 5.770119e-01
4.444444e-01 8.686869e-01 5.651706e-01 -6.103009e-03 5.712736e-01
4.545455e-01 8.686869e-01 5.594906e-01 -6.102592e-03 5.655931e-01
4.646465e-01 8.686869e-01 5.538676e-01 -6.102294e-03 5.599699e-01
4.747475e-01 8.686869e-01 5.483011e-01 -6.101638e-03 5.544028e-01
4.848485e-01 8.686869e-01 5.427906e-01 -6.101102e-03 5.488917e-01
4.949495e-01 8.686869e-01 5.373355e-01 -6.100297e-03 5.434358e-01
5.050505e-01 8.686869e-01 5.319352e-01 -6.099701e-03 5.380349e-01
5.151515e-01 8.686869e-01 5.265891e-01 -6.099492e-03 5.326886e-01
5.252525e-01 8.686869e-01 5.212968e-01 -6.098956e-03 5.273958e-01
5.353535e-01 8.686869e-01 5.160577e-01 -6.097972e-03 5.221557e-01
5.454545e-01 8.686869e-01 5.108712e-01 -6.097436e-03 5.169687e-01
5.555556e-01 8.686869e-01 5.057369e-01 -6.096929e-03 5.118338e-01
5.656566e-01 8.686869e-01 5.006541e-01 -6.096452e-03 5.067506e-01
5.757576e-01 8.686869e-01 4.956225e-01 -6.095380e-03 5.017179e-01
5.858586e-01 8.686869e-01 4.906414e-01 -6.095260e-03 4.967367e-01
5.959596e-01 8.686869e-01 4.857104e-01 -6.094545e-03 4.918049e-01
6.060606e-01 8.686869e-01 4.808289e-01 -6.094009e-03 4.869229e-01
6.161616e-01 8.686869e-01 4.759965e-01 -6.093770e-03 4.820903e-01
6.262626e-01 8.686869e-01 4.712126e-01 -6.092846e-03 4.773055e-01
6.363636e-01 8.686869e-01 4.664769e-01 -6.092310e-03 4.725692e-01
6.464646e-01 8.686869e-01 4.617887e-01 -6.091475e-03 4.678802e-01
6.565657e-01 8.686869e-01 4.571477e-01 -6.090462e-03 4.632381e-01
6.666667e-01 8.686869e-01 4.525532e-01 -6.089926e-03 4.586432e-01
6.767677e-01 8.686869e-01 4.480050e-01 -6.089181e-03 4.540942e-01
6.868687e-01 8.686869e-01 4.435025e-01 -6.089091e-03 4.495916e-01
6.969697e-01 8.686869e-01 4.390452e-01 -6.088078e-03 4.451333e-01
7.070707e-01 8.686869e-01 4.346327e-01 -6.087810e-03 4.407205e-01
7.171717e-01 8.686869e-01 4.302646e-01 -6.087244e-03 4.363518e-01
7.272727e-01 8.686869e-01 4.259404e-01 -6.086648e-03 4.320270e-01
7.373737e-01 8.686869e-01 4.216596e-01 -6.086200e-03 4.277458e-01
7.474747e-01 8.686869e-01 4.174219e-01 -6.085247e-03 4.235071e-01
7.575758e-01 8.686869e-01 4.132267e-01 -6.084979e-03 4.193117e-01
7.676768e-01 8.686869e-01 4.090737e-01 -6.084234e-03 4.151579e-01
7.777778e-01 8.686869e-01 4.049624e-01 -6.083548e-03 4.110460e-01
7.878788e-01 8.686869e-01 4.008925e-01 -6.083161e-03 4.069757e-01
7.979798e-01 8.686869e-01 3.968635e-01 -6.082386e-03 4.029458e-01
8.080808e-01 8.686869e-01 3.928749e-01 -6.081492e-03 3.989564e-01
8.181818e-01 8.686869e-01 3.889265e-01 -6.081015e-03 3.950075e-01
8.282828e-01 8.686869e-01 3.850177e-01 -6.080240e-03 3.910979e-01
8.383838e-01 8.686869e-01 3.811482e-01 -6.079704e-03 3.872279e-01
8.484848e-01 8.686869e-01 3.773176e-01 -6.078690e-03 3.833963e-01
8.585859e-01 8.686869e-01 3.735255e-01 -6.078064e-03 3.796035e-01
8.686869e-01 8.686869e-01 3.697715e-01 -6.076992e-03 3.758485e-01
8.787879e-01 8.686869e-01 3.660552e-01 -6.076813e-03 3.721320e-01
8.888889e-01 8.686869e-01 3.623763e-01 -6.075710e-03 3.684520e-01
8.989899e-01 8.686869e-01 3.587344e-01 -6.074876e-03 3.648092e-01
9.090909e-01 8.686869e-01 3.551290e-01 -6.074041e-03 3.612031e-01
9.191919e-01 8.686869e-01 3.515599e-01 -6.074160e-03 3.576341e-01
9.292929e-01 8.686869e-01 3.480267e-01 -6.072491e-03 3.540992e-01
9.393939e-01 8.686869e-01 3.445290e-01 -6.072164e-03 3.506011e-01
9.494949e-01 8.686869e-01 3.410664e-01 -6.071717e-03 3.471381e-01
9.595960e-01 8.686869e-01 3.376386e-01 -6.071329e-03 3.437099e-01
9.696970e-01 8.686869e-01 3.342453e-01 -6.070197e-03 3.403155e-01
9.797980e-01 8.686869e-01 3.308861e-01 -6.069511e-03 3.369556e-01
9.898990e-01 8.686869e-01 3.275606e-01 -6.069154e-03 3.336298e-01
1.000000e+00 8.686869e-01 3.242686e-01 -6.068736e-03 3.303373e-01
0.000000e+00 8.787879e-01 -9.450008e-01 -6.138563e-03 9.388623e-01
1.010101e-02 8.787879e-01 -9.355034e-01 -6.137401e-03 9.293660e-01
2.020202e-02 8.787879e-01 -9.261014e-01 -6.137103e-03 9.199643e-01
3.030303e-02 8.787879e-01 -9.167940e-01 -6.135821e-03 9.106581e-01
4.040404e-02 8.787879e-01 -9.075800e-01 -6.135404e-03 9.014446e-01
5.050505e-02 8.787879e-01 -8.984587e-01 -6.135017e-03 8.923237e-01
6.060606e-02 8.787879e-01 -8.894290e-01 -6.133944e-03 8.832951e-01
7.070707e-02 8.787879e-01 -8.804901e-01 -6.133527e-03 8.743566e-01
8.080808e-02 8.787879e-01 -8.716411e-01 -6.133169e-03 8.655079e-01
9.090909e-02 8.787879e-01 -8.628809e-01 -6.132305e-03 8.567486e-01
1.010101e-01 8.787879e-01 -8.542088e-01 -6.131798e-03 8.480770e-01
1.111111e-01 8.787879e-01 -8.456239e-01 -6.131113e-03 8.394928e-01
1.212121e-01 8.787879e-01 -8.371252e-01 -6.130576e-03 8.309947e-01
1.313131e-01 8.787879e-01 -8.287120e-01 -6.129712e-03 8.225823e-01
1.414141e-01 8.787879e-01 -8.203833e-01 -6.129354e-03 8.142539e-01
1.515152e-01 8.787879e-01 -8.121383e-01 -6.128222e-03 8.060101e-01
1.616162e-01 8.787879e-01 -8.039762e-01 -6.127626e-03 7.978485e-01
1.717172e-01 8.787879e-01 -7.958961e-01 -6.126672e-03 7.897694e-01
1.818182e-01 8.787879e-01 -7.878972e-01 -6.126493e-03 7.817707e-01
1.919192e-01 8.787879e-01 -7.799787e-01 -6.126255e-03 7.738524e-01
2.020202e-01 8.787879e-01 -7.721398e-01 -6.125629e-03 7.660141e-01
2.121212e-01 8.787879e-01 -7.643796e-01 -6.124765e-03 7.582549e-01
2.222222e-01 8.787879e-01 -7.566975e-01 -6.124645e-03 7.505729e-01
2.323232e-01 8.787879e-01 -7.490926e-01 -6.123334e-03 7.429692e-01
2.424242e-01 8.787879e-01 -7.415641e-01 -6.122708e-03 7.354414e-01
2.525253e-01 8.787879e-01 -7.341112e-01 -6.121695e-03 7.279895e-01
2.626263e-01 8.787879e-01 -7.267333e-01 -6.121546e-03 7.206117e-01
2.727273e-01 8.787879e-01 -7.194295e-01 -6.121010e-03 7.133085e-01
2.828283e-01 8.787879e-01 -7.121991e-01 -6.120235e-03 7.060789e-01
2.929293e-01 8.787879e-01 -7.050414e-01 -6.119877e-03 6.989215e-01
3.030303e-01 8.787879e-01 -6.979556e-01 -6.119132e-03 6.918365e-01
3.131313e-01 8.787879e-01 -6.909410e-01 -6.118089e-03 6.848229e-01
3.232323e-01 8.787879e-01 -6.839970e-01 -6.117731e-03 6.778792e-01
3.333333e-01 8.787879e-01 -6.771227e-01 -6.117254e-03 6.710054e-01
3.434343e-01 8.787879e-01 -6.703175e-01 -6.116450e-03 6.642010e-01
3.535354e-01 8.787879e-01 -6.635807e-01 -6.115705e-03 6.574650e-01
3.636364e-01 8.787879e-01 -6.569116e-01 -6.115228e-03 6.507964e-01
3.737374e-01 8.787879e-01 -6.503095e-01 -6.114453e-03 6.441951e-01
3.838384e-01 8.787879e-01 -6.437738e-01 -6.113559e-03 6.376602e-01
3.939394e-01 8.787879e-01 -6.373038e-01 -6.113380e-03 6.311904e-01
4.040404e-01 8.787879e-01 -6.308987e-01 -6.112576e-03 6.247862e-01
4.141414e-01 8.787879e-01 -6.245581e-01 -6.112278e-03 6.184458e-01
4.242424e-01 8.787879e-01 -6.182812e-01 -6.111771e-03 6.121694e-01
4.343434e-01 8.787879e-01 -6.120674e-01 -6.110579e-03 6.059568e-01
4.444444e-01 8.787879e-01 -6.059160e-01 -6.109506e-03 5.998065e-01
4.545455e-01 8.787879e-01 -5.998264e-01 -6.109118e-03 5.937173e-01
4.646465e-01 8.787879e-01 -5.937981e-01 -6.108522e-03 5.876896e-01
4.747475e-01 8.787879e-01 -5.878303e-01 -6.108463e-03 5.817218e-01
4.848485e-01 8.787879e-01 -5.819225e-01 -6.107897e-03 5.758146e-01
4.949495e-01 8.787879e-01 -5.760741e-01 -6.106943e-03 5.699672e-01
5.050505e-01 8.787879e-01 -5.702845e-01 -6.106168e-03 5.641783e-01
5.151515e-01 8.787879e-01 -5.645530e-01 -6.105334e-03 5.584477e-01
5.252525e-01 8.787879e-01 -5.588792e-01 -6.105483e-03 5.527737e-01
5.353535e-01 8.787879e-01 -5.532623e-01 -6.104678e-03 5.471576e-01
5.454545e-01 8.787879e-01 -5.477019e-01 -6.103784e-03 5.415982e-01
5.555556e-01 8.787879e-01 -5.421975e-01 -6.103247e-03 5.360942e-01
5.656566e-01 8.787879e-01 -5.367483e-01 -6.102920e-03 5.306454e-01
5.757576e-01 8.787879e-01 -5.313539e-01 -6.102473e-03 5.252514e-01
5.858586e-01 8.787879e-01 -5.260137e-01 -6.102294e-03 5.199114e-01
5.959596e-01 8.787879e-01 -5.207271e-01 -6.100744e-03 5.146264e-01
6.060606e-01 8.787879e-01 -5.154938e-01 -6.099910e-03 5.093938e-01
6.161616e-01 8.787879e-01 -5.103130e-01 -6.099552e-03 5.042134e-01
6.262626e-01 8.787879e-01 -5.051842e-01 -6.098539e-03 4.990857e-01
6.363636e-01 8.787879e-01 -5.001070e-01 -6.098539e-03 4.940085e-01
6.464646e-01 8.787879e-01 -4.950809e-01 -6.098181e-03 4.889827e-01
6.565657e-01 8.787879e-01 -4.901052e-01 -6.097108e-03 4.840081e-01
6.666667e-01 8.787879e-01 -4.851796e-01 -6.096184e-03 4.790834e-01
6.767677e-01 8.787879e-01 -4.803035e-01 -6.095827e-03 4.742076e-01
6.868687e-01 8.787879e-01 -4.754763e-01 -6.095022e-03 4.693813e-01
6.969697e-01 8.787879e-01 -4.706977e-01 -6.094187e-03 4.646035e-01
7.070707e-01 8.787879e-01 -4.659671e-01 -6.094277e-03 4.598728e-01
7.171717e-01 8.787879e-01 -4.612841e-01 -6.093204e-03 4.551909e-01
7.272727e-01 8.787879e-01 -4.566481e-01 -6.092697e-03 4.505554e-01
7.373737e-01 8.787879e-01 -4.520587e-01 -6.092489e-03 4.459662e-01
7.474747e-01 8.787879e-01 -4.475154e-01 -6.091446e-03 4.414240e-01
7.575758e-01 8.787879e-01 -4.430178e-01 -6.091028e-03 4.369268e-01
7.676768e-01 8.787879e-01 -4.385654e-01 -6.090254e-03 4.324752e-01
7.777778e-01 8.787879e-01 -4.341578e-01 -6.089211e-03 4.280686e-01
7.878788e-01 8.787879e-01 -4.297944e-01 -6.088644e-03 4.237058e-01
7.979798e-01 8.787879e-01 -4.254749e-01 -6.087899e-03 4.193870e-01
8.080808e-01 8.787879e-01 -4.211988e-01 -6.087333e-03 4.151115e-01
8.181818e-01 8.787879e-01 -4.169657e-01 -6.086618e-03 4.108791e-01
8.282828e-01 8.787879e-01 -4.127751e-01 -6.086051e-03 4.066891e-01
8.383838e-01 8.787879e-01 -4.086267e-01 -6.085098e-03 4.025416e-01
8.484848e-01 8.787879e-01 -4.045199e-01 -6.084263e-03 3.984356e-01
8.585859e-01 8.787879e-01 -4.004544e-01 -6.083459e-03 3.943710e-01
8.686869e-01 8.787879e-01 -3.964298e-01 -6.083012e-03 3.903468e-01
8.787879e-01 8.787879e-01 -3.924456e-01 -6.082267e-03 3.863633e-01
8.888889e-01 8.787879e-01 -3.885015e-01 -6.081313e-03 3.824201e-01
8.989899e-01 8.787879e-01 -3.845969e-01 -6.080389e-03 3.785166e-01
9.090909e-01 8.787879e-01 -3.807317e-01 -6.080180e-03 3.746515e-01
9.191919e-01 8.787879e-01 -3.769053e-01 -6.079525e-03 3.708257e-01
9.292929e-01 8.787879e-01 -3.731173e-01 -6.078213e-03 3.670391e-01
9.393939e-01 8.787879e-01 -3.693674e-01 -6.077409e-03 3.632900e-01
9.494949e-01 8.787879e-01 -3.656552e-01 -6.077200e-03 3.595780e-01
9.595960e-01 8.787879e-01 -3.619803e-01 -6.076604e-03 3.559037e-01
9.696970e-01 8.787879e-01 -3.583424e-01 -6.075799e-03 3.522666e-01
9.797980e-01 8.787879e-01 -3.547410e-01 -6.074935e-03 3.486660e-01
9.898990e-01 8.787879e-01 -3.511757e-01 -6.074250e-03 3.451015e-01
1.000000e+00 8.787879e-01 -3.476464e-01 -6.073803e-03 3.415726e-01
0.000000e+00 8.888889e-01 9.848078e-01 -6.147087e-03 9.909548e-01
1.010101e-02 8.888889e-01 9.749103e-01 -6.146222e-03 9.810565e-01
2.020202e-02 8.888889e-01 9.651123e-01 -6.145328e-03 9.712576e-01
3.030303e-02 8.888889e-01 9.554127e-01 -6.145149e-03 9.615579e-01
4.040404e-02 8.888889e-01 9.458107e-01 -6.144196e-03 9.519549e-01
5.050505e-02 8.888889e-01 9.363051e-01 -6.143570e-03 9.424487e-01
6.060606e-02 8.888889e-01 9.268951e-01 -6.143063e-03 9.330382e-01
7.070707e-02 8.888889e-01 9.175796e-01 -6.142318e-03 9.237220e-01
8.080808e-02 8.888889e-01 9.083578e-01 -6.141335e-03 9.144991e-01
9.090909e-02 8.888889e-01 8.992287e-01 -6.140828e-03 9.053695e-01
1.010101e-01 8.888889e-01 8.901913e-01 -6.140143e-03 8.963314e-01
1.111111e-01 8.888889e-01 8.812447e-01 -6.139457e-03 8.873842e-01
1.212121e-01 8.888889e-01 8.723880e-01 -6.138712e-03 8.785268e-01
1.313131e-01 8.888889e-01 8.636204e-01 -6.138235e-03 8.697586e-01
1.414141e-01 8.888889e-01 8.549409e-01 -6.137460e-03 8.610783e-01
1.515152e-01 8.888889e-01 8.463486e-01 -6.136566e-03 8.524851e-01
1.616162e-01 8.888889e-01 8.378426e-01 -6.136328e-03 8.439790e-01
1.717172e-01 8.888889e-01 8.294222e-01 -6.135434e-03 8.355576e-01
1.818182e-01 8.888889e-01 8.210863e-01 -6.134242e-03 8.272206e-01
1.919192e-01 8.888889e-01 8.128343e-01 -6.134182e-03 8.189685e-01
2.020202e-01 8.888889e-01 8.046652e-01 -6.133825e-03 8.107990e-01
2.121212e-01 8.888889e-01 7.965781e-01 -6.132632e-03 8.027108e-01
2.222222e-01 8.888889e-01 7.885724e-01 -6.132394e-03 7.947048e-01
2.323232e-01 8.888889e-01 7.806471e-01 -6.130934e-03 7.867781e-01
2.424242e-01 8.888889e-01 7.728015e-01 -6.130517e-03 7.789320e-01
2.525253e-01 8.888889e-01 7.650347e-01 -6.129414e-03 7.711641e-01
2.626263e-01 8.888889e-01 7.573460e-01 -6.129295e-03 7.634753e-01
2.727273e-01 8.888889e-01 7.497345e-01 -6.128460e-03 7.558630e-01
2.828283e-01 8.888889e-01 7.421996e-01 -6.128103e-03 7.483277e-01
2.929293e-01 8.888889e-01 7.347403e-01 -6.127119e-03 7.408675e-01
3.030303e-01 8.888889e-01 7.273561e-01 -6.126791e-03 7.334829e-01
3.131313e-01 8.888889e-01 7.200460e-01 -6.126195e-03 7.261722e-01
3.232323e-01 8.888889e-01 7.128094e-01 -6.124973e-03 7.189344e-01
3.333333e-01 8.888889e-01 7.056456e-01 -6.124735e-03 7.117703e-01
3.434343e-01 8.888889e-01 6.985537e-01 -6.124228e-03 7.046780e-01
3.535354e-01 8.888889e-01 6.915332e-01 -6.123275e-03 6.976564e-01
3.636364e-01 8.888889e-01 6.845831e-01 -6.122559e-03 6.907057e-01
3.737374e-01 8.888889e-01 6.777030e-01 -6.121933e-03 6.838249e-01
3.838384e-01 8.888889e-01 6.708919e-01 -6.121546e-03 6.770135e-01
3.939394e-01 8.888889e-01 6.641494e-01 -6.120890e-03 6.702702e-01
4.040404e-01 8.888889e-01 6.574745e-01 -6.119281e-03 6.635938e-01
4.141414e-01 8.888889e-01 6.508668e-01 -6.119221e-03 6.569860e-01
4.242424e-01 8.888889e-01 6.443255e-01 -6.117970e-03 6.504435e-01
4.343434e-01 8.888889e-01 6.378499e-01 -6.117791e-03 6.439677e-01
4.444444e-01 8.888889e-01 6.314394e-01 -6.117135e-03 6.375566e-01
4.545455e-01 8.888889e-01 6.250933e-01 -6.116301e-03 6.312096e-01
4.646465e-01 8.888889e-01 6.188111e-01 -6.115645e-03 6.249267e-01
4.747475e-01 8.888889e-01 6.125919e-01 -6.115079e-03 6.187070e-01
4.848485e-01 8.888889e-01 6.064353e-01 -6.114304e-03 6.125496e-01
4.949495e-01 8.888889e-01 6.003405e-01 -6.113499e-03 6.064540e-01
5.050505e-01 8.888889e-01 5.943070e-01 -6.112933e-03 6.004199e-01
5.151515e-01 8.888889e-01 5.883341e-01 -6.112367e-03 5.944464e-01
5.252525e-01 8.888889e-01 5.824212e-01 -6.112337e-03 5.885336e-01
5.353535e-01 8.888889e-01 5.765678e-01 -6.111413e-03 5.826792e-01
5.454545e-01 8.888889e-01 5.707732e-01 -6.110996e-03 5.768842e-01
5.555556e-01 8.888889e-01 5.650368e-01 -6.109685e-03 5.711465e-01
5.656566e-01 8.888889e-01 5.593581e-01 -6.109387e-03 5.654675e-01
5.757576e-01 8.888889e-01 5.537365e-01 -6.109148e-03 5.598456e-01
5.858586e-01 8.888889e-01 5.481713e-01 -6.108254e-03 5.542796e-01
5.959596e-01 8.888889e-01 5.426621e-01 -6.107032e-03 5.487691e-01
6.060606e-01 8.888889e-01 5.372083e-01 -6.106496e-03 5.433148e-01
6.161616e-01 8.888889e-01 5.318092e-01 -6.106108e-03 5.379153e-01
6.262626e-01 8.888889e-01 5.264645e-01 -6.105363e-03 5.325698e-01
6.363636e-01 8.888889e-01 5.211734e-01 -6.104738e-03 5.272781e-01
6.464646e-01 8.888889e-01 5.159355e-01 -6.103516e-03 5.220390e-01
6.565657e-01 8.888889e-01 5.107503e-01 -6.103724e-03 5.168540e-01
6.666667e-01 8.888889e-01 5.056172e-01 -6.102502e-03 5.117197e-01
6.767677e-01 8.888889e-01 5.005356e-01 -6.101698e-03 5.066373e-01
6.868687e-01 8.888889e-01 4.955052e-01 -6.101042e-03 5.016062e-01
6.969697e-01 8.888889e-01 4.905252e-01 -6.100982e-03 4.966262e-01
7.070707e-01 8.888889e-01 4.855954e-01 -6.099701e-03 4.916951e-01
7.171717e-01 8.888889e-01 4.807151e-01 -6.099343e-03 4.868144e-01
7.272727e-01 8.888889e-01 4.758838e-01 -6.098807e-03 4.819826e-01
7.373737e-01 8.888889e-01 4.711011e-01 -6.098211e-03 4.771993e-01
7.474747e-01 8.888889e-01 4.663665e-01 -6.098121e-03 4.724646e-01
7.575758e-01 8.888889e-01 4.616794e-01 -6.096870e-03 4.677763e-01
7.676768e-01 8.888889e-01 4.570394e-01 -6.096274e-03 4.631357e-01
7.777778e-01 8.888889e-01 4.524461e-01 -6.094962e-03 4.585411e-01
7.878788e-01 8.888889e-01 4.478990e-01 -6.094575e-03 4.539935e-01
7.979798e-01 8.888889e-01 4.433975e-01 -6.094009e-03 4.494915e-01
8.080808e-01 8.888889e-01 4.389413e-01 -6.093055e-03 4.450343e-01
8.181818e-01 8.888889e-01 4.345298e-01 -6.092459e-03 4.406223e-01
8.282828e-01 8.888889e-01 4.301627e-01 -6.092042e-03 4.362548e-01
8.383838e-01 8.888889e-01 4.258395e-01 -6.090552e-03 4.319301e-01
8.484848e-01 8.888889e-01 4.215598e-01 -6.089836e-03 4.276496e-01
8.585859e-01 8.888889e-01 4.173230e-01 -6.089211e-03 4.234122e-01
8.686869e-01 8.888889e-01 4.131289e-01 -6.088287e-03 4.192172e-01
8.787879e-01 8.888889e-01 4.089769e-01 -6.087631e-03 4.150645e-01
8.888889e-01 8.888889e-01 4.048666e-01 -6.087244e-03 4.109538e-01
8.989899e-01 8.888889e-01 4.007976e-01 -6.086260e-03 4.068839e-01
9.090909e-01 8.888889e-01 3.967695e-01 -6.085217e-03 4.028547e-01
9.191919e-01 8.888889e-01 3.927819e-01 -6.085485e-03 3.988674e-01
9.292929e-01 8.888889e-01 3.888344e-01 -6.084055e-03 3.949184e-01
9.393939e-01 8.888889e-01 3.849265e-01 -6.083101e-03 3.910096e-01
9.494949e-01 8.888889e-01 3.810580e-01 -6.082267e-03 3.871402e-01
9.595960e-01 8.888889e-01 3.772283e-01 -6.081760e-03 3.833100e-01
9.696970e-01 8.888889e-01 3.734371e-01 -6.081223e-03 3.795183e-01
9.797980e-01 8.888889e-01 3.696840e-01 -6.080359e-03 3.757643e-01
9.898990e-01 8.888889e-01 3.659686e-01 -6.079793e-03 3.720484e-01
1.000000e+00 8.888889e-01 3.622905e-01 -6.079197e-03 3.683697e-01
0.000000e+00 8.989899e-01 -9.998741e-01 -6.155610e-03 9.937185e-01
1.010101e-02 8.989899e-01 -9.898252e-01 -6.155103e-03 9.836701e-01
2.020202e-02 8.989899e-01 -9.798773e-01 -6.154418e-03 9.737229e-01
3.030303e-02 8.989899e-01 -9.700294e-01 -6.153524e-03 9.638759e-01
4.040404e-02 8.989899e-01 -9.602804e-01 -6.152600e-03 9.541278e-01
5.050505e-02 8.989899e-01 -9.506295e-01 -6.151944e-03 9.444775e-01
6.060606e-02 8.989899e-01 -9.410755e-01 -6.151587e-03 9.349239e-01
7.070707e-02 8.989899e-01 -9.316175e-01 -6.150812e-03 9.254667e-01
8.080808e-02 8.989899e-01 -9.222546e-01 -6.149918e-03 9.161047e-01
9.090909e-02 8.989899e-01 -9.129858e-01 -6.149322e-03 9.068365e-01
1.010101e-01 8.989899e-01 -9.038101e-01 -6.148815e-03 8.976613e-01
1.111111e-01 8.989899e-01 -8.947267e-01 -6.147653e-03 8.885790e-01
1.212121e-01 8.989899e-01 -8.857345e-01 -6.147176e-03 8.795874e-01
1.313131e-01 8.989899e-01 -8.768328e-01 -6.146044e-03 8.706867e-01
1.414141e-01 8.989899e-01 -8.680204e-01 -6.145686e-03 8.618747e-01
1.515152e-01 8.989899e-01 -8.592967e-01 -6.144494e-03 8.531522e-01
1.616162e-01 8.989899e-01 -8.506606e-01 -6.143838e-03 8.445168e-01
1.717172e-01 8.989899e-01 -8.421113e-01 -6.143183e-03 8.359681e-01
1.818182e-01 8.989899e-01 -8.336480e-01 -6.143242e-03 8.275047e-01
1.919192e-01 8.989899e-01 -8.252697e-01 -6.142050e-03 8.191276e-01
2.020202e-01 8.989899e-01 -8.169756e-01 -6.141573e-03 8.108340e-01
2.121212e-01 8.989899e-01 -8.087648e-01 -6.140321e-03 8.026245e-01
2.222222e-01 8.989899e-01 -8.006366e-01 -6.139845e-03 7.944968e-01
2.323232e-01 8.989899e-01 -7.925901e-01 -6.138742e-03 7.864513e-01
2.424242e-01 8.989899e-01 -7.846244e-01 -6.138176e-03 7.784862e-01
2.525253e-01 8.989899e-01 -7.767388e-01 -6.137550e-03 7.706013e-01
2.626263e-01 8.989899e-01 -7.689325e-01 -6.137162e-03 7.627953e-01
2.727273e-01 8.989899e-01 -7.612046e-01 -6.136209e-03 7.550684e-01
2.828283e-01 8.989899e-01 -7.535543e-01 -6.135553e-03 7.474188e-01
2.929293e-01 8.989899e-01 -7.459810e-01 -6.134957e-03 7.398460e-01
3.030303e-01 8.989899e-01 -7.384837e-01 -6.134152e-03 7.323496e-01
3.131313e-01 8.989899e-01 -7.310619e-01 -6.133974e-03 7.249279e-01
3.232323e-01 8.989899e-01 -7.237146e-01 -6.132513e-03 7.175821e-01
3.333333e-01 8.989899e-01 -7.164411e-01 -6.132096e-03 7.103090e-01
3.434343e-01 8.989899e-01 -7.092408e-01 -6.131321e-03 7.031094e-01
3.535354e-01 8.989899e-01 -7.021128e-01 -6.130189e-03 6.959826e-01
3.636364e-01 8.989899e-01 -6.950564e-01 -6.129414e-03 6.889270e-01
3.737374e-01 8.989899e-01 -6.880710e-01 -6.129175e-03 6.819418e-01
3.838384e-01 8.989899e-01 -6.811558e-01 -6.128103e-03 6.750277e-01
3.939394e-01 8.989899e-01 -6.743100e-01 -6.127506e-03 6.681825e-01
4.040404e-01 8.989899e-01 -6.675331e-01 -6.126851e-03 6.614063e-01
4.141414e-01 8.989899e-01 -6.608243e-01 -6.125957e-03 6.546983e-01
4.242424e-01 8.989899e-01 -6.541829e-01 -6.125152e-03 6.480577e-01
4.343434e-01 8.989899e-01 -6.476083e-01 -6.124288e-03 6.414840e-01
4.444444e-01 8.989899e-01 -6.410997e-01 -6.124049e-03 6.349756e-01
4.545455e-01 8.989899e-01 -6.346565e-01 -6.123155e-03 6.285334e-01
4.646465e-01 8.989899e-01 -6.282781e-01 -6.122708e-03 6.221554e-01
4.747475e-01 8.989899e-01 -6.219638e-01 -6.121814e-03 6.158420e-01
4.848485e-01 8.989899e-01 -6.157130e-01 -6.121218e-03 6.095918e-01
4.949495e-01 8.989899e-01 -6.095250e-01 -6.120235e-03 6.034047e-01
5.050505e-01 8.989899e-01 -6.033991e-01 -6.120294e-03 5.972788e-01
5.151515e-01 8.989899e-01 -5.973349e-01 -6.119162e-03 5.912157e-01
5.252525e-01 8.989899e-01 -5.913316e-01 -6.118685e-03 5.852129e-01
5.353535e-01 8.989899e-01 -5.853886e-01 -6.117970e-03 5.792706e-01
5.454545e-01 8.989899e-01 -5.795053e-01 -6.117016e-03 5.733883e-01
5.555556e-01 8.989899e-01 -5.736812e-01 -6.116629e-03 5.675646e-01
5.656566e-01 8.989899e-01 -5.679156e-01 -6.115586e-03 5.618000e-01
5.757576e-01 8.989899e-01 -5.622080e-01 -6.115347e-03 5.560926e-01
5.858586e-01 8.989899e-01 -5.565577e-01 -6.114542e-03 5.504431e-01
5.959596e-01 8.989899e-01 -5.509642e-01 -6.113678e-03 5.448505e-01
6.060606e-01 8.989899e-01 -5.454269e-01 -6.112903e-03 5.393140e-01
6.161616e-01 8.989899e-01 -5.399453e-01 -6.112188e-03 5.338331e-01
6.262626e-01 8.989899e-01 -5.345187e-01 -6.111354e-03 5.284074e-01
6.363636e-01 8.989899e-01 -5.291467e-01 -6.111056e-03 5.230357e-01
6.464646e-01 8.989899e-01 -5.238287e-01 -6.110430e-03 5.177183e-01
6.565657e-01 8.989899e-01 -5.185641e-01 -6.109387e-03 5.124548e-01
6.666667e-01 8.989899e-01 -5.133525e-01 -6.108850e-03 5.072436e-01
6.767677e-01 8.989899e-01 -5.081932e-01 -6.108522e-03 5.020847e-01
6.868687e-01 8.989899e-01 -5.030858e-01 -6.107807e-03 4.969780e-01
6.969697e-01 8.989899e-01 -4.980297e-01 -6.107002e-03 4.919227e-01
7.070707e-01 8.989899e-01 -4.930244e-01 -6.105810e-03 4.869186e-01
7.171717e-01 8.989899e-01 -4.880694e-01 -6.105661e-03 4.819638e-01
7.272727e-01 8.989899e-01 -4.831643e-01 -6.104827e-03 4.770594e-01
7.373737e-01 8.989899e-01 -4.783084e-01 -6.104380e-03 4.722040e-01
7.474747e-01 8.989899e-01 -4.735013e-01 -6.103396e-03 4.673979e-01
7.575758e-01 8.989899e-01 -4.687425e-01 -6.102055e-03 4.626405e-01
7.676768e-01 8.989899e-01 -4.640316e-01 -6.101817e-03 4.579298e-01
7.777778e-01 8.989899e-01 -4.593680e-01 -6.101251e-03 4.532667e-01
7.878788e-01 8.989899e-01 -4.547513e-01 -6.100416e-03 4.486509e-01
7.979798e-01 8.989899e-01 -4.501809e-01 -6.099910e-03 4.440810e-01
8.080808e-01 8.989899e-01 -4.456566e-01 -6.098747e-03 4.395578e-01
8.181818e-01 8.989899e-01 -4.411776e-01 -6.098300e-03 4.350793e-01
8.282828e-01 8.989899e-01 -4.367437e-01 -6.097287e-03 4.306464e-01
8.383838e-01 8.989899e-01 -4.323544e-01 -6.096750e-03 4.262576e-01
8.484848e-01 8.989899e-01 -4.280091e-01 -6.096035e-03 4.219131e-01
8.585859e-01 8.989899e-01 -4.237076e-01 -6.095201e-03 4.176124e-01
8.686869e-01 8.989899e-01 -4.194492e-01 -6.094187e-03 4.133551e-01
8.787879e-01 8.989899e-01 -4.152337e-01 -6.093770e-03 4.091399e-01
8.888889e-01 8.989899e-01 -4.110605e-01 -6.092966e-03 4.049676e-01
8.989899e-01 8.989899e-01 -4.069293e-01 -6.091714e-03 4.008376e-01
9.090909e-01 8.989899e-01 -4.028396e-01 -6.091058e-03 3.967486e-01
9.191919e-01 8.989899e-01 -3.987910e-01 -6.090790e-03 3.927002e-01
9.292929e-01 8.989899e-01 -3.947831e-01 -6.089449e-03 3.886936e-01
9.393939e-01 8.989899e-01 -3.908155e-01 -6.088614e-03 3.847268e-01
9.494949e-01 8.989899e-01 -3.868877e-01 -6.087929e-03 3.807998e-01
9.595960e-01 8.989899e-01 -3.829994e-01 -6.086797e-03 3.769126e-01
9.696970e-01 8.989899e-01 -3.791502e-01 -6.086588e-03 3.730636e-01
9.797980e-01 8.989899e-01 -3.753397e-01 -6.085664e-03 3.692540e-01
9.898990e-01 8.989899e-01 -3.715674e-01 -6.085366e-03 3.654821e-01
1.000000e+00 8.989899e-01 -3.678331e-01 -6.084472e-03 3.617487e-01
0.000000e+00 9.090909e-01 9.898214e-01 -6.164759e-03 9.959862e-01
1.010101e-02 9.090909e-01 9.798736e-01 -6.163567e-03 9.860371e-01
2.020202e-02 9.090909e-01 9.700257e-01 -6.163031e-03 9.761887e-01
3.030303e-02 9.090909e-01 9.602768e-01 -6.162047e-03 9.664388e-01
4.040404e-02 9.090909e-01 9.506258e-01 -6.161600e-03 9.567874e-01
5.050505e-02 9.090909e-01 9.410719e-01 -6.160408e-03 9.472323e-01
6.060606e-02 9.090909e-01 9.316139e-01 -6.159484e-03 9.377734e-01
7.070707e-02 9.090909e-01 9.222511e-01 -6.159335e-03 9.284104e-01
8.080808e-02 9.090909e-01 9.129823e-01 -6.158352e-03 9.191406e-01
9.090909e-02 9.090909e-01 9.038067e-01 -6.157607e-03 9.099643e-01
1.010101e-01 9.090909e-01 8.947233e-01 -6.157458e-03 9.008807e-01
1.111111e-01 9.090909e-01 8.857311e-01 -6.156057e-03 8.918872e-01
1.212121e-01 9.090909e-01 8.768294e-01 -6.155580e-03 8.829850e-01
1.313131e-01 9.090909e-01 8.680171e-01 -6.154448e-03 8.741716e-01
1.414141e-01 9.090909e-01 8.592934e-01 -6.153286e-03 8.654467e-01
1.515152e-01 9.090909e-01 8.506574e-01 -6.153047e-03 8.568104e-01
1.616162e-01 9.090909e-01 8.421081e-01 -6.152540e-03 8.482607e-01
1.717172e-01 9.090909e-01 8.336448e-01 -6.151587e-03 8.397964e-01
1.818182e-01 9.090909e-01 8.252665e-01 -6.150872e-03 8.314174e-01
1.919192e-01 9.090909e-01 8.169724e-01 -6.149918e-03 8.231224e-01
2.020202e-01 9.090909e-01 8.087617e-01 -6.149620e-03 8.149114e-01
2.121212e-01 9.090909e-01 8.006336e-01 -6.148338e-03 8.067819e-01
2.222222e-01 9.090909e-01 7.925871e-01 -6.147891e-03 7.987349e-01
2.323232e-01 9.090909e-01 7.846214e-01 -6.146818e-03 7.907682e-01
2.424242e-01 9.090909e-01 7.767358e-01 -6.146014e-03 7.828819e-01
2.525253e-01 9.090909e-01 7.689295e-01 -6.144971e-03 7.750745e-01
2.626263e-01 9.090909e-01 7.612016e-01 -6.144613e-03 7.673463e-01
2.727273e-01 9.090909e-01 7.535514e-01 -6.143898e-03 7.596953e-01
2.828283e-01 9.090909e-01 7.459781e-01 -6.143302e-03 7.521214e-01
2.929293e-01 9.090909e-01 7.384809e-01 -6.142169e-03 7.446231e-01
3.030303e-01 9.090909e-01 7.310591e-01 -6.142050e-03 7.372011e-01
3.131313e-01 9.090909e-01 7.237118e-01 -6.141245e-03 7.298530e-01
3.232323e-01 9.090909e-01 7.164384e-01 -6.140441e-03 7.225788e-01
3.333333e-01 9.090909e-01 7.092381e-01 -6.138772e-03 7.153768e-01
3.434343e-01 9.090909e-01 7.021101e-01 -6.138444e-03 7.082485e-01
3.535354e-01 9.090909e-01 6.950538e-01 -6.137341e-03 7.011911e-01
3.636364e-01 9.090909e-01 6.880684e-01 -6.136447e-03 6.942048e-01
3.737374e-01 9.090909e-01 6.811532e-01 -6.135970e-03 6.872891e-01
3.838384e-01 9.090909e-01 6.743075e-01 -6.134927e-03 6.804424e-01
3.939394e-01 9.090909e-01 6.675306e-01 -6.134719e-03 6.736653e-01
4.040404e-01 9.090909e-01 6.608218e-01 -6.133705e-03 6.669555e-01
4.141414e-01 9.090909e-01 6.541804e-01 -6.133169e-03 6.603136e-01
4.242424e-01 9.090909e-01 6.476058e-01 -6.132185e-03 6.537380e-01
4.343434e-01 9.090909e-01 6.410972e-01 -6.131679e-03 6.472289e-01
4.444444e-01 9.090909e-01 6.346541e-01 -6.131202e-03 6.407853e-01
4.545455e-01 9.090909e-01 6.282757e-01 -6.130427e-03 6.344061e-01
4.646465e-01 9.090909e-01 6.219614e-01 -6.129444e-03 6.280909e-01
4.747475e-01 9.090909e-01 6.157106e-01 -6.128490e-03 6.218391e-01
4.848485e-01 9.090909e-01 6.095226e-01 -6.128103e-03 6.156507e-01
4.949495e-01 9.090909e-01 6.033968e-01 -6.127268e-03 6.095241e-01
5.050505e-01 9.090909e-01 5.973326e-01 -6.126761e-03 6.034594e-01
5.151515e-01 9.090909e-01 5.913293e-01 -6.125599e-03 5.974549e-01
5.252525e-01 9.090909e-01 5.853863e-01 -6.125182e-03 5.915115e-01
5.353535e-01 9.090909e-01 5.795031e-01 -6.124496e-03 5.856276e-01
5.454545e-01 9.090909e-01 5.736790e-01 -6.123811e-03 5.798028e-01
5.555556e-01 9.090909e-01 5.679134e-01 -6.123543e-03 5.740370e-01
5.656566e-01 9.090909e-01 5.622058e-01 -6.122351e-03 5.683282e-01
5.757576e-01 9.090909e-01 5.565556e-01 -6.121248e-03 5.626768e-01
5.858586e-01 9.090909e-01 5.509621e-01 -6.120414e-03 5.570825e-01
5.959596e-01 9.090909e-01 5.454248e-01 -6.120443e-03 5.515453e-01
6.060606e-01 9.090909e-01 5.399432e-01 -6.119400e-03 5.460626e-01
6.161616e-01 9.090909e-01 5.345167e-01 -6.118387e-03 5.406351e-01
6.262626e-01 9.090909e-01 5.291447e-01 -6.118208e-03 5.352629e-01
6.363636e-01 9.090909e-01 5.238267e-01 -6.117195e-03 5.299439e-01
6.464646e-01 9.090909e-01 5.185622e-01 -6.116927e-03 5.246791e-01
6.565657e-01 9.090909e-01 5.133505e-01 -6.115913e-03 5.194664e-01
6.666667e-01 9.090909e-01 5.081913e-01 -6.115347e-03 5.143066e-01
6.767677e-01 9.090909e-01 5.030839e-01 -6.114215e-03 5.091981e-01
6.868687e-01 9.090909e-01 4.980278e-01 -6.113648e-03 5.041414e-01
6.969697e-01 9.090909e-01 4.930225e-01 -6.112784e-03 4.991353e-01
7.070707e-01 9.090909e-01 4.880676e-01 -6.112248e-03 4.941798e-01
7.171717e-01 9.090909e-01 4.831624e-01 -6.111473e-03 4.892739e-01
7.272727e-01 9.090909e-01 4.783065e-01 -6.110758e-03 4.844173e-01
7.373737e-01 9.090909e-01 4.734995e-01 -6.110281e-03 4.796098e-01
7.474747e-01 9.090909e-01 4.687407e-01 -6.109238e-03 4.748500e-01
7.575758e-01 9.090909e-01 4.640298e-01 -6.108969e-03 4.701388e-01
7.676768e-01 9.090909e-01 4.593662e-01 -6.108016e-03 4.654743e-01
7.777778e-01 9.090909e-01 4.547495e-01 -6.107211e-03 4.608567e-01
7.878788e-01 9.090909e-01 4.501792e-01 -6.106526e-03 4.562857e-01
7.979798e-01 9.090909e-01 4.456548e-01 -6.105602e-03 4.517604e-01
8.080808e-01 9.090909e-01 4.411759e-01 -6.105155e-03 4.472811e-01
8.181818e-01 9.090909e-01 4.367421e-01 -6.104022e-03 4.428461e-01
8.282828e-01 9.090909e-01 4.323527e-01 -6.103188e-03 4.384559e-01
8.383838e-01 9.090909e-01 4.280075e-01 -6.102204e-03 4.341097e-01
8.484848e-01 9.090909e-01 4.237060e-01 -6.101727e-03 4.298077e-01
8.585859e-01 9.090909e-01 4.194476e-01 -6.100386e-03 4.255480e-01
8.686869e-01 9.090909e-01 4.152321e-01 -6.099552e-03 4.213317e-01
8.787879e-01 9.090909e-01 4.110590e-01 -6.099403e-03 4.171584e-01
8.888889e-01 9.090909e-01 4.069278e-01 -6.098658e-03 4.130264e-01
8.989899e-01 9.090909e-01 4.028381e-01 -6.097406e-03 4.089355e-01
9.090909e-01 9.090909e-01 3.987895e-01 -6.097078e-03 4.048866e-01
9.191919e-01 9.090909e-01 3.947816e-01 -6.095946e-03 4.008775e-01
9.292929e-01 9.090909e-01 3.908140e-01 -6.095618e-03 3.969096e-01
9.393939e-01 9.090909e-01 3.868862e-01 -6.094426e-03 3.929806e-01
9.494949e-01 9.090909e-01 3.829979e-01 -6.093472e-03 3.890914e-01
9.595960e-01 9.090909e-01 3.791487e-01 -6.092817e-03 3.852416e-01
9.696970e-01 9.090909e-01 3.753382e-01 -6.091774e-03 3.814300e-01
9.797980e-01 9.090909e-01 3.715660e-01 -6.091207e-03 3.776572e-01
9.898990e-01 9.090909e-01 3.678317e-01 -6.090134e-03 3.739219e-01
1.000000e+00 9.090909e-01 3.641350e-01 -6.089568e-03 3.702245e-01
0.000000e+00 9.191919e-01 -9.549022e-01 -6.173521e-03 9.487287e-01
1.010101e-02 9.191919e-01 -9.453053e-01 -6.172448e-03 9.391329e-01
2.020202e-02 9.191919e-01 -9.358048e-01 -6.171435e-03 9.296334e-01
3.030303e-02 9.191919e-01 -9.263998e-01 -6.170720e-03 9.202291e-01
4.040404e-02 9.191919e-01 -9.170894e-01 -6.169558e-03 9.109198e-01
5.050505e-02 9.191919e-01 -9.078725e-01 -6.169051e-03 9.017034e-01
6.060606e-02 9.191919e-01 -8.987482e-01 -6.168038e-03 8.925802e-01
7.070707e-02 9.191919e-01 -8.897156e-01 -6.167620e-03 8.835480e-01
8.080808e-02 9.191919e-01 -8.807738e-01 -6.166220e-03 8.746076e-01
9.090909e-02 9.191919e-01 -8.719219e-01 -6.165832e-03 8.657561e-01
1.010101e-01 9.191919e-01 -8.631590e-01 -6.164700e-03 8.569943e-01
1.111111e-01 9.191919e-01 -8.544841e-01 -6.163895e-03 8.483202e-01
1.212121e-01 9.191919e-01 -8.458964e-01 -6.163567e-03 8.397328e-01
1.313131e-01 9.191919e-01 -8.373950e-01 -6.162614e-03 8.312323e-01
1.414141e-01 9.191919e-01 -8.289790e-01 -6.161720e-03 8.228173e-01
1.515152e-01 9.191919e-01 -8.206476e-01 -6.160945e-03 8.144867e-01
1.616162e-01 9.191919e-01 -8.124000e-01 -6.159991e-03 8.062400e-01
1.717172e-01 9.191919e-01 -8.042352e-01 -6.158859e-03 7.980764e-01
1.818182e-01 9.191919e-01 -7.961525e-01 -6.158262e-03 7.899943e-01
1.919192e-01 9.191919e-01 -7.881511e-01 -6.157607e-03 7.819935e-01
2.020202e-01 9.191919e-01 -7.802300e-01 -6.156892e-03 7.740731e-01
2.121212e-01 9.191919e-01 -7.723886e-01 -6.155789e-03 7.662328e-01
2.222222e-01 9.191919e-01 -7.646259e-01 -6.155282e-03 7.584707e-01
2.323232e-01 9.191919e-01 -7.569413e-01 -6.154299e-03 7.507870e-01
2.424242e-01 9.191919e-01 -7.493339e-01 -6.153733e-03 7.431802e-01
2.525253e-01 9.191919e-01 -7.418030e-01 -6.151944e-03 7.356511e-01
2.626263e-01 9.191919e-01 -7.343478e-01 -6.151766e-03 7.281960e-01
2.727273e-01 9.191919e-01 -7.269674e-01 -6.151050e-03 7.208164e-01
2.828283e-01 9.191919e-01 -7.196613e-01 -6.150246e-03 7.135111e-01
2.929293e-01 9.191919e-01 -7.124286e-01 -6.149977e-03 7.062786e-01
3.030303e-01 9.191919e-01 -7.052686e-01 -6.148487e-03 6.991201e-01
3.131313e-01 9.191919e-01 -6.981805e-01 -6.147772e-03 6.920327e-01
3.232323e-01 9.191919e-01 -6.911637e-01 -6.147265e-03 6.850164e-01
3.333333e-01 9.191919e-01 -6.842174e-01 -6.146282e-03 6.780711e-01
3.434343e-01 9.191919e-01 -6.773409e-01 -6.145269e-03 6.711956e-01
3.535354e-01 9.191919e-01 -6.705335e-01 -6.144792e-03 6.643887e-01
3.636364e-01 9.191919e-01 -6.637945e-01 -6.143421e-03 6.576511e-01
3.737374e-01 9.191919e-01 -6.571233e-01 -6.142884e-03 6.509804e-01
3.838384e-01 9.191919e-01 -6.505191e-01 -6.141961e-03 6.443771e-01
3.939394e-01 9.191919e-01 -6.439812e-01 -6.141722e-03 6.378395e-01
4.040404e-01 9.191919e-01 -6.375091e-01 -6.140232e-03 6.313689e-01
4.141414e-01 9.191919e-01 -6.311020e-01 -6.139755e-03 6.249623e-01
4.242424e-01 9.191919e-01 -6.247594e-01 -6.138951e-03 6.186204e-01
4.343434e-01 9.191919e-01 -6.184804e-01 -6.138057e-03 6.123424e-01
4.444444e-01 9.191919e-01 -6.122646e-01 -6.137729e-03 6.061269e-01
4.545455e-01 9.191919e-01 -6.061112e-01 -6.136775e-03 5.999745e-01
4.646465e-01 9.191919e-01 -6.000197e-01 -6.135970e-03 5.938837e-01
4.747475e-01 9.191919e-01 -5.939894e-01 -6.135345e-03 5.878541e-01
4.848485e-01 9.191919e-01 -5.880197e-01 -6.134808e-03 5.818849e-01
4.949495e-01 9.191919e-01 -5.821100e-01 -6.133258e-03 5.759768e-01
5.050505e-01 9.191919e-01 -5.762597e-01 -6.132871e-03 5.701269e-01
5.151515e-01 9.191919e-01 -5.704682e-01 -6.132066e-03 5.643361e-01
5.252525e-01 9.191919e-01 -5.647349e-01 -6.131947e-03 5.586030e-01
5.353535e-01 9.191919e-01 -5.590592e-01 -6.131172e-03 5.529281e-01
5.454545e-01 9.191919e-01 -5.534406e-01 -6.130338e-03 5.473103e-01
5.555556e-01 9.191919e-01 -5.478784e-01 -6.129652e-03 5.417488e-01
5.656566e-01 9.191919e-01 -5.423722e-01 -6.128579e-03 5.362436e-01
5.757576e-01 9.191919e-01 -5.369212e-01 -6.128103e-03 5.307931e-01
5.858586e-01 9.191919e-01 -5.315251e-01 -6.127149e-03 5.253979e-01
5.959596e-01 9.191919e-01 -5.261832e-01 -6.126344e-03 5.200568e-01
6.060606e-01 9.191919e-01 -5.208949e-01 -6.125420e-03 5.147695e-01
6.161616e-01 9.191919e-01 -5.156599e-01 -6.124884e-03 5.095350e-01
6.262626e-01 9.191919e-01 -5.104774e-01 -6.124109e-03 5.043533e-01
6.363636e-01 9.191919e-01 -5.053470e-01 -6.123632e-03 4.992234e-01
6.464646e-01 9.191919e-01 -5.002682e-01 -6.122619e-03 4.941456e-01
6.565657e-01 9.191919e-01 -4.952404e-01 -6.121904e-03 4.891185e-01
6.666667e-01 9.191919e-01 -4.902632e-01 -6.121308e-03 4.841419e-01
6.767677e-01 9.191919e-01 -4.853359e-01 -6.120563e-03 4.792154e-01
6.868687e-01 9.191919e-01 -4.804582e-01 -6.119579e-03 4.743386e-01
6.969697e-01 9.191919e-01 -4.756295e-01 -6.119013e-03 4.695105e-01
7.070707e-01 9.191919e-01 -4.708494e-01 -6.118089e-03 4.647313e-01
7.171717e-01 9.191919e-01 -4.661173e-01 -6.116927e-03 4.600003e-01
7.272727e-01 9.191919e-01 -4.614327e-01 -6.116539e-03 4.553162e-01
7.373737e-01 9.191919e-01 -4.567952e-01 -6.115586e-03 4.506797e-01
7.474747e-01 9.191919e-01 -4.522044e-01 -6.115168e-03 4.460892e-01
7.575758e-01 9.191919e-01 -4.476596e-01 -6.114244e-03 4.415454e-01
7.676768e-01 9.191919e-01 -4.431606e-01 -6.113619e-03 4.370470e-01
7.777778e-01 9.191919e-01 -4.387067e-01 -6.112963e-03 4.325938e-01
7.878788e-01 9.191919e-01 -4.342977e-01 -6.111979e-03 4.281857e-01
7.979798e-01 9.191919e-01 -4.299329e-01 -6.111115e-03 4.238218e-01
8.080808e-01 9.191919e-01 -4.256120e-01 -6.110489e-03 4.195015e-01
8.181818e-01 9.191919e-01 -4.213345e-01 -6.109446e-03 4.152251e-01
8.282828e-01 9.191919e-01 -4.171001e-01 -6.108969e-03 4.109911e-01
8.383838e-01 9.191919e-01 -4.129081e-01 -6.108224e-03 4.067999e-01
8.484848e-01 9.191919e-01 -4.087583e-01 -6.107628e-03 4.026507e-01
8.585859e-01 9.191919e-01 -4.046502e-01 -6.106555e-03 3.985437e-01
8.686869e-01 9.191919e-01 -4.005834e-01 -6.105393e-03 3.944781e-01
8.787879e-01 9.191919e-01 -3.965575e-01 -6.104797e-03 3.904527e-01
8.888889e-01 9.191919e-01 -3.925720e-01 -6.103992e-03 3.864681e-01
8.989899e-01 9.191919e-01 -3.886266e-01 -6.102562e-03 3.825241e-01
9.090909e-01 9.191919e-01 -3.847209e-01 -6.102115e-03 3.786188e-01
9.191919e-01 9.191919e-01 -3.808544e-01 -6.101221e-03 3.747531e-01
9.292929e-01 9.191919e-01 -3.770267e-01 -6.100625e-03 3.709261e-01
9.393939e-01 9.191919e-01 -3.732375e-01 -6.099641e-03 3.671379e-01
9.494949e-01 9.191919e-01 -3.694864e-01 -6.098300e-03 3.633881e-01
9.595960e-01 9.191919e-01 -3.657730e-01 -6.097734e-03 3.596753e-01
9.696970e-01 9.191919e-01 -3.620970e-01 -6.097406e-03 3.559995e-01
9.797980e-01 9.191919e-01 -3.584578e-01 -6.096661e-03 3.523612e-01
9.898990e-01 9.191919e-01 -3.548553e-01 -6.095856e-03 3.487594e-01
1.000000e+00 9.191919e-01 -3.512889e-01 -6.095260e-03 3.451936e-01
0.000000e+00 9.292929e-01 8.959938e-01 -6.182045e-03 9.021758e-01
1.010101e-02 9.292929e-01 8.869889e-01 -6.181389e-03 8.931703e-01
2.020202e-02 9.292929e-01 8.780745e-01 -6.180257e-03 8.842548e-01
3.030303e-02 9.292929e-01 8.692497e-01 -6.179363e-03 8.754291e-01
4.040404e-02 9.292929e-01 8.605136e-01 -6.178468e-03 8.666921e-01
5.050505e-02 9.292929e-01 8.518653e-01 -6.177723e-03 8.580430e-01
6.060606e-02 9.292929e-01 8.433039e-01 -6.176919e-03 8.494808e-01
7.070707e-02 9.292929e-01 8.348286e-01 -6.175965e-03 8.410045e-01
8.080808e-02 9.292929e-01 8.264384e-01 -6.174982e-03 8.326134e-01
9.090909e-02 9.292929e-01 8.181326e-01 -6.174237e-03 8.243068e-01
1.010101e-01 9.292929e-01 8.099102e-01 -6.173015e-03 8.160832e-01
1.111111e-01 9.292929e-01 8.017705e-01 -6.172210e-03 8.079427e-01
1.212121e-01 9.292929e-01 7.937125e-01 -6.171316e-03 7.998838e-01
1.313131e-01 9.292929e-01 7.857356e-01 -6.170541e-03 7.919061e-01
1.414141e-01 9.292929e-01 7.778388e-01 -6.169707e-03 7.840085e-01
1.515152e-01 9.292929e-01 7.700214e-01 -6.168753e-03 7.761902e-01
1.616162e-01 9.292929e-01 7.622826e-01 -6.168038e-03 7.684506e-01
1.717172e-01 9.292929e-01 7.546215e-01 -6.167442e-03 7.607889e-01
1.818182e-01 9.292929e-01 7.470374e-01 -6.165922e-03 7.532033e-01
1.919192e-01 9.292929e-01 7.395296e-01 -6.165028e-03 7.456946e-01
2.020202e-01 9.292929e-01 7.320972e-01 -6.164879e-03 7.382621e-01
2.121212e-01 9.292929e-01 7.247395e-01 -6.164134e-03 7.309036e-01
2.222222e-01 9.292929e-01 7.174557e-01 -6.162912e-03 7.236186e-01
2.323232e-01 9.292929e-01 7.102452e-01 -6.162077e-03 7.164073e-01
2.424242e-01 9.292929e-01 7.031071e-01 -6.161571e-03 7.092687e-01
2.525253e-01 9.292929e-01 6.960408e-01 -6.160170e-03 7.022009e-01
2.626263e-01 9.292929e-01 6.890454e-01 -6.159246e-03 6.952047e-01
2.727273e-01 9.292929e-01 6.821204e-01 -6.158084e-03 6.882785e-01
2.828283e-01 9.292929e-01 6.752650e-01 -6.157666e-03 6.814226e-01
2.929293e-01 9.292929e-01 6.684785e-01 -6.156981e-03 6.746354e-01
3.030303e-01 9.292929e-01 6.617601e-01 -6.156147e-03 6.679163e-01
3.131313e-01 9.292929e-01 6.551093e-01 -6.155223e-03 6.612646e-01
3.232323e-01 9.292929e-01 6.485254e-01 -6.154388e-03 6.546798e-01
3.333333e-01 9.292929e-01 6.420076e-01 -6.153494e-03 6.481611e-01
3.434343e-01 9.292929e-01 6.355553e-01 -6.152719e-03 6.417080e-01
3.535354e-01 9.292929e-01 6.291679e-01 -6.151706e-03 6.353196e-01
3.636364e-01 9.292929e-01 6.228446e-01 -6.150872e-03 6.289955e-01
3.737374e-01 9.292929e-01 6.165849e-01 -6.150037e-03 6.227350e-01
3.838384e-01 9.292929e-01 6.103882e-01 -6.148905e-03 6.165371e-01
3.939394e-01 9.292929e-01 6.042537e-01 -6.148040e-03 6.104017e-01
4.040404e-01 9.292929e-01 5.981808e-01 -6.147534e-03 6.043283e-01
4.141414e-01 9.292929e-01 5.921690e-01 -6.146878e-03 5.983159e-01
4.242424e-01 9.292929e-01 5.862176e-01 -6.146014e-03 5.923636e-01
4.343434e-01 9.292929e-01 5.803260e-01 -6.145447e-03 5.864715e-01
4.444444e-01 9.292929e-01 5.744936e-01 -6.144553e-03 5.806382e-01
4.545455e-01 9.292929e-01 5.687199e-01 -6.143659e-03 5.748635e-01
4.646465e-01 9.292929e-01 5.630042e-01 -6.143034e-03 5.691472e-01
4.747475e-01 9.292929e-01 5.573459e-01 -6.142050e-03 5.634879e-01
4.848485e-01 9.292929e-01 5.517444e-01 -6.141514e-03 5.578860e-01
4.949495e-01 9.292929e-01 5.461993e-01 -6.140530e-03 5.523399e-01
5.050505e-01 9.292929e-01 5.407099e-01 -6.139547e-03 5.468495e-01
5.151515e-01 9.292929e-01 5.352757e-01 -6.138563e-03 5.414143e-01
5.252525e-01 9.292929e-01 5.298961e-01 -6.138265e-03 5.360344e-01
5.353535e-01 9.292929e-01 5.245706e-01 -6.137520e-03 5.307081e-01
5.454545e-01 9.292929e-01 5.192985e-01 -6.136924e-03 5.254355e-01
5.555556e-01 9.292929e-01 5.140795e-01 -6.136566e-03 5.202161e-01
5.656566e-01 9.292929e-01 5.089129e-01 -6.135017e-03 5.150479e-01
5.757576e-01 9.292929e-01 5.037982e-01 -6.134450e-03 5.099327e-01
5.858586e-01 9.292929e-01 4.987350e-01 -6.133169e-03 5.048682e-01
5.959596e-01 9.292929e-01 4.937226e-01 -6.132692e-03 4.998553e-01
6.060606e-01 9.292929e-01 4.887606e-01 -6.131768e-03 4.948924e-01
6.161616e-01 9.292929e-01 4.838485e-01 -6.131262e-03 4.899798e-01
6.262626e-01 9.292929e-01 4.789857e-01 -6.130844e-03 4.851166e-01
6.363636e-01 9.292929e-01 4.741719e-01 -6.129891e-03 4.803017e-01
6.464646e-01 9.292929e-01 4.694064e-01 -6.129086e-03 4.755354e-01
6.565657e-01 9.292929e-01 4.646887e-01 -6.128341e-03 4.708171e-01
6.666667e-01 9.292929e-01 4.600185e-01 -6.127596e-03 4.661461e-01
6.767677e-01 9.292929e-01 4.553953e-01 -6.126732e-03 4.615220e-01
6.868687e-01 9.292929e-01 4.508185e-01 -6.125599e-03 4.569441e-01
6.969697e-01 9.292929e-01 4.462877e-01 -6.124943e-03 4.524126e-01
7.070707e-01 9.292929e-01 4.418024e-01 -6.124288e-03 4.479267e-01
7.171717e-01 9.292929e-01 4.373622e-01 -6.123483e-03 4.434857e-01
7.272727e-01 9.292929e-01 4.329667e-01 -6.122619e-03 4.390893e-01
7.373737e-01 9.292929e-01 4.286153e-01 -6.122142e-03 4.347374e-01
7.474747e-01 9.292929e-01 4.243076e-01 -6.121308e-03 4.304289e-01
7.575758e-01 9.292929e-01 4.200433e-01 -6.120235e-03 4.261635e-01
7.676768e-01 9.292929e-01 4.158218e-01 -6.119668e-03 4.219414e-01
7.777778e-01 9.292929e-01 4.116427e-01 -6.118983e-03 4.177617e-01
7.878788e-01 9.292929e-01 4.075056e-01 -6.117493e-03 4.136231e-01
7.979798e-01 9.292929e-01 4.034101e-01 -6.116658e-03 4.095268e-01
8.080808e-01 9.292929e-01 3.993558e-01 -6.116480e-03 4.054722e-01
8.181818e-01 9.292929e-01 3.953422e-01 -6.115109e-03 4.014573e-01
8.282828e-01 9.292929e-01 3.913689e-01 -6.114632e-03 3.974835e-01
8.383838e-01 9.292929e-01 3.874356e-01 -6.113797e-03 3.935494e-01
8.484848e-01 9.292929e-01 3.835418e-01 -6.113082e-03 3.896549e-01
8.585859e-01 9.292929e-01 3.796871e-01 -6.112367e-03 3.857995e-01
8.686869e-01 9.292929e-01 3.758712e-01 -6.111056e-03 3.819823e-01
8.787879e-01 9.292929e-01 3.720937e-01 -6.110460e-03 3.782041e-01
8.888889e-01 9.292929e-01 3.683541e-01 -6.109267e-03 3.744633e-01
8.989899e-01 9.292929e-01 3.646520e-01 -6.107956e-03 3.707600e-01
9.090909e-01 9.292929e-01 3.609872e-01 -6.107271e-03 3.670945e-01
9.191919e-01 9.292929e-01 3.573592e-01 -6.106943e-03 3.634662e-01
9.292929e-01 9.292929e-01 3.537677e-01 -6.106794e-03 3.598745e-01
9.393939e-01 9.292929e-01 3.502123e-01 -6.105423e-03 3.563177e-01
9.494949e-01 9.292929e-01 3.466926e-01 -6.104499e-03 3.527971e-01
9.595960e-01 9.292929e-01 3.432083e-01 -6.103605e-03 3.493119e-01
9.696970e-01 9.292929e-01 3.397590e-01 -6.102771e-03 3.458618e-01
9.797980e-01 9.292929e-01 3.363443e-01 -6.102294e-03 3.424466e-01
9.898990e-01 9.292929e-01 3.329640e-01 -6.100982e-03 3.390650e-01
1.000000e+00 9.292929e-01 3.296177e-01 -6.099790e-03 3.357175e-01
0.000000e+00 9.393939e-01 -8.145760e-01 -6.191105e-03 8.083848e-01
1.010101e-02 9.393939e-01 -8.063893e-01 -6.189615e-03 8.001997e-01
2.020202e-02 9.393939e-01 -7.982850e-01 -6.188691e-03 7.920963e-01
3.030303e-02 9.393939e-01 -7.902621e-01 -6.188244e-03 7.840738e-01
4.040404e-02 9.393939e-01 -7.823198e-01 -6.187588e-03 7.761322e-01
5.050505e-02 9.393939e-01 -7.744574e-01 -6.186426e-03 7.682709e-01
6.060606e-02 9.393939e-01 -7.666739e-01 -6.185263e-03 7.604887e-01
7.070707e-02 9.393939e-01 -7.589687e-01 -6.184131e-03 7.527846e-01
8.080808e-02 9.393939e-01 -7.513410e-01 -6.183386e-03 7.451576e-01
9.090909e-02 9.393939e-01 -7.437899e-01 -6.182164e-03 7.376077e-01
1.010101e-01 9.393939e-01 -7.363147e-01 -6.181121e-03 7.301336e-01
1.111111e-01 9.393939e-01 -7.289146e-01 -6.180137e-03 7.227345e-01
1.212121e-01 9.393939e-01 -7.215889e-01 -6.179690e-03 7.154092e-01
1.313131e-01 9.393939e-01 -7.143368e-01 -6.178588e-03 7.081582e-01
1.414141e-01 9.393939e-01 -7.071576e-01 -6.177813e-03 7.009798e-01
1.515152e-01 9.393939e-01 -7.000505e-01 -6.177157e-03 6.938734e-01
1.616162e-01 9.393939e-01 -6.930149e-01 -6.175846e-03 6.868391e-01
1.717172e-01 9.393939e-01 -6.860500e-01 -6.174862e-03 6.798751e-01
1.818182e-01 9.393939e-01 -6.791551e-01 -6.173998e-03 6.729811e-01
1.919192e-01 9.393939e-01 -6.723295e-01 -6.173134e-03 6.661563e-01
2.020202e-01 9.393939e-01 -6.655724e-01 -6.171793e-03 6.594006e-01
2.121212e-01 9.393939e-01 -6.588833e-01 -6.171256e-03 6.527121e-01
2.222222e-01 9.393939e-01 -6.522614e-01 -6.170899e-03 6.460905e-01
2.323232e-01 9.393939e-01 -6.457061e-01 -6.170005e-03 6.395361e-01
2.424242e-01 9.393939e-01 -6.392166e-01 -6.168991e-03 6.330477e-01
2.525253e-01 9.393939e-01 -6.327924e-01 -6.167620e-03 6.266248e-01
2.626263e-01 9.393939e-01 -6.264327e-01 -6.167024e-03 6.202657e-01
2.727273e-01 9.393939e-01 -6.201370e-01 -6.166071e-03 6.139709e-01
2.828283e-01 9.393939e-01 -6.139045e-01 -6.165266e-03 6.077392e-01
2.929293e-01 9.393939e-01 -6.077347e-01 -6.164581e-03 6.015701e-01
3.030303e-01 9.393939e-01 -6.016268e-01 -6.163627e-03 5.954632e-01
3.131313e-01 9.393939e-01 -5.955804e-01 -6.163090e-03 5.894173e-01
3.232323e-01 9.393939e-01 -5.895947e-01 -6.162018e-03 5.834327e-01
3.333333e-01 9.393939e-01 -5.836692e-01 -6.161004e-03 5.775082e-01
3.434343e-01 9.393939e-01 -5.778032e-01 -6.159872e-03 5.716433e-01
3.535354e-01 9.393939e-01 -5.719962e-01 -6.159216e-03 5.658370e-01
3.636364e-01 9.393939e-01 -5.662475e-01 -6.158173e-03 5.600894e-01
3.737374e-01 9.393939e-01 -5.605566e-01 -6.156862e-03 5.543998e-01
3.838384e-01 9.393939e-01 -5.549230e-01 -6.156206e-03 5.487668e-01
3.939394e-01 9.393939e-01 -5.493459e-01 -6.155103e-03 5.431908e-01
4.040404e-01 9.393939e-01 -5.438249e-01 -6.154537e-03 5.376703e-01
4.141414e-01 9.393939e-01 -5.383593e-01 -6.153822e-03 5.322055e-01
4.242424e-01 9.393939e-01 -5.329487e-01 -6.152689e-03 5.267961e-01
4.343434e-01 9.393939e-01 -5.275925e-01 -6.152213e-03 5.214403e-01
4.444444e-01 9.393939e-01 -5.222901e-01 -6.151229e-03 5.161389e-01
4.545455e-01 9.393939e-01 -5.170410e-01 -6.150424e-03 5.108906e-01
4.646465e-01 9.393939e-01 -5.118447e-01 -6.149918e-03 5.056948e-01
4.747475e-01 9.393939e-01 -5.067006e-01 -6.149083e-03 5.005515e-01
4.848485e-01 9.393939e-01 -5.016081e-01 -6.148189e-03 4.954599e-01
4.949495e-01 9.393939e-01 -4.965669e-01 -6.147832e-03 4.904190e-01
5.050505e-01 9.393939e-01 -4.915763e-01 -6.146610e-03 4.854297e-01
5.151515e-01 9.393939e-01 -4.866359e-01 -6.145298e-03 4.804906e-01
5.252525e-01 9.393939e-01 -4.817451e-01 -6.144732e-03 4.756004e-01
5.353535e-01 9.393939e-01 -4.769035e-01 -6.143957e-03 4.707595e-01
5.454545e-01 9.393939e-01 -4.721105e-01 -6.142884e-03 4.659676e-01
5.555556e-01 9.393939e-01 -4.673657e-01 -6.141841e-03 4.612239e-01
5.656566e-01 9.393939e-01 -4.626686e-01 -6.141394e-03 4.565272e-01
5.757576e-01 9.393939e-01 -4.580187e-01 -6.140918e-03 4.518778e-01
5.858586e-01 9.393939e-01 -4.534156e-01 -6.140202e-03 4.472754e-01
5.959596e-01 9.393939e-01 -4.488587e-01 -6.139517e-03 4.427192e-01
6.060606e-01 9.393939e-01 -4.443476e-01 -6.138295e-03 4.382093e-01
6.161616e-01 9.393939e-01 -4.398818e-01 -6.137580e-03 4.337442e-01
6.262626e-01 9.393939e-01 -4.354609e-01 -6.136358e-03 4.293246e-01
6.363636e-01 9.393939e-01 -4.310845e-01 -6.136358e-03 4.249481e-01
6.464646e-01 9.393939e-01 -4.267520e-01 -6.135345e-03 4.206166e-01
6.565657e-01 9.393939e-01 -4.224631e-01 -6.134808e-03 4.163283e-01
6.666667e-01 9.393939e-01 -4.182172e-01 -6.133825e-03 4.120834e-01
6.767677e-01 9.393939e-01 -4.140141e-01 -6.132692e-03 4.078814e-01
6.868687e-01 9.393939e-01 -4.098532e-01 -6.131858e-03 4.037213e-01
6.969697e-01 9.393939e-01 -4.057341e-01 -6.130844e-03 3.996032e-01
7.070707e-01 9.393939e-01 -4.016564e-01 -6.130189e-03 3.955262e-01
7.171717e-01 9.393939e-01 -3.976197e-01 -6.129682e-03 3.914900e-01
7.272727e-01 9.393939e-01 -3.936235e-01 -6.128222e-03 3.874953e-01
7.373737e-01 9.393939e-01 -3.896675e-01 -6.128043e-03 3.835395e-01
7.474747e-01 9.393939e-01 -3.857513e-01 -6.126851e-03 3.796245e-01
7.575758e-01 9.393939e-01 -3.818745e-01 -6.126612e-03 3.757478e-01
7.676768e-01 9.393939e-01 -3.780366e-01 -6.125540e-03 3.719110e-01
7.777778e-01 9.393939e-01 -3.742372e-01 -6.124288e-03 3.681129e-01
7.878788e-01 9.393939e-01 -3.704761e-01 -6.123930e-03 3.643522e-01
7.979798e-01 9.393939e-01 -3.667527e-01 -6.122917e-03 3.606298e-01
8.080808e-01 9.393939e-01 -3.630668e-01 -6.121963e-03 3.569448e-01
8.181818e-01 9.393939e-01 -3.594179e-01 -6.121218e-03 3.532967e-01
8.282828e-01 9.393939e-01 -3.558057e-01 -6.120503e-03 3.496852e-01
8.383838e-01 9.393939e-01 -3.522298e-01 -6.119639e-03 3.461102e-01
8.484848e-01 9.393939e-01 -3.486898e-01 -6.118804e-03 3.425710e-01
8.585859e-01 9.393939e-01 -3.451855e-01 -6.117970e-03 3.390675e-01
8.686869e-01 9.393939e-01 -3.417163e-01 -6.116658e-03 3.355996e-01
8.787879e-01 9.393939e-01 -3.382820e-01 -6.116509e-03 3.321655e-01
8.888889e-01 9.393939e-01 -3.348822e-01 -6.115466e-03 3.287667e-01
8.989899e-01 9.393939e-01 -3.315166e-01 -6.113827e-03 3.254027e-01
9.090909e-01 9.393939e-01 -3.281848e-01 -6.113291e-03 3.220715e-01
9.191919e-01 9.393939e-01 -3.248865e-01 -6.112605e-03 3.187739e-01
9.292929e-01 9.393939e-01 -3.216213e-01 -6.111830e-03 3.155095e-01
9.393939e-01 9.393939e-01 -3.183889e-01 -6.110728e-03 3.122782e-01
9.494949e-01 9.393939e-01 -3.151891e-01 -6.109565e-03 3.090795e-01
9.595960e-01 9.393939e-01 -3.120214e-01 -6.109208e-03 3.059122e-01
9.696970e-01 9.393939e-01 -3.088855e-01 -6.108195e-03 3.027773e-01
9.797980e-01 9.393939e-01 -3.057812e-01 -6.107539e-03 2.996736e-01
9.898990e-01 9.393939e-01 -3.027080e-01 -6.107152e-03 2.966009e-01
1.000000e+00 9.393939e-01 -2.996657e-01 -6.105721e-03 2.935600e-01
0.000000e+00 9.494949e-01 7.126942e-01 -6.199539e-03 7.188937e-01
1.010101e-02 9.494949e-01 7.055315e-01 -6.198734e-03 7.117302e-01
2.020202e-02 9.494949e-01 6.984408e-01 -6.197661e-03 7.046384e-01
3.030303e-02 9.494949e-01 6.914213e-01 -6.196618e-03 6.976179e-01
4.040404e-02 9.494949e-01 6.844724e-01 -6.195247e-03 6.906677e-01
5.050505e-02 9.494949e-01 6.775934e-01 -6.194860e-03 6.837882e-01
6.060606e-02 9.494949e-01 6.707834e-01 -6.193846e-03 6.769773e-01
7.070707e-02 9.494949e-01 6.640420e-01 -6.192714e-03 6.702347e-01
8.080808e-02 9.494949e-01 6.573682e-01 -6.191760e-03 6.635600e-01
9.090909e-02 9.494949e-01 6.507616e-01 -6.190449e-03 6.569520e-01
1.010101e-01 9.494949e-01 6.442213e-01 -6.189793e-03 6.504111e-01
1.111111e-01 9.494949e-01 6.377468e-01 -6.188422e-03 6.439352e-01
1.212121e-01 9.494949e-01 6.313373e-01 -6.187558e-03 6.375249e-01
1.313131e-01 9.494949e-01 6.249923e-01 -6.186277e-03 6.311785e-01
1.414141e-01 9.494949e-01 6.187110e-01 -6.186128e-03 6.248971e-01
1.515152e-01 9.494949e-01 6.124928e-01 -6.184995e-03 6.186778e-01
1.616162e-01 9.494949e-01 6.063372e-01 -6.183833e-03 6.125210e-01
1.717172e-01 9.494949e-01 6.002434e-01 -6.183356e-03 6.064267e-01
1.818182e-01 9.494949e-01 5.942108e-01 -6.182015e-03 6.003929e-01
1.919192e-01 9.494949e-01 5.882389e-01 -6.180644e-03 5.944196e-01
2.020202e-01 9.494949e-01 5.823270e-01 -6.180018e-03 5.885070e-01
2.121212e-01 9.494949e-01 5.764745e-01 -6.179094e-03 5.826536e-01
2.222222e-01 9.494949e-01 5.706809e-01 -6.178319e-03 5.768592e-01
2.323232e-01 9.494949e-01 5.649454e-01 -6.177306e-03 5.711227e-01
2.424242e-01 9.494949e-01 5.592676e-01 -6.176591e-03 5.654442e-01
2.525253e-01 9.494949e-01 5.536469e-01 -6.175667e-03 5.598226e-01
2.626263e-01 9.494949e-01 5.480827e-01 -6.174773e-03 5.542574e-01
2.727273e-01 9.494949e-01 5.425743e-01 -6.173491e-03 5.487478e-01
2.828283e-01 9.494949e-01 5.371214e-01 -6.172568e-03 5.432940e-01
2.929293e-01 9.494949e-01 5.317232e-01 -6.171972e-03 5.378952e-01
3.030303e-01 9.494949e-01 5.263793e-01 -6.171256e-03 5.325506e-01
3.131313e-01 9.494949e-01 5.210891e-01 -6.170064e-03 5.272592e-01
3.232323e-01 9.494949e-01 5.158521e-01 -6.169409e-03 5.220215e-01
3.333333e-01 9.494949e-01 5.106677e-01 -6.167740e-03 5.168354e-01
3.434343e-01 9.494949e-01 5.055354e-01 -6.167144e-03 5.117025e-01
3.535354e-01 9.494949e-01 5.004547e-01 -6.165892e-03 5.066206e-01
3.636364e-01 9.494949e-01 4.954250e-01 -6.164968e-03 5.015900e-01
3.737374e-01 9.494949e-01 4.904459e-01 -6.164372e-03 4.966103e-01
3.838384e-01 9.494949e-01 4.855169e-01 -6.163150e-03 4.916800e-01
3.939394e-01 9.494949e-01 4.806373e-01 -6.162733e-03 4.868001e-01
4.040404e-01 9.494949e-01 4.758068e-01 -6.161898e-03 4.819687e-01
4.141414e-01 9.494949e-01 4.710249e-01 -6.160855e-03 4.771858e-01
4.242424e-01 9.494949e-01 4.662910e-01 -6.159484e-03 4.724505e-01
4.343434e-01 9.494949e-01 4.616047e-01 -6.158739e-03 4.677635e-01
4.444444e-01 9.494949e-01 4.569655e-01 -6.157905e-03 4.631234e-01
4.545455e-01 9.494949e-01 4.523729e-01 -6.157428e-03 4.585304e-01
4.646465e-01 9.494949e-01 4.478265e-01 -6.156415e-03 4.539829e-01
4.747475e-01 9.494949e-01 4.433258e-01 -6.155759e-03 4.494816e-01
4.848485e-01 9.494949e-01 4.388703e-01 -6.154925e-03 4.450252e-01
4.949495e-01 9.494949e-01 4.344596e-01 -6.154269e-03 4.406138e-01
5.050505e-01 9.494949e-01 4.300932e-01 -6.153017e-03 4.362462e-01
5.151515e-01 9.494949e-01 4.257707e-01 -6.152302e-03 4.319230e-01
5.252525e-01 9.494949e-01 4.214916e-01 -6.151587e-03 4.276432e-01
5.353535e-01 9.494949e-01 4.172555e-01 -6.150603e-03 4.234062e-01
5.454545e-01 9.494949e-01 4.130621e-01 -6.150335e-03 4.192124e-01
5.555556e-01 9.494949e-01 4.089107e-01 -6.148607e-03 4.150593e-01
5.656566e-01 9.494949e-01 4.048011e-01 -6.148338e-03 4.109494e-01
5.757576e-01 9.494949e-01 4.007328e-01 -6.147176e-03 4.068800e-01
5.858586e-01 9.494949e-01 3.967053e-01 -6.146431e-03 4.028518e-01
5.959596e-01 9.494949e-01 3.927184e-01 -6.145984e-03 3.988644e-01
6.060606e-01 9.494949e-01 3.887715e-01 -6.145179e-03 3.949167e-01
6.161616e-01 9.494949e-01 3.848643e-01 -6.143600e-03 3.910079e-01
6.262626e-01 9.494949e-01 3.809963e-01 -6.143272e-03 3.871396e-01
6.363636e-01 9.494949e-01 3.771673e-01 -6.142527e-03 3.833098e-01
6.464646e-01 9.494949e-01 3.733767e-01 -6.141633e-03 3.795183e-01
6.565657e-01 9.494949e-01 3.696242e-01 -6.140411e-03 3.757646e-01
6.666667e-01 9.494949e-01 3.659094e-01 -6.139547e-03 3.720489e-01
6.767677e-01 9.494949e-01 3.622319e-01 -6.139219e-03 3.683712e-01
6.868687e-01 9.494949e-01 3.585914e-01 -6.137908e-03 3.647294e-01
6.969697e-01 9.494949e-01 3.549875e-01 -6.137103e-03 3.611246e-01
7.070707e-01 9.494949e-01 3.514199e-01 -6.136328e-03 3.575562e-01
7.171717e-01 9.494949e-01 3.478880e-01 -6.135553e-03 3.540236e-01
7.272727e-01 9.494949e-01 3.443917e-01 -6.134480e-03 3.505262e-01
7.373737e-01 9.494949e-01 3.409305e-01 -6.133944e-03 3.470644e-01
7.474747e-01 9.494949e-01 3.375041e-01 -6.133050e-03 3.436371e-01
7.575758e-01 9.494949e-01 3.341121e-01 -6.132275e-03 3.402444e-01
7.676768e-01 9.494949e-01 3.307542e-01 -6.130964e-03 3.368852e-01
7.777778e-01 9.494949e-01 3.274301e-01 -6.130606e-03 3.335607e-01
7.878788e-01 9.494949e-01 3.241394e-01 -6.129831e-03 3.302692e-01
7.979798e-01 9.494949e-01 3.208817e-01 -6.128997e-03 3.270107e-01
8.080808e-01 9.494949e-01 3.176568e-01 -6.128281e-03 3.237851e-01
8.181818e-01 9.494949e-01 3.144643e-01 -6.127805e-03 3.205921e-01
8.282828e-01 9.494949e-01 3.113039e-01 -6.126344e-03 3.174302e-01
8.383838e-01 9.494949e-01 3.081752e-01 -6.125987e-03 3.143012e-01
8.484848e-01 9.494949e-01 3.050780e-01 -6.124765e-03 3.112028e-01
8.585859e-01 9.494949e-01 3.020119e-01 -6.123930e-03 3.081359e-01
8.686869e-01 9.494949e-01 2.989767e-01 -6.122798e-03 3.050995e-01
8.787879e-01 9.494949e-01 2.959719e-01 -6.121695e-03 3.020936e-01
8.888889e-01 9.494949e-01 2.929973e-01 -6.121129e-03 2.991185e-01
8.989899e-01 9.494949e-01 2.900527e-01 -6.120205e-03 2.961729e-01
9.090909e-01 9.494949e-01 2.871376e-01 -6.118923e-03 2.932565e-01
9.191919e-01 9.494949e-01 2.842518e-01 -6.118387e-03 2.903702e-01
9.292929e-01 9.494949e-01 2.813950e-01 -6.117612e-03 2.875126e-01
9.393939e-01 9.494949e-01 2.785670e-01 -6.116718e-03 2.846837e-01
9.494949e-01 9.494949e-01 2.757673e-01 -6.115764e-03 2.818831e-01
9.595960e-01 9.494949e-01 2.729958e-01 -6.114721e-03 2.791105e-01
9.696970e-01 9.494949e-01 2.702522e-01 -6.114155e-03 2.763663e-01
9.797980e-01 9.494949e-01 2.675361e-01 -6.113201e-03 2.736493e-01
9.898990e-01 9.494949e-01 2.648473e-01 -6.112307e-03 2.709596e-01
1.000000e+00 9.494949e-01 2.621855e-01 -6.111234e-03 2.682968e-01
0.000000e+00 9.595960e-01 -5.929079e-01 -6.208271e-03 5.866997e-01
1.010101e-02 9.595960e-01 -5.869491e-01 -6.207019e-03 5.807421e-01
2.020202e-02 9.595960e-01 -5.810502e-01 -6.205499e-03 5.748447e-01
3.030303e-02 9.595960e-01 -5.752105e-01 -6.205171e-03 5.690053e-01
4.040404e-02 9.595960e-01 -5.694296e-01 -6.203681e-03 5.632259e-01
5.050505e-02 9.595960e-01 -5.637067e-01 -6.202966e-03 5.575037e-01
6.060606e-02 9.595960e-01 -5.580413e-01 -6.202012e-03 5.518393e-01
7.070707e-02 9.595960e-01 -5.524329e-01 -6.200999e-03 5.462319e-01
8.080808e-02 9.595960e-01 -5.468809e-01 -6.200165e-03 5.406807e-01
9.090909e-02 9.595960e-01 -5.413847e-01 -6.198406e-03 5.351862e-01
1.010101e-01 9.595960e-01 -5.359436e-01 -6.197840e-03 5.297458e-01
1.111111e-01 9.595960e-01 -5.305573e-01 -6.195992e-03 5.243613e-01
1.212121e-01 9.595960e-01 -5.252251e-01 -6.195515e-03 5.190296e-01
1.313131e-01 9.595960e-01 -5.199465e-01 -6.194800e-03 5.137517e-01
1.414141e-01 9.595960e-01 -5.147210e-01 -6.193250e-03 5.085277e-01
1.515152e-01 9.595960e-01 -5.095480e-01 -6.192833e-03 5.033551e-01
1.616162e-01 9.595960e-01 -5.044269e-01 -6.192178e-03 4.982347e-01
1.717172e-01 9.595960e-01 -4.993573e-01 -6.190628e-03 4.931667e-01
1.818182e-01 9.595960e-01 -4.943387e-01 -6.189466e-03 4.881493e-01
1.919192e-01 9.595960e-01 -4.893705e-01 -6.188631e-03 4.831819e-01
2.020202e-01 9.595960e-01 -4.844523e-01 -6.188035e-03 4.782642e-01
2.121212e-01 9.595960e-01 -4.795834e-01 -6.186903e-03 4.733965e-01
2.222222e-01 9.595960e-01 -4.747636e-01 -6.185472e-03 4.685781e-01
2.323232e-01 9.595960e-01 -4.699921e-01 -6.184906e-03 4.638072e-01
2.424242e-01 9.595960e-01 -4.652686e-01 -6.184161e-03 4.590844e-01
2.525253e-01 9.595960e-01 -4.605926e-01 -6.182998e-03 4.544096e-01
2.626263e-01 9.595960e-01 -4.559635e-01 -6.182492e-03 4.497811e-01
2.727273e-01 9.595960e-01 -4.513810e-01 -6.180674e-03 4.452004e-01
2.828283e-01 9.595960e-01 -4.468446e-01 -6.180555e-03 4.406640e-01
2.929293e-01 9.595960e-01 -4.423537e-01 -6.179363e-03 4.361744e-01
3.030303e-01 9.595960e-01 -4.379080e-01 -6.178647e-03 4.317293e-01
3.131313e-01 9.595960e-01 -4.335069e-01 -6.178409e-03 4.273285e-01
3.232323e-01 9.595960e-01 -4.291501e-01 -6.176740e-03 4.229734e-01
3.333333e-01 9.595960e-01 -4.248371e-01 -6.174892e-03 4.186622e-01
3.434343e-01 9.595960e-01 -4.205674e-01 -6.174356e-03 4.143931e-01
3.535354e-01 9.595960e-01 -4.163406e-01 -6.173283e-03 4.101674e-01
3.636364e-01 9.595960e-01 -4.121563e-01 -6.172091e-03 4.059843e-01
3.737374e-01 9.595960e-01 -4.080141e-01 -6.170928e-03 4.018432e-01
3.838384e-01 9.595960e-01 -4.039135e-01 -6.170064e-03 3.977434e-01
3.939394e-01 9.595960e-01 -3.998541e-01 -6.169766e-03 3.936843e-01
4.040404e-01 9.595960e-01 -3.958355e-01 -6.168574e-03 3.896669e-01
4.141414e-01 9.595960e-01 -3.918573e-01 -6.167620e-03 3.856897e-01
4.242424e-01 9.595960e-01 -3.879191e-01 -6.166428e-03 3.817526e-01
4.343434e-01 9.595960e-01 -3.840204e-01 -6.165296e-03 3.778551e-01
4.444444e-01 9.595960e-01 -3.801609e-01 -6.164581e-03 3.739964e-01
4.545455e-01 9.595960e-01 -3.763403e-01 -6.164044e-03 3.701762e-01
4.646465e-01 9.595960e-01 -3.725580e-01 -6.163150e-03 3.663948e-01
4.747475e-01 9.595960e-01 -3.688137e-01 -6.162167e-03 3.626515e-01
4.848485e-01 9.595960e-01 -3.651071e-01 -6.161541e-03 3.589455e-01
4.949495e-01 9.595960e-01 -3.614377e-01 -6.160557e-03 3.552771e-01
5.050505e-01 9.595960e-01 -3.578052e-01 -6.159812e-03 3.516454e-01
5.151515e-01 9.595960e-01 -3.542092e-01 -6.158888e-03 3.480503e-01
5.252525e-01 9.595960e-01 -3.506493e-01 -6.158024e-03 3.444913e-01
5.353535e-01 9.595960e-01 -3.471252e-01 -6.157011e-03 3.409682e-01
5.454545e-01 9.595960e-01 -3.436366e-01 -6.156176e-03 3.374804e-01
5.555556e-01 9.595960e-01 -3.401830e-01 -6.155401e-03 3.340276e-01
5.656566e-01 9.595960e-01 -3.367641e-01 -6.154150e-03 3.306099e-01
5.757576e-01 9.595960e-01 -3.333795e-01 -6.153792e-03 3.272257e-01
5.858586e-01 9.595960e-01 -3.300290e-01 -6.152511e-03 3.238765e-01
5.959596e-01 9.595960e-01 -3.267122e-01 -6.152064e-03 3.205601e-01
6.060606e-01 9.595960e-01 -3.234286e-01 -6.151229e-03 3.172774e-01
6.161616e-01 9.595960e-01 -3.201781e-01 -6.149918e-03 3.140282e-01
6.262626e-01 9.595960e-01 -3.169603e-01 -6.149560e-03 3.108107e-01
6.363636e-01 9.595960e-01 -3.137748e-01 -6.148428e-03 3.076264e-01
6.464646e-01 9.595960e-01 -3.106213e-01 -6.147951e-03 3.044733e-01
6.565657e-01 9.595960e-01 -3.074995e-01 -6.147146e-03 3.013524e-01
6.666667e-01 9.595960e-01 -3.044091e-01 -6.146401e-03 2.982627e-01
6.767677e-01 9.595960e-01 -3.013497e-01 -6.145298e-03 2.952044e-01
6.868687e-01 9.595960e-01 -2.983211e-01 -6.143779e-03 2.921773e-01
6.969697e-01 9.595960e-01 -2.953229e-01 -6.143123e-03 2.891798e-01
7.070707e-01 9.595960e-01 -2.923549e-01 -6.142229e-03 2.862127e-01
7.171717e-01 9.595960e-01 -2.894167e-01 -6.141692e-03 2.832750e-01
7.272727e-01 9.595960e-01 -2.865080e-01 -6.140590e-03 2.803674e-01
7.373737e-01 9.595960e-01 -2.836285e-01 -6.140113e-03 2.774884e-01
7.474747e-01 9.595960e-01 -2.807780e-01 -6.138921e-03 2.746391e-01
7.575758e-01 9.595960e-01 -2.779561e-01 -6.138086e-03 2.718181e-01
7.676768e-01 9.595960e-01 -2.751626e-01 -6.137520e-03 2.690251e-01
7.777778e-01 9.595960e-01 -2.723972e-01 -6.136745e-03 2.662605e-01
7.878788e-01 9.595960e-01 -2.696596e-01 -6.135702e-03 2.635239e-01
7.979798e-01 9.595960e-01 -2.669495e-01 -6.134659e-03 2.608148e-01
8.080808e-01 9.595960e-01 -2.642666e-01 -6.133765e-03 2.581328e-01
8.181818e-01 9.595960e-01 -2.616106e-01 -6.132871e-03 2.554778e-01
8.282828e-01 9.595960e-01 -2.589814e-01 -6.131947e-03 2.528495e-01
8.383838e-01 9.595960e-01 -2.563786e-01 -6.131381e-03 2.502472e-01
8.484848e-01 9.595960e-01 -2.538020e-01 -6.130695e-03 2.476713e-01
8.585859e-01 9.595960e-01 -2.512512e-01 -6.129593e-03 2.451216e-01
8.686869e-01 9.595960e-01 -2.487261e-01 -6.128639e-03 2.425975e-01
8.787879e-01 9.595960e-01 -2.462264e-01 -6.127894e-03 2.400985e-01
8.888889e-01 9.595960e-01 -2.437517e-01 -6.126791e-03 2.376249e-01
8.989899e-01 9.595960e-01 -2.413020e-01 -6.125838e-03 2.351762e-01
9.090909e-01 9.595960e-01 -2.388769e-01 -6.124705e-03 2.327522e-01
9.191919e-01 9.595960e-01 -2.364761e-01 -6.123692e-03 2.303524e-01
9.292929e-01 9.595960e-01 -2.340995e-01 -6.122679e-03 2.279768e-01
9.393939e-01 9.595960e-01 -2.317468e-01 -6.122261e-03 2.256245e-01
9.494949e-01 9.595960e-01 -2.294177e-01 -6.121248e-03 2.232964e-01
9.595960e-01 9.595960e-01 -2.271120e-01 -6.120175e-03 2.209918e-01
9.696970e-01 9.595960e-01 -2.248295e-01 -6.119579e-03 2.187099e-01
9.797980e-01 9.595960e-01 -2.225699e-01 -6.117851e-03 2.164520e-01
9.898990e-01 9.595960e-01 -2.203330e-01 -6.117105e-03 2.142159e-01
1.000000e+00 9.595960e-01 -2.181186e-01 -6.116360e-03 2.120023e-01
0.000000e+00 9.696970e-01 4.582265e-01 -6.216705e-03 4.644432e-01
1.010101e-02 9.696970e-01 4.536213e-01 -6.215304e-03 4.598366e-01
2.020202e-02 9.696970e-01 4.490623e-01 -6.213963e-03 4.552763e-01
3.030303e-02 9.696970e-01 4.445491e-01 -6.213039e-03 4.507622e-01
4.040404e-02 9.696970e-01 4.400814e-01 -6.211668e-03 4.462930e-01
5.050505e-02 9.696970e-01 4.356585e-01 -6.210834e-03 4.418693e-01
6.060606e-02 9.696970e-01 4.312800e-01 -6.210357e-03 4.374904e-01
7.070707e-02 9.696970e-01 4.269456e-01 -6.209105e-03 4.331547e-01
8.080808e-02 9.696970e-01 4.226547e-01 -6.207854e-03 4.288626e-01
9.090909e-02 9.696970e-01 4.184070e-01 -6.206542e-03 4.246135e-01
1.010101e-01 9.696970e-01 4.142019e-01 -6.205589e-03 4.204075e-01
1.111111e-01 9.696970e-01 4.100391e-01 -6.204277e-03 4.162434e-01
1.212121e-01 9.696970e-01 4.059181e-01 -6.203771e-03 4.121219e-01
1.313131e-01 9.696970e-01 4.018386e-01 -6.202310e-03 4.080409e-01
1.414141e-01 9.696970e-01 3.978001e-01 -6.201804e-03 4.040019e-01
1.515152e-01 9.696970e-01 3.938021e-01 -6.200641e-03 4.000027e-01
1.616162e-01 9.696970e-01 3.898443e-01 -6.199062e-03 3.960434e-01
1.717172e-01 9.696970e-01 3.859263e-01 -6.198347e-03 3.921247e-01
1.818182e-01 9.696970e-01 3.820477e-01 -6.197244e-03 3.882449e-01
1.919192e-01 9.696970e-01 3.782081e-01 -6.195813e-03 3.844039e-01
2.020202e-01 9.696970e-01 3.744070e-01 -6.195039e-03 3.806020e-01
2.121212e-01 9.696970e-01 3.706442e-01 -6.194562e-03 3.768387e-01
2.222222e-01 9.696970e-01 3.669191e-01 -6.193221e-03 3.731123e-01
2.323232e-01 9.696970e-01 3.632315e-01 -6.192535e-03 3.694241e-01
2.424242e-01 9.696970e-01 3.595810e-01 -6.191373e-03 3.657724e-01
2.525253e-01 9.696970e-01 3.559671e-01 -6.190628e-03 3.621578e-01
2.626263e-01 9.696970e-01 3.523896e-01 -6.189525e-03 3.585791e-01
2.727273e-01 9.696970e-01 3.488480e-01 -6.188244e-03 3.550363e-01
2.828283e-01 9.696970e-01 3.453420e-01 -6.186873e-03 3.515289e-01
2.929293e-01 9.696970e-01 3.418713e-01 -6.186217e-03 3.480575e-01
3.030303e-01 9.696970e-01 3.384354e-01 -6.185144e-03 3.446206e-01
3.131313e-01 9.696970e-01 3.350341e-01 -6.184489e-03 3.412186e-01
3.232323e-01 9.696970e-01 3.316670e-01 -6.183654e-03 3.378506e-01
3.333333e-01 9.696970e-01 3.283337e-01 -6.182760e-03 3.345164e-01
3.434343e-01 9.696970e-01 3.250338e-01 -6.181747e-03 3.312156e-01
3.535354e-01 9.696970e-01 3.217672e-01 -6.180227e-03 3.279474e-01
3.636364e-01 9.696970e-01 3.185334e-01 -6.178886e-03 3.247123e-01
3.737374e-01 9.696970e-01 3.153321e-01 -6.178260e-03 3.215103e-01
3.838384e-01 9.696970e-01 3.121629e-01 -6.177217e-03 3.183401e-01
3.939394e-01 9.696970e-01 3.090256e-01 -6.176353e-03 3.152020e-01
4.040404e-01 9.696970e-01 3.059199e-01 -6.174952e-03 3.120948e-01
4.141414e-01 9.696970e-01 3.028453e-01 -6.174594e-03 3.090199e-01
4.242424e-01 9.696970e-01 2.998017e-01 -6.173283e-03 3.059750e-01
4.343434e-01 9.696970e-01 2.967886e-01 -6.172329e-03 3.029610e-01
4.444444e-01 9.696970e-01 2.938059e-01 -6.171495e-03 2.999774e-01
4.545455e-01 9.696970e-01 2.908531e-01 -6.170273e-03 2.970233e-01
4.646465e-01 9.696970e-01 2.879299e-01 -6.169498e-03 2.940994e-01
4.747475e-01 9.696970e-01 2.850362e-01 -6.168544e-03 2.912047e-01
4.848485e-01 9.696970e-01 2.821715e-01 -6.167978e-03 2.883395e-01
4.949495e-01 9.696970e-01 2.793357e-01 -6.167293e-03 2.855030e-01
5.050505e-01 9.696970e-01 2.765283e-01 -6.166369e-03 2.826947e-01
5.151515e-01 9.696970e-01 2.737491e-01 -6.165028e-03 2.799142e-01
5.252525e-01 9.696970e-01 2.709979e-01 -6.164283e-03 2.771622e-01
5.353535e-01 9.696970e-01 2.682743e-01 -6.163210e-03 2.744376e-01
5.454545e-01 9.696970e-01 2.655781e-01 -6.162524e-03 2.717407e-01
5.555556e-01 9.696970e-01 2.629090e-01 -6.161571e-03 2.690706e-01
5.656566e-01 9.696970e-01 2.602668e-01 -6.161004e-03 2.664278e-01
5.757576e-01 9.696970e-01 2.576510e-01 -6.159991e-03 2.638110e-01
5.858586e-01 9.696970e-01 2.550616e-01 -6.159574e-03 2.612212e-01
5.959596e-01 9.696970e-01 2.524982e-01 -6.158322e-03 2.586565e-01
6.060606e-01 9.696970e-01 2.499605e-01 -6.156892e-03 2.561174e-01
6.161616e-01 9.696970e-01 2.474484e-01 -6.157041e-03 2.536054e-01
6.262626e-01 9.696970e-01 2.449615e-01 -6.155699e-03 2.511172e-01
6.363636e-01 9.696970e-01 2.424996e-01 -6.154865e-03 2.486545e-01
6.464646e-01 9.696970e-01 2.400624e-01 -6.154031e-03 2.462165e-01
6.565657e-01 9.696970e-01 2.376498e-01 -6.153226e-03 2.438030e-01
6.666667e-01 9.696970e-01 2.352613e-01 -6.152123e-03 2.414135e-01
6.767677e-01 9.696970e-01 2.328969e-01 -6.151348e-03 2.390483e-01
6.868687e-01 9.696970e-01 2.305563e-01 -6.150275e-03 2.367065e-01
6.969697e-01 9.696970e-01 2.282391e-01 -6.149203e-03 2.343883e-01
7.070707e-01 9.696970e-01 2.259453e-01 -6.148428e-03 2.320937e-01
7.171717e-01 9.696970e-01 2.236745e-01 -6.147355e-03 2.298219e-01
7.272727e-01 9.696970e-01 2.214265e-01 -6.145984e-03 2.275725e-01
7.373737e-01 9.696970e-01 2.192012e-01 -6.145746e-03 2.253469e-01
7.474747e-01 9.696970e-01 2.169982e-01 -6.145090e-03 2.231433e-01
7.575758e-01 9.696970e-01 2.148173e-01 -6.143898e-03 2.209612e-01
7.676768e-01 9.696970e-01 2.126583e-01 -6.142944e-03 2.188013e-01
7.777778e-01 9.696970e-01 2.105211e-01 -6.141990e-03 2.166631e-01
7.878788e-01 9.696970e-01 2.084053e-01 -6.141096e-03 2.145464e-01
7.979798e-01 9.696970e-01 2.063108e-01 -6.140679e-03 2.124515e-01
8.080808e-01 9.696970e-01 2.042374e-01 -6.139666e-03 2.103770e-01
8.181818e-01 9.696970e-01 2.021847e-01 -6.138504e-03 2.083232e-01
8.282828e-01 9.696970e-01 2.001527e-01 -6.137520e-03 2.062903e-01
8.383838e-01 9.696970e-01 1.981412e-01 -6.136954e-03 2.042781e-01
8.484848e-01 9.696970e-01 1.961498e-01 -6.136328e-03 2.022862e-01
8.585859e-01 9.696970e-01 1.941785e-01 -6.135255e-03 2.003137e-01
8.686869e-01 9.696970e-01 1.922270e-01 -6.133914e-03 1.983609e-01
8.787879e-01 9.696970e-01 1.902951e-01 -6.133050e-03 1.964281e-01
8.888889e-01 9.696970e-01 1.883826e-01 -6.132036e-03 1.945146e-01
8.989899e-01 9.696970e-01 1.864893e-01 -6.131142e-03 1.926204e-01
9.090909e-01 9.696970e-01 1.846150e-01 -6.129712e-03 1.907447e-01
9.191919e-01 9.696970e-01 1.827596e-01 -6.129205e-03 1.888888e-01
9.292929e-01 9.696970e-01 1.809229e-01 -6.128639e-03 1.870515e-01
9.393939e-01 9.696970e-01 1.791045e-01 -6.127208e-03 1.852318e-01
9.494949e-01 9.696970e-01 1.773045e-01 -6.126136e-03 1.834307e-01
9.595960e-01 9.696970e-01 1.755226e-01 -6.125391e-03 1.816480e-01
9.696970e-01 9.696970e-01 1.737585e-01 -6.124377e-03 1.798829e-01
9.797980e-01 9.696970e-01 1.720122e-01 -6.123662e-03 1.781359e-01
9.898990e-01 9.696970e-01 1.702835e-01 -6.122380e-03 1.764059e-01
1.000000e+00 9.696970e-01 1.685721e-01 -6.121606e-03 1.746937e-01
0.000000e+00 9.797980e-01 -3.120334e-01 -6.225437e-03 3.058080e-01
1.010101e-02 9.797980e-01 -3.088975e-01 -6.223857e-03 3.026736e-01
2.020202e-02 9.797980e-01 -3.057930e-01 -6.222755e-03 2.995702e-01
3.030303e-02 9.797980e-01 -3.027197e-01 -6.221384e-03 2.964983e-01
4.040404e-02 9.797980e-01 -2.996773e-01 -6.220371e-03 2.934570e-01
5.050505e-02 9.797980e-01 -2.966655e-01 -6.218821e-03 2.904467e-01
6.060606e-02 9.797980e-01 -2.936840e-01 -6.217748e-03 2.874662e-01
7.070707e-02 9.797980e-01 -2.907324e-01 -6.216973e-03 2.845154e-01
8.080808e-02 9.797980e-01 -2.878105e-01 -6.215900e-03 2.815946e-01
9.090909e-02 9.797980e-01 -2.849180e-01 -6.215245e-03 2.787027e-01
1.010101e-01 9.797980e-01 -2.820545e-01 -6.213337e-03 2.758412e-01
1.111111e-01 9.797980e-01 -2.792198e-01 -6.212354e-03 2.730074e-01
1.212121e-01 9.797980e-01 -2.764136e-01 -6.211728e-03 2.702019e-01
1.313131e-01 9.797980e-01 -2.736356e-01 -6.210774e-03 2.674248e-01
1.414141e-01 9.797980e-01 -2.708855e-01 -6.209284e-03 2.646762e-01
1.515152e-01 9.797980e-01 -2.681631e-01 -6.208092e-03 2.619550e-01
1.616162e-01 9.797980e-01 -2.654680e-01 -6.207198e-03 2.592608e-01
1.717172e-01 9.797980e-01 -2.628000e-01 -6.206244e-03 2.565937e-01
1.818182e-01 9.797980e-01 -2.601588e-01 -6.204784e-03 2.539540e-01
1.919192e-01 9.797980e-01 -2.575442e-01 -6.204218e-03 2.513399e-01
2.020202e-01 9.797980e-01 -2.549558e-01 -6.202757e-03 2.487530e-01
2.121212e-01 9.797980e-01 -2.523934e-01 -6.201625e-03 2.461918e-01
2.222222e-01 9.797980e-01 -2.498569e-01 -6.200701e-03 2.436561e-01
2.323232e-01 9.797980e-01 -2.473457e-01 -6.199688e-03 2.411461e-01
2.424242e-01 9.797980e-01 -2.448599e-01 -6.199241e-03 2.386606e-01
2.525253e-01 9.797980e-01 -2.423990e-01 -6.198227e-03 2.362008e-01
2.626263e-01 9.797980e-01 -2.399628e-01 -6.196529e-03 2.337663e-01
2.727273e-01 9.797980e-01 -2.375512e-01 -6.195635e-03 2.313555e-01
2.828283e-01 9.797980e-01 -2.351638e-01 -6.194323e-03 2.289694e-01
2.929293e-01 9.797980e-01 -2.328003e-01 -6.193548e-03 2.266068e-01
3.030303e-01 9.797980e-01 -2.304606e-01 -6.193161e-03 2.242675e-01
3.131313e-01 9.797980e-01 -2.281445e-01 -6.192237e-03 2.219522e-01
3.232323e-01 9.797980e-01 -2.258516e-01 -6.190807e-03 2.196608e-01
3.333333e-01 9.797980e-01 -2.235817e-01 -6.189704e-03 2.173920e-01
3.434343e-01 9.797980e-01 -2.213347e-01 -6.188422e-03 2.151463e-01
3.535354e-01 9.797980e-01 -2.191102e-01 -6.187797e-03 2.129225e-01
3.636364e-01 9.797980e-01 -2.169082e-01 -6.186754e-03 2.107214e-01
3.737374e-01 9.797980e-01 -2.147282e-01 -6.185085e-03 2.085431e-01
3.838384e-01 9.797980e-01 -2.125701e-01 -6.184310e-03 2.063858e-01
3.939394e-01 9.797980e-01 -2.104338e-01 -6.183177e-03 2.042506e-01
4.040404e-01 9.797980e-01 -2.083189e-01 -6.182015e-03 2.021369e-01
4.141414e-01 9.797980e-01 -2.062252e-01 -6.181329e-03 2.000439e-01
4.242424e-01 9.797980e-01 -2.041526e-01 -6.180227e-03 1.979724e-01
4.343434e-01 9.797980e-01 -2.021009e-01 -6.179363e-03 1.959215e-01
4.444444e-01 9.797980e-01 -2.000697e-01 -6.178766e-03 1.938910e-01
4.545455e-01 9.797980e-01 -1.980590e-01 -6.177396e-03 1.918816e-01
4.646465e-01 9.797980e-01 -1.960685e-01 -6.176800e-03 1.898917e-01
4.747475e-01 9.797980e-01 -1.940979e-01 -6.175965e-03 1.879220e-01
4.848485e-01 9.797980e-01 -1.921472e-01 -6.174624e-03 1.859726e-01
4.949495e-01 9.797980e-01 -1.902161e-01 -6.173998e-03 1.840421e-01
5.050505e-01 9.797980e-01 -1.883044e-01 -6.173283e-03 1.821311e-01
5.151515e-01 9.797980e-01 -1.864119e-01 -6.172031e-03 1.802399e-01
5.252525e-01 9.797980e-01 -1.845385e-01 -6.170958e-03 1.783675e-01
5.353535e-01 9.797980e-01 -1.826838e-01 -6.169945e-03 1.765139e-01
5.454545e-01 9.797980e-01 -1.808478e-01 -6.168932e-03 1.746789e-01
5.555556e-01 9.797980e-01 -1.790303e-01 -6.168306e-03 1.728620e-01
5.656566e-01 9.797980e-01 -1.772310e-01 -6.166846e-03 1.710641e-01
5.757576e-01 9.797980e-01 -1.754498e-01 -6.166071e-03 1.692837e-01
5.858586e-01 9.797980e-01 -1.736865e-01 -6.165326e-03 1.675211e-01
5.959596e-01 9.797980e-01 -1.719409e-01 -6.164461e-03 1.657764e-01
6.060606e-01 9.797980e-01 -1.702129e-01 -6.164283e-03 1.640486e-01
6.161616e-01 9.797980e-01 -1.685022e-01 -6.162971e-03 1.623392e-01
6.262626e-01 9.797980e-01 -1.668087e-01 -6.161779e-03 1.606469e-01
6.363636e-01 9.797980e-01 -1.651323e-01 -6.160885e-03 1.589714e-01
6.464646e-01 9.797980e-01 -1.634727e-01 -6.160170e-03 1.573125e-01
6.565657e-01 9.797980e-01 -1.618297e-01 -6.158948e-03 1.556708e-01
6.666667e-01 9.797980e-01 -1.602033e-01 -6.158352e-03 1.540450e-01
6.767677e-01 9.797980e-01 -1.585932e-01 -6.157309e-03 1.524359e-01
6.868687e-01 9.797980e-01 -1.569994e-01 -6.156355e-03 1.508430e-01
6.969697e-01 9.797980e-01 -1.554215e-01 -6.155074e-03 1.492664e-01
7.070707e-01 9.797980e-01 -1.538595e-01 -6.154269e-03 1.477052e-01
7.171717e-01 9.797980e-01 -1.523132e-01 -6.153584e-03 1.461596e-01
7.272727e-01 9.797980e-01 -1.507824e-01 -6.152540e-03 1.446298e-01
7.373737e-01 9.797980e-01 -1.492670e-01 -6.151468e-03 1.431155e-01
7.474747e-01 9.797980e-01 -1.477668e-01 -6.151080e-03 1.416158e-01
7.575758e-01 9.797980e-01 -1.462818e-01 -6.149739e-03 1.401320e-01
7.676768e-01 9.797980e-01 -1.448116e-01 -6.149232e-03 1.386624e-01
7.777778e-01 9.797980e-01 -1.433562e-01 -6.147861e-03 1.372084e-01
7.878788e-01 9.797980e-01 -1.419155e-01 -6.146997e-03 1.357685e-01
7.979798e-01 9.797980e-01 -1.404892e-01 -6.146282e-03 1.343429e-01
8.080808e-01 9.797980e-01 -1.390773e-01 -6.144881e-03 1.329324e-01
8.181818e-01 9.797980e-01 -1.376795e-01 -6.144375e-03 1.315351e-01
8.282828e-01 9.797980e-01 -1.362958e-01 -6.143361e-03 1.301524e-01
8.383838e-01 9.797980e-01 -1.349260e-01 -6.142557e-03 1.287835e-01
8.484848e-01 9.797980e-01 -1.335700e-01 -6.141633e-03 1.274283e-01
8.585859e-01 9.797980e-01 -1.322276e-01 -6.141126e-03 1.260865e-01
8.686869e-01 9.797980e-01 -1.308987e-01 -6.139845e-03 1.247588e-01
8.787879e-01 9.797980e-01 -1.295831e-01 -6.138712e-03 1.234444e-01
8.888889e-01 9.797980e-01 -1.282808e-01 -6.137967e-03 1.221428e-01
8.989899e-01 9.797980e-01 -1.269915e-01 -6.136626e-03 1.208549e-01
9.090909e-01 9.797980e-01 -1.257153e-01 -6.135911e-03 1.195793e-01
9.191919e-01 9.797980e-01 -1.244518e-01 -6.134480e-03 1.183173e-01
9.292929e-01 9.797980e-01 -1.232010e-01 -6.133646e-03 1.170674e-01
9.393939e-01 9.797980e-01 -1.219628e-01 -6.133020e-03 1.158298e-01
9.494949e-01 9.797980e-01 -1.207371e-01 -6.132066e-03 1.146050e-01
9.595960e-01 9.797980e-01 -1.195237e-01 -6.130904e-03 1.133928e-01
9.696970e-01 9.797980e-01 -1.183224e-01 -6.130010e-03 1.121924e-01
9.797980e-01 9.797980e-01 -1.171333e-01 -6.129473e-03 1.110038e-01
9.898990e-01 9.797980e-01 -1.159561e-01 -6.127775e-03 1.098283e-01
1.000000e+00 9.797980e-01 -1.147907e-01 -6.127447e-03 1.086632e-01
0.000000e+00 9.898990e-01 1.580014e-01 -6.233364e-03 1.642348e-01
1.010101e-02 9.898990e-01 1.564135e-01 -6.232381e-03 1.626458e-01
2.020202e-02 9.898990e-01 1.548415e-01 -6.230772e-03 1.610722e-01
3.030303e-02 9.898990e-01 1.532853e-01 -6.230086e-03 1.595154e-01
4.040404e-02 9.898990e-01 1.517447e-01 -6.228209e-03 1.579730e-01
5.050505e-02 9.898990e-01 1.502197e-01 -6.227642e-03 1.564473e-01
6.060606e-02 9.898990e-01 1.487100e-01 -6.226093e-03 1.549360e-01
7.070707e-02 9.898990e-01 1.472154e-01 -6.224781e-03 1.534402e-01
8.080808e-02 9.898990e-01 1.457359e-01 -6.223828e-03 1.519597e-01
9.090909e-02 9.898990e-01 1.442712e-01 -6.222636e-03 1.504938e-01
1.010101e-01 9.898990e-01 1.428212e-01 -6.221443e-03 1.490427e-01
1.111111e-01 9.898990e-01 1.413859e-01 -6.220698e-03 1.476066e-01
1.212121e-01 9.898990e-01 1.399649e-01 -6.219000e-03 1.461839e-01
1.313131e-01 9.898990e-01 1.385582e-01 -6.218463e-03 1.447767e-01
1.414141e-01 9.898990e-01 1.371657e-01 -6.216794e-03 1.433825e-01
1.515152e-01 9.898990e-01 1.357872e-01 -6.215960e-03 1.420031e-01
1.616162e-01 9.898990e-01 1.344225e-01 -6.215096e-03 1.406376e-01
1.717172e-01 9.898990e-01 1.330715e-01 -6.213784e-03 1.392853e-01
1.818182e-01 9.898990e-01 1.317341e-01 -6.213099e-03 1.379472e-01
1.919192e-01 9.898990e-01 1.304102e-01 -6.212026e-03 1.366222e-01
2.020202e-01 9.898990e-01 1.290995e-01 -6.210595e-03 1.353101e-01
2.121212e-01 9.898990e-01 1.278021e-01 -6.209284e-03 1.340113e-01
2.222222e-01 9.898990e-01 1.265176e-01 -6.208032e-03 1.327257e-01
2.323232e-01 9.898990e-01 1.252461e-01 -6.207258e-03 1.314534e-01
2.424242e-01 9.898990e-01 1.239874e-01 -6.206363e-03 1.301937e-01
2.525253e-01 9.898990e-01 1.227413e-01 -6.205171e-03 1.289464e-01
2.626263e-01 9.898990e-01 1.215077e-01 -6.204128e-03 1.277118e-01
2.727273e-01 9.898990e-01 1.202865e-01 -6.203443e-03 1.264900e-01
2.828283e-01 9.898990e-01 1.190776e-01 -6.201953e-03 1.252796e-01
2.929293e-01 9.898990e-01 1.178809e-01 -6.200641e-03 1.240815e-01
3.030303e-01 9.898990e-01 1.166962e-01 -6.199926e-03 1.228961e-01
3.131313e-01 9.898990e-01 1.155233e-01 -6.198853e-03 1.217222e-01
3.232323e-01 9.898990e-01 1.143623e-01 -6.198049e-03 1.205604e-01
3.333333e-01 9.898990e-01 1.132129e-01 -6.196827e-03 1.194098e-01
3.434343e-01 9.898990e-01 1.120751e-01 -6.196141e-03 1.182713e-01
3.535354e-01 9.898990e-01 1.109488e-01 -6.194979e-03 1.171437e-01
3.636364e-01 9.898990e-01 1.098337e-01 -6.193727e-03 1.160274e-01
3.737374e-01 9.898990e-01 1.087299e-01 -6.192297e-03 1.149222e-01
3.838384e-01 9.898990e-01 1.076371e-01 -6.191790e-03 1.138289e-01
3.939394e-01 9.898990e-01 1.065553e-01 -6.190538e-03 1.127459e-01
4.040404e-01 9.898990e-01 1.054844e-01 -6.189138e-03 1.116736e-01
4.141414e-01 9.898990e-01 1.044243e-01 -6.188303e-03 1.106126e-01
4.242424e-01 9.898990e-01 1.033748e-01 -6.187320e-03 1.095621e-01
4.343434e-01 9.898990e-01 1.023359e-01 -6.186217e-03 1.085221e-01
4.444444e-01 9.898990e-01 1.013074e-01 -6.185532e-03 1.074929e-01
4.545455e-01 9.898990e-01 1.002892e-01 -6.184369e-03 1.064736e-01
4.646465e-01 9.898990e-01 9.928132e-02 -6.183386e-03 1.054647e-01
4.747475e-01 9.898990e-01 9.828352e-02 -6.182045e-03 1.044656e-01
4.848485e-01 9.898990e-01 9.729576e-02 -6.181329e-03 1.034771e-01
4.949495e-01 9.898990e-01 9.631792e-02 -6.180197e-03 1.024981e-01
5.050505e-01 9.898990e-01 9.534991e-02 -6.179810e-03 1.015297e-01
5.151515e-01 9.898990e-01 9.439163e-02 -6.178677e-03 1.005703e-01
5.252525e-01 9.898990e-01 9.344297e-02 -6.178200e-03 9.962117e-02
5.353535e-01 9.898990e-01 9.250386e-02 -6.176621e-03 9.868048e-02
5.454545e-01 9.898990e-01 9.157418e-02 -6.175637e-03 9.774981e-02
5.555556e-01 9.898990e-01 9.065384e-02 -6.174237e-03 9.682808e-02
5.656566e-01 9.898990e-01 8.974276e-02 -6.173193e-03 9.591595e-02
5.757576e-01 9.898990e-01 8.884083e-02 -6.172925e-03 9.501375e-02
5.858586e-01 9.898990e-01 8.794796e-02 -6.171376e-03 9.411934e-02
5.959596e-01 9.898990e-01 8.706407e-02 -6.171495e-03 9.323556e-02
6.060606e-01 9.898990e-01 8.618906e-02 -6.170362e-03 9.235942e-02
6.161616e-01 9.898990e-01 8.532285e-02 -6.169319e-03 9.149217e-02
6.262626e-01 9.898990e-01 8.446534e-02 -6.168783e-03 9.063412e-02
6.363636e-01 9.898990e-01 8.361645e-02 -6.167680e-03 8.978413e-02
6.464646e-01 9.898990e-01 8.277609e-02 -6.166130e-03 8.894222e-02
6.565657e-01 9.898990e-01 8.194417e-02 -6.165177e-03 8.810935e-02
6.666667e-01 9.898990e-01 8.112062e-02 -6.164998e-03 8.728562e-02
6.767677e-01 9.898990e-01 8.030535e-02 -6.163955e-03 8.646930e-02
6.868687e-01 9.898990e-01 7.949826e-02 -6.162256e-03 8.566052e-02
6.969697e-01 9.898990e-01 7.869929e-02 -6.161124e-03 8.486042e-02
7.070707e-01 9.898990e-01 7.790835e-02 -6.161183e-03 8.406954e-02
7.171717e-01 9.898990e-01 7.712536e-02 -6.159633e-03 8.328499e-02
7.272727e-01 9.898990e-01 7.635024e-02 -6.158650e-03 8.250889e-02
7.373737e-01 9.898990e-01 7.558290e-02 -6.157517e-03 8.174042e-02
7.474747e-01 9.898990e-01 7.482328e-02 -6.156474e-03 8.097976e-02
7.575758e-01 9.898990e-01 7.407130e-02 -6.155461e-03 8.022676e-02
7.676768e-01 9.898990e-01 7.332687e-02 -6.154895e-03 7.948176e-02
7.777778e-01 9.898990e-01 7.258992e-02 -6.154329e-03 7.874425e-02
7.878788e-01 9.898990e-01 7.186038e-02 -6.152928e-03 7.801331e-02
7.979798e-01 9.898990e-01 7.113817e-02 -6.152183e-03 7.729035e-02
8.080808e-01 9.898990e-01 7.042322e-02 -6.150991e-03 7.657421e-02
8.181818e-01 9.898990e-01 6.971546e-02 -6.149977e-03 7.586543e-02
8.282828e-01 9.898990e-01 6.901480e-02 -6.149262e-03 7.516407e-02
8.383838e-01 9.898990e-01 6.832119e-02 -6.148279e-03 7.446947e-02
8.484848e-01 9.898990e-01 6.763455e-02 -6.147295e-03 7.378185e-02
8.585859e-01 9.898990e-01 6.695482e-02 -6.146222e-03 7.310104e-02
8.686869e-01 9.898990e-01 6.628191e-02 -6.145716e-03 7.242763e-02
8.787879e-01 9.898990e-01 6.561577e-02 -6.144494e-03 7.176026e-02
8.888889e-01 9.898990e-01 6.495632e-02 -6.143302e-03 7.109962e-02
8.989899e-01 9.898990e-01 6.430349e-02 -6.142527e-03 7.044602e-02
9.090909e-01 9.898990e-01 6.365723e-02 -6.141394e-03 6.979863e-02
9.191919e-01 9.898990e-01 6.301747e-02 -6.140351e-03 6.915782e-02
9.292929e-01 9.898990e-01 6.238413e-02 -6.139427e-03 6.852356e-02
9.393939e-01 9.898990e-01 6.175716e-02 -6.138533e-03 6.789569e-02
9.494949e-01 9.898990e-01 6.113649e-02 -6.137729e-03 6.727422e-02
9.595960e-01 9.898990e-01 6.052206e-02 -6.136745e-03 6.665880e-02
9.696970e-01 9.898990e-01 5.991380e-02 -6.135553e-03 6.604936e-02
9.797980e-01 9.898990e-01 5.931166e-02 -6.134629e-03 6.544629e-02
9.898990e-01 9.898990e-01 5.871557e-02 -6.133646e-03 6.484921e-02
1.000000e+00 9.898990e-01 5.812547e-02 -6.132364e-03 6.425783e-02
0.000000e+00 1.000000e+00 -1.607083e-13 -6.241739e-03 6.241739e-03
1.010101e-02 1.000000e+00 -1.590932e-13 -6.240875e-03 6.240875e-03
2.020202e-02 1.000000e+00 -1.574943e-13 -6.239563e-03 6.239563e-03
3.030303e-02 1.000000e+00 -1.559114e-13 -6.238341e-03 6.238341e-03
4.040404e-02 1.000000e+00 -1.543445e-13 -6.236762e-03 6.236762e-03
5.050505e-02 1.000000e+00 -1.527933e-13 -6.235510e-03 6.235510e-03
6.060606e-02 1.000000e+00 -1.512577e-13 -6.234229e-03 6.234229e-03
7.070707e-02 1.000000e+00 -1.497375e-13 -6.232947e-03 6.232947e-03
8.080808e-02 1.000000e+00 -1.482326e-13 -6.231993e-03 6.231993e-03
9.090909e-02 1.000000e+00 -1.467429e-13 -6.231189e-03 6.231189e-03
1.010101e-01 1.000000e+00 -1.452681e-13 -6.229341e-03 6.229341e-03
1.111111e-01 1.000000e+00 -1.438081e-13 -6.228358e-03 6.228358e-03
1.212121e-01 1.000000e+00 -1.423628e-13 -6.227076e-03 6.227076e-03
1.313131e-01 1.000000e+00 -1.409321e-13 -6.226510e-03 6.226510e-03
1.414141e-01 1.000000e+00 -1.395157e-13 -6.224811e-03 6.224811e-03
1.515152e-01 1.000000e+00 -1.381135e-13 -6.223708e-03 6.223708e-03
1.616162e-01 1.000000e+00 -1.367255e-13 -6.222844e-03 6.222844e-03
1.717172e-01 1.000000e+00 -1.353513e-13 -6.221950e-03 6.221950e-03
1.818182e-01 1.000000e+00 -1.339910e-13 -6.220073e-03 6.220073e-03
1.919192e-01 1.000000e+00 -1.326444e-13 -6.219417e-03 6.219417e-03
2.020202e-01 1.000000e+00 -1.313113e-13 -6.217986e-03 6.217986e-03
2.121212e-01 1.000000e+00 -1.299916e-13 -6.216854e-03 6.216854e-03
2.222222e-01 1.000000e+00 -1.286852e-13 -6.215364e-03 6.215364e-03
2.323232e-01 1.000000e+00 -1.273919e-13 -6.214410e-03 6.214410e-03
2.424242e-01 1.000000e+00 -1.261115e-13 -6.213278e-03 6.213278e-03
2.525253e-01 1.000000e+00 -1.248441e-13 -6.211698e-03 6.211698e-03
2.626263e-01 1.000000e+00 -1.235894e-13 -6.211102e-03 6.211102e-03
2.727273e-01 1.000000e+00 -1.223473e-13 -6.210506e-03 6.210506e-03
2.828283e-01 1.000000e+00 -1.211177e-13 -6.209284e-03 6.209284e-03
2.929293e-01 1.000000e+00 -1.199004e-13 -6.208509e-03 6.208509e-03
3.030303e-01 1.000000e+00 -1.186954e-13 -6.206900e-03 6.206900e-03
3.131313e-01 1.000000e+00 -1.175025e-13 -6.205827e-03 6.205827e-03
3.232323e-01 1.000000e+00 -1.163216e-13 -6.204933e-03 6.204933e-03
3.333333e-01 1.000000e+00 -1.151525e-13 -6.204098e-03 6.204098e-03
3.434343e-01 1.000000e+00 -1.139952e-13 -6.202906e-03 6.202906e-03
3.535354e-01 1.000000e+00 -1.128496e-13 -6.201953e-03 6.201953e-03
3.636364e-01 1.000000e+00 -1.117154e-13 -6.200165e-03 6.200165e-03
3.737374e-01 1.000000e+00 -1.105927e-13 -6.199360e-03 6.199360e-03
3.838384e-01 1.000000e+00 -1.094812e-13 -6.198019e-03 6.198019e-03
3.939394e-01 1.000000e+00 -1.083809e-13 -6.197214e-03 6.197214e-03
4.040404e-01 1.000000e+00 -1.072916e-13 -6.195992e-03 6.195992e-03
4.141414e-01 1.000000e+00 -1.062133e-13 -6.195307e-03 6.195307e-03
4.242424e-01 1.000000e+00 -1.051459e-13 -6.193936e-03 6.193936e-03
4.343434e-01 1.000000e+00 -1.040891e-13 -6.192654e-03 6.192654e-03
4.444444e-01 1.000000e+00 -1.030430e-13 -6.191641e-03 6.191641e-03
4.545455e-01 1.000000e+00 -1.020074e-13 -6.190658e-03 6.190658e-03
4.646465e-01 1.000000e+00 -1.009822e-13 -6.190270e-03 6.190270e-03
4.747475e-01 1.000000e+00 -9.996735e-14 -6.189018e-03 6.189018e-03
4.848485e-01 1.000000e+00 -9.896266e-14 -6.188393e-03 6.188393e-03
4.949495e-01 1.000000e+00 -9.796807e-14 -6.187230e-03 6.187230e-03
5.050505e-01 1.000000e+00 -9.698347e-14 -6.186575e-03 6.186575e-03
5.151515e-01 1.000000e+00 -9.600877e-14 -6.185383e-03 6.185383e-03
5.252525e-01 1.000000e+00 -9.504387e-14 -6.184101e-03 6.184101e-03
5.353535e-01 1.000000e+00 -9.408866e-14 -6.183237e-03 6.183237e-03
5.454545e-01 1.000000e+00 -9.314305e-14 -6.182700e-03 6.182700e-03
5.555556e-01 1.000000e+00 -9.220695e-14 -6.181449e-03 6.181449e-03
5.656566e-01 1.000000e+00 -9.128025e-14 -6.180137e-03 6.180137e-03
5.757576e-01 1.000000e+00 -9.036287e-14 -6.178916e-03 6.178916e-03
5.858586e-01 1.000000e+00 -8.945471e-14 -6.178707e-03 6.178707e-03
5.959596e-01 1.000000e+00 -8.855568e-14 -6.177574e-03 6.177574e-03
6.060606e-01 1.000000e+00 -8.766568e-14 -6.176382e-03 6.176382e-03
6.161616e-01 1.000000e+00 -8.678462e-14 -6.175518e-03 6.175518e-03
6.262626e-01 1.000000e+00 -8.591242e-14 -6.174296e-03 6.174296e-03
6.363636e-01 1.000000e+00 -8.504899e-14 -6.173968e-03 6.173968e-03
6.464646e-01 1.000000e+00 -8.419423e-14 -6.172806e-03 6.172806e-03
6.565657e-01 1.000000e+00 -8.334807e-14 -6.171376e-03 6.171376e-03
6.666667e-01 1.000000e+00 -8.251040e-14 -6.170958e-03 6.170958e-03
6.767677e-01 1.000000e+00 -8.168116e-14 -6.170005e-03 6.170005e-03
6.868687e-01 1.000000e+00 -8.086025e-14 -6.168455e-03 6.168455e-03
6.969697e-01 1.000000e+00 -8.004759e-14 -6.167799e-03 6.167799e-03
7.070707e-01 1.000000e+00 -7.924310e-14 -6.166905e-03 6.166905e-03
7.171717e-01 1.000000e+00 -7.844669e-14 -6.165713e-03 6.165713e-03
7.272727e-01 1.000000e+00 -7.765829e-14 -6.164342e-03 6.164342e-03
7.373737e-01 1.000000e+00 -7.687781e-14 -6.163627e-03 6.163627e-03
7.474747e-01 1.000000e+00 -7.610518e-14 -6.162882e-03 6.162882e-03
7.575758e-01 1.000000e+00 -7.534031e-14 -6.161898e-03 6.161898e-03
7.676768e-01 1.000000e+00 -7.458313e-14 -6.160766e-03 6.160766e-03
7.777778e-01 1.000000e+00 -7.383355e-14 -6.160140e-03 6.160140e-03
7.878788e-01 1.000000e+00 -7.309151e-14 -6.158739e-03 6.158739e-03
7.979798e-01 1.000000e+00 -7.235693e-14 -6.157935e-03 6.157935e-03
8.080808e-01 1.000000e+00 -7.162973e-14 -6.156772e-03 6.156772e-03
8.181818e-01 1.000000e+00 -7.090984e-14 -6.156176e-03 6.156176e-03
8.282828e-01 1.000000e+00 -7.019719e-14 -6.154984e-03 6.154984e-03
8.383838e-01 1.000000e+00 -6.949169e-14 -6.154329e-03 6.154329e-03
8.484848e-01 1.000000e+00 -6.879329e-14 -6.153256e-03 6.153256e-03
8.585859e-01 1.000000e+00 -6.810191e-14 -6.152302e-03 6.152302e-03
8.686869e-01 1.000000e+00 -6.741747e-14 -6.151199e-03 6.151199e-03
8.787879e-01 1.000000e+00 -6.673991e-14 -6.150365e-03 6.150365e-03
8.888889e-01 1.000000e+00 -6.606917e-14 -6.149322e-03 6.149322e-03
8.989899e-01 1.000000e+00 -6.540516e-14 -6.148428e-03 6.148428e-03
9.090909e-01 1.000000e+00 -6.474783e-14 -6.147116e-03 6.147116e-03
9.191919e-01 1.000000e+00 -6.409710e-14 -6.145984e-03 6.145984e-03
9.292929e-01 1.000000e+00 -6.345291e-14 -6.144941e-03 6.144941e-03
9.393939e-01 1.000000e+00 -6.281520e-14 -6.144166e-03 6.144166e-03
9.494949e-01 1.000000e+00 -6.218390e-14 -6.143093e-03 6.143093e-03
9.595960e-01 1.000000e+00 -6.155894e-14 -6.142199e-03 6.142199e-03
9.696970e-01 1.000000e+00 -6.094026e-14 -6.141335e-03 6.141335e-03
9.797980e-01 1.000000e+00 -6.032780e-14 -6.140500e-03 6.140500e-03
9.898990e-01 1.000000e+00 -5.972150e-14 -6.139189e-03 6.139189e-03
1.000000e+00 1.000000e+00 -5.912129e-14 -6.138504e-03 6.138504e-03
