# t  x  u_exact  u_pred  abs_error
0.000000e+00 0.000000e+00 0.000000e+00 1.134872e-04 1.134872e-04
1.010101e-02 0.000000e+00 0.000000e+00 1.153946e-04 1.153946e-04
2.020202e-02 0.000000e+00 0.000000e+00 2.980232e-05 2.980232e-05
3.030303e-02 0.000000e+00 0.000000e+00 -3.433228e-05 3.433228e-05
4.040404e-02 0.000000e+00 0.000000e+00 -2.121925e-05 2.121925e-05
5.050505e-02 0.000000e+00 0.000000e+00 1.907349e-05 1.907349e-05
6.060606e-02 0.000000e+00 0.000000e+00 -6.306171e-05 6.306171e-05
7.070707e-02 0.000000e+00 0.000000e+00 -1.835823e-05 1.835823e-05
8.080808e-02 0.000000e+00 0.000000e+00 -7.790327e-05 7.790327e-05
9.090909e-02 0.000000e+00 0.000000e+00 5.698204e-05 5.698204e-05
1.010101e-01 0.000000e+00 0.000000e+00 -2.610683e-05 2.610683e-05
1.111111e-01 0.000000e+00 0.000000e+00 -9.566545e-05 9.566545e-05
1.212121e-01 0.000000e+00 0.000000e+00 -6.425381e-05 6.425381e-05
1.313131e-01 0.000000e+00 0.000000e+00 -4.100800e-05 4.100800e-05
1.414141e-01 0.000000e+00 0.000000e+00 -6.711483e-05 6.711483e-05
1.515152e-01 0.000000e+00 0.000000e+00 -4.959106e-05 4.959106e-05
1.616162e-01 0.000000e+00 0.000000e+00 -9.536743e-07 9.536743e-07
1.717172e-01 0.000000e+00 0.000000e+00 -5.841255e-06 5.841255e-06
1.818182e-01 0.000000e+00 0.000000e+00 -7.104874e-05 7.104874e-05
1.919192e-01 0.000000e+00 0.000000e+00 -2.825260e-05 2.825260e-05
2.020202e-01 0.000000e+00 0.000000e+00 4.035234e-05 4.035234e-05
2.121212e-01 0.000000e+00 0.000000e+00 1.788139e-06 1.788139e-06
2.222222e-01 0.000000e+00 0.000000e+00 1.927614e-04 1.927614e-04
2.323232e-01 0.000000e+00 0.000000e+00 5.626678e-05 5.626678e-05
2.424242e-01 0.000000e+00 0.000000e+00 4.279613e-05 4.279613e-05
2.525253e-01 0.000000e+00 0.000000e+00 1.134872e-04 1.134872e-04
2.626263e-01 0.000000e+00 0.000000e+00 1.250505e-04 1.250505e-04
2.727273e-01 0.000000e+00 0.000000e+00 1.919270e-05 1.919270e-05
2.828283e-01 0.000000e+00 0.000000e+00 1.530051e-04 1.530051e-04
2.929293e-01 0.000000e+00 0.000000e+00 1.201630e-04 1.201630e-04
3.030303e-01 0.000000e+00 0.000000e+00 1.291037e-04 1.291037e-04
3.131313e-01 0.000000e+00 0.000000e+00 1.735687e-04 1.735687e-04
3.232323e-01 0.000000e+00 0.000000e+00 6.568432e-05 6.568432e-05
3.333333e-01 0.000000e+00 0.000000e+00 1.629591e-04 1.629591e-04
3.434343e-01 0.000000e+00 0.000000e+00 1.524687e-04 1.524687e-04
3.535354e-01 0.000000e+00 0.000000e+00 4.422665e-05 4.422665e-05
3.636364e-01 0.000000e+00 0.000000e+00 1.739264e-04 1.739264e-04
3.737374e-01 0.000000e+00 0.000000e+00 1.227856e-04 1.227856e-04
3.838384e-01 0.000000e+00 0.000000e+00 4.720688e-05 4.720688e-05
3.939394e-01 0.000000e+00 0.000000e+00 -4.202127e-05 4.202127e-05
4.040404e-01 0.000000e+00 0.000000e+00 -5.245209e-06 5.245209e-06
4.141414e-01 0.000000e+00 0.000000e+00 5.853176e-05 5.853176e-05
4.242424e-01 0.000000e+00 0.000000e+00 -8.988380e-05 8.988380e-05
4.343434e-01 0.000000e+00 0.000000e+00 1.881123e-04 1.881123e-04
4.444444e-01 0.000000e+00 0.000000e+00 -7.343292e-05 7.343292e-05
4.545455e-01 0.000000e+00 0.000000e+00 -8.046627e-05 8.046627e-05
4.646465e-01 0.000000e+00 0.000000e+00 1.553893e-04 1.553893e-04
4.747475e-01 0.000000e+00 0.000000e+00 -1.645088e-05 1.645088e-05
4.848485e-01 0.000000e+00 0.000000e+00 1.043677e-04 1.043677e-04
4.949495e-01 0.000000e+00 0.000000e+00 -1.537800e-05 1.537800e-05
5.050505e-01 0.000000e+00 0.000000e+00 1.373291e-04 1.373291e-04
5.151515e-01 0.000000e+00 0.000000e+00 1.564026e-04 1.564026e-04
5.252525e-01 0.000000e+00 0.000000e+00 1.025200e-04 1.025200e-04
5.353535e-01 0.000000e+00 0.000000e+00 1.488924e-04 1.488924e-04
5.454545e-01 0.000000e+00 0.000000e+00 1.858473e-04 1.858473e-04
5.555556e-01 0.000000e+00 0.000000e+00 2.652407e-04 2.652407e-04
5.656566e-01 0.000000e+00 0.000000e+00 6.008148e-05 6.008148e-05
5.757576e-01 0.000000e+00 0.000000e+00 2.027750e-04 2.027750e-04
5.858586e-01 0.000000e+00 0.000000e+00 1.552105e-04 1.552105e-04
5.959596e-01 0.000000e+00 0.000000e+00 1.859665e-04 1.859665e-04
6.060606e-01 0.000000e+00 0.000000e+00 6.788969e-05 6.788969e-05
6.161616e-01 0.000000e+00 0.000000e+00 2.878308e-04 2.878308e-04
6.262626e-01 0.000000e+00 0.000000e+00 2.325773e-04 2.325773e-04
6.363636e-01 0.000000e+00 0.000000e+00 2.166033e-04 2.166033e-04
6.464646e-01 0.000000e+00 0.000000e+00 7.975101e-05 7.975101e-05
6.565657e-01 0.000000e+00 0.000000e+00 7.629395e-05 7.629395e-05
6.666667e-01 0.000000e+00 0.000000e+00 1.430511e-05 1.430511e-05
6.767677e-01 0.000000e+00 0.000000e+00 -3.671646e-05 3.671646e-05
6.868687e-01 0.000000e+00 0.000000e+00 9.196997e-05 9.196997e-05
6.969697e-01 0.000000e+00 0.000000e+00 -6.031990e-05 6.031990e-05
7.070707e-01 0.000000e+00 0.000000e+00 -9.018183e-05 9.018183e-05
7.171717e-01 0.000000e+00 0.000000e+00 1.267791e-04 1.267791e-04
7.272727e-01 0.000000e+00 0.000000e+00 1.094341e-04 1.094341e-04
7.373737e-01 0.000000e+00 0.000000e+00 -2.362728e-04 2.362728e-04
7.474747e-01 0.000000e+00 0.000000e+00 -1.060963e-05 1.060963e-05
7.575758e-01 0.000000e+00 0.000000e+00 2.682209e-05 2.682209e-05
7.676768e-01 0.000000e+00 0.000000e+00 -6.973743e-05 6.973743e-05
7.777778e-01 0.000000e+00 0.000000e+00 -3.374815e-04 3.374815e-04
7.878788e-01 0.000000e+00 0.000000e+00 -1.466274e-04 1.466274e-04
7.979798e-01 0.000000e+00 0.000000e+00 -2.154112e-04 2.154112e-04
8.080808e-01 0.000000e+00 0.000000e+00 1.585484e-05 1.585484e-05
8.181818e-01 0.000000e+00 0.000000e+00 -1.201630e-04 1.201630e-04
8.282828e-01 0.000000e+00 0.000000e+00 -2.002716e-04 2.002716e-04
8.383838e-01 0.000000e+00 0.000000e+00 -5.114079e-05 5.114079e-05
8.484848e-01 0.000000e+00 0.000000e+00 -1.261234e-04 1.261234e-04
8.585859e-01 0.000000e+00 0.000000e+00 -1.202822e-04 1.202822e-04
8.686869e-01 0.000000e+00 0.000000e+00 -1.131296e-04 1.131296e-04
8.787879e-01 0.000000e+00 0.000000e+00 -5.114079e-05 5.114079e-05
8.888889e-01 0.000000e+00 0.000000e+00 -1.867414e-04 1.867414e-04
8.989899e-01 0.000000e+00 0.000000e+00 -1.298189e-04 1.298189e-04
9.090909e-01 0.000000e+00 0.000000e+00 -8.857250e-05 8.857250e-05
9.191919e-01 0.000000e+00 0.000000e+00 2.509356e-05 2.509356e-05
9.292929e-01 0.000000e+00 0.000000e+00 -7.265806e-05 7.265806e-05
9.393939e-01 0.000000e+00 0.000000e+00 -2.717972e-05 2.717972e-05
9.494949e-01 0.000000e+00 0.000000e+00 2.917647e-04 2.917647e-04
9.595960e-01 0.000000e+00 0.000000e+00 1.050234e-04 1.050234e-04
9.696970e-01 0.000000e+00 0.000000e+00 5.030632e-05 5.030632e-05
9.797980e-01 0.000000e+00 0.000000e+00 1.022220e-04 1.022220e-04
9.898990e-01 0.000000e+00 0.000000e+00 1.233220e-04 1.233220e-04
1.000000e+00 0.000000e+00 0.000000e+00 -1.339316e-04 1.339316e-04
0.000000e+00 1.010101e-02 -1.580014e-01 -1.575666e-01 4.347890e-04
1.010101e-02 1.010101e-02 -1.564135e-01 -1.560531e-01 3.603894e-04
2.020202e-02 1.010101e-02 -1.548415e-01 -1.544880e-01 3.535070e-04
3.030303e-02 1.010101e-02 -1.532853e-01 -1.529045e-01 3.807814e-04
4.040404e-02 1.010101e-02 -1.517447e-01 -1.513516e-01 3.931185e-04
5.050505e-02 1.010101e-02 -1.502197e-01 -1.498367e-01 3.829702e-04
6.060606e-02 1.010101e-02 -1.487100e-01 -1.483710e-01 3.389156e-04
7.070707e-02 1.010101e-02 -1.472154e-01 -1.468313e-01 3.841226e-04
8.080808e-02 1.010101e-02 -1.457359e-01 -1.453409e-01 3.949975e-04
9.090909e-02 1.010101e-02 -1.442712e-01 -1.437767e-01 4.944730e-04
1.010101e-01 1.010101e-02 -1.428212e-01 -1.423298e-01 4.914264e-04
1.111111e-01 1.010101e-02 -1.413859e-01 -1.409992e-01 3.866633e-04
1.212121e-01 1.010101e-02 -1.399649e-01 -1.394508e-01 5.141213e-04
1.313131e-01 1.010101e-02 -1.385582e-01 -1.380147e-01 5.435054e-04
1.414141e-01 1.010101e-02 -1.371657e-01 -1.366868e-01 4.789040e-04
1.515152e-01 1.010101e-02 -1.357872e-01 -1.351984e-01 5.887534e-04
1.616162e-01 1.010101e-02 -1.344225e-01 -1.338967e-01 5.257756e-04
1.717172e-01 1.010101e-02 -1.330715e-01 -1.324867e-01 5.848148e-04
1.818182e-01 1.010101e-02 -1.317341e-01 -1.311784e-01 5.557459e-04
1.919192e-01 1.010101e-02 -1.304102e-01 -1.297976e-01 6.125376e-04
2.020202e-01 1.010101e-02 -1.290995e-01 -1.285187e-01 5.808306e-04
2.121212e-01 1.010101e-02 -1.278021e-01 -1.271628e-01 6.392453e-04
2.222222e-01 1.010101e-02 -1.265176e-01 -1.258320e-01 6.856658e-04
2.323232e-01 1.010101e-02 -1.252461e-01 -1.247155e-01 5.305973e-04
2.424242e-01 1.010101e-02 -1.239874e-01 -1.234244e-01 5.629493e-04
2.525253e-01 1.010101e-02 -1.227413e-01 -1.222079e-01 5.333865e-04
2.626263e-01 1.010101e-02 -1.215077e-01 -1.209190e-01 5.886476e-04
2.727273e-01 1.010101e-02 -1.202865e-01 -1.196460e-01 6.405111e-04
2.828283e-01 1.010101e-02 -1.190776e-01 -1.184372e-01 6.404533e-04
2.929293e-01 1.010101e-02 -1.178809e-01 -1.171681e-01 7.128055e-04
3.030303e-01 1.010101e-02 -1.166962e-01 -1.159592e-01 7.369845e-04
3.131313e-01 1.010101e-02 -1.155233e-01 -1.147311e-01 7.922629e-04
3.232323e-01 1.010101e-02 -1.143623e-01 -1.135585e-01 8.038363e-04
3.333333e-01 1.010101e-02 -1.132129e-01 -1.124952e-01 7.177634e-04
3.434343e-01 1.010101e-02 -1.120751e-01 -1.112030e-01 8.721235e-04
3.535354e-01 1.010101e-02 -1.109488e-01 -1.101096e-01 8.391970e-04
3.636364e-01 1.010101e-02 -1.098337e-01 -1.088912e-01 9.424624e-04
3.737374e-01 1.010101e-02 -1.087299e-01 -1.078365e-01 8.933791e-04
3.838384e-01 1.010101e-02 -1.076371e-01 -1.066976e-01 9.395515e-04
3.939394e-01 1.010101e-02 -1.065553e-01 -1.056352e-01 9.201738e-04
4.040404e-01 1.010101e-02 -1.054844e-01 -1.047242e-01 7.602723e-04
4.141414e-01 1.010101e-02 -1.044243e-01 -1.035903e-01 8.340549e-04
4.242424e-01 1.010101e-02 -1.033748e-01 -1.026361e-01 7.387244e-04
4.343434e-01 1.010101e-02 -1.023359e-01 -1.015559e-01 7.800053e-04
4.444444e-01 1.010101e-02 -1.013074e-01 -1.004889e-01 8.184953e-04
4.545455e-01 1.010101e-02 -1.002892e-01 -9.970164e-02 5.875973e-04
4.646465e-01 1.010101e-02 -9.928132e-02 -9.847474e-02 8.065757e-04
4.747475e-01 1.010101e-02 -9.828352e-02 -9.756786e-02 7.156667e-04
4.848485e-01 1.010101e-02 -9.729576e-02 -9.671277e-02 5.829892e-04
4.949495e-01 1.010101e-02 -9.631792e-02 -9.581268e-02 5.052404e-04
5.050505e-01 1.010101e-02 -9.534991e-02 -9.478140e-02 5.685088e-04
5.151515e-01 1.010101e-02 -9.439163e-02 -9.371954e-02 6.720832e-04
5.252525e-01 1.010101e-02 -9.344297e-02 -9.290206e-02 5.409094e-04
5.353535e-01 1.010101e-02 -9.250386e-02 -9.191847e-02 5.853878e-04
5.454545e-01 1.010101e-02 -9.157418e-02 -9.108150e-02 4.926771e-04
5.555556e-01 1.010101e-02 -9.065384e-02 -9.010828e-02 5.455660e-04
5.656566e-01 1.010101e-02 -8.974276e-02 -8.924139e-02 5.013698e-04
5.757576e-01 1.010101e-02 -8.884083e-02 -8.821952e-02 6.213022e-04
5.858586e-01 1.010101e-02 -8.794796e-02 -8.746105e-02 4.869062e-04
5.959596e-01 1.010101e-02 -8.706407e-02 -8.658230e-02 4.817659e-04
6.060606e-01 1.010101e-02 -8.618906e-02 -8.561343e-02 5.756310e-04
6.161616e-01 1.010101e-02 -8.532285e-02 -8.483434e-02 4.885090e-04
6.262626e-01 1.010101e-02 -8.446534e-02 -8.374000e-02 7.253415e-04
6.363636e-01 1.010101e-02 -8.361645e-02 -8.294070e-02 6.757491e-04
6.464646e-01 1.010101e-02 -8.277609e-02 -8.224690e-02 5.291879e-04
6.565657e-01 1.010101e-02 -8.194417e-02 -8.131194e-02 6.322329e-04
6.666667e-01 1.010101e-02 -8.112062e-02 -8.060658e-02 5.140417e-04
6.767677e-01 1.010101e-02 -8.030535e-02 -7.970262e-02 6.027301e-04
6.868687e-01 1.010101e-02 -7.949826e-02 -7.888049e-02 6.177748e-04
6.969697e-01 1.010101e-02 -7.869929e-02 -7.818419e-02 5.151055e-04
7.070707e-01 1.010101e-02 -7.790835e-02 -7.727301e-02 6.353408e-04
7.171717e-01 1.010101e-02 -7.712536e-02 -7.642758e-02 6.977812e-04
7.272727e-01 1.010101e-02 -7.635024e-02 -7.577223e-02 5.780115e-04
7.373737e-01 1.010101e-02 -7.558290e-02 -7.498813e-02 5.947781e-04
7.474747e-01 1.010101e-02 -7.482328e-02 -7.416618e-02 6.571054e-04
7.575758e-01 1.010101e-02 -7.407130e-02 -7.352847e-02 5.428290e-04
7.676768e-01 1.010101e-02 -7.332687e-02 -7.271600e-02 6.108711e-04
7.777778e-01 1.010101e-02 -7.258992e-02 -7.202554e-02 5.643841e-04
7.878788e-01 1.010101e-02 -7.186038e-02 -7.126373e-02 5.966502e-04
7.979798e-01 1.010101e-02 -7.113817e-02 -7.041705e-02 7.211254e-04
8.080808e-01 1.010101e-02 -7.042322e-02 -6.971216e-02 7.110595e-04
8.181818e-01 1.010101e-02 -6.971546e-02 -6.908274e-02 6.327195e-04
8.282828e-01 1.010101e-02 -6.901480e-02 -6.829989e-02 7.149150e-04
8.383838e-01 1.010101e-02 -6.832119e-02 -6.763673e-02 6.844660e-04
8.484848e-01 1.010101e-02 -6.763455e-02 -6.696606e-02 6.684981e-04
8.585859e-01 1.010101e-02 -6.695482e-02 -6.630594e-02 6.488810e-04
8.686869e-01 1.010101e-02 -6.628191e-02 -6.574452e-02 5.373901e-04
8.787879e-01 1.010101e-02 -6.561577e-02 -6.487155e-02 7.442155e-04
8.888889e-01 1.010101e-02 -6.495632e-02 -6.429219e-02 6.641233e-04
8.989899e-01 1.010101e-02 -6.430349e-02 -6.379259e-02 5.109077e-04
9.090909e-01 1.010101e-02 -6.365723e-02 -6.298721e-02 6.700249e-04
9.191919e-01 1.010101e-02 -6.301747e-02 -6.249487e-02 5.225934e-04
9.292929e-01 1.010101e-02 -6.238413e-02 -6.173080e-02 6.533294e-04
9.393939e-01 1.010101e-02 -6.175716e-02 -6.120908e-02 5.480779e-04
9.494949e-01 1.010101e-02 -6.113649e-02 -6.061238e-02 5.241103e-04
9.595960e-01 1.010101e-02 -6.052206e-02 -6.000882e-02 5.132350e-04
9.696970e-01 1.010101e-02 -5.991380e-02 -5.937338e-02 5.404234e-04
9.797980e-01 1.010101e-02 -5.931166e-02 -5.861175e-02 6.999079e-04
9.898990e-01 1.010101e-02 -5.871557e-02 -5.807042e-02 6.451452e-04
1.000000e+00 1.010101e-02 -5.812547e-02 -5.756032e-02 5.651406e-04
0.000000e+00 2.020202e-02 3.120334e-01 3.117304e-01 3.030907e-04
1.010101e-02 2.020202e-02 3.088975e-01 3.086695e-01 2.279502e-04
2.020202e-02 2.020202e-02 3.057930e-01 3.055272e-01 2.657767e-04
3.030303e-02 2.020202e-02 3.027197e-01 3.024330e-01 2.867622e-04
4.040404e-02 2.020202e-02 2.996773e-01 2.993490e-01 3.283529e-04
5.050505e-02 2.020202e-02 2.966655e-01 2.963572e-01 3.082818e-04
6.060606e-02 2.020202e-02 2.936840e-01 2.933913e-01 2.927009e-04
7.070707e-02 2.020202e-02 2.907324e-01 2.905072e-01 2.252477e-04
8.080808e-02 2.020202e-02 2.878105e-01 2.876080e-01 2.025383e-04
9.090909e-02 2.020202e-02 2.849180e-01 2.848068e-01 1.111450e-04
1.010101e-01 2.020202e-02 2.820545e-01 2.818886e-01 1.658559e-04
1.111111e-01 2.020202e-02 2.792198e-01 2.790757e-01 1.440536e-04
1.212121e-01 2.020202e-02 2.764136e-01 2.762735e-01 1.401308e-04
1.313131e-01 2.020202e-02 2.736356e-01 2.735150e-01 1.205418e-04
1.414141e-01 2.020202e-02 2.708855e-01 2.707671e-01 1.184116e-04
1.515152e-01 2.020202e-02 2.681631e-01 2.679657e-01 1.973856e-04
1.616162e-01 2.020202e-02 2.654680e-01 2.652771e-01 1.908294e-04
1.717172e-01 2.020202e-02 2.628000e-01 2.626103e-01 1.896631e-04
1.818182e-01 2.020202e-02 2.601588e-01 2.599276e-01 2.312251e-04
1.919192e-01 2.020202e-02 2.575442e-01 2.572702e-01 2.739994e-04
2.020202e-01 2.020202e-02 2.549558e-01 2.547150e-01 2.407995e-04
2.121212e-01 2.020202e-02 2.523934e-01 2.521223e-01 2.711342e-04
2.222222e-01 2.020202e-02 2.498569e-01 2.496658e-01 1.910244e-04
2.323232e-01 2.020202e-02 2.473457e-01 2.470437e-01 3.020490e-04
2.424242e-01 2.020202e-02 2.448599e-01 2.444648e-01 3.950675e-04
2.525253e-01 2.020202e-02 2.423990e-01 2.420841e-01 3.149137e-04
2.626263e-01 2.020202e-02 2.399628e-01 2.395204e-01 4.424486e-04
2.727273e-01 2.020202e-02 2.375512e-01 2.371680e-01 3.832284e-04
2.828283e-01 2.020202e-02 2.351638e-01 2.348738e-01 2.899525e-04
2.929293e-01 2.020202e-02 2.328003e-01 2.324407e-01 3.596687e-04
3.030303e-01 2.020202e-02 2.304606e-01 2.301159e-01 3.447468e-04
3.131313e-01 2.020202e-02 2.281445e-01 2.279179e-01 2.265897e-04
3.232323e-01 2.020202e-02 2.258516e-01 2.256211e-01 2.304755e-04
3.333333e-01 2.020202e-02 2.235817e-01 2.232744e-01 3.073240e-04
3.434343e-01 2.020202e-02 2.213347e-01 2.211673e-01 1.674338e-04
3.535354e-01 2.020202e-02 2.191102e-01 2.189887e-01 1.215629e-04
3.636364e-01 2.020202e-02 2.169082e-01 2.167993e-01 1.088960e-04
3.737374e-01 2.020202e-02 2.147282e-01 2.146144e-01 1.137711e-04
3.838384e-01 2.020202e-02 2.125701e-01 2.124850e-01 8.512280e-05
3.939394e-01 2.020202e-02 2.104338e-01 2.103038e-01 1.299299e-04
4.040404e-01 2.020202e-02 2.083189e-01 2.083004e-01 1.852647e-05
4.141414e-01 2.020202e-02 2.062252e-01 2.061402e-01 8.501904e-05
4.242424e-01 2.020202e-02 2.041526e-01 2.040548e-01 9.780881e-05
4.343434e-01 2.020202e-02 2.021009e-01 2.021457e-01 4.482240e-05
4.444444e-01 2.020202e-02 2.000697e-01 1.999833e-01 8.642714e-05
4.545455e-01 2.020202e-02 1.980590e-01 1.979384e-01 1.205497e-04
4.646465e-01 2.020202e-02 1.960685e-01 1.961178e-01 4.935224e-05
4.747475e-01 2.020202e-02 1.940979e-01 1.940538e-01 4.411673e-05
4.848485e-01 2.020202e-02 1.921472e-01 1.922450e-01 9.777774e-05
4.949495e-01 2.020202e-02 1.902161e-01 1.900713e-01 1.447729e-04
5.050505e-01 2.020202e-02 1.883044e-01 1.882834e-01 2.097018e-05
5.151515e-01 2.020202e-02 1.864119e-01 1.865103e-01 9.834190e-05
5.252525e-01 2.020202e-02 1.845385e-01 1.845009e-01 3.751947e-05
5.353535e-01 2.020202e-02 1.826838e-01 1.826242e-01 5.964880e-05
5.454545e-01 2.020202e-02 1.808478e-01 1.808234e-01 2.442167e-05
5.555556e-01 2.020202e-02 1.790303e-01 1.791271e-01 9.684028e-05
5.656566e-01 2.020202e-02 1.772310e-01 1.771050e-01 1.259635e-04
5.757576e-01 2.020202e-02 1.754498e-01 1.754434e-01 6.361398e-06
5.858586e-01 2.020202e-02 1.736865e-01 1.736002e-01 8.627606e-05
5.959596e-01 2.020202e-02 1.719409e-01 1.718912e-01 4.968251e-05
6.060606e-01 2.020202e-02 1.702129e-01 1.701379e-01 7.497816e-05
6.161616e-01 2.020202e-02 1.685022e-01 1.685085e-01 6.277208e-06
6.262626e-01 2.020202e-02 1.668087e-01 1.668414e-01 3.272955e-05
6.363636e-01 2.020202e-02 1.651323e-01 1.650857e-01 4.658913e-05
6.464646e-01 2.020202e-02 1.634727e-01 1.632785e-01 1.941357e-04
6.565657e-01 2.020202e-02 1.618297e-01 1.617123e-01 1.173799e-04
6.666667e-01 2.020202e-02 1.602033e-01 1.599202e-01 2.830971e-04
6.767677e-01 2.020202e-02 1.585932e-01 1.583401e-01 2.531463e-04
6.868687e-01 2.020202e-02 1.569994e-01 1.569510e-01 4.834413e-05
6.969697e-01 2.020202e-02 1.554215e-01 1.551645e-01 2.570045e-04
7.070707e-01 2.020202e-02 1.538595e-01 1.536965e-01 1.629956e-04
7.171717e-01 2.020202e-02 1.523132e-01 1.522282e-01 8.498311e-05
7.272727e-01 2.020202e-02 1.507824e-01 1.506826e-01 9.981858e-05
7.373737e-01 2.020202e-02 1.492670e-01 1.490384e-01 2.285650e-04
7.474747e-01 2.020202e-02 1.477668e-01 1.475940e-01 1.728063e-04
7.575758e-01 2.020202e-02 1.462818e-01 1.460803e-01 2.014445e-04
7.676768e-01 2.020202e-02 1.448116e-01 1.446940e-01 1.176329e-04
7.777778e-01 2.020202e-02 1.433562e-01 1.429484e-01 4.077743e-04
7.878788e-01 2.020202e-02 1.419155e-01 1.417350e-01 1.805114e-04
7.979798e-01 2.020202e-02 1.404892e-01 1.403261e-01 1.630527e-04
8.080808e-01 2.020202e-02 1.390773e-01 1.389636e-01 1.136751e-04
8.181818e-01 2.020202e-02 1.376795e-01 1.375362e-01 1.433376e-04
8.282828e-01 2.020202e-02 1.362958e-01 1.362674e-01 2.843975e-05
8.383838e-01 2.020202e-02 1.349260e-01 1.349029e-01 2.311379e-05
8.484848e-01 2.020202e-02 1.335700e-01 1.334957e-01 7.423143e-05
8.585859e-01 2.020202e-02 1.322276e-01 1.321199e-01 1.076850e-04
8.686869e-01 2.020202e-02 1.308987e-01 1.309421e-01 4.343642e-05
8.787879e-01 2.020202e-02 1.295831e-01 1.296013e-01 1.818333e-05
8.888889e-01 2.020202e-02 1.282808e-01 1.282587e-01 2.207944e-05
8.989899e-01 2.020202e-02 1.269915e-01 1.270594e-01 6.785872e-05
9.090909e-01 2.020202e-02 1.257153e-01 1.258644e-01 1.491313e-04
9.191919e-01 2.020202e-02 1.244518e-01 1.246483e-01 1.964769e-04
9.292929e-01 2.020202e-02 1.232010e-01 1.233519e-01 1.508372e-04
9.393939e-01 2.020202e-02 1.219628e-01 1.220677e-01 1.049056e-04
9.494949e-01 2.020202e-02 1.207371e-01 1.209913e-01 2.542521e-04
9.595960e-01 2.020202e-02 1.195237e-01 1.196944e-01 1.707426e-04
9.696970e-01 2.020202e-02 1.183224e-01 1.183559e-01 3.349341e-05
9.797980e-01 2.020202e-02 1.171333e-01 1.173415e-01 2.082421e-04
9.898990e-01 2.020202e-02 1.159561e-01 1.160020e-01 4.589623e-05
1.000000e+00 2.020202e-02 1.147907e-01 1.148428e-01 5.208285e-05
0.000000e+00 3.030303e-02 -4.582265e-01 -4.587061e-01 4.796188e-04
1.010101e-02 3.030303e-02 -4.536213e-01 -4.541159e-01 4.945986e-04
2.020202e-02 3.030303e-02 -4.490623e-01 -4.495527e-01 4.903554e-04
3.030303e-02 3.030303e-02 -4.445491e-01 -4.451371e-01 5.879940e-04
4.040404e-02 3.030303e-02 -4.400814e-01 -4.406224e-01 5.410927e-04
5.050505e-02 3.030303e-02 -4.356585e-01 -4.361389e-01 4.804029e-04
6.060606e-02 3.030303e-02 -4.312800e-01 -4.318439e-01 5.638514e-04
7.070707e-02 3.030303e-02 -4.269456e-01 -4.274359e-01 4.902854e-04
8.080808e-02 3.030303e-02 -4.226547e-01 -4.232452e-01 5.904762e-04
9.090909e-02 3.030303e-02 -4.184070e-01 -4.188998e-01 4.928093e-04
1.010101e-01 3.030303e-02 -4.142019e-01 -4.148315e-01 6.296135e-04
1.111111e-01 3.030303e-02 -4.100391e-01 -4.106487e-01 6.095959e-04
1.212121e-01 3.030303e-02 -4.059181e-01 -4.064319e-01 5.137669e-04
1.313131e-01 3.030303e-02 -4.018386e-01 -4.023943e-01 5.556931e-04
1.414141e-01 3.030303e-02 -3.978001e-01 -3.984079e-01 6.078792e-04
1.515152e-01 3.030303e-02 -3.938021e-01 -3.943487e-01 5.466404e-04
1.616162e-01 3.030303e-02 -3.898443e-01 -3.904403e-01 5.960212e-04
1.717172e-01 3.030303e-02 -3.859263e-01 -3.862636e-01 3.372856e-04
1.818182e-01 3.030303e-02 -3.820477e-01 -3.825923e-01 5.446208e-04
1.919192e-01 3.030303e-02 -3.782081e-01 -3.787385e-01 5.304658e-04
2.020202e-01 3.030303e-02 -3.744070e-01 -3.747621e-01 3.550554e-04
2.121212e-01 3.030303e-02 -3.706442e-01 -3.710833e-01 4.391093e-04
2.222222e-01 3.030303e-02 -3.669191e-01 -3.671161e-01 1.969787e-04
2.323232e-01 3.030303e-02 -3.632315e-01 -3.636010e-01 3.694525e-04
2.424242e-01 3.030303e-02 -3.595810e-01 -3.599931e-01 4.121204e-04
2.525253e-01 3.030303e-02 -3.559671e-01 -3.562939e-01 3.267856e-04
2.626263e-01 3.030303e-02 -3.523896e-01 -3.526272e-01 2.375559e-04
2.727273e-01 3.030303e-02 -3.488480e-01 -3.491405e-01 2.924967e-04
2.828283e-01 3.030303e-02 -3.453420e-01 -3.455250e-01 1.829788e-04
2.929293e-01 3.030303e-02 -3.418713e-01 -3.420795e-01 2.082177e-04
3.030303e-01 3.030303e-02 -3.384354e-01 -3.387120e-01 2.765379e-04
3.131313e-01 3.030303e-02 -3.350341e-01 -3.351496e-01 1.155391e-04
3.232323e-01 3.030303e-02 -3.316670e-01 -3.319150e-01 2.480627e-04
3.333333e-01 3.030303e-02 -3.283337e-01 -3.285855e-01 2.518553e-04
3.434343e-01 3.030303e-02 -3.250338e-01 -3.251561e-01 1.222503e-04
3.535354e-01 3.030303e-02 -3.217672e-01 -3.220004e-01 2.331861e-04
3.636364e-01 3.030303e-02 -3.185334e-01 -3.186983e-01 1.649026e-04
3.737374e-01 3.030303e-02 -3.153321e-01 -3.155508e-01 2.187332e-04
3.838384e-01 3.030303e-02 -3.121629e-01 -3.125234e-01 3.604338e-04
3.939394e-01 3.030303e-02 -3.090256e-01 -3.093578e-01 3.321205e-04
4.040404e-01 3.030303e-02 -3.059199e-01 -3.061922e-01 2.722769e-04
4.141414e-01 3.030303e-02 -3.028453e-01 -3.028811e-01 3.578452e-05
4.242424e-01 3.030303e-02 -2.998017e-01 -3.001601e-01 3.583593e-04
4.343434e-01 3.030303e-02 -2.967886e-01 -2.967820e-01 6.617547e-06
4.444444e-01 3.030303e-02 -2.938059e-01 -2.940706e-01 2.647423e-04
4.545455e-01 3.030303e-02 -2.908531e-01 -2.910562e-01 2.030947e-04
4.646465e-01 3.030303e-02 -2.879299e-01 -2.880381e-01 1.081351e-04
4.747475e-01 3.030303e-02 -2.850362e-01 -2.851828e-01 1.466376e-04
4.848485e-01 3.030303e-02 -2.821715e-01 -2.822033e-01 3.172215e-05
4.949495e-01 3.030303e-02 -2.793357e-01 -2.794941e-01 1.584427e-04
5.050505e-01 3.030303e-02 -2.765283e-01 -2.766352e-01 1.069353e-04
5.151515e-01 3.030303e-02 -2.737491e-01 -2.737865e-01 3.740588e-05
5.252525e-01 3.030303e-02 -2.709979e-01 -2.711194e-01 1.215012e-04
5.353535e-01 3.030303e-02 -2.682743e-01 -2.683738e-01 9.944693e-05
5.454545e-01 3.030303e-02 -2.655781e-01 -2.655528e-01 2.537959e-05
5.555556e-01 3.030303e-02 -2.629090e-01 -2.627459e-01 1.631771e-04
5.656566e-01 3.030303e-02 -2.602668e-01 -2.601984e-01 6.834049e-05
5.757576e-01 3.030303e-02 -2.576510e-01 -2.577272e-01 7.617509e-05
5.858586e-01 3.030303e-02 -2.550616e-01 -2.549868e-01 7.483197e-05
5.959596e-01 3.030303e-02 -2.524982e-01 -2.523960e-01 1.021960e-04
6.060606e-01 3.030303e-02 -2.499605e-01 -2.498541e-01 1.064470e-04
6.161616e-01 3.030303e-02 -2.474484e-01 -2.470824e-01 3.660373e-04
6.262626e-01 3.030303e-02 -2.449615e-01 -2.447611e-01 2.003831e-04
6.363636e-01 3.030303e-02 -2.424996e-01 -2.424118e-01 8.779645e-05
6.464646e-01 3.030303e-02 -2.400624e-01 -2.398896e-01 1.728058e-04
6.565657e-01 3.030303e-02 -2.376498e-01 -2.374648e-01 1.849151e-04
6.666667e-01 3.030303e-02 -2.352613e-01 -2.353296e-01 6.828734e-05
6.767677e-01 3.030303e-02 -2.328969e-01 -2.328601e-01 3.683672e-05
6.868687e-01 3.030303e-02 -2.305563e-01 -2.304434e-01 1.129138e-04
6.969697e-01 3.030303e-02 -2.282391e-01 -2.280295e-01 2.095943e-04
7.070707e-01 3.030303e-02 -2.259453e-01 -2.258810e-01 6.426196e-05
7.171717e-01 3.030303e-02 -2.236745e-01 -2.232758e-01 3.986739e-04
7.272727e-01 3.030303e-02 -2.214265e-01 -2.212288e-01 1.977698e-04
7.373737e-01 3.030303e-02 -2.192012e-01 -2.191952e-01 5.927851e-06
7.474747e-01 3.030303e-02 -2.169982e-01 -2.167187e-01 2.794926e-04
7.575758e-01 3.030303e-02 -2.148173e-01 -2.146741e-01 1.431835e-04
7.676768e-01 3.030303e-02 -2.126583e-01 -2.124763e-01 1.820956e-04
7.777778e-01 3.030303e-02 -2.105211e-01 -2.106999e-01 1.787589e-04
7.878788e-01 3.030303e-02 -2.084053e-01 -2.083229e-01 8.244266e-05
7.979798e-01 3.030303e-02 -2.063108e-01 -2.064114e-01 1.005445e-04
8.080808e-01 3.030303e-02 -2.042374e-01 -2.038878e-01 3.495389e-04
8.181818e-01 3.030303e-02 -2.021847e-01 -2.020134e-01 1.713664e-04
8.282828e-01 3.030303e-02 -2.001527e-01 -2.001014e-01 5.137391e-05
8.383838e-01 3.030303e-02 -1.981412e-01 -1.979779e-01 1.632806e-04
8.484848e-01 3.030303e-02 -1.961498e-01 -1.959693e-01 1.804861e-04
8.585859e-01 3.030303e-02 -1.941785e-01 -1.939656e-01 2.128770e-04
8.686869e-01 3.030303e-02 -1.922270e-01 -1.921349e-01 9.210760e-05
8.787879e-01 3.030303e-02 -1.902951e-01 -1.901363e-01 1.587384e-04
8.888889e-01 3.030303e-02 -1.883826e-01 -1.881622e-01 2.203473e-04
8.989899e-01 3.030303e-02 -1.864893e-01 -1.864296e-01 5.965914e-05
9.090909e-01 3.030303e-02 -1.846150e-01 -1.843556e-01 2.594141e-04
9.191919e-01 3.030303e-02 -1.827596e-01 -1.826216e-01 1.380207e-04
9.292929e-01 3.030303e-02 -1.809229e-01 -1.807717e-01 1.511459e-04
9.393939e-01 3.030303e-02 -1.791045e-01 -1.789088e-01 1.957247e-04
9.494949e-01 3.030303e-02 -1.773045e-01 -1.768053e-01 4.992017e-04
9.595960e-01 3.030303e-02 -1.755226e-01 -1.752720e-01 2.505913e-04
9.696970e-01 3.030303e-02 -1.737585e-01 -1.733423e-01 4.162010e-04
9.797980e-01 3.030303e-02 -1.720122e-01 -1.716854e-01 3.268482e-04
9.898990e-01 3.030303e-02 -1.702835e-01 -1.699551e-01 3.283598e-04
1.000000e+00 3.030303e-02 -1.685721e-01 -1.685233e-01 4.886473e-05
0.000000e+00 4.040404e-02 5.929079e-01 5.918500e-01 1.057887e-03
1.010101e-02 4.040404e-02 5.869491e-01 5.858475e-01 1.101609e-03
2.020202e-02 4.040404e-02 5.810502e-01 5.801202e-01 9.299638e-04
3.030303e-02 4.040404e-02 5.752105e-01 5.741699e-01 1.040645e-03
4.040404e-02 4.040404e-02 5.694296e-01 5.685067e-01 9.228399e-04
5.050505e-02 4.040404e-02 5.637067e-01 5.629227e-01 7.840393e-04
6.060606e-02 4.040404e-02 5.580413e-01 5.573257e-01 7.156887e-04
7.070707e-02 4.040404e-02 5.524329e-01 5.517873e-01 6.456247e-04
8.080808e-02 4.040404e-02 5.468809e-01 5.462949e-01 5.859711e-04
9.090909e-02 4.040404e-02 5.413847e-01 5.408633e-01 5.213196e-04
1.010101e-01 4.040404e-02 5.359436e-01 5.354079e-01 5.357481e-04
1.111111e-01 4.040404e-02 5.305573e-01 5.299997e-01 5.575932e-04
1.212121e-01 4.040404e-02 5.252251e-01 5.248308e-01 3.943187e-04
1.313131e-01 4.040404e-02 5.199465e-01 5.195496e-01 3.969287e-04
1.414141e-01 4.040404e-02 5.147210e-01 5.143967e-01 3.243203e-04
1.515152e-01 4.040404e-02 5.095480e-01 5.091371e-01 4.108623e-04
1.616162e-01 4.040404e-02 5.044269e-01 5.039707e-01 4.562320e-04
1.717172e-01 4.040404e-02 4.993573e-01 4.992983e-01 5.900616e-05
1.818182e-01 4.040404e-02 4.943387e-01 4.940430e-01 2.957234e-04
1.919192e-01 4.040404e-02 4.893705e-01 4.890791e-01 2.914418e-04
2.020202e-01 4.040404e-02 4.844523e-01 4.843644e-01 8.788418e-05
2.121212e-01 4.040404e-02 4.795834e-01 4.794330e-01 1.504784e-04
2.222222e-01 4.040404e-02 4.747636e-01 4.748882e-01 1.246502e-04
2.323232e-01 4.040404e-02 4.699921e-01 4.699788e-01 1.329327e-05
2.424242e-01 4.040404e-02 4.652686e-01 4.651789e-01 8.972675e-05
2.525253e-01 4.040404e-02 4.605926e-01 4.604362e-01 1.563521e-04
2.626263e-01 4.040404e-02 4.559635e-01 4.560060e-01 4.244542e-05
2.727273e-01 4.040404e-02 4.513810e-01 4.514502e-01 6.919303e-05
2.828283e-01 4.040404e-02 4.468446e-01 4.469869e-01 1.423623e-04
2.929293e-01 4.040404e-02 4.423537e-01 4.423872e-01 3.344474e-05
3.030303e-01 4.040404e-02 4.379080e-01 4.379008e-01 7.208859e-06
3.131313e-01 4.040404e-02 4.335069e-01 4.335644e-01 5.748212e-05
3.232323e-01 4.040404e-02 4.291501e-01 4.291743e-01 2.417845e-05
3.333333e-01 4.040404e-02 4.248371e-01 4.247601e-01 7.696243e-05
3.434343e-01 4.040404e-02 4.205674e-01 4.206895e-01 1.220516e-04
3.535354e-01 4.040404e-02 4.163406e-01 4.164513e-01 1.106357e-04
3.636364e-01 4.040404e-02 4.121563e-01 4.123385e-01 1.821781e-04
3.737374e-01 4.040404e-02 4.080141e-01 4.080864e-01 7.225232e-05
3.838384e-01 4.040404e-02 4.039135e-01 4.039047e-01 8.761535e-06
3.939394e-01 4.040404e-02 3.998541e-01 3.998478e-01 6.294283e-06
4.040404e-01 4.040404e-02 3.958355e-01 3.958461e-01 1.059905e-05
4.141414e-01 4.040404e-02 3.918573e-01 3.920769e-01 2.195927e-04
4.242424e-01 4.040404e-02 3.879191e-01 3.879623e-01 4.328515e-05
4.343434e-01 4.040404e-02 3.840204e-01 3.843540e-01 3.335902e-04
4.444444e-01 4.040404e-02 3.801609e-01 3.803155e-01 1.545166e-04
4.545455e-01 4.040404e-02 3.763403e-01 3.764645e-01 1.242901e-04
4.646465e-01 4.040404e-02 3.725580e-01 3.728673e-01 3.093723e-04
4.747475e-01 4.040404e-02 3.688137e-01 3.691483e-01 3.346398e-04
4.848485e-01 4.040404e-02 3.651071e-01 3.655344e-01 4.273003e-04
4.949495e-01 4.040404e-02 3.614377e-01 3.617529e-01 3.151895e-04
5.050505e-01 4.040404e-02 3.578052e-01 3.580438e-01 2.386800e-04
5.151515e-01 4.040404e-02 3.542092e-01 3.545660e-01 3.568100e-04
5.252525e-01 4.040404e-02 3.506493e-01 3.508981e-01 2.487800e-04
5.353535e-01 4.040404e-02 3.471252e-01 3.474210e-01 2.957375e-04
5.454545e-01 4.040404e-02 3.436366e-01 3.441151e-01 4.785214e-04
5.555556e-01 4.040404e-02 3.401830e-01 3.407362e-01 5.531983e-04
5.656566e-01 4.040404e-02 3.367641e-01 3.372856e-01 5.215210e-04
5.757576e-01 4.040404e-02 3.333795e-01 3.338015e-01 4.220153e-04
5.858586e-01 4.040404e-02 3.300290e-01 3.303924e-01 3.633578e-04
5.959596e-01 4.040404e-02 3.267122e-01 3.272131e-01 5.009222e-04
6.060606e-01 4.040404e-02 3.234286e-01 3.239610e-01 5.323745e-04
6.161616e-01 4.040404e-02 3.201781e-01 3.208639e-01 6.857692e-04
6.262626e-01 4.040404e-02 3.169603e-01 3.175321e-01 5.718322e-04
6.363636e-01 4.040404e-02 3.137748e-01 3.142170e-01 4.421851e-04
6.464646e-01 4.040404e-02 3.106213e-01 3.112631e-01 6.417570e-04
6.565657e-01 4.040404e-02 3.074995e-01 3.081086e-01 6.090961e-04
6.666667e-01 4.040404e-02 3.044091e-01 3.046874e-01 2.783596e-04
6.767677e-01 4.040404e-02 3.013497e-01 3.019261e-01 5.764171e-04
6.868687e-01 4.040404e-02 2.983211e-01 2.988442e-01 5.230843e-04
6.969697e-01 4.040404e-02 2.953229e-01 2.959253e-01 6.023321e-04
7.070707e-01 4.040404e-02 2.923549e-01 2.928869e-01 5.319703e-04
7.171717e-01 4.040404e-02 2.894167e-01 2.901680e-01 7.513494e-04
7.272727e-01 4.040404e-02 2.865080e-01 2.871047e-01 5.966841e-04
7.373737e-01 4.040404e-02 2.836285e-01 2.843284e-01 6.998718e-04
7.474747e-01 4.040404e-02 2.807780e-01 2.814964e-01 7.183902e-04
7.575758e-01 4.040404e-02 2.779561e-01 2.784622e-01 5.060814e-04
7.676768e-01 4.040404e-02 2.751626e-01 2.758419e-01 6.792476e-04
7.777778e-01 4.040404e-02 2.723972e-01 2.726381e-01 2.408388e-04
7.878788e-01 4.040404e-02 2.696596e-01 2.702391e-01 5.794786e-04
7.979798e-01 4.040404e-02 2.669495e-01 2.673622e-01 4.127839e-04
8.080808e-01 4.040404e-02 2.642666e-01 2.649778e-01 7.111865e-04
8.181818e-01 4.040404e-02 2.616106e-01 2.622609e-01 6.502105e-04
8.282828e-01 4.040404e-02 2.589814e-01 2.596294e-01 6.479555e-04
8.383838e-01 4.040404e-02 2.563786e-01 2.568301e-01 4.514892e-04
8.484848e-01 4.040404e-02 2.538020e-01 2.544006e-01 5.986217e-04
8.585859e-01 4.040404e-02 2.512512e-01 2.517643e-01 5.131198e-04
8.686869e-01 4.040404e-02 2.487261e-01 2.490987e-01 3.725675e-04
8.787879e-01 4.040404e-02 2.462264e-01 2.467326e-01 5.062400e-04
8.888889e-01 4.040404e-02 2.437517e-01 2.441773e-01 4.256047e-04
8.989899e-01 4.040404e-02 2.413020e-01 2.416468e-01 3.448052e-04
9.090909e-01 4.040404e-02 2.388769e-01 2.393218e-01 4.449617e-04
9.191919e-01 4.040404e-02 2.364761e-01 2.368517e-01 3.755484e-04
9.292929e-01 4.040404e-02 2.340995e-01 2.345012e-01 4.017529e-04
9.393939e-01 4.040404e-02 2.317468e-01 2.322029e-01 4.561366e-04
9.494949e-01 4.040404e-02 2.294177e-01 2.300972e-01 6.795171e-04
9.595960e-01 4.040404e-02 2.271120e-01 2.276431e-01 5.311007e-04
9.696970e-01 4.040404e-02 2.248295e-01 2.255352e-01 7.057551e-04
9.797980e-01 4.040404e-02 2.225699e-01 2.231089e-01 5.390618e-04
9.898990e-01 4.040404e-02 2.203330e-01 2.208633e-01 5.302914e-04
1.000000e+00 4.040404e-02 2.181186e-01 2.182956e-01 1.769366e-04
0.000000e+00 5.050505e-02 -7.126942e-01 -7.126588e-01 3.540845e-05
1.010101e-02 5.050505e-02 -7.055315e-01 -7.054862e-01 4.529808e-05
2.020202e-02 5.050505e-02 -6.984408e-01 -6.984185e-01 2.226982e-05
3.030303e-02 5.050505e-02 -6.914213e-01 -6.915017e-01 8.041460e-05
4.040404e-02 5.050505e-02 -6.844724e-01 -6.844863e-01 1.384714e-05
5.050505e-02 5.050505e-02 -6.775934e-01 -6.775939e-01 5.852739e-07
6.060606e-02 5.050505e-02 -6.707834e-01 -6.709373e-01 1.538645e-04
7.070707e-02 5.050505e-02 -6.640420e-01 -6.641202e-01 7.824706e-05
8.080808e-02 5.050505e-02 -6.573682e-01 -6.575127e-01 1.444465e-04
9.090909e-02 5.050505e-02 -6.507616e-01 -6.507869e-01 2.531830e-05
1.010101e-01 5.050505e-02 -6.442213e-01 -6.443503e-01 1.289938e-04
1.111111e-01 5.050505e-02 -6.377468e-01 -6.379768e-01 2.300002e-04
1.212121e-01 5.050505e-02 -6.313373e-01 -6.314437e-01 1.064345e-04
1.313131e-01 5.050505e-02 -6.249923e-01 -6.250936e-01 1.013197e-04
1.414141e-01 5.050505e-02 -6.187110e-01 -6.188821e-01 1.710766e-04
1.515152e-01 5.050505e-02 -6.124928e-01 -6.125900e-01 9.712012e-05
1.616162e-01 5.050505e-02 -6.063372e-01 -6.063876e-01 5.043480e-05
1.717172e-01 5.050505e-02 -6.002434e-01 -6.002350e-01 8.405591e-06
1.818182e-01 5.050505e-02 -5.942108e-01 -5.943420e-01 1.311482e-04
1.919192e-01 5.050505e-02 -5.882389e-01 -5.883166e-01 7.763248e-05
2.020202e-01 5.050505e-02 -5.823270e-01 -5.823486e-01 2.155682e-05
2.121212e-01 5.050505e-02 -5.764745e-01 -5.765529e-01 7.832302e-05
2.222222e-01 5.050505e-02 -5.706809e-01 -5.705651e-01 1.157754e-04
2.323232e-01 5.050505e-02 -5.649454e-01 -5.650067e-01 6.129079e-05
2.424242e-01 5.050505e-02 -5.592676e-01 -5.594573e-01 1.896555e-04
2.525253e-01 5.050505e-02 -5.536469e-01 -5.537238e-01 7.689837e-05
2.626263e-01 5.050505e-02 -5.480827e-01 -5.481294e-01 4.676914e-05
2.727273e-01 5.050505e-02 -5.425743e-01 -5.426850e-01 1.106836e-04
2.828283e-01 5.050505e-02 -5.371214e-01 -5.371741e-01 5.271977e-05
2.929293e-01 5.050505e-02 -5.317232e-01 -5.317734e-01 5.022133e-05
3.030303e-01 5.050505e-02 -5.263793e-01 -5.264752e-01 9.587128e-05
3.131313e-01 5.050505e-02 -5.210891e-01 -5.210620e-01 2.710369e-05
3.232323e-01 5.050505e-02 -5.158521e-01 -5.159160e-01 6.390198e-05
3.333333e-01 5.050505e-02 -5.106677e-01 -5.107149e-01 4.719992e-05
3.434343e-01 5.050505e-02 -5.055354e-01 -5.055075e-01 2.792432e-05
3.535354e-01 5.050505e-02 -5.004547e-01 -5.005883e-01 1.336191e-04
3.636364e-01 5.050505e-02 -4.954250e-01 -4.953696e-01 5.547247e-05
3.737374e-01 5.050505e-02 -4.904459e-01 -4.904660e-01 2.007648e-05
3.838384e-01 5.050505e-02 -4.855169e-01 -4.855852e-01 6.835358e-05
3.939394e-01 5.050505e-02 -4.806373e-01 -4.807462e-01 1.088160e-04
4.040404e-01 5.050505e-02 -4.758068e-01 -4.759301e-01 1.232458e-04
4.141414e-01 5.050505e-02 -4.710249e-01 -4.710348e-01 9.854294e-06
4.242424e-01 5.050505e-02 -4.662910e-01 -4.665354e-01 2.444167e-04
4.343434e-01 5.050505e-02 -4.616047e-01 -4.615959e-01 8.837000e-06
4.444444e-01 5.050505e-02 -4.569655e-01 -4.571289e-01 1.633568e-04
4.545455e-01 5.050505e-02 -4.523729e-01 -4.527050e-01 3.320795e-04
4.646465e-01 5.050505e-02 -4.478265e-01 -4.479189e-01 9.236907e-05
4.747475e-01 5.050505e-02 -4.433258e-01 -4.435574e-01 2.315898e-04
4.848485e-01 5.050505e-02 -4.388703e-01 -4.391323e-01 2.620389e-04
4.949495e-01 5.050505e-02 -4.344596e-01 -4.348494e-01 3.898069e-04
5.050505e-01 5.050505e-02 -4.300932e-01 -4.304476e-01 3.543949e-04
5.151515e-01 5.050505e-02 -4.257707e-01 -4.260844e-01 3.137236e-04
5.252525e-01 5.050505e-02 -4.214916e-01 -4.219244e-01 4.327431e-04
5.353535e-01 5.050505e-02 -4.172555e-01 -4.176697e-01 4.141051e-04
5.454545e-01 5.050505e-02 -4.130621e-01 -4.134976e-01 4.355060e-04
5.555556e-01 5.050505e-02 -4.089107e-01 -4.092244e-01 3.136722e-04
5.656566e-01 5.050505e-02 -4.048011e-01 -4.053264e-01 5.252684e-04
5.757576e-01 5.050505e-02 -4.007328e-01 -4.012141e-01 4.813430e-04
5.858586e-01 5.050505e-02 -3.967053e-01 -3.972013e-01 4.959510e-04
5.959596e-01 5.050505e-02 -3.927184e-01 -3.932309e-01 5.125211e-04
6.060606e-01 5.050505e-02 -3.887715e-01 -3.892860e-01 5.145324e-04
6.161616e-01 5.050505e-02 -3.848643e-01 -3.852262e-01 3.619591e-04
6.262626e-01 5.050505e-02 -3.809963e-01 -3.813599e-01 3.635943e-04
6.363636e-01 5.050505e-02 -3.771673e-01 -3.776306e-01 4.633275e-04
6.464646e-01 5.050505e-02 -3.733767e-01 -3.738970e-01 5.202862e-04
6.565657e-01 5.050505e-02 -3.696242e-01 -3.700622e-01 4.380594e-04
6.666667e-01 5.050505e-02 -3.659094e-01 -3.665259e-01 6.165002e-04
6.767677e-01 5.050505e-02 -3.622319e-01 -3.627863e-01 5.543550e-04
6.868687e-01 5.050505e-02 -3.585914e-01 -3.590605e-01 4.690790e-04
6.969697e-01 5.050505e-02 -3.549875e-01 -3.554724e-01 4.849023e-04
7.070707e-01 5.050505e-02 -3.514199e-01 -3.518847e-01 4.648633e-04
7.171717e-01 5.050505e-02 -3.478880e-01 -3.481780e-01 2.899977e-04
7.272727e-01 5.050505e-02 -3.443917e-01 -3.447818e-01 3.900576e-04
7.373737e-01 5.050505e-02 -3.409305e-01 -3.415141e-01 5.836056e-04
7.474747e-01 5.050505e-02 -3.375041e-01 -3.378431e-01 3.389637e-04
7.575758e-01 5.050505e-02 -3.341121e-01 -3.345424e-01 4.302692e-04
7.676768e-01 5.050505e-02 -3.307542e-01 -3.312234e-01 4.691266e-04
7.777778e-01 5.050505e-02 -3.274301e-01 -3.281114e-01 6.813032e-04
7.878788e-01 5.050505e-02 -3.241394e-01 -3.245437e-01 4.043346e-04
7.979798e-01 5.050505e-02 -3.208817e-01 -3.213670e-01 4.853001e-04
8.080808e-01 5.050505e-02 -3.176568e-01 -3.177944e-01 1.376315e-04
8.181818e-01 5.050505e-02 -3.144643e-01 -3.148707e-01 4.064083e-04
8.282828e-01 5.050505e-02 -3.113039e-01 -3.117083e-01 4.044428e-04
8.383838e-01 5.050505e-02 -3.081752e-01 -3.085171e-01 3.418659e-04
8.484848e-01 5.050505e-02 -3.050780e-01 -3.053222e-01 2.441501e-04
8.585859e-01 5.050505e-02 -3.020119e-01 -3.023320e-01 3.201083e-04
8.686869e-01 5.050505e-02 -2.989767e-01 -2.992709e-01 2.942031e-04
8.787879e-01 5.050505e-02 -2.959719e-01 -2.962052e-01 2.332630e-04
8.888889e-01 5.050505e-02 -2.929973e-01 -2.933038e-01 3.065141e-04
8.989899e-01 5.050505e-02 -2.900527e-01 -2.903705e-01 3.178030e-04
9.090909e-01 5.050505e-02 -2.871376e-01 -2.873664e-01 2.288660e-04
9.191919e-01 5.050505e-02 -2.842518e-01 -2.846183e-01 3.664551e-04
9.292929e-01 5.050505e-02 -2.813950e-01 -2.817211e-01 3.260300e-04
9.393939e-01 5.050505e-02 -2.785670e-01 -2.789116e-01 3.446318e-04
9.494949e-01 5.050505e-02 -2.757673e-01 -2.758031e-01 3.583424e-05
9.595960e-01 5.050505e-02 -2.729958e-01 -2.732131e-01 2.173410e-04
9.696970e-01 5.050505e-02 -2.702522e-01 -2.705066e-01 2.544665e-04
9.797980e-01 5.050505e-02 -2.675361e-01 -2.676463e-01 1.102379e-04
9.898990e-01 5.050505e-02 -2.648473e-01 -2.649213e-01 7.401475e-05
1.000000e+00 5.050505e-02 -2.621855e-01 -2.624823e-01 2.967520e-04
0.000000e+00 6.060606e-02 8.145760e-01 8.150187e-01 4.427614e-04
1.010101e-02 6.060606e-02 8.063893e-01 8.067771e-01 3.877913e-04
2.020202e-02 6.060606e-02 7.982850e-01 7.987444e-01 4.594586e-04
3.030303e-02 6.060606e-02 7.902621e-01 7.906622e-01 4.000847e-04
4.040404e-02 6.060606e-02 7.823198e-01 7.827112e-01 3.913884e-04
5.050505e-02 6.060606e-02 7.744574e-01 7.748941e-01 4.367431e-04
6.060606e-02 6.060606e-02 7.666739e-01 7.672346e-01 5.606140e-04
7.070707e-02 6.060606e-02 7.589687e-01 7.594205e-01 4.517053e-04
8.080808e-02 6.060606e-02 7.513410e-01 7.518113e-01 4.702788e-04
9.090909e-02 6.060606e-02 7.437899e-01 7.442033e-01 4.134438e-04
1.010101e-01 6.060606e-02 7.363147e-01 7.367804e-01 4.657318e-04
1.111111e-01 6.060606e-02 7.289146e-01 7.293316e-01 4.170242e-04
1.212121e-01 6.060606e-02 7.215889e-01 7.220626e-01 4.737121e-04
1.313131e-01 6.060606e-02 7.143368e-01 7.147636e-01 4.268539e-04
1.414141e-01 6.060606e-02 7.071576e-01 7.076975e-01 5.398671e-04
1.515152e-01 6.060606e-02 7.000505e-01 7.005216e-01 4.710556e-04
1.616162e-01 6.060606e-02 6.930149e-01 6.933922e-01 3.772490e-04
1.717172e-01 6.060606e-02 6.860500e-01 6.866575e-01 6.075545e-04
1.818182e-01 6.060606e-02 6.791551e-01 6.797656e-01 6.105647e-04
1.919192e-01 6.060606e-02 6.723295e-01 6.729583e-01 6.287992e-04
2.020202e-01 6.060606e-02 6.655724e-01 6.663410e-01 7.685740e-04
2.121212e-01 6.060606e-02 6.588833e-01 6.597460e-01 8.626720e-04
2.222222e-01 6.060606e-02 6.522614e-01 6.532316e-01 9.701289e-04
2.323232e-01 6.060606e-02 6.457061e-01 6.465896e-01 8.835403e-04
2.424242e-01 6.060606e-02 6.392166e-01 6.402352e-01 1.018543e-03
2.525253e-01 6.060606e-02 6.327924e-01 6.337172e-01 9.247699e-04
2.626263e-01 6.060606e-02 6.264327e-01 6.273778e-01 9.450676e-04
2.727273e-01 6.060606e-02 6.201370e-01 6.212033e-01 1.066316e-03
2.828283e-01 6.060606e-02 6.139045e-01 6.150262e-01 1.121668e-03
2.929293e-01 6.060606e-02 6.077347e-01 6.087546e-01 1.019970e-03
3.030303e-01 6.060606e-02 6.016268e-01 6.026077e-01 9.808963e-04
3.131313e-01 6.060606e-02 5.955804e-01 5.966753e-01 1.094896e-03
3.232323e-01 6.060606e-02 5.895947e-01 5.905868e-01 9.920823e-04
3.333333e-01 6.060606e-02 5.836692e-01 5.846025e-01 9.333603e-04
3.434343e-01 6.060606e-02 5.778032e-01 5.788484e-01 1.045219e-03
3.535354e-01 6.060606e-02 5.719962e-01 5.730988e-01 1.102654e-03
3.636364e-01 6.060606e-02 5.662475e-01 5.672500e-01 1.002426e-03
3.737374e-01 6.060606e-02 5.605566e-01 5.615348e-01 9.781169e-04
3.838384e-01 6.060606e-02 5.549230e-01 5.560183e-01 1.095335e-03
3.939394e-01 6.060606e-02 5.493459e-01 5.503714e-01 1.025518e-03
4.040404e-01 6.060606e-02 5.438249e-01 5.447714e-01 9.465603e-04
4.141414e-01 6.060606e-02 5.383593e-01 5.394778e-01 1.118483e-03
4.242424e-01 6.060606e-02 5.329487e-01 5.340340e-01 1.085213e-03
4.343434e-01 6.060606e-02 5.275925e-01 5.288543e-01 1.261733e-03
4.444444e-01 6.060606e-02 5.222901e-01 5.235246e-01 1.234457e-03
4.545455e-01 6.060606e-02 5.170410e-01 5.181988e-01 1.157765e-03
4.646465e-01 6.060606e-02 5.118447e-01 5.131490e-01 1.304349e-03
4.747475e-01 6.060606e-02 5.067006e-01 5.080554e-01 1.354838e-03
4.848485e-01 6.060606e-02 5.016081e-01 5.029716e-01 1.363523e-03
4.949495e-01 6.060606e-02 4.965669e-01 4.979132e-01 1.346331e-03
5.050505e-01 6.060606e-02 4.915763e-01 4.928313e-01 1.254989e-03
5.151515e-01 6.060606e-02 4.866359e-01 4.880539e-01 1.418070e-03
5.252525e-01 6.060606e-02 4.817451e-01 4.830639e-01 1.318830e-03
5.353535e-01 6.060606e-02 4.769035e-01 4.782572e-01 1.353751e-03
5.454545e-01 6.060606e-02 4.721105e-01 4.734358e-01 1.325291e-03
5.555556e-01 6.060606e-02 4.673657e-01 4.686564e-01 1.290682e-03
5.656566e-01 6.060606e-02 4.626686e-01 4.639644e-01 1.295767e-03
5.757576e-01 6.060606e-02 4.580187e-01 4.593225e-01 1.303773e-03
5.858586e-01 6.060606e-02 4.534156e-01 4.544851e-01 1.069544e-03
5.959596e-01 6.060606e-02 4.488587e-01 4.501556e-01 1.296943e-03
6.060606e-01 6.060606e-02 4.443476e-01 4.456628e-01 1.315228e-03
6.161616e-01 6.060606e-02 4.398818e-01 4.411290e-01 1.247168e-03
6.262626e-01 6.060606e-02 4.354609e-01 4.368403e-01 1.379410e-03
6.363636e-01 6.060606e-02 4.310845e-01 4.324462e-01 1.361720e-03
6.464646e-01 6.060606e-02 4.267520e-01 4.280921e-01 1.340101e-03
6.565657e-01 6.060606e-02 4.224631e-01 4.237751e-01 1.312014e-03
6.666667e-01 6.060606e-02 4.182172e-01 4.194741e-01 1.256827e-03
6.767677e-01 6.060606e-02 4.140141e-01 4.154686e-01 1.454547e-03
6.868687e-01 6.060606e-02 4.098532e-01 4.113267e-01 1.473531e-03
6.969697e-01 6.060606e-02 4.057341e-01 4.070872e-01 1.353124e-03
7.070707e-01 6.060606e-02 4.016564e-01 4.030305e-01 1.374127e-03
7.171717e-01 6.060606e-02 3.976197e-01 3.990734e-01 1.453748e-03
7.272727e-01 6.060606e-02 3.936235e-01 3.950880e-01 1.464427e-03
7.373737e-01 6.060606e-02 3.896675e-01 3.912300e-01 1.562468e-03
7.474747e-01 6.060606e-02 3.857513e-01 3.872099e-01 1.458567e-03
7.575758e-01 6.060606e-02 3.818745e-01 3.831623e-01 1.287800e-03
7.676768e-01 6.060606e-02 3.780366e-01 3.795182e-01 1.481653e-03
7.777778e-01 6.060606e-02 3.742372e-01 3.754197e-01 1.182478e-03
7.878788e-01 6.060606e-02 3.704761e-01 3.718410e-01 1.364932e-03
7.979798e-01 6.060606e-02 3.667527e-01 3.681411e-01 1.388320e-03
8.080808e-01 6.060606e-02 3.630668e-01 3.643679e-01 1.301063e-03
8.181818e-01 6.060606e-02 3.594179e-01 3.609143e-01 1.496362e-03
8.282828e-01 6.060606e-02 3.558057e-01 3.572956e-01 1.489915e-03
8.383838e-01 6.060606e-02 3.522298e-01 3.535621e-01 1.332305e-03
8.484848e-01 6.060606e-02 3.486898e-01 3.501012e-01 1.411390e-03
8.585859e-01 6.060606e-02 3.451855e-01 3.465874e-01 1.401967e-03
8.686869e-01 6.060606e-02 3.417163e-01 3.429669e-01 1.250663e-03
8.787879e-01 6.060606e-02 3.382820e-01 3.397809e-01 1.498951e-03
8.888889e-01 6.060606e-02 3.348822e-01 3.362463e-01 1.364067e-03
8.989899e-01 6.060606e-02 3.315166e-01 3.328900e-01 1.373410e-03
9.090909e-01 6.060606e-02 3.281848e-01 3.295777e-01 1.392887e-03
9.191919e-01 6.060606e-02 3.248865e-01 3.263730e-01 1.486525e-03
9.292929e-01 6.060606e-02 3.216213e-01 3.230655e-01 1.444256e-03
9.393939e-01 6.060606e-02 3.183889e-01 3.198123e-01 1.423352e-03
9.494949e-01 6.060606e-02 3.151891e-01 3.165323e-01 1.343230e-03
9.595960e-01 6.060606e-02 3.120214e-01 3.133509e-01 1.329505e-03
9.696970e-01 6.060606e-02 3.088855e-01 3.103106e-01 1.425118e-03
9.797980e-01 6.060606e-02 3.057812e-01 3.070837e-01 1.302503e-03
9.898990e-01 6.060606e-02 3.027080e-01 3.039503e-01 1.242268e-03
1.000000e+00 6.060606e-02 2.996657e-01 3.007991e-01 1.133356e-03
0.000000e+00 7.070707e-02 -8.959938e-01 -8.950493e-01 9.444407e-04
1.010101e-02 7.070707e-02 -8.869889e-01 -8.859943e-01 9.945728e-04
2.020202e-02 7.070707e-02 -8.780745e-01 -8.770719e-01 1.002645e-03
3.030303e-02 7.070707e-02 -8.692497e-01 -8.683355e-01 9.142220e-04
4.040404e-02 7.070707e-02 -8.605136e-01 -8.595623e-01 9.513256e-04
5.050505e-02 7.070707e-02 -8.518653e-01 -8.509017e-01 9.635757e-04
6.060606e-02 7.070707e-02 -8.433039e-01 -8.423843e-01 9.195724e-04
7.070707e-02 7.070707e-02 -8.348286e-01 -8.338468e-01 9.817588e-04
8.080808e-02 7.070707e-02 -8.264384e-01 -8.254658e-01 9.726020e-04
9.090909e-02 7.070707e-02 -8.181326e-01 -8.171319e-01 1.000680e-03
1.010101e-01 7.070707e-02 -8.099102e-01 -8.089751e-01 9.350884e-04
1.111111e-01 7.070707e-02 -8.017705e-01 -8.008298e-01 9.406887e-04
1.212121e-01 7.070707e-02 -7.937125e-01 -7.927057e-01 1.006875e-03
1.313131e-01 7.070707e-02 -7.857356e-01 -7.847264e-01 1.009206e-03
1.414141e-01 7.070707e-02 -7.778388e-01 -7.768686e-01 9.702326e-04
1.515152e-01 7.070707e-02 -7.700214e-01 -7.689586e-01 1.062836e-03
1.616162e-01 7.070707e-02 -7.622826e-01 -7.612169e-01 1.065683e-03
1.717172e-01 7.070707e-02 -7.546215e-01 -7.534751e-01 1.146425e-03
1.818182e-01 7.070707e-02 -7.470374e-01 -7.460942e-01 9.431971e-04
1.919192e-01 7.070707e-02 -7.395296e-01 -7.385501e-01 9.795067e-04
2.020202e-01 7.070707e-02 -7.320972e-01 -7.310585e-01 1.038700e-03
2.121212e-01 7.070707e-02 -7.247395e-01 -7.237757e-01 9.637357e-04
2.222222e-01 7.070707e-02 -7.174557e-01 -7.163641e-01 1.091583e-03
2.323232e-01 7.070707e-02 -7.102452e-01 -7.092946e-01 9.506210e-04
2.424242e-01 7.070707e-02 -7.031071e-01 -7.022803e-01 8.268134e-04
2.525253e-01 7.070707e-02 -6.960408e-01 -6.950802e-01 9.605921e-04
2.626263e-01 7.070707e-02 -6.890454e-01 -6.881846e-01 8.608090e-04
2.727273e-01 7.070707e-02 -6.821204e-01 -6.812589e-01 8.614900e-04
2.828283e-01 7.070707e-02 -6.752650e-01 -6.743249e-01 9.401133e-04
2.929293e-01 7.070707e-02 -6.684785e-01 -6.676552e-01 8.232285e-04
3.030303e-01 7.070707e-02 -6.617601e-01 -6.610116e-01 7.485618e-04
3.131313e-01 7.070707e-02 -6.551093e-01 -6.542438e-01 8.655121e-04
3.232323e-01 7.070707e-02 -6.485254e-01 -6.477692e-01 7.561685e-04
3.333333e-01 7.070707e-02 -6.420076e-01 -6.412324e-01 7.752220e-04
3.434343e-01 7.070707e-02 -6.355553e-01 -6.347485e-01 8.068515e-04
3.535354e-01 7.070707e-02 -6.291679e-01 -6.285633e-01 6.045889e-04
3.636364e-01 7.070707e-02 -6.228446e-01 -6.221038e-01 7.408218e-04
3.737374e-01 7.070707e-02 -6.165849e-01 -6.159707e-01 6.142092e-04
3.838384e-01 7.070707e-02 -6.103882e-01 -6.096514e-01 7.367125e-04
3.939394e-01 7.070707e-02 -6.042537e-01 -6.035714e-01 6.822414e-04
4.040404e-01 7.070707e-02 -5.981808e-01 -5.974616e-01 7.192255e-04
4.141414e-01 7.070707e-02 -5.921690e-01 -5.914533e-01 7.156763e-04
4.242424e-01 7.070707e-02 -5.862176e-01 -5.855324e-01 6.851665e-04
4.343434e-01 7.070707e-02 -5.803260e-01 -5.794557e-01 8.702758e-04
4.444444e-01 7.070707e-02 -5.744936e-01 -5.737185e-01 7.750884e-04
4.545455e-01 7.070707e-02 -5.687199e-01 -5.680534e-01 6.665149e-04
4.646465e-01 7.070707e-02 -5.630042e-01 -5.621061e-01 8.980178e-04
4.747475e-01 7.070707e-02 -5.573459e-01 -5.565056e-01 8.403042e-04
4.848485e-01 7.070707e-02 -5.517444e-01 -5.509481e-01 7.963035e-04
4.949495e-01 7.070707e-02 -5.461993e-01 -5.454021e-01 7.972730e-04
5.050505e-01 7.070707e-02 -5.407099e-01 -5.399269e-01 7.830425e-04
5.151515e-01 7.070707e-02 -5.352757e-01 -5.344359e-01 8.398361e-04
5.252525e-01 7.070707e-02 -5.298961e-01 -5.292283e-01 6.677649e-04
5.353535e-01 7.070707e-02 -5.245706e-01 -5.238134e-01 7.571839e-04
5.454545e-01 7.070707e-02 -5.192985e-01 -5.186627e-01 6.358384e-04
5.555556e-01 7.070707e-02 -5.140795e-01 -5.133510e-01 7.285294e-04
5.656566e-01 7.070707e-02 -5.089129e-01 -5.082940e-01 6.189223e-04
5.757576e-01 7.070707e-02 -5.037982e-01 -5.031637e-01 6.345539e-04
5.858586e-01 7.070707e-02 -4.987350e-01 -4.981416e-01 5.933467e-04
5.959596e-01 7.070707e-02 -4.937226e-01 -4.931797e-01 5.429446e-04
6.060606e-01 7.070707e-02 -4.887606e-01 -4.881825e-01 5.780844e-04
6.161616e-01 7.070707e-02 -4.838485e-01 -4.832925e-01 5.560431e-04
6.262626e-01 7.070707e-02 -4.789857e-01 -4.784831e-01 5.026648e-04
6.363636e-01 7.070707e-02 -4.741719e-01 -4.736394e-01 5.324902e-04
6.464646e-01 7.070707e-02 -4.694064e-01 -4.689503e-01 4.560816e-04
6.565657e-01 7.070707e-02 -4.646887e-01 -4.641842e-01 5.045764e-04
6.666667e-01 7.070707e-02 -4.600185e-01 -4.595906e-01 4.279880e-04
6.767677e-01 7.070707e-02 -4.553953e-01 -4.549426e-01 4.526954e-04
6.868687e-01 7.070707e-02 -4.508185e-01 -4.503483e-01 4.702232e-04
6.969697e-01 7.070707e-02 -4.462877e-01 -4.458014e-01 4.863032e-04
7.070707e-01 7.070707e-02 -4.418024e-01 -4.412242e-01 5.781977e-04
7.171717e-01 7.070707e-02 -4.373622e-01 -4.367574e-01 6.047821e-04
7.272727e-01 7.070707e-02 -4.329667e-01 -4.323958e-01 5.708485e-04
7.373737e-01 7.070707e-02 -4.286153e-01 -4.281323e-01 4.829818e-04
7.474747e-01 7.070707e-02 -4.243076e-01 -4.236757e-01 6.319663e-04
7.575758e-01 7.070707e-02 -4.200433e-01 -4.194611e-01 5.821294e-04
7.676768e-01 7.070707e-02 -4.158218e-01 -4.153215e-01 5.002865e-04
7.777778e-01 7.070707e-02 -4.116427e-01 -4.111787e-01 4.639700e-04
7.878788e-01 7.070707e-02 -4.075056e-01 -4.067601e-01 7.455042e-04
7.979798e-01 7.070707e-02 -4.034101e-01 -4.026474e-01 7.627257e-04
8.080808e-01 7.070707e-02 -3.993558e-01 -3.984379e-01 9.179055e-04
8.181818e-01 7.070707e-02 -3.953422e-01 -3.945631e-01 7.790924e-04
8.282828e-01 7.070707e-02 -3.913689e-01 -3.906510e-01 7.179292e-04
8.383838e-01 7.070707e-02 -3.874356e-01 -3.866931e-01 7.424741e-04
8.484848e-01 7.070707e-02 -3.835418e-01 -3.826691e-01 8.727108e-04
8.585859e-01 7.070707e-02 -3.796871e-01 -3.788893e-01 7.978208e-04
8.686869e-01 7.070707e-02 -3.758712e-01 -3.750426e-01 8.286665e-04
8.787879e-01 7.070707e-02 -3.720937e-01 -3.713418e-01 7.518314e-04
8.888889e-01 7.070707e-02 -3.683541e-01 -3.675629e-01 7.911628e-04
8.989899e-01 7.070707e-02 -3.646520e-01 -3.638728e-01 7.792669e-04
9.090909e-01 7.070707e-02 -3.609872e-01 -3.600583e-01 9.289122e-04
9.191919e-01 7.070707e-02 -3.573592e-01 -3.565415e-01 8.177238e-04
9.292929e-01 7.070707e-02 -3.537677e-01 -3.528324e-01 9.352819e-04
9.393939e-01 7.070707e-02 -3.502123e-01 -3.495039e-01 7.084193e-04
9.494949e-01 7.070707e-02 -3.466926e-01 -3.457171e-01 9.755299e-04
9.595960e-01 7.070707e-02 -3.432083e-01 -3.423496e-01 8.586356e-04
9.696970e-01 7.070707e-02 -3.397590e-01 -3.389854e-01 7.735406e-04
9.797980e-01 7.070707e-02 -3.363443e-01 -3.354933e-01 8.510233e-04
9.898990e-01 7.070707e-02 -3.329640e-01 -3.321022e-01 8.618533e-04
1.000000e+00 7.070707e-02 -3.296177e-01 -3.289994e-01 6.182888e-04
0.000000e+00 8.080808e-02 9.549022e-01 9.550065e-01 1.042984e-04
1.010101e-02 8.080808e-02 9.453053e-01 9.452468e-01 5.855910e-05
2.020202e-02 8.080808e-02 9.358048e-01 9.358053e-01 4.811188e-07
3.030303e-02 8.080808e-02 9.263998e-01 9.262559e-01 1.439040e-04
4.040404e-02 8.080808e-02 9.170894e-01 9.169744e-01 1.150073e-04
5.050505e-02 8.080808e-02 9.078725e-01 9.078589e-01 1.356415e-05
6.060606e-02 8.080808e-02 8.987482e-01 8.988285e-01 8.030341e-05
7.070707e-02 8.080808e-02 8.897156e-01 8.898344e-01 1.187698e-04
8.080808e-02 8.080808e-02 8.807738e-01 8.809501e-01 1.762491e-04
9.090909e-02 8.080808e-02 8.719219e-01 8.721256e-01 2.037050e-04
1.010101e-01 8.080808e-02 8.631590e-01 8.633620e-01 2.029943e-04
1.111111e-01 8.080808e-02 8.544841e-01 8.546323e-01 1.481891e-04
1.212121e-01 8.080808e-02 8.458964e-01 8.461145e-01 2.180942e-04
1.313131e-01 8.080808e-02 8.373950e-01 8.376009e-01 2.059831e-04
1.414141e-01 8.080808e-02 8.289790e-01 8.291880e-01 2.089845e-04
1.515152e-01 8.080808e-02 8.206476e-01 8.207486e-01 1.009992e-04
1.616162e-01 8.080808e-02 8.124000e-01 8.123675e-01 3.248402e-05
1.717172e-01 8.080808e-02 8.042352e-01 8.045070e-01 2.717891e-04
1.818182e-01 8.080808e-02 7.961525e-01 7.962071e-01 5.454007e-05
1.919192e-01 8.080808e-02 7.881511e-01 7.881757e-01 2.463709e-05
2.020202e-01 8.080808e-02 7.802300e-01 7.804611e-01 2.311167e-04
2.121212e-01 8.080808e-02 7.723886e-01 7.725409e-01 1.523525e-04
2.222222e-01 8.080808e-02 7.646259e-01 7.649410e-01 3.150362e-04
2.323232e-01 8.080808e-02 7.569413e-01 7.571375e-01 1.962140e-04
2.424242e-01 8.080808e-02 7.493339e-01 7.495281e-01 1.941731e-04
2.525253e-01 8.080808e-02 7.418030e-01 7.419112e-01 1.081666e-04
2.626263e-01 8.080808e-02 7.343478e-01 7.345888e-01 2.410391e-04
2.727273e-01 8.080808e-02 7.269674e-01 7.272646e-01 2.971970e-04
2.828283e-01 8.080808e-02 7.196613e-01 7.200380e-01 3.766948e-04
2.929293e-01 8.080808e-02 7.124286e-01 7.126914e-01 2.628400e-04
3.030303e-01 8.080808e-02 7.052686e-01 7.055316e-01 2.630366e-04
3.131313e-01 8.080808e-02 6.981805e-01 6.984773e-01 2.967739e-04
3.232323e-01 8.080808e-02 6.911637e-01 6.914052e-01 2.415129e-04
3.333333e-01 8.080808e-02 6.842174e-01 6.843556e-01 1.382620e-04
3.434343e-01 8.080808e-02 6.773409e-01 6.776701e-01 3.292648e-04
3.535354e-01 8.080808e-02 6.705335e-01 6.709549e-01 4.214745e-04
3.636364e-01 8.080808e-02 6.637945e-01 6.641820e-01 3.875120e-04
3.737374e-01 8.080808e-02 6.571233e-01 6.574146e-01 2.913052e-04
3.838384e-01 8.080808e-02 6.505191e-01 6.507076e-01 1.885501e-04
3.939394e-01 8.080808e-02 6.439812e-01 6.442169e-01 2.356673e-04
4.040404e-01 8.080808e-02 6.375091e-01 6.377468e-01 2.377015e-04
4.141414e-01 8.080808e-02 6.311020e-01 6.315200e-01 4.179960e-04
4.242424e-01 8.080808e-02 6.247594e-01 6.250567e-01 2.973871e-04
4.343434e-01 8.080808e-02 6.184804e-01 6.190155e-01 5.350341e-04
4.444444e-01 8.080808e-02 6.122646e-01 6.126779e-01 4.133417e-04
4.545455e-01 8.080808e-02 6.061112e-01 6.065167e-01 4.054897e-04
4.646465e-01 8.080808e-02 6.000197e-01 6.005878e-01 5.680747e-04
4.747475e-01 8.080808e-02 5.939894e-01 5.945963e-01 6.068540e-04
4.848485e-01 8.080808e-02 5.880197e-01 5.887663e-01 7.465564e-04
4.949495e-01 8.080808e-02 5.821100e-01 5.826717e-01 5.616775e-04
5.050505e-01 8.080808e-02 5.762597e-01 5.768251e-01 5.653604e-04
5.151515e-01 8.080808e-02 5.704682e-01 5.711421e-01 6.738615e-04
5.252525e-01 8.080808e-02 5.647349e-01 5.653603e-01 6.253922e-04
5.353535e-01 8.080808e-02 5.590592e-01 5.596712e-01 6.119278e-04
5.454545e-01 8.080808e-02 5.534406e-01 5.542445e-01 8.039208e-04
5.555556e-01 8.080808e-02 5.478784e-01 5.487236e-01 8.452106e-04
5.656566e-01 8.080808e-02 5.423722e-01 5.432179e-01 8.457392e-04
5.757576e-01 8.080808e-02 5.369212e-01 5.376439e-01 7.226816e-04
5.858586e-01 8.080808e-02 5.315251e-01 5.322340e-01 7.088732e-04
5.959596e-01 8.080808e-02 5.261832e-01 5.269787e-01 7.955663e-04
6.060606e-01 8.080808e-02 5.208949e-01 5.217236e-01 8.286915e-04
6.161616e-01 8.080808e-02 5.156599e-01 5.166045e-01 9.446868e-04
6.262626e-01 8.080808e-02 5.104774e-01 5.113108e-01 8.333676e-04
6.363636e-01 8.080808e-02 5.053470e-01 5.060616e-01 7.146076e-04
6.464646e-01 8.080808e-02 5.002682e-01 5.011410e-01 8.727675e-04
6.565657e-01 8.080808e-02 4.952404e-01 4.959873e-01 7.468899e-04
6.666667e-01 8.080808e-02 4.902632e-01 4.907765e-01 5.133215e-04
6.767677e-01 8.080808e-02 4.853359e-01 4.860857e-01 7.497218e-04
6.868687e-01 8.080808e-02 4.804582e-01 4.811897e-01 7.314434e-04
6.969697e-01 8.080808e-02 4.756295e-01 4.763632e-01 7.336424e-04
7.070707e-01 8.080808e-02 4.708494e-01 4.715115e-01 6.620994e-04
7.171717e-01 8.080808e-02 4.661173e-01 4.669316e-01 8.143421e-04
7.272727e-01 8.080808e-02 4.614327e-01 4.620919e-01 6.591500e-04
7.373737e-01 8.080808e-02 4.567952e-01 4.575409e-01 7.456916e-04
7.474747e-01 8.080808e-02 4.522044e-01 4.529604e-01 7.560024e-04
7.575758e-01 8.080808e-02 4.476596e-01 4.481928e-01 5.331347e-04
7.676768e-01 8.080808e-02 4.431606e-01 4.439211e-01 7.605621e-04
7.777778e-01 8.080808e-02 4.387067e-01 4.390330e-01 3.262823e-04
7.878788e-01 8.080808e-02 4.342977e-01 4.348888e-01 5.910769e-04
7.979798e-01 8.080808e-02 4.299329e-01 4.303736e-01 4.406697e-04
8.080808e-01 8.080808e-02 4.256120e-01 4.262435e-01 6.315015e-04
8.181818e-01 8.080808e-02 4.213345e-01 4.219554e-01 6.208658e-04
8.282828e-01 8.080808e-02 4.171001e-01 4.177439e-01 6.438626e-04
8.383838e-01 8.080808e-02 4.129081e-01 4.134407e-01 5.325706e-04
8.484848e-01 8.080808e-02 4.087583e-01 4.093319e-01 5.736092e-04
8.585859e-01 8.080808e-02 4.046502e-01 4.052475e-01 5.972305e-04
8.686869e-01 8.080808e-02 4.005834e-01 4.009994e-01 4.159204e-04
8.787879e-01 8.080808e-02 3.965575e-01 3.971326e-01 5.751185e-04
8.888889e-01 8.080808e-02 3.925720e-01 3.930475e-01 4.754639e-04
8.989899e-01 8.080808e-02 3.886266e-01 3.889961e-01 3.694909e-04
9.090909e-01 8.080808e-02 3.847209e-01 3.852089e-01 4.880039e-04
9.191919e-01 8.080808e-02 3.808544e-01 3.813055e-01 4.511236e-04
9.292929e-01 8.080808e-02 3.770267e-01 3.775054e-01 4.787089e-04
9.393939e-01 8.080808e-02 3.732375e-01 3.736995e-01 4.619845e-04
9.494949e-01 8.080808e-02 3.694864e-01 3.700743e-01 5.878696e-04
9.595960e-01 8.080808e-02 3.657730e-01 3.662707e-01 4.976291e-04
9.696970e-01 8.080808e-02 3.620970e-01 3.627107e-01 6.137022e-04
9.797980e-01 8.080808e-02 3.584578e-01 3.588925e-01 4.346527e-04
9.898990e-01 8.080808e-02 3.548553e-01 3.552222e-01 3.669679e-04
1.000000e+00 8.080808e-02 3.512889e-01 3.513187e-01 2.984385e-05
0.000000e+00 9.090909e-02 -9.898214e-01 -9.901538e-01 3.323476e-04
1.010101e-02 9.090909e-02 -9.798736e-01 -9.801008e-01 2.271791e-04
2.020202e-02 9.090909e-02 -9.700257e-01 -9.702224e-01 1.966744e-04
3.030303e-02 9.090909e-02 -9.602768e-01 -9.603711e-01 9.437643e-05
4.040404e-02 9.090909e-02 -9.506258e-01 -9.506308e-01 4.964874e-06
5.050505e-02 9.090909e-02 -9.410719e-01 -9.410043e-01 6.759538e-05
6.060606e-02 9.090909e-02 -9.316139e-01 -9.315807e-01 3.328018e-05
7.070707e-02 9.090909e-02 -9.222511e-01 -9.220886e-01 1.624449e-04
8.080808e-02 9.090909e-02 -9.129823e-01 -9.128138e-01 1.685087e-04
9.090909e-02 9.090909e-02 -9.038067e-01 -9.035194e-01 2.872756e-04
1.010101e-01 9.090909e-02 -8.947233e-01 -8.944455e-01 2.777218e-04
1.111111e-01 9.090909e-02 -8.857311e-01 -8.854147e-01 3.164232e-04
1.212121e-01 9.090909e-02 -8.768294e-01 -8.763942e-01 4.352450e-04
1.313131e-01 9.090909e-02 -8.680171e-01 -8.676113e-01 4.058274e-04
1.414141e-01 9.090909e-02 -8.592934e-01 -8.589542e-01 3.392089e-04
1.515152e-01 9.090909e-02 -8.506574e-01 -8.501900e-01 4.673151e-04
1.616162e-01 9.090909e-02 -8.421081e-01 -8.415529e-01 5.552571e-04
1.717172e-01 9.090909e-02 -8.336448e-01 -8.330945e-01 5.503065e-04
1.818182e-01 9.090909e-02 -8.252665e-01 -8.248061e-01 4.604214e-04
1.919192e-01 9.090909e-02 -8.169724e-01 -8.164511e-01 5.213772e-04
2.020202e-01 9.090909e-02 -8.087617e-01 -8.082832e-01 4.785311e-04
2.121212e-01 9.090909e-02 -8.006336e-01 -8.001837e-01 4.498972e-04
2.222222e-01 9.090909e-02 -7.925871e-01 -7.920815e-01 5.055755e-04
2.323232e-01 9.090909e-02 -7.846214e-01 -7.841678e-01 4.536525e-04
2.424242e-01 9.090909e-02 -7.767358e-01 -7.763640e-01 3.718746e-04
2.525253e-01 9.090909e-02 -7.689295e-01 -7.684245e-01 5.050081e-04
2.626263e-01 9.090909e-02 -7.612016e-01 -7.607763e-01 4.253682e-04
2.727273e-01 9.090909e-02 -7.535514e-01 -7.530912e-01 4.602304e-04
2.828283e-01 9.090909e-02 -7.459781e-01 -7.455338e-01 4.443052e-04
2.929293e-01 9.090909e-02 -7.384809e-01 -7.380104e-01 4.705185e-04
3.030303e-01 9.090909e-02 -7.310591e-01 -7.305810e-01 4.780237e-04
3.131313e-01 9.090909e-02 -7.237118e-01 -7.231897e-01 5.220922e-04
3.232323e-01 9.090909e-02 -7.164384e-01 -7.159168e-01 5.216270e-04
3.333333e-01 9.090909e-02 -7.092381e-01 -7.087594e-01 4.786279e-04
3.434343e-01 9.090909e-02 -7.021101e-01 -7.015487e-01 5.613991e-04
3.535354e-01 9.090909e-02 -6.950538e-01 -6.946535e-01 4.002604e-04
3.636364e-01 9.090909e-02 -6.880684e-01 -6.874579e-01 6.104464e-04
3.737374e-01 9.090909e-02 -6.811532e-01 -6.805757e-01 5.774357e-04
3.838384e-01 9.090909e-02 -6.743075e-01 -6.737334e-01 5.741079e-04
3.939394e-01 9.090909e-02 -6.675306e-01 -6.668807e-01 6.498326e-04
4.040404e-01 9.090909e-02 -6.608218e-01 -6.602463e-01 5.755134e-04
4.141414e-01 9.090909e-02 -6.541804e-01 -6.536037e-01 5.767248e-04
4.242424e-01 9.090909e-02 -6.476058e-01 -6.471108e-01 4.949562e-04
4.343434e-01 9.090909e-02 -6.410972e-01 -6.404930e-01 6.041950e-04
4.444444e-01 9.090909e-02 -6.346541e-01 -6.340801e-01 5.740442e-04
4.545455e-01 9.090909e-02 -6.282757e-01 -6.278278e-01 4.479539e-04
4.646465e-01 9.090909e-02 -6.219614e-01 -6.213430e-01 6.184254e-04
4.747475e-01 9.090909e-02 -6.157106e-01 -6.151863e-01 5.242925e-04
4.848485e-01 9.090909e-02 -6.095226e-01 -6.090933e-01 4.293235e-04
4.949495e-01 9.090909e-02 -6.033968e-01 -6.029307e-01 4.661632e-04
5.050505e-01 9.090909e-02 -5.973326e-01 -5.967869e-01 5.457331e-04
5.151515e-01 9.090909e-02 -5.913293e-01 -5.907320e-01 5.973195e-04
5.252525e-01 9.090909e-02 -5.853863e-01 -5.848597e-01 5.266114e-04
5.353535e-01 9.090909e-02 -5.795031e-01 -5.789675e-01 5.356581e-04
5.454545e-01 9.090909e-02 -5.736790e-01 -5.732301e-01 4.488602e-04
5.555556e-01 9.090909e-02 -5.679134e-01 -5.674080e-01 5.054725e-04
5.656566e-01 9.090909e-02 -5.622058e-01 -5.617294e-01 4.763826e-04
5.757576e-01 9.090909e-02 -5.565556e-01 -5.559989e-01 5.566305e-04
5.858586e-01 9.090909e-02 -5.509621e-01 -5.504042e-01 5.578850e-04
5.959596e-01 9.090909e-02 -5.454248e-01 -5.448868e-01 5.379881e-04
6.060606e-01 9.090909e-02 -5.399432e-01 -5.394458e-01 4.974477e-04
6.161616e-01 9.090909e-02 -5.345167e-01 -5.339648e-01 5.519334e-04
6.262626e-01 9.090909e-02 -5.291447e-01 -5.284816e-01 6.631023e-04
6.363636e-01 9.090909e-02 -5.238267e-01 -5.231576e-01 6.691162e-04
6.464646e-01 9.090909e-02 -5.185622e-01 -5.180763e-01 4.858666e-04
6.565657e-01 9.090909e-02 -5.133505e-01 -5.127485e-01 6.020514e-04
6.666667e-01 9.090909e-02 -5.081913e-01 -5.077039e-01 4.873727e-04
6.767677e-01 9.090909e-02 -5.030839e-01 -5.026439e-01 4.399234e-04
6.868687e-01 9.090909e-02 -4.980278e-01 -4.975375e-01 4.902961e-04
6.969697e-01 9.090909e-02 -4.930225e-01 -4.925183e-01 5.042219e-04
7.070707e-01 9.090909e-02 -4.880676e-01 -4.875170e-01 5.505701e-04
7.171717e-01 9.090909e-02 -4.831624e-01 -4.826013e-01 5.611242e-04
7.272727e-01 9.090909e-02 -4.783065e-01 -4.778644e-01 4.421620e-04
7.373737e-01 9.090909e-02 -4.734995e-01 -4.731467e-01 3.528093e-04
7.474747e-01 9.090909e-02 -4.687407e-01 -4.682339e-01 5.067948e-04
7.575758e-01 9.090909e-02 -4.640298e-01 -4.635264e-01 5.034473e-04
7.676768e-01 9.090909e-02 -4.593662e-01 -4.589196e-01 4.465943e-04
7.777778e-01 9.090909e-02 -4.547495e-01 -4.543195e-01 4.300545e-04
7.878788e-01 9.090909e-02 -4.501792e-01 -4.496710e-01 5.081932e-04
7.979798e-01 9.090909e-02 -4.456548e-01 -4.450611e-01 5.937596e-04
8.080808e-01 9.090909e-02 -4.411759e-01 -4.404768e-01 6.991667e-04
8.181818e-01 9.090909e-02 -4.367421e-01 -4.361126e-01 6.294080e-04
8.282828e-01 9.090909e-02 -4.323527e-01 -4.317331e-01 6.195887e-04
8.383838e-01 9.090909e-02 -4.280075e-01 -4.273022e-01 7.052621e-04
8.484848e-01 9.090909e-02 -4.237060e-01 -4.230132e-01 6.927465e-04
8.585859e-01 9.090909e-02 -4.194476e-01 -4.187691e-01 6.785204e-04
8.686869e-01 9.090909e-02 -4.152321e-01 -4.145924e-01 6.397377e-04
8.787879e-01 9.090909e-02 -4.110590e-01 -4.103733e-01 6.856410e-04
8.888889e-01 9.090909e-02 -4.069278e-01 -4.061704e-01 7.573920e-04
8.989899e-01 9.090909e-02 -4.028381e-01 -4.021957e-01 6.423765e-04
9.090909e-01 9.090909e-02 -3.987895e-01 -3.979893e-01 8.002059e-04
9.191919e-01 9.090909e-02 -3.947816e-01 -3.940948e-01 6.867536e-04
9.292929e-01 9.090909e-02 -3.908140e-01 -3.900217e-01 7.922761e-04
9.393939e-01 9.090909e-02 -3.868862e-01 -3.862015e-01 6.847118e-04
9.494949e-01 9.090909e-02 -3.829979e-01 -3.822536e-01 7.442951e-04
9.595960e-01 9.090909e-02 -3.791487e-01 -3.783972e-01 7.515226e-04
9.696970e-01 9.090909e-02 -3.753382e-01 -3.746412e-01 6.970610e-04
9.797980e-01 9.090909e-02 -3.715660e-01 -3.707359e-01 8.301456e-04
9.898990e-01 9.090909e-02 -3.678317e-01 -3.669646e-01 8.671503e-04
1.000000e+00 9.090909e-02 -3.641350e-01 -3.633566e-01 7.783686e-04
0.000000e+00 1.010101e-01 9.998741e-01 9.988217e-01 1.052392e-03
1.010101e-02 1.010101e-01 9.898252e-01 9.888598e-01 9.654538e-04
2.020202e-02 1.010101e-01 9.798773e-01 9.789354e-01 9.418979e-04
3.030303e-02 1.010101e-01 9.700294e-01 9.691494e-01 8.799777e-04
4.040404e-02 1.010101e-01 9.602804e-01 9.593804e-01 8.999840e-04
5.050505e-02 1.010101e-01 9.506295e-01 9.497221e-01 9.074023e-04
6.060606e-02 1.010101e-01 9.410755e-01 9.402177e-01 8.577961e-04
7.070707e-02 1.010101e-01 9.316175e-01 9.307129e-01 9.046262e-04
8.080808e-02 1.010101e-01 9.222546e-01 9.213535e-01 9.011348e-04
9.090909e-02 1.010101e-01 9.129858e-01 9.121395e-01 8.462472e-04
1.010101e-01 1.010101e-01 9.038101e-01 9.029772e-01 8.329547e-04
1.111111e-01 1.010101e-01 8.947267e-01 8.938583e-01 8.683677e-04
1.212121e-01 1.010101e-01 8.857345e-01 8.848473e-01 8.872461e-04
1.313131e-01 1.010101e-01 8.768328e-01 8.760130e-01 8.197096e-04
1.414141e-01 1.010101e-01 8.680204e-01 8.672603e-01 7.600984e-04
1.515152e-01 1.010101e-01 8.592967e-01 8.585192e-01 7.774891e-04
1.616162e-01 1.010101e-01 8.506606e-01 8.498378e-01 8.228311e-04
1.717172e-01 1.010101e-01 8.421113e-01 8.414189e-01 6.924682e-04
1.818182e-01 1.010101e-01 8.336480e-01 8.330131e-01 6.349139e-04
1.919192e-01 1.010101e-01 8.252697e-01 8.247063e-01 5.633550e-04
2.020202e-01 1.010101e-01 8.169756e-01 8.164312e-01 5.443492e-04
2.121212e-01 1.010101e-01 8.087648e-01 8.082952e-01 4.695833e-04
2.222222e-01 1.010101e-01 8.006366e-01 8.001967e-01 4.399050e-04
2.323232e-01 1.010101e-01 7.925901e-01 7.921405e-01 4.495973e-04
2.424242e-01 1.010101e-01 7.846244e-01 7.842243e-01 4.001473e-04
2.525253e-01 1.010101e-01 7.767388e-01 7.763188e-01 4.200247e-04
2.626263e-01 1.010101e-01 7.689325e-01 7.684307e-01 5.018088e-04
2.727273e-01 1.010101e-01 7.612046e-01 7.607912e-01 4.133775e-04
2.828283e-01 1.010101e-01 7.535543e-01 7.532278e-01 3.264977e-04
2.929293e-01 1.010101e-01 7.459810e-01 7.456092e-01 3.718172e-04
3.030303e-01 1.010101e-01 7.384837e-01 7.382089e-01 2.748586e-04
3.131313e-01 1.010101e-01 7.310619e-01 7.307583e-01 3.035548e-04
3.232323e-01 1.010101e-01 7.237146e-01 7.234317e-01 2.828644e-04
3.333333e-01 1.010101e-01 7.164411e-01 7.160346e-01 4.065279e-04
3.434343e-01 1.010101e-01 7.092408e-01 7.089424e-01 2.983534e-04
3.535354e-01 1.010101e-01 7.021128e-01 7.019068e-01 2.059789e-04
3.636364e-01 1.010101e-01 6.950564e-01 6.948270e-01 2.294685e-04
3.737374e-01 1.010101e-01 6.880710e-01 6.877046e-01 3.664332e-04
3.838384e-01 1.010101e-01 6.811558e-01 6.809772e-01 1.785432e-04
3.939394e-01 1.010101e-01 6.743100e-01 6.740768e-01 2.332442e-04
4.040404e-01 1.010101e-01 6.675331e-01 6.674247e-01 1.084330e-04
4.141414e-01 1.010101e-01 6.608243e-01 6.606113e-01 2.130212e-04
4.242424e-01 1.010101e-01 6.541829e-01 6.539967e-01 1.861930e-04
4.343434e-01 1.010101e-01 6.476083e-01 6.474990e-01 1.092869e-04
4.444444e-01 1.010101e-01 6.410997e-01 6.409163e-01 1.833341e-04
4.545455e-01 1.010101e-01 6.346565e-01 6.345106e-01 1.458869e-04
4.646465e-01 1.010101e-01 6.282781e-01 6.283125e-01 3.440850e-05
4.747475e-01 1.010101e-01 6.219638e-01 6.219720e-01 8.204353e-06
4.848485e-01 1.010101e-01 6.157130e-01 6.158394e-01 1.264414e-04
4.949495e-01 1.010101e-01 6.095250e-01 6.095259e-01 9.564606e-07
5.050505e-01 1.010101e-01 6.033991e-01 6.034900e-01 9.085970e-05
5.151515e-01 1.010101e-01 5.973349e-01 5.976071e-01 2.722621e-04
5.252525e-01 1.010101e-01 5.913316e-01 5.915058e-01 1.742070e-04
5.353535e-01 1.010101e-01 5.853886e-01 5.855883e-01 1.996979e-04
5.454545e-01 1.010101e-01 5.795053e-01 5.796520e-01 1.466259e-04
5.555556e-01 1.010101e-01 5.736812e-01 5.739599e-01 2.787456e-04
5.656566e-01 1.010101e-01 5.679156e-01 5.681306e-01 2.150027e-04
5.757576e-01 1.010101e-01 5.622080e-01 5.625123e-01 3.043152e-04
5.858586e-01 1.010101e-01 5.565577e-01 5.567430e-01 1.852863e-04
5.959596e-01 1.010101e-01 5.509642e-01 5.512489e-01 2.847254e-04
6.060606e-01 1.010101e-01 5.454269e-01 5.456082e-01 1.813215e-04
6.161616e-01 1.010101e-01 5.399453e-01 5.402260e-01 2.807127e-04
6.262626e-01 1.010101e-01 5.345187e-01 5.348387e-01 3.199462e-04
6.363636e-01 1.010101e-01 5.291467e-01 5.294409e-01 2.942112e-04
6.464646e-01 1.010101e-01 5.238287e-01 5.238926e-01 6.392546e-05
6.565657e-01 1.010101e-01 5.185641e-01 5.187296e-01 1.654176e-04
6.666667e-01 1.010101e-01 5.133525e-01 5.134069e-01 5.443833e-05
6.767677e-01 1.010101e-01 5.081932e-01 5.082292e-01 3.597995e-05
6.868687e-01 1.010101e-01 5.030858e-01 5.033396e-01 2.538584e-04
6.969697e-01 1.010101e-01 4.980297e-01 4.980228e-01 6.899282e-06
7.070707e-01 1.010101e-01 4.930244e-01 4.930450e-01 2.061923e-05
7.171717e-01 1.010101e-01 4.880694e-01 4.881141e-01 4.462349e-05
7.272727e-01 1.010101e-01 4.831643e-01 4.833057e-01 1.414361e-04
7.373737e-01 1.010101e-01 4.783084e-01 4.783381e-01 2.974694e-05
7.474747e-01 1.010101e-01 4.735013e-01 4.735075e-01 6.196990e-06
7.575758e-01 1.010101e-01 4.687425e-01 4.687827e-01 4.013335e-05
7.676768e-01 1.010101e-01 4.640316e-01 4.640794e-01 4.784999e-05
7.777778e-01 1.010101e-01 4.593680e-01 4.593569e-01 1.109101e-05
7.878788e-01 1.010101e-01 4.547513e-01 4.547288e-01 2.248815e-05
7.979798e-01 1.010101e-01 4.501809e-01 4.502994e-01 1.184377e-04
8.080808e-01 1.010101e-01 4.456566e-01 4.456598e-01 3.265128e-06
8.181818e-01 1.010101e-01 4.411776e-01 4.412324e-01 5.481414e-05
8.282828e-01 1.010101e-01 4.367437e-01 4.368719e-01 1.281660e-04
8.383838e-01 1.010101e-01 4.323544e-01 4.325100e-01 1.556153e-04
8.484848e-01 1.010101e-01 4.280091e-01 4.279869e-01 2.227962e-05
8.585859e-01 1.010101e-01 4.237076e-01 4.237344e-01 2.679000e-05
8.686869e-01 1.010101e-01 4.194492e-01 4.195025e-01 5.328121e-05
8.787879e-01 1.010101e-01 4.152337e-01 4.153228e-01 8.906994e-05
8.888889e-01 1.010101e-01 4.110605e-01 4.111454e-01 8.484623e-05
8.989899e-01 1.010101e-01 4.069293e-01 4.069725e-01 4.321144e-05
9.090909e-01 1.010101e-01 4.028396e-01 4.030692e-01 2.295893e-04
9.191919e-01 1.010101e-01 3.987910e-01 3.991023e-01 3.113265e-04
9.292929e-01 1.010101e-01 3.947831e-01 3.949528e-01 1.697458e-04
9.393939e-01 1.010101e-01 3.908155e-01 3.910555e-01 2.400125e-04
9.494949e-01 1.010101e-01 3.868877e-01 3.870645e-01 1.767948e-04
9.595960e-01 1.010101e-01 3.829994e-01 3.831662e-01 1.667876e-04
9.696970e-01 1.010101e-01 3.791502e-01 3.792273e-01 7.708198e-05
9.797980e-01 1.010101e-01 3.753397e-01 3.755297e-01 1.900304e-04
9.898990e-01 1.010101e-01 3.715674e-01 3.716309e-01 6.345709e-05
1.000000e+00 1.010101e-01 3.678331e-01 3.680478e-01 2.146981e-04
0.000000e+00 1.111111e-01 -9.848078e-01 -9.849948e-01 1.870161e-04
1.010101e-02 1.111111e-01 -9.749103e-01 -9.750429e-01 1.326678e-04
2.020202e-02 1.111111e-01 -9.651123e-01 -9.651966e-01 8.434840e-05
3.030303e-02 1.111111e-01 -9.554127e-01 -9.555178e-01 1.050464e-04
4.040404e-02 1.111111e-01 -9.458107e-01 -9.458252e-01 1.455340e-05
5.050505e-02 1.111111e-01 -9.363051e-01 -9.362094e-01 9.567111e-05
6.060606e-02 1.111111e-01 -9.268951e-01 -9.268261e-01 6.896990e-05
7.070707e-02 1.111111e-01 -9.175796e-01 -9.174750e-01 1.046545e-04
8.080808e-02 1.111111e-01 -9.083578e-01 -9.082489e-01 1.089103e-04
9.090909e-02 1.111111e-01 -8.992287e-01 -8.990554e-01 1.733029e-04
1.010101e-01 1.111111e-01 -8.901913e-01 -8.900663e-01 1.250011e-04
1.111111e-01 1.111111e-01 -8.812447e-01 -8.811072e-01 1.374858e-04
1.212121e-01 1.111111e-01 -8.723880e-01 -8.721248e-01 2.632501e-04
1.313131e-01 1.111111e-01 -8.636204e-01 -8.634249e-01 1.954992e-04
1.414141e-01 1.111111e-01 -8.549409e-01 -8.547434e-01 1.975063e-04
1.515152e-01 1.111111e-01 -8.463486e-01 -8.460380e-01 3.105861e-04
1.616162e-01 1.111111e-01 -8.378426e-01 -8.374476e-01 3.949829e-04
1.717172e-01 1.111111e-01 -8.294222e-01 -8.289176e-01 5.045459e-04
1.818182e-01 1.111111e-01 -8.210863e-01 -8.206664e-01 4.199054e-04
1.919192e-01 1.111111e-01 -8.128343e-01 -8.124022e-01 4.320352e-04
2.020202e-01 1.111111e-01 -8.046652e-01 -8.041052e-01 5.600013e-04
2.121212e-01 1.111111e-01 -7.965781e-01 -7.960097e-01 5.684855e-04
2.222222e-01 1.111111e-01 -7.885724e-01 -7.879094e-01 6.630140e-04
2.323232e-01 1.111111e-01 -7.806471e-01 -7.800275e-01 6.196101e-04
2.424242e-01 1.111111e-01 -7.728015e-01 -7.721568e-01 6.446509e-04
2.525253e-01 1.111111e-01 -7.650347e-01 -7.642907e-01 7.440117e-04
2.626263e-01 1.111111e-01 -7.573460e-01 -7.566491e-01 6.968396e-04
2.727273e-01 1.111111e-01 -7.497345e-01 -7.489010e-01 8.335136e-04
2.828283e-01 1.111111e-01 -7.421996e-01 -7.413903e-01 8.092191e-04
2.929293e-01 1.111111e-01 -7.347403e-01 -7.339791e-01 7.612316e-04
3.030303e-01 1.111111e-01 -7.273561e-01 -7.266021e-01 7.539976e-04
3.131313e-01 1.111111e-01 -7.200460e-01 -7.192591e-01 7.868827e-04
3.232323e-01 1.111111e-01 -7.128094e-01 -7.121363e-01 6.731747e-04
3.333333e-01 1.111111e-01 -7.056456e-01 -7.049376e-01 7.080127e-04
3.434343e-01 1.111111e-01 -6.985537e-01 -6.978551e-01 6.986195e-04
3.535354e-01 1.111111e-01 -6.915332e-01 -6.909696e-01 5.635669e-04
3.636364e-01 1.111111e-01 -6.845831e-01 -6.838678e-01 7.153180e-04
3.737374e-01 1.111111e-01 -6.777030e-01 -6.771022e-01 6.007478e-04
3.838384e-01 1.111111e-01 -6.708919e-01 -6.702682e-01 6.237505e-04
3.939394e-01 1.111111e-01 -6.641494e-01 -6.635348e-01 6.145926e-04
4.040404e-01 1.111111e-01 -6.574745e-01 -6.569227e-01 5.518437e-04
4.141414e-01 1.111111e-01 -6.508668e-01 -6.502956e-01 5.711981e-04
4.242424e-01 1.111111e-01 -6.443255e-01 -6.438140e-01 5.115259e-04
4.343434e-01 1.111111e-01 -6.378499e-01 -6.372231e-01 6.267908e-04
4.444444e-01 1.111111e-01 -6.314394e-01 -6.309777e-01 4.616678e-04
4.545455e-01 1.111111e-01 -6.250933e-01 -6.247038e-01 3.895816e-04
4.646465e-01 1.111111e-01 -6.188111e-01 -6.182512e-01 5.598500e-04
4.747475e-01 1.111111e-01 -6.125919e-01 -6.121457e-01 4.462382e-04
4.848485e-01 1.111111e-01 -6.064353e-01 -6.061307e-01 3.045309e-04
4.949495e-01 1.111111e-01 -6.003405e-01 -5.998642e-01 4.762305e-04
5.050505e-01 1.111111e-01 -5.943070e-01 -5.939730e-01 3.339128e-04
5.151515e-01 1.111111e-01 -5.883341e-01 -5.879211e-01 4.129272e-04
5.252525e-01 1.111111e-01 -5.824212e-01 -5.821108e-01 3.104519e-04
5.353535e-01 1.111111e-01 -5.765678e-01 -5.761424e-01 4.253542e-04
5.454545e-01 1.111111e-01 -5.707732e-01 -5.704621e-01 3.110748e-04
5.555556e-01 1.111111e-01 -5.650368e-01 -5.647706e-01 2.662377e-04
5.656566e-01 1.111111e-01 -5.593581e-01 -5.590516e-01 3.064702e-04
5.757576e-01 1.111111e-01 -5.537365e-01 -5.533532e-01 3.832708e-04
5.858586e-01 1.111111e-01 -5.481713e-01 -5.478799e-01 2.913834e-04
5.959596e-01 1.111111e-01 -5.426621e-01 -5.423678e-01 2.942889e-04
6.060606e-01 1.111111e-01 -5.372083e-01 -5.369941e-01 2.141609e-04
6.161616e-01 1.111111e-01 -5.318092e-01 -5.315342e-01 2.750332e-04
6.262626e-01 1.111111e-01 -5.264645e-01 -5.261017e-01 3.627486e-04
6.363636e-01 1.111111e-01 -5.211734e-01 -5.207199e-01 4.535159e-04
6.464646e-01 1.111111e-01 -5.159355e-01 -5.156113e-01 3.242315e-04
6.565657e-01 1.111111e-01 -5.107503e-01 -5.103191e-01 4.311709e-04
6.666667e-01 1.111111e-01 -5.056172e-01 -5.052987e-01 3.184256e-04
6.767677e-01 1.111111e-01 -5.005356e-01 -5.002021e-01 3.335631e-04
6.868687e-01 1.111111e-01 -4.955052e-01 -4.951656e-01 3.395702e-04
6.969697e-01 1.111111e-01 -4.905252e-01 -4.901165e-01 4.087704e-04
7.070707e-01 1.111111e-01 -4.855954e-01 -4.852198e-01 3.755509e-04
7.171717e-01 1.111111e-01 -4.807151e-01 -4.803303e-01 3.847248e-04
7.272727e-01 1.111111e-01 -4.758838e-01 -4.755467e-01 3.370888e-04
7.373737e-01 1.111111e-01 -4.711011e-01 -4.707377e-01 3.633993e-04
7.474747e-01 1.111111e-01 -4.663665e-01 -4.659663e-01 4.001068e-04
7.575758e-01 1.111111e-01 -4.616794e-01 -4.613059e-01 3.735337e-04
7.676768e-01 1.111111e-01 -4.570394e-01 -4.567081e-01 3.313621e-04
7.777778e-01 1.111111e-01 -4.524461e-01 -4.522074e-01 2.386673e-04
7.878788e-01 1.111111e-01 -4.478990e-01 -4.475206e-01 3.783411e-04
7.979798e-01 1.111111e-01 -4.433975e-01 -4.429516e-01 4.459358e-04
8.080808e-01 1.111111e-01 -4.389413e-01 -4.384307e-01 5.106104e-04
8.181818e-01 1.111111e-01 -4.345298e-01 -4.340674e-01 4.624760e-04
8.282828e-01 1.111111e-01 -4.301627e-01 -4.297434e-01 4.193382e-04
8.383838e-01 1.111111e-01 -4.258395e-01 -4.254822e-01 3.573863e-04
8.484848e-01 1.111111e-01 -4.215598e-01 -4.211894e-01 3.703547e-04
8.585859e-01 1.111111e-01 -4.173230e-01 -4.169942e-01 3.288221e-04
8.686869e-01 1.111111e-01 -4.131289e-01 -4.129243e-01 2.045806e-04
8.787879e-01 1.111111e-01 -4.089769e-01 -4.088259e-01 1.509821e-04
8.888889e-01 1.111111e-01 -4.048666e-01 -4.046677e-01 1.988360e-04
8.989899e-01 1.111111e-01 -4.007976e-01 -4.006126e-01 1.850020e-04
9.090909e-01 1.111111e-01 -3.967695e-01 -3.964573e-01 3.121978e-04
9.191919e-01 1.111111e-01 -3.927819e-01 -3.925261e-01 2.557630e-04
9.292929e-01 1.111111e-01 -3.888344e-01 -3.884367e-01 3.977141e-04
9.393939e-01 1.111111e-01 -3.849265e-01 -3.846420e-01 2.845340e-04
9.494949e-01 1.111111e-01 -3.810580e-01 -3.807037e-01 3.542756e-04
9.595960e-01 1.111111e-01 -3.772283e-01 -3.767146e-01 5.136801e-04
9.696970e-01 1.111111e-01 -3.734371e-01 -3.729895e-01 4.475252e-04
9.797980e-01 1.111111e-01 -3.696840e-01 -3.692888e-01 3.951539e-04
9.898990e-01 1.111111e-01 -3.659686e-01 -3.654829e-01 4.856444e-04
1.000000e+00 1.111111e-01 -3.622905e-01 -3.619701e-01 3.204588e-04
0.000000e+00 1.212121e-01 9.450008e-01 9.452268e-01 2.259698e-04
1.010101e-02 1.212121e-01 9.355034e-01 9.356649e-01 1.614888e-04
2.020202e-02 1.212121e-01 9.261014e-01 9.262816e-01 1.801327e-04
3.030303e-02 1.212121e-01 9.167940e-01 9.169522e-01 1.582275e-04
4.040404e-02 1.212121e-01 9.075800e-01 9.077535e-01 1.734340e-04
5.050505e-02 1.212121e-01 8.984587e-01 8.985655e-01 1.067679e-04
6.060606e-02 1.212121e-01 8.894290e-01 8.895739e-01 1.448877e-04
7.070707e-02 1.212121e-01 8.804901e-01 8.806452e-01 1.550217e-04
8.080808e-02 1.212121e-01 8.716411e-01 8.717864e-01 1.453536e-04
9.090909e-02 1.212121e-01 8.628809e-01 8.630389e-01 1.579731e-04
1.010101e-01 1.212121e-01 8.542088e-01 8.543562e-01 1.473420e-04
1.111111e-01 1.212121e-01 8.456239e-01 8.456795e-01 5.563455e-05
1.212121e-01 1.212121e-01 8.371252e-01 8.371118e-01 1.339566e-05
1.313131e-01 1.212121e-01 8.287120e-01 8.287193e-01 7.279620e-06
1.414141e-01 1.212121e-01 8.203833e-01 8.204091e-01 2.583359e-05
1.515152e-01 1.212121e-01 8.121383e-01 8.120394e-01 9.886224e-05
1.616162e-01 1.212121e-01 8.039762e-01 8.037202e-01 2.559364e-04
1.717172e-01 1.212121e-01 7.958961e-01 7.957189e-01 1.771698e-04
1.818182e-01 1.212121e-01 7.878972e-01 7.876275e-01 2.696720e-04
1.919192e-01 1.212121e-01 7.799787e-01 7.797084e-01 2.703070e-04
2.020202e-01 1.212121e-01 7.721398e-01 7.718611e-01 2.786410e-04
2.121212e-01 1.212121e-01 7.643796e-01 7.640945e-01 2.851123e-04
2.222222e-01 1.212121e-01 7.566975e-01 7.563982e-01 2.993003e-04
2.323232e-01 1.212121e-01 7.490926e-01 7.486519e-01 4.407035e-04
2.424242e-01 1.212121e-01 7.415641e-01 7.411647e-01 3.993169e-04
2.525253e-01 1.212121e-01 7.341112e-01 7.336774e-01 4.338315e-04
2.626263e-01 1.212121e-01 7.267333e-01 7.262703e-01 4.630206e-04
2.727273e-01 1.212121e-01 7.194295e-01 7.189599e-01 4.695612e-04
2.828283e-01 1.212121e-01 7.121991e-01 7.118264e-01 3.727187e-04
2.929293e-01 1.212121e-01 7.050414e-01 7.046605e-01 3.808485e-04
3.030303e-01 1.212121e-01 6.979556e-01 6.976385e-01 3.170886e-04
3.131313e-01 1.212121e-01 6.909410e-01 6.906306e-01 3.104753e-04
3.232323e-01 1.212121e-01 6.839970e-01 6.836901e-01 3.068872e-04
3.333333e-01 1.212121e-01 6.771227e-01 6.767473e-01 3.753530e-04
3.434343e-01 1.212121e-01 6.703175e-01 6.700689e-01 2.485600e-04
3.535354e-01 1.212121e-01 6.635807e-01 6.634345e-01 1.461721e-04
3.636364e-01 1.212121e-01 6.569116e-01 6.567363e-01 1.752672e-04
3.737374e-01 1.212121e-01 6.503095e-01 6.500142e-01 2.953488e-04
3.838384e-01 1.212121e-01 6.437738e-01 6.435732e-01 2.006272e-04
3.939394e-01 1.212121e-01 6.373038e-01 6.370872e-01 2.165922e-04
4.040404e-01 1.212121e-01 6.308987e-01 6.307141e-01 1.846314e-04
4.141414e-01 1.212121e-01 6.245581e-01 6.243381e-01 2.200221e-04
4.242424e-01 1.212121e-01 6.182812e-01 6.180956e-01 1.856229e-04
4.343434e-01 1.212121e-01 6.120674e-01 6.119506e-01 1.167349e-04
4.444444e-01 1.212121e-01 6.059160e-01 6.057034e-01 2.126381e-04
4.545455e-01 1.212121e-01 5.998264e-01 5.995584e-01 2.680225e-04
4.646465e-01 1.212121e-01 5.937981e-01 5.937473e-01 5.082199e-05
4.747475e-01 1.212121e-01 5.878303e-01 5.877041e-01 1.262483e-04
4.848485e-01 1.212121e-01 5.819225e-01 5.819515e-01 2.898056e-05
4.949495e-01 1.212121e-01 5.760741e-01 5.759008e-01 1.733073e-04
5.050505e-01 1.212121e-01 5.702845e-01 5.701847e-01 9.975226e-05
5.151515e-01 1.212121e-01 5.645530e-01 5.645519e-01 1.116386e-06
5.252525e-01 1.212121e-01 5.588792e-01 5.587814e-01 9.776930e-05
5.353535e-01 1.212121e-01 5.532623e-01 5.531846e-01 7.769782e-05
5.454545e-01 1.212121e-01 5.477019e-01 5.475588e-01 1.431635e-04
5.555556e-01 1.212121e-01 5.421975e-01 5.422541e-01 5.663797e-05
5.656566e-01 1.212121e-01 5.367483e-01 5.366639e-01 8.438792e-05
5.757576e-01 1.212121e-01 5.313539e-01 5.313311e-01 2.274647e-05
5.858586e-01 1.212121e-01 5.260137e-01 5.259855e-01 2.813473e-05
5.959596e-01 1.212121e-01 5.207271e-01 5.207121e-01 1.507121e-05
6.060606e-01 1.212121e-01 5.154938e-01 5.154742e-01 1.955417e-05
6.161616e-01 1.212121e-01 5.103130e-01 5.103397e-01 2.678045e-05
6.262626e-01 1.212121e-01 5.051842e-01 5.052994e-01 1.152225e-04
6.363636e-01 1.212121e-01 5.001070e-01 5.001627e-01 5.567969e-05
6.464646e-01 1.212121e-01 4.950809e-01 4.950276e-01 5.325057e-05
6.565657e-01 1.212121e-01 4.901052e-01 4.899831e-01 1.221849e-04
6.666667e-01 1.212121e-01 4.851796e-01 4.850042e-01 1.754112e-04
6.767677e-01 1.212121e-01 4.803035e-01 4.801762e-01 1.272518e-04
6.868687e-01 1.212121e-01 4.754763e-01 4.754466e-01 2.975074e-05
6.969697e-01 1.212121e-01 4.706977e-01 4.705066e-01 1.911377e-04
7.070707e-01 1.212121e-01 4.659671e-01 4.657020e-01 2.651288e-04
7.171717e-01 1.212121e-01 4.612841e-01 4.611592e-01 1.248497e-04
7.272727e-01 1.212121e-01 4.566481e-01 4.564459e-01 2.021948e-04
7.373737e-01 1.212121e-01 4.520587e-01 4.517408e-01 3.179067e-04
7.474747e-01 1.212121e-01 4.475154e-01 4.471837e-01 3.317147e-04
7.575758e-01 1.212121e-01 4.430178e-01 4.425771e-01 4.407743e-04
7.676768e-01 1.212121e-01 4.385654e-01 4.382046e-01 3.607893e-04
7.777778e-01 1.212121e-01 4.341578e-01 4.336962e-01 4.615695e-04
7.878788e-01 1.212121e-01 4.297944e-01 4.292703e-01 5.241545e-04
7.979798e-01 1.212121e-01 4.254749e-01 4.250699e-01 4.049884e-04
8.080808e-01 1.212121e-01 4.211988e-01 4.207388e-01 4.600067e-04
8.181818e-01 1.212121e-01 4.169657e-01 4.164506e-01 5.150851e-04
8.282828e-01 1.212121e-01 4.127751e-01 4.123403e-01 4.347871e-04
8.383838e-01 1.212121e-01 4.086267e-01 4.082108e-01 4.158575e-04
8.484848e-01 1.212121e-01 4.045199e-01 4.039293e-01 5.906123e-04
8.585859e-01 1.212121e-01 4.004544e-01 3.999633e-01 4.911535e-04
8.686869e-01 1.212121e-01 3.964298e-01 3.959184e-01 5.114105e-04
8.787879e-01 1.212121e-01 3.924456e-01 3.921282e-01 3.173952e-04
8.888889e-01 1.212121e-01 3.885015e-01 3.880726e-01 4.288114e-04
8.989899e-01 1.212121e-01 3.845969e-01 3.840892e-01 5.077453e-04
9.090909e-01 1.212121e-01 3.807317e-01 3.803943e-01 3.374335e-04
9.191919e-01 1.212121e-01 3.769053e-01 3.765883e-01 3.169820e-04
9.292929e-01 1.212121e-01 3.731173e-01 3.727083e-01 4.090454e-04
9.393939e-01 1.212121e-01 3.693674e-01 3.690354e-01 3.319926e-04
9.494949e-01 1.212121e-01 3.656552e-01 3.653510e-01 3.042200e-04
9.595960e-01 1.212121e-01 3.619803e-01 3.615265e-01 4.538266e-04
9.696970e-01 1.212121e-01 3.583424e-01 3.578483e-01 4.940669e-04
9.797980e-01 1.212121e-01 3.547410e-01 3.542806e-01 4.603921e-04
9.898990e-01 1.212121e-01 3.511757e-01 3.506831e-01 4.926547e-04
1.000000e+00 1.212121e-01 3.476464e-01 3.471890e-01 4.573341e-04
0.000000e+00 1.313131e-01 -8.814534e-01 -8.822845e-01 8.311586e-04
1.010101e-02 1.313131e-01 -8.725946e-01 -8.734704e-01 8.758150e-04
2.020202e-02 1.313131e-01 -8.638249e-01 -8.646181e-01 7.931732e-04
3.030303e-02 1.313131e-01 -8.551433e-01 -8.560008e-01 8.574751e-04
4.040404e-02 1.313131e-01 -8.465490e-01 -8.473135e-01 7.645497e-04
5.050505e-02 1.313131e-01 -8.380410e-01 -8.387561e-01 7.150687e-04
6.060606e-02 1.313131e-01 -8.296186e-01 -8.303976e-01 7.790417e-04
7.070707e-02 1.313131e-01 -8.212808e-01 -8.220862e-01 8.054553e-04
8.080808e-02 1.313131e-01 -8.130268e-01 -8.137599e-01 7.331714e-04
9.090909e-02 1.313131e-01 -8.048557e-01 -8.056285e-01 7.728406e-04
1.010101e-01 1.313131e-01 -7.967668e-01 -7.974774e-01 7.106006e-04
1.111111e-01 1.313131e-01 -7.887591e-01 -7.894632e-01 7.040369e-04
1.212121e-01 1.313131e-01 -7.808320e-01 -7.813668e-01 5.348599e-04
1.313131e-01 1.313131e-01 -7.729845e-01 -7.736522e-01 6.677218e-04
1.414141e-01 1.313131e-01 -7.652159e-01 -7.658254e-01 6.095391e-04
1.515152e-01 1.313131e-01 -7.575253e-01 -7.580793e-01 5.539852e-04
1.616162e-01 1.313131e-01 -7.499120e-01 -7.504417e-01 5.296205e-04
1.717172e-01 1.313131e-01 -7.423753e-01 -7.427588e-01 3.834417e-04
1.818182e-01 1.313131e-01 -7.349143e-01 -7.353772e-01 4.628786e-04
1.919192e-01 1.313131e-01 -7.275283e-01 -7.280713e-01 5.430291e-04
2.020202e-01 1.313131e-01 -7.202165e-01 -7.206668e-01 4.502437e-04
2.121212e-01 1.313131e-01 -7.129782e-01 -7.134384e-01 4.601649e-04
2.222222e-01 1.313131e-01 -7.058127e-01 -7.062112e-01 3.985323e-04
2.323232e-01 1.313131e-01 -6.987191e-01 -6.991047e-01 3.855244e-04
2.424242e-01 1.313131e-01 -6.916969e-01 -6.921297e-01 4.328324e-04
2.525253e-01 1.313131e-01 -6.847452e-01 -6.851852e-01 4.399641e-04
2.626263e-01 1.313131e-01 -6.778634e-01 -6.782490e-01 3.855749e-04
2.727273e-01 1.313131e-01 -6.710508e-01 -6.712928e-01 2.419954e-04
2.828283e-01 1.313131e-01 -6.643066e-01 -6.646726e-01 3.659987e-04
2.929293e-01 1.313131e-01 -6.576302e-01 -6.579016e-01 2.714221e-04
3.030303e-01 1.313131e-01 -6.510209e-01 -6.513398e-01 3.188398e-04
3.131313e-01 1.313131e-01 -6.444781e-01 -6.447359e-01 2.578714e-04
3.232323e-01 1.313131e-01 -6.380009e-01 -6.382807e-01 2.798000e-04
3.333333e-01 1.313131e-01 -6.315889e-01 -6.318380e-01 2.490303e-04
3.434343e-01 1.313131e-01 -6.252414e-01 -6.253935e-01 1.521499e-04
3.535354e-01 1.313131e-01 -6.189576e-01 -6.191885e-01 2.309668e-04
3.636364e-01 1.313131e-01 -6.127370e-01 -6.128627e-01 1.257524e-04
3.737374e-01 1.313131e-01 -6.065788e-01 -6.068387e-01 2.598576e-04
3.838384e-01 1.313131e-01 -6.004826e-01 -6.006795e-01 1.968895e-04
3.939394e-01 1.313131e-01 -5.944477e-01 -5.946071e-01 1.594377e-04
4.040404e-01 1.313131e-01 -5.884734e-01 -5.888425e-01 3.691321e-04
4.141414e-01 1.313131e-01 -5.825591e-01 -5.827322e-01 1.730768e-04
4.242424e-01 1.313131e-01 -5.767043e-01 -5.769005e-01 1.961744e-04
4.343434e-01 1.313131e-01 -5.709083e-01 -5.710427e-01 1.343233e-04
4.444444e-01 1.313131e-01 -5.651706e-01 -5.653366e-01 1.659751e-04
4.545455e-01 1.313131e-01 -5.594906e-01 -5.597435e-01 2.529722e-04
4.646465e-01 1.313131e-01 -5.538676e-01 -5.541099e-01 2.423527e-04
4.747475e-01 1.313131e-01 -5.483011e-01 -5.485278e-01 2.267197e-04
4.848485e-01 1.313131e-01 -5.427906e-01 -5.431480e-01 3.574410e-04
4.949495e-01 1.313131e-01 -5.373355e-01 -5.375353e-01 1.998458e-04
5.050505e-01 1.313131e-01 -5.319352e-01 -5.322050e-01 2.698324e-04
5.151515e-01 1.313131e-01 -5.265891e-01 -5.268717e-01 2.825647e-04
5.252525e-01 1.313131e-01 -5.212968e-01 -5.215813e-01 2.844838e-04
5.353535e-01 1.313131e-01 -5.160577e-01 -5.162605e-01 2.028159e-04
5.454545e-01 1.313131e-01 -5.108712e-01 -5.110202e-01 1.489603e-04
5.555556e-01 1.313131e-01 -5.057369e-01 -5.059637e-01 2.268006e-04
5.656566e-01 1.313131e-01 -5.006541e-01 -5.006649e-01 1.080666e-05
5.757576e-01 1.313131e-01 -4.956225e-01 -4.957153e-01 9.277511e-05
5.858586e-01 1.313131e-01 -4.906414e-01 -4.907863e-01 1.449170e-04
5.959596e-01 1.313131e-01 -4.857104e-01 -4.857187e-01 8.357682e-06
6.060606e-01 1.313131e-01 -4.808289e-01 -4.807025e-01 1.263801e-04
6.161616e-01 1.313131e-01 -4.759965e-01 -4.759498e-01 4.672485e-05
6.262626e-01 1.313131e-01 -4.712126e-01 -4.710981e-01 1.145799e-04
6.363636e-01 1.313131e-01 -4.664769e-01 -4.663438e-01 1.331194e-04
6.464646e-01 1.313131e-01 -4.617887e-01 -4.614270e-01 3.617363e-04
6.565657e-01 1.313131e-01 -4.571477e-01 -4.568501e-01 2.976045e-04
6.666667e-01 1.313131e-01 -4.525532e-01 -4.523169e-01 2.363662e-04
6.767677e-01 1.313131e-01 -4.480050e-01 -4.476857e-01 3.192925e-04
6.868687e-01 1.313131e-01 -4.435025e-01 -4.433149e-01 1.875763e-04
6.969697e-01 1.313131e-01 -4.390452e-01 -4.386688e-01 3.763654e-04
7.070707e-01 1.313131e-01 -4.346327e-01 -4.342154e-01 4.173087e-04
7.171717e-01 1.313131e-01 -4.302646e-01 -4.297656e-01 4.990218e-04
7.272727e-01 1.313131e-01 -4.259404e-01 -4.255884e-01 3.520037e-04
7.373737e-01 1.313131e-01 -4.216596e-01 -4.211544e-01 5.052217e-04
7.474747e-01 1.313131e-01 -4.174219e-01 -4.169110e-01 5.108465e-04
7.575758e-01 1.313131e-01 -4.132267e-01 -4.128295e-01 3.971751e-04
7.676768e-01 1.313131e-01 -4.090737e-01 -4.086348e-01 4.389147e-04
7.777778e-01 1.313131e-01 -4.049624e-01 -4.044926e-01 4.698212e-04
7.878788e-01 1.313131e-01 -4.008925e-01 -4.003199e-01 5.725641e-04
7.979798e-01 1.313131e-01 -3.968635e-01 -3.963774e-01 4.860175e-04
8.080808e-01 1.313131e-01 -3.928749e-01 -3.922890e-01 5.858755e-04
8.181818e-01 1.313131e-01 -3.889265e-01 -3.882214e-01 7.050767e-04
8.282828e-01 1.313131e-01 -3.850177e-01 -3.843504e-01 6.672652e-04
8.383838e-01 1.313131e-01 -3.811482e-01 -3.806823e-01 4.658433e-04
8.484848e-01 1.313131e-01 -3.773176e-01 -3.766110e-01 7.065955e-04
8.585859e-01 1.313131e-01 -3.735255e-01 -3.727587e-01 7.667391e-04
8.686869e-01 1.313131e-01 -3.697715e-01 -3.693763e-01 3.951903e-04
8.787879e-01 1.313131e-01 -3.660552e-01 -3.654960e-01 5.591877e-04
8.888889e-01 1.313131e-01 -3.623763e-01 -3.617212e-01 6.551532e-04
8.989899e-01 1.313131e-01 -3.587344e-01 -3.582222e-01 5.121229e-04
9.090909e-01 1.313131e-01 -3.551290e-01 -3.544873e-01 6.417291e-04
9.191919e-01 1.313131e-01 -3.515599e-01 -3.510605e-01 4.994136e-04
9.292929e-01 1.313131e-01 -3.480267e-01 -3.473446e-01 6.820506e-04
9.393939e-01 1.313131e-01 -3.445290e-01 -3.440127e-01 5.162242e-04
9.494949e-01 1.313131e-01 -3.410664e-01 -3.406068e-01 4.595795e-04
9.595960e-01 1.313131e-01 -3.376386e-01 -3.369960e-01 6.426550e-04
9.696970e-01 1.313131e-01 -3.342453e-01 -3.335611e-01 6.842273e-04
9.797980e-01 1.313131e-01 -3.308861e-01 -3.302883e-01 5.977784e-04
9.898990e-01 1.313131e-01 -3.275606e-01 -3.268257e-01 7.348714e-04
1.000000e+00 1.313131e-01 -3.242686e-01 -3.238391e-01 4.295024e-04
0.000000e+00 1.414141e-01 7.957618e-01 7.941520e-01 1.609819e-03
1.010101e-02 1.414141e-01 7.877643e-01 7.859939e-01 1.770368e-03
2.020202e-02 1.414141e-01 7.798471e-01 7.781352e-01 1.711959e-03
3.030303e-02 1.414141e-01 7.720095e-01 7.702134e-01 1.796181e-03
4.040404e-02 1.414141e-01 7.642507e-01 7.624876e-01 1.763072e-03
5.050505e-02 1.414141e-01 7.565699e-01 7.548876e-01 1.682294e-03
6.060606e-02 1.414141e-01 7.489662e-01 7.473130e-01 1.653259e-03
7.070707e-02 1.414141e-01 7.414390e-01 7.397637e-01 1.675310e-03
8.080808e-02 1.414141e-01 7.339874e-01 7.323664e-01 1.620959e-03
9.090909e-02 1.414141e-01 7.266107e-01 7.249910e-01 1.619743e-03
1.010101e-01 1.414141e-01 7.193081e-01 7.177482e-01 1.559983e-03
1.111111e-01 1.414141e-01 7.120790e-01 7.103412e-01 1.737826e-03
1.212121e-01 1.414141e-01 7.049225e-01 7.033026e-01 1.619848e-03
1.313131e-01 1.414141e-01 6.978379e-01 6.962332e-01 1.604728e-03
1.414141e-01 1.414141e-01 6.908245e-01 6.891648e-01 1.659737e-03
1.515152e-01 1.414141e-01 6.838816e-01 6.822318e-01 1.649810e-03
1.616162e-01 1.414141e-01 6.770085e-01 6.753099e-01 1.698574e-03
1.717172e-01 1.414141e-01 6.702044e-01 6.686470e-01 1.557431e-03
1.818182e-01 1.414141e-01 6.634688e-01 6.618239e-01 1.644888e-03
1.919192e-01 1.414141e-01 6.568008e-01 6.552435e-01 1.557269e-03
2.020202e-01 1.414141e-01 6.501998e-01 6.487037e-01 1.496134e-03
2.121212e-01 1.414141e-01 6.436652e-01 6.421834e-01 1.481848e-03
2.222222e-01 1.414141e-01 6.371963e-01 6.358206e-01 1.375702e-03
2.323232e-01 1.414141e-01 6.307923e-01 6.294546e-01 1.337728e-03
2.424242e-01 1.414141e-01 6.244528e-01 6.231034e-01 1.349393e-03
2.525253e-01 1.414141e-01 6.181769e-01 6.166714e-01 1.505536e-03
2.626263e-01 1.414141e-01 6.119641e-01 6.106731e-01 1.291068e-03
2.727273e-01 1.414141e-01 6.058138e-01 6.045881e-01 1.225706e-03
2.828283e-01 1.414141e-01 5.997253e-01 5.985211e-01 1.204154e-03
2.929293e-01 1.414141e-01 5.936979e-01 5.924232e-01 1.274728e-03
3.030303e-01 1.414141e-01 5.877312e-01 5.865443e-01 1.186891e-03
3.131313e-01 1.414141e-01 5.818244e-01 5.806077e-01 1.216717e-03
3.232323e-01 1.414141e-01 5.759769e-01 5.747561e-01 1.220793e-03
3.333333e-01 1.414141e-01 5.701883e-01 5.688664e-01 1.321902e-03
3.434343e-01 1.414141e-01 5.644578e-01 5.632828e-01 1.174940e-03
3.535354e-01 1.414141e-01 5.587849e-01 5.575961e-01 1.188806e-03
3.636364e-01 1.414141e-01 5.531690e-01 5.521005e-01 1.068473e-03
3.737374e-01 1.414141e-01 5.476096e-01 5.464767e-01 1.132850e-03
3.838384e-01 1.414141e-01 5.421060e-01 5.409328e-01 1.173230e-03
3.939394e-01 1.414141e-01 5.366577e-01 5.355282e-01 1.129506e-03
4.040404e-01 1.414141e-01 5.312642e-01 5.299844e-01 1.279894e-03
4.141414e-01 1.414141e-01 5.259250e-01 5.246692e-01 1.255725e-03
4.242424e-01 1.414141e-01 5.206393e-01 5.194254e-01 1.213930e-03
4.343434e-01 1.414141e-01 5.154068e-01 5.142863e-01 1.120530e-03
4.444444e-01 1.414141e-01 5.102269e-01 5.091639e-01 1.063030e-03
4.545455e-01 1.414141e-01 5.050990e-01 5.038769e-01 1.222096e-03
4.646465e-01 1.414141e-01 5.000227e-01 4.990594e-01 9.633128e-04
4.747475e-01 1.414141e-01 4.949974e-01 4.940228e-01 9.746239e-04
4.848485e-01 1.414141e-01 4.900226e-01 4.890223e-01 1.000260e-03
4.949495e-01 1.414141e-01 4.850978e-01 4.840369e-01 1.060904e-03
5.050505e-01 1.414141e-01 4.802225e-01 4.792144e-01 1.008023e-03
5.151515e-01 1.414141e-01 4.753961e-01 4.743472e-01 1.048904e-03
5.252525e-01 1.414141e-01 4.706183e-01 4.696434e-01 9.749135e-04
5.353535e-01 1.414141e-01 4.658885e-01 4.648493e-01 1.039242e-03
5.454545e-01 1.414141e-01 4.612063e-01 4.602489e-01 9.573903e-04
5.555556e-01 1.414141e-01 4.565711e-01 4.556002e-01 9.708760e-04
5.656566e-01 1.414141e-01 4.519825e-01 4.510735e-01 9.089355e-04
5.757576e-01 1.414141e-01 4.474400e-01 4.465870e-01 8.529379e-04
5.858586e-01 1.414141e-01 4.429431e-01 4.419441e-01 9.990553e-04
5.959596e-01 1.414141e-01 4.384915e-01 4.375460e-01 9.454512e-04
6.060606e-01 1.414141e-01 4.340846e-01 4.332272e-01 8.573724e-04
6.161616e-01 1.414141e-01 4.297219e-01 4.288782e-01 8.437140e-04
6.262626e-01 1.414141e-01 4.254032e-01 4.246573e-01 7.458103e-04
6.363636e-01 1.414141e-01 4.211278e-01 4.203861e-01 7.416471e-04
6.464646e-01 1.414141e-01 4.168954e-01 4.162383e-01 6.571003e-04
6.565657e-01 1.414141e-01 4.127055e-01 4.119477e-01 7.577834e-04
6.666667e-01 1.414141e-01 4.085578e-01 4.078246e-01 7.331757e-04
6.767677e-01 1.414141e-01 4.044517e-01 4.038869e-01 5.648236e-04
6.868687e-01 1.414141e-01 4.003869e-01 3.997456e-01 6.412285e-04
6.969697e-01 1.414141e-01 3.963629e-01 3.957013e-01 6.616279e-04
7.070707e-01 1.414141e-01 3.923794e-01 3.918594e-01 5.199917e-04
7.171717e-01 1.414141e-01 3.884359e-01 3.879222e-01 5.137280e-04
7.272727e-01 1.414141e-01 3.845321e-01 3.839555e-01 5.766013e-04
7.373737e-01 1.414141e-01 3.806675e-01 3.801705e-01 4.970042e-04
7.474747e-01 1.414141e-01 3.768417e-01 3.763309e-01 5.107852e-04
7.575758e-01 1.414141e-01 3.730544e-01 3.724400e-01 6.144249e-04
7.676768e-01 1.414141e-01 3.693051e-01 3.687999e-01 5.051923e-04
7.777778e-01 1.414141e-01 3.655935e-01 3.649571e-01 6.364451e-04
7.878788e-01 1.414141e-01 3.619193e-01 3.613482e-01 5.710517e-04
7.979798e-01 1.414141e-01 3.582819e-01 3.577359e-01 5.459828e-04
8.080808e-01 1.414141e-01 3.546811e-01 3.541247e-01 5.563971e-04
8.181818e-01 1.414141e-01 3.511165e-01 3.504559e-01 6.605779e-04
8.282828e-01 1.414141e-01 3.475877e-01 3.470375e-01 5.502441e-04
8.383838e-01 1.414141e-01 3.440944e-01 3.434086e-01 6.858392e-04
8.484848e-01 1.414141e-01 3.406362e-01 3.400299e-01 6.062925e-04
8.585859e-01 1.414141e-01 3.372128e-01 3.365297e-01 6.830948e-04
8.686869e-01 1.414141e-01 3.338237e-01 3.329735e-01 8.501828e-04
8.787879e-01 1.414141e-01 3.304687e-01 3.299136e-01 5.551225e-04
8.888889e-01 1.414141e-01 3.271475e-01 3.264046e-01 7.429014e-04
8.989899e-01 1.414141e-01 3.238596e-01 3.229915e-01 8.680961e-04
9.090909e-01 1.414141e-01 3.206047e-01 3.197841e-01 8.206092e-04
9.191919e-01 1.414141e-01 3.173826e-01 3.165683e-01 8.143276e-04
9.292929e-01 1.414141e-01 3.141929e-01 3.135210e-01 6.718968e-04
9.393939e-01 1.414141e-01 3.110352e-01 3.103073e-01 7.279100e-04
9.494949e-01 1.414141e-01 3.079092e-01 3.071977e-01 7.114695e-04
9.595960e-01 1.414141e-01 3.048147e-01 3.041599e-01 6.547708e-04
9.696970e-01 1.414141e-01 3.017512e-01 3.011363e-01 6.149868e-04
9.797980e-01 1.414141e-01 2.987186e-01 2.980804e-01 6.381476e-04
9.898990e-01 1.414141e-01 2.957164e-01 2.951232e-01 5.932009e-04
1.000000e+00 1.414141e-01 2.927444e-01 2.917659e-01 9.785525e-04
0.000000e+00 1.515152e-01 -6.900790e-01 -6.913050e-01 1.226030e-03
1.010101e-02 1.515152e-01 -6.831436e-01 -6.844563e-01 1.312746e-03
2.020202e-02 1.515152e-01 -6.762779e-01 -6.775719e-01 1.293997e-03
3.030303e-02 1.515152e-01 -6.694812e-01 -6.708230e-01 1.341787e-03
4.040404e-02 1.515152e-01 -6.627528e-01 -6.640787e-01 1.325919e-03
5.050505e-02 1.515152e-01 -6.560920e-01 -6.573102e-01 1.218230e-03
6.060606e-02 1.515152e-01 -6.494982e-01 -6.507615e-01 1.263301e-03
7.070707e-02 1.515152e-01 -6.429706e-01 -6.442510e-01 1.280370e-03
8.080808e-02 1.515152e-01 -6.365087e-01 -6.377200e-01 1.211331e-03
9.090909e-02 1.515152e-01 -6.301116e-01 -6.313363e-01 1.224692e-03
1.010101e-01 1.515152e-01 -6.237789e-01 -6.249238e-01 1.144912e-03
1.111111e-01 1.515152e-01 -6.175098e-01 -6.186324e-01 1.122605e-03
1.212121e-01 1.515152e-01 -6.113038e-01 -6.122817e-01 9.779254e-04
1.313131e-01 1.515152e-01 -6.051601e-01 -6.062697e-01 1.109667e-03
1.414141e-01 1.515152e-01 -5.990781e-01 -6.001002e-01 1.022068e-03
1.515152e-01 1.515152e-01 -5.930573e-01 -5.940036e-01 9.463013e-04
1.616162e-01 1.515152e-01 -5.870969e-01 -5.880378e-01 9.409156e-04
1.717172e-01 1.515152e-01 -5.811965e-01 -5.820075e-01 8.110163e-04
1.818182e-01 1.515152e-01 -5.753554e-01 -5.761687e-01 8.132668e-04
1.919192e-01 1.515152e-01 -5.695730e-01 -5.704573e-01 8.843671e-04
2.020202e-01 1.515152e-01 -5.638487e-01 -5.646626e-01 8.139066e-04
2.121212e-01 1.515152e-01 -5.581819e-01 -5.589300e-01 7.481431e-04
2.222222e-01 1.515152e-01 -5.525721e-01 -5.532769e-01 7.048210e-04
2.323232e-01 1.515152e-01 -5.470186e-01 -5.477227e-01 7.040630e-04
2.424242e-01 1.515152e-01 -5.415210e-01 -5.422443e-01 7.233091e-04
2.525253e-01 1.515152e-01 -5.360786e-01 -5.368327e-01 7.540603e-04
2.626263e-01 1.515152e-01 -5.306910e-01 -5.314736e-01 7.826861e-04
2.727273e-01 1.515152e-01 -5.253574e-01 -5.259625e-01 6.050537e-04
2.828283e-01 1.515152e-01 -5.200775e-01 -5.208346e-01 7.570763e-04
2.929293e-01 1.515152e-01 -5.148506e-01 -5.155972e-01 7.466005e-04
3.030303e-01 1.515152e-01 -5.096763e-01 -5.104865e-01 8.101942e-04
3.131313e-01 1.515152e-01 -5.045540e-01 -5.053185e-01 7.645646e-04
3.232323e-01 1.515152e-01 -4.994831e-01 -5.002819e-01 7.988232e-04
3.333333e-01 1.515152e-01 -4.944632e-01 -4.952883e-01 8.250343e-04
3.434343e-01 1.515152e-01 -4.894938e-01 -4.902855e-01 7.917348e-04
3.535354e-01 1.515152e-01 -4.845743e-01 -4.853886e-01 8.143495e-04
3.636364e-01 1.515152e-01 -4.797042e-01 -4.804844e-01 7.801315e-04
3.737374e-01 1.515152e-01 -4.748831e-01 -4.757487e-01 8.655305e-04
3.838384e-01 1.515152e-01 -4.701105e-01 -4.709204e-01 8.099703e-04
3.939394e-01 1.515152e-01 -4.653858e-01 -4.661318e-01 7.460215e-04
4.040404e-01 1.515152e-01 -4.607086e-01 -4.616574e-01 9.488245e-04
4.141414e-01 1.515152e-01 -4.560784e-01 -4.567823e-01 7.039585e-04
4.242424e-01 1.515152e-01 -4.514947e-01 -4.522296e-01 7.349000e-04
4.343434e-01 1.515152e-01 -4.469571e-01 -4.476585e-01 7.014168e-04
4.444444e-01 1.515152e-01 -4.424651e-01 -4.431332e-01 6.681063e-04
4.545455e-01 1.515152e-01 -4.380183e-01 -4.387447e-01 7.263837e-04
4.646465e-01 1.515152e-01 -4.336161e-01 -4.343354e-01 7.192270e-04
4.747475e-01 1.515152e-01 -4.292582e-01 -4.299467e-01 6.884511e-04
4.848485e-01 1.515152e-01 -4.249441e-01 -4.257642e-01 8.201096e-04
4.949495e-01 1.515152e-01 -4.206733e-01 -4.213556e-01 6.822704e-04
5.050505e-01 1.515152e-01 -4.164455e-01 -4.173125e-01 8.670051e-04
5.151515e-01 1.515152e-01 -4.122602e-01 -4.130244e-01 7.642742e-04
5.252525e-01 1.515152e-01 -4.081169e-01 -4.089264e-01 8.094995e-04
5.353535e-01 1.515152e-01 -4.040152e-01 -4.047843e-01 7.690959e-04
5.454545e-01 1.515152e-01 -3.999548e-01 -4.007199e-01 7.650754e-04
5.555556e-01 1.515152e-01 -3.959352e-01 -3.969020e-01 9.667717e-04
5.656566e-01 1.515152e-01 -3.919560e-01 -3.927497e-01 7.936883e-04
5.757576e-01 1.515152e-01 -3.880168e-01 -3.888880e-01 8.712453e-04
5.858586e-01 1.515152e-01 -3.841171e-01 -3.851216e-01 1.004461e-03
5.959596e-01 1.515152e-01 -3.802567e-01 -3.811580e-01 9.013120e-04
6.060606e-01 1.515152e-01 -3.764350e-01 -3.773243e-01 8.893033e-04
6.161616e-01 1.515152e-01 -3.726518e-01 -3.736221e-01 9.702551e-04
6.262626e-01 1.515152e-01 -3.689066e-01 -3.697314e-01 8.248341e-04
6.363636e-01 1.515152e-01 -3.651990e-01 -3.660302e-01 8.311967e-04
6.464646e-01 1.515152e-01 -3.615287e-01 -3.622102e-01 6.814458e-04
6.565657e-01 1.515152e-01 -3.578953e-01 -3.586169e-01 7.216630e-04
6.666667e-01 1.515152e-01 -3.542984e-01 -3.550764e-01 7.780542e-04
6.767677e-01 1.515152e-01 -3.507376e-01 -3.513849e-01 6.472578e-04
6.868687e-01 1.515152e-01 -3.472126e-01 -3.479308e-01 7.181400e-04
6.969697e-01 1.515152e-01 -3.437231e-01 -3.443512e-01 6.280683e-04
7.070707e-01 1.515152e-01 -3.402686e-01 -3.408185e-01 5.498945e-04
7.171717e-01 1.515152e-01 -3.368489e-01 -3.373940e-01 5.451256e-04
7.272727e-01 1.515152e-01 -3.334635e-01 -3.339757e-01 5.121864e-04
7.373737e-01 1.515152e-01 -3.301121e-01 -3.304355e-01 3.233916e-04
7.474747e-01 1.515152e-01 -3.267944e-01 -3.271738e-01 3.793879e-04
7.575758e-01 1.515152e-01 -3.235101e-01 -3.239504e-01 4.403072e-04
7.676768e-01 1.515152e-01 -3.202588e-01 -3.205656e-01 3.068089e-04
7.777778e-01 1.515152e-01 -3.170401e-01 -3.174570e-01 4.168422e-04
7.878788e-01 1.515152e-01 -3.138538e-01 -3.142141e-01 3.602978e-04
7.979798e-01 1.515152e-01 -3.106995e-01 -3.109807e-01 2.811480e-04
8.080808e-01 1.515152e-01 -3.075769e-01 -3.079277e-01 3.507800e-04
8.181818e-01 1.515152e-01 -3.044857e-01 -3.046736e-01 1.878043e-04
8.282828e-01 1.515152e-01 -3.014256e-01 -3.016711e-01 2.455315e-04
8.383838e-01 1.515152e-01 -2.983962e-01 -2.988353e-01 4.390392e-04
8.484848e-01 1.515152e-01 -2.953973e-01 -2.957247e-01 3.274431e-04
8.585859e-01 1.515152e-01 -2.924285e-01 -2.927241e-01 2.956181e-04
8.686869e-01 1.515152e-01 -2.894896e-01 -2.900179e-01 5.283436e-04
8.787879e-01 1.515152e-01 -2.865801e-01 -2.870914e-01 5.112929e-04
8.888889e-01 1.515152e-01 -2.837000e-01 -2.841886e-01 4.886056e-04
8.989899e-01 1.515152e-01 -2.808487e-01 -2.813129e-01 4.642113e-04
9.090909e-01 1.515152e-01 -2.780262e-01 -2.784067e-01 3.805844e-04
9.191919e-01 1.515152e-01 -2.752319e-01 -2.756446e-01 4.126546e-04
9.292929e-01 1.515152e-01 -2.724658e-01 -2.727221e-01 2.563061e-04
9.393939e-01 1.515152e-01 -2.697275e-01 -2.700620e-01 3.344776e-04
9.494949e-01 1.515152e-01 -2.670167e-01 -2.674474e-01 4.306664e-04
9.595960e-01 1.515152e-01 -2.643331e-01 -2.644665e-01 1.334002e-04
9.696970e-01 1.515152e-01 -2.616765e-01 -2.617754e-01 9.890191e-05
9.797980e-01 1.515152e-01 -2.590466e-01 -2.592487e-01 2.020941e-04
9.898990e-01 1.515152e-01 -2.564432e-01 -2.565677e-01 1.245389e-04
1.000000e+00 1.515152e-01 -2.538659e-01 -2.542852e-01 4.193352e-04
0.000000e+00 1.616162e-01 5.670599e-01 5.674691e-01 4.091966e-04
1.010101e-02 1.616162e-01 5.613608e-01 5.619297e-01 5.688848e-04
2.020202e-02 1.616162e-01 5.557190e-01 5.564034e-01 6.843501e-04
3.030303e-02 1.616162e-01 5.501340e-01 5.507654e-01 6.314156e-04
4.040404e-02 1.616162e-01 5.446050e-01 5.452995e-01 6.944884e-04
5.050505e-02 1.616162e-01 5.391317e-01 5.398925e-01 7.608242e-04
6.060606e-02 1.616162e-01 5.337133e-01 5.344515e-01 7.381771e-04
7.070707e-02 1.616162e-01 5.283494e-01 5.290706e-01 7.212157e-04
8.080808e-02 1.616162e-01 5.230394e-01 5.237378e-01 6.983874e-04
9.090909e-02 1.616162e-01 5.177828e-01 5.185298e-01 7.470049e-04
1.010101e-01 1.616162e-01 5.125790e-01 5.132186e-01 6.396763e-04
1.111111e-01 1.616162e-01 5.074275e-01 5.079691e-01 5.416202e-04
1.212121e-01 1.616162e-01 5.023277e-01 5.029640e-01 6.362889e-04
1.313131e-01 1.616162e-01 4.972793e-01 4.978835e-01 6.042152e-04
1.414141e-01 1.616162e-01 4.922815e-01 4.929103e-01 6.287813e-04
1.515152e-01 1.616162e-01 4.873340e-01 4.878710e-01 5.369580e-04
1.616162e-01 1.616162e-01 4.824362e-01 4.829755e-01 5.393269e-04
1.717172e-01 1.616162e-01 4.775877e-01 4.783279e-01 7.402785e-04
1.818182e-01 1.616162e-01 4.727878e-01 4.733699e-01 5.821100e-04
1.919192e-01 1.616162e-01 4.680362e-01 4.686432e-01 6.070280e-04
2.020202e-01 1.616162e-01 4.633324e-01 4.640620e-01 7.296270e-04
2.121212e-01 1.616162e-01 4.586758e-01 4.593765e-01 7.007031e-04
2.222222e-01 1.616162e-01 4.540660e-01 4.549359e-01 8.698656e-04
2.323232e-01 1.616162e-01 4.495026e-01 4.502954e-01 7.927554e-04
2.424242e-01 1.616162e-01 4.449850e-01 4.457304e-01 7.454202e-04
2.525253e-01 1.616162e-01 4.405129e-01 4.411859e-01 6.730077e-04
2.626263e-01 1.616162e-01 4.360856e-01 4.369020e-01 8.163599e-04
2.727273e-01 1.616162e-01 4.317029e-01 4.325446e-01 8.417550e-04
2.828283e-01 1.616162e-01 4.273642e-01 4.283060e-01 9.418354e-04
2.929293e-01 1.616162e-01 4.230691e-01 4.239106e-01 8.414616e-04
3.030303e-01 1.616162e-01 4.188172e-01 4.196783e-01 8.611190e-04
3.131313e-01 1.616162e-01 4.146080e-01 4.155083e-01 9.003011e-04
3.232323e-01 1.616162e-01 4.104411e-01 4.113076e-01 8.664837e-04
3.333333e-01 1.616162e-01 4.063161e-01 4.071039e-01 7.877487e-04
3.434343e-01 1.616162e-01 4.022326e-01 4.031571e-01 9.244528e-04
3.535354e-01 1.616162e-01 3.981901e-01 3.990903e-01 9.001920e-04
3.636364e-01 1.616162e-01 3.941882e-01 3.951766e-01 9.883383e-04
3.737374e-01 1.616162e-01 3.902266e-01 3.911020e-01 8.753921e-04
3.838384e-01 1.616162e-01 3.863047e-01 3.871512e-01 8.465189e-04
3.939394e-01 1.616162e-01 3.824223e-01 3.832279e-01 8.055890e-04
4.040404e-01 1.616162e-01 3.785789e-01 3.794383e-01 8.594526e-04
4.141414e-01 1.616162e-01 3.747741e-01 3.756191e-01 8.449763e-04
4.242424e-01 1.616162e-01 3.710076e-01 3.717606e-01 7.530415e-04
4.343434e-01 1.616162e-01 3.672789e-01 3.682135e-01 9.345972e-04
4.444444e-01 1.616162e-01 3.635877e-01 3.642973e-01 7.096666e-04
4.545455e-01 1.616162e-01 3.599335e-01 3.605967e-01 6.631095e-04
4.646465e-01 1.616162e-01 3.563162e-01 3.571919e-01 8.757053e-04
4.747475e-01 1.616162e-01 3.527351e-01 3.534911e-01 7.559491e-04
4.848485e-01 1.616162e-01 3.491901e-01 3.500276e-01 8.375486e-04
4.949495e-01 1.616162e-01 3.456807e-01 3.463866e-01 7.059278e-04
5.050505e-01 1.616162e-01 3.422065e-01 3.428414e-01 6.348809e-04
5.151515e-01 1.616162e-01 3.387673e-01 3.394957e-01 7.283853e-04
5.252525e-01 1.616162e-01 3.353626e-01 3.359374e-01 5.748342e-04
5.353535e-01 1.616162e-01 3.319922e-01 3.326043e-01 6.121626e-04
5.454545e-01 1.616162e-01 3.286556e-01 3.293341e-01 6.785004e-04
5.555556e-01 1.616162e-01 3.253525e-01 3.261187e-01 7.661710e-04
5.656566e-01 1.616162e-01 3.220827e-01 3.227490e-01 6.662695e-04
5.757576e-01 1.616162e-01 3.188457e-01 3.195279e-01 6.822191e-04
5.858586e-01 1.616162e-01 3.156413e-01 3.162693e-01 6.280259e-04
5.959596e-01 1.616162e-01 3.124690e-01 3.131558e-01 6.867945e-04
6.060606e-01 1.616162e-01 3.093286e-01 3.099721e-01 6.434673e-04
6.161616e-01 1.616162e-01 3.062198e-01 3.070322e-01 8.123320e-04
6.262626e-01 1.616162e-01 3.031423e-01 3.039293e-01 7.869937e-04
6.363636e-01 1.616162e-01 3.000956e-01 3.008129e-01 7.172547e-04
6.464646e-01 1.616162e-01 2.970796e-01 2.977887e-01 7.090453e-04
6.565657e-01 1.616162e-01 2.940939e-01 2.949012e-01 8.072576e-04
6.666667e-01 1.616162e-01 2.911382e-01 2.917270e-01 5.887946e-04
6.767677e-01 1.616162e-01 2.882123e-01 2.889753e-01 7.630445e-04
6.868687e-01 1.616162e-01 2.853157e-01 2.861166e-01 8.009272e-04
6.969697e-01 1.616162e-01 2.824482e-01 2.832230e-01 7.747705e-04
7.070707e-01 1.616162e-01 2.796096e-01 2.804077e-01 7.981157e-04
7.171717e-01 1.616162e-01 2.767994e-01 2.776952e-01 8.958096e-04
7.272727e-01 1.616162e-01 2.740175e-01 2.748797e-01 8.621452e-04
7.373737e-01 1.616162e-01 2.712636e-01 2.720952e-01 8.316064e-04
7.474747e-01 1.616162e-01 2.685374e-01 2.694001e-01 8.627375e-04
7.575758e-01 1.616162e-01 2.658385e-01 2.666562e-01 8.176830e-04
7.676768e-01 1.616162e-01 2.631668e-01 2.639827e-01 8.158977e-04
7.777778e-01 1.616162e-01 2.605219e-01 2.610425e-01 5.205305e-04
7.878788e-01 1.616162e-01 2.579037e-01 2.586228e-01 7.191390e-04
7.979798e-01 1.616162e-01 2.553117e-01 2.559568e-01 6.450872e-04
8.080808e-01 1.616162e-01 2.527458e-01 2.535414e-01 7.956531e-04
8.181818e-01 1.616162e-01 2.502056e-01 2.508419e-01 6.362956e-04
8.282828e-01 1.616162e-01 2.476910e-01 2.483539e-01 6.628866e-04
8.383838e-01 1.616162e-01 2.452017e-01 2.457232e-01 5.215118e-04
8.484848e-01 1.616162e-01 2.427374e-01 2.432270e-01 4.896167e-04
8.585859e-01 1.616162e-01 2.402978e-01 2.406399e-01 3.420577e-04
8.686869e-01 1.616162e-01 2.378828e-01 2.382304e-01 3.476324e-04
8.787879e-01 1.616162e-01 2.354920e-01 2.358101e-01 3.180579e-04
8.888889e-01 1.616162e-01 2.331253e-01 2.333342e-01 2.088744e-04
8.989899e-01 1.616162e-01 2.307823e-01 2.310257e-01 2.433641e-04
9.090909e-01 1.616162e-01 2.284629e-01 2.287924e-01 3.294385e-04
9.191919e-01 1.616162e-01 2.261668e-01 2.264660e-01 2.991596e-04
9.292929e-01 1.616162e-01 2.238938e-01 2.241697e-01 2.759050e-04
9.393939e-01 1.616162e-01 2.216437e-01 2.220123e-01 3.686851e-04
9.494949e-01 1.616162e-01 2.194161e-01 2.199914e-01 5.753452e-04
9.595960e-01 1.616162e-01 2.172109e-01 2.177375e-01 5.265340e-04
9.696970e-01 1.616162e-01 2.150279e-01 2.155461e-01 5.181454e-04
9.797980e-01 1.616162e-01 2.128669e-01 2.133396e-01 4.727671e-04
9.898990e-01 1.616162e-01 2.107275e-01 2.112216e-01 4.941230e-04
1.000000e+00 1.616162e-01 2.086097e-01 2.090285e-01 4.188464e-04
0.000000e+00 1.717172e-01 -4.297949e-01 -4.301939e-01 3.989890e-04
1.010101e-02 1.717172e-01 -4.254754e-01 -4.259347e-01 4.592706e-04
2.020202e-02 1.717172e-01 -4.211993e-01 -4.216014e-01 4.021114e-04
3.030303e-02 1.717172e-01 -4.169662e-01 -4.174408e-01 4.745918e-04
4.040404e-02 1.717172e-01 -4.127756e-01 -4.132019e-01 4.263273e-04
5.050505e-02 1.717172e-01 -4.086271e-01 -4.090800e-01 4.528911e-04
6.060606e-02 1.717172e-01 -4.045204e-01 -4.050394e-01 5.190629e-04
7.070707e-02 1.717172e-01 -4.004549e-01 -4.010494e-01 5.945057e-04
8.080808e-02 1.717172e-01 -3.964302e-01 -3.969429e-01 5.126221e-04
9.090909e-02 1.717172e-01 -3.924460e-01 -3.930112e-01 5.651703e-04
1.010101e-01 1.717172e-01 -3.885019e-01 -3.889924e-01 4.905347e-04
1.111111e-01 1.717172e-01 -3.845974e-01 -3.851308e-01 5.333775e-04
1.212121e-01 1.717172e-01 -3.807321e-01 -3.811582e-01 4.261148e-04
1.313131e-01 1.717172e-01 -3.769057e-01 -3.773885e-01 4.827806e-04
1.414141e-01 1.717172e-01 -3.731177e-01 -3.735085e-01 3.907215e-04
1.515152e-01 1.717172e-01 -3.693678e-01 -3.697302e-01 3.623975e-04
1.616162e-01 1.717172e-01 -3.656556e-01 -3.660622e-01 4.065358e-04
1.717172e-01 1.717172e-01 -3.619807e-01 -3.622683e-01 2.876000e-04
1.818182e-01 1.717172e-01 -3.583428e-01 -3.586332e-01 2.903985e-04
1.919192e-01 1.717172e-01 -3.547414e-01 -3.551165e-01 3.751287e-04
2.020202e-01 1.717172e-01 -3.511761e-01 -3.514649e-01 2.887194e-04
2.121212e-01 1.717172e-01 -3.476468e-01 -3.479412e-01 2.943907e-04
2.222222e-01 1.717172e-01 -3.441529e-01 -3.444147e-01 2.618493e-04
2.323232e-01 1.717172e-01 -3.406941e-01 -3.409681e-01 2.740638e-04
2.424242e-01 1.717172e-01 -3.372700e-01 -3.375357e-01 2.657027e-04
2.525253e-01 1.717172e-01 -3.338804e-01 -3.342587e-01 3.782593e-04
2.626263e-01 1.717172e-01 -3.305249e-01 -3.308721e-01 3.471963e-04
2.727273e-01 1.717172e-01 -3.272030e-01 -3.273770e-01 1.739289e-04
2.828283e-01 1.717172e-01 -3.239146e-01 -3.242040e-01 2.893801e-04
2.929293e-01 1.717172e-01 -3.206592e-01 -3.209003e-01 2.411286e-04
3.030303e-01 1.717172e-01 -3.174365e-01 -3.177111e-01 2.746006e-04
3.131313e-01 1.717172e-01 -3.142462e-01 -3.145064e-01 2.601870e-04
3.232323e-01 1.717172e-01 -3.110880e-01 -3.113017e-01 2.137105e-04
3.333333e-01 1.717172e-01 -3.079615e-01 -3.081800e-01 2.184629e-04
3.434343e-01 1.717172e-01 -3.048664e-01 -3.049325e-01 6.602784e-05
3.535354e-01 1.717172e-01 -3.018025e-01 -3.018512e-01 4.866460e-05
3.636364e-01 1.717172e-01 -2.987693e-01 -2.988789e-01 1.095846e-04
3.737374e-01 1.717172e-01 -2.957666e-01 -2.959994e-01 2.327655e-04
3.838384e-01 1.717172e-01 -2.927941e-01 -2.928829e-01 8.878100e-05
3.939394e-01 1.717172e-01 -2.898515e-01 -2.898893e-01 3.782709e-05
4.040404e-01 1.717172e-01 -2.869385e-01 -2.872130e-01 2.745152e-04
4.141414e-01 1.717172e-01 -2.840547e-01 -2.842035e-01 1.488558e-04
4.242424e-01 1.717172e-01 -2.811999e-01 -2.812819e-01 8.207123e-05
4.343434e-01 1.717172e-01 -2.783738e-01 -2.785206e-01 1.468128e-04
4.444444e-01 1.717172e-01 -2.755761e-01 -2.755977e-01 2.162286e-05
4.545455e-01 1.717172e-01 -2.728065e-01 -2.729928e-01 1.863064e-04
4.646465e-01 1.717172e-01 -2.700647e-01 -2.702600e-01 1.953031e-04
4.747475e-01 1.717172e-01 -2.673505e-01 -2.675091e-01 1.585654e-04
4.848485e-01 1.717172e-01 -2.646636e-01 -2.650247e-01 3.611016e-04
4.949495e-01 1.717172e-01 -2.620037e-01 -2.622538e-01 2.500546e-04
5.050505e-01 1.717172e-01 -2.593705e-01 -2.597035e-01 3.329911e-04
5.151515e-01 1.717172e-01 -2.567638e-01 -2.570848e-01 3.209779e-04
5.252525e-01 1.717172e-01 -2.541833e-01 -2.545127e-01 3.293776e-04
5.353535e-01 1.717172e-01 -2.516287e-01 -2.519839e-01 3.552349e-04
5.454545e-01 1.717172e-01 -2.490998e-01 -2.493472e-01 2.474146e-04
5.555556e-01 1.717172e-01 -2.465963e-01 -2.468925e-01 2.962108e-04
5.656566e-01 1.717172e-01 -2.441180e-01 -2.443138e-01 1.958689e-04
5.757576e-01 1.717172e-01 -2.416645e-01 -2.418645e-01 1.999614e-04
5.858586e-01 1.717172e-01 -2.392358e-01 -2.394950e-01 2.592071e-04
5.959596e-01 1.717172e-01 -2.368314e-01 -2.370453e-01 2.139347e-04
6.060606e-01 1.717172e-01 -2.344512e-01 -2.344246e-01 2.662683e-05
6.161616e-01 1.717172e-01 -2.320949e-01 -2.323517e-01 2.567165e-04
6.262626e-01 1.717172e-01 -2.297624e-01 -2.298312e-01 6.886731e-05
6.363636e-01 1.717172e-01 -2.274532e-01 -2.275786e-01 1.254384e-04
6.464646e-01 1.717172e-01 -2.251673e-01 -2.249964e-01 1.708115e-04
6.565657e-01 1.717172e-01 -2.229043e-01 -2.229300e-01 2.572342e-05
6.666667e-01 1.717172e-01 -2.206641e-01 -2.206914e-01 2.737695e-05
6.767677e-01 1.717172e-01 -2.184464e-01 -2.183092e-01 1.371313e-04
6.868687e-01 1.717172e-01 -2.162509e-01 -2.163308e-01 7.989346e-05
6.969697e-01 1.717172e-01 -2.140776e-01 -2.140445e-01 3.312328e-05
7.070707e-01 1.717172e-01 -2.119261e-01 -2.118198e-01 1.062918e-04
7.171717e-01 1.717172e-01 -2.097962e-01 -2.096226e-01 1.736057e-04
7.272727e-01 1.717172e-01 -2.076877e-01 -2.076935e-01 5.776314e-06
7.373737e-01 1.717172e-01 -2.056004e-01 -2.054082e-01 1.921700e-04
7.474747e-01 1.717172e-01 -2.035341e-01 -2.034039e-01 1.301178e-04
7.575758e-01 1.717172e-01 -2.014885e-01 -2.015406e-01 5.207303e-05
7.676768e-01 1.717172e-01 -1.994635e-01 -1.994265e-01 3.699143e-05
7.777778e-01 1.717172e-01 -1.974589e-01 -1.973833e-01 7.553748e-05
7.878788e-01 1.717172e-01 -1.954744e-01 -1.953624e-01 1.119384e-04
7.979798e-01 1.717172e-01 -1.935098e-01 -1.934035e-01 1.063545e-04
8.080808e-01 1.717172e-01 -1.915650e-01 -1.915927e-01 2.766237e-05
8.181818e-01 1.717172e-01 -1.896398e-01 -1.895607e-01 7.911877e-05
8.282828e-01 1.717172e-01 -1.877339e-01 -1.875830e-01 1.508301e-04
8.383838e-01 1.717172e-01 -1.858471e-01 -1.859039e-01 5.680399e-05
8.484848e-01 1.717172e-01 -1.839793e-01 -1.838893e-01 8.997912e-05
8.585859e-01 1.717172e-01 -1.821303e-01 -1.818849e-01 2.454011e-04
8.686869e-01 1.717172e-01 -1.802998e-01 -1.804138e-01 1.139959e-04
8.787879e-01 1.717172e-01 -1.784878e-01 -1.784511e-01 3.674160e-05
8.888889e-01 1.717172e-01 -1.766940e-01 -1.765380e-01 1.559802e-04
8.989899e-01 1.717172e-01 -1.749182e-01 -1.748058e-01 1.124066e-04
9.090909e-01 1.717172e-01 -1.731602e-01 -1.729342e-01 2.260358e-04
9.191919e-01 1.717172e-01 -1.714199e-01 -1.713979e-01 2.205661e-05
9.292929e-01 1.717172e-01 -1.696971e-01 -1.693567e-01 3.404190e-04
9.393939e-01 1.717172e-01 -1.679916e-01 -1.678488e-01 1.428130e-04
9.494949e-01 1.717172e-01 -1.663033e-01 -1.663228e-01 1.953281e-05
9.595960e-01 1.717172e-01 -1.646319e-01 -1.643655e-01 2.663888e-04
9.696970e-01 1.717172e-01 -1.629773e-01 -1.627682e-01 2.091555e-04
9.797980e-01 1.717172e-01 -1.613394e-01 -1.611447e-01 1.946578e-04
9.898990e-01 1.717172e-01 -1.597179e-01 -1.595172e-01 2.007346e-04
1.000000e+00 1.717172e-01 -1.581127e-01 -1.582689e-01 1.562165e-04
0.000000e+00 1.818182e-01 2.817326e-01 2.799024e-01 1.830158e-03
1.010101e-02 1.818182e-01 2.789011e-01 2.770607e-01 1.840410e-03
2.020202e-02 1.818182e-01 2.760981e-01 2.742777e-01 1.820349e-03
3.030303e-02 1.818182e-01 2.733233e-01 2.714697e-01 1.853611e-03
4.040404e-02 1.818182e-01 2.705763e-01 2.687359e-01 1.840404e-03
5.050505e-02 1.818182e-01 2.678570e-01 2.660528e-01 1.804230e-03
6.060606e-02 1.818182e-01 2.651650e-01 2.633577e-01 1.807276e-03
7.070707e-02 1.818182e-01 2.625000e-01 2.607602e-01 1.739865e-03
8.080808e-02 1.818182e-01 2.598619e-01 2.581601e-01 1.701740e-03
9.090909e-02 1.818182e-01 2.572502e-01 2.555871e-01 1.663098e-03
1.010101e-01 1.818182e-01 2.546648e-01 2.530690e-01 1.595809e-03
1.111111e-01 1.818182e-01 2.521054e-01 2.505231e-01 1.582278e-03
1.212121e-01 1.818182e-01 2.495717e-01 2.481365e-01 1.435207e-03
1.313131e-01 1.818182e-01 2.470634e-01 2.456481e-01 1.415345e-03
1.414141e-01 1.818182e-01 2.445804e-01 2.432375e-01 1.342907e-03
1.515152e-01 1.818182e-01 2.421223e-01 2.408159e-01 1.306451e-03
1.616162e-01 1.818182e-01 2.396890e-01 2.384534e-01 1.235571e-03
1.717172e-01 1.818182e-01 2.372800e-01 2.362362e-01 1.043890e-03
1.818182e-01 1.818182e-01 2.348953e-01 2.337844e-01 1.110964e-03
1.919192e-01 1.818182e-01 2.325346e-01 2.314727e-01 1.061933e-03
2.020202e-01 1.818182e-01 2.301976e-01 2.292678e-01 9.297571e-04
2.121212e-01 1.818182e-01 2.278841e-01 2.269277e-01 9.563412e-04
2.222222e-01 1.818182e-01 2.255938e-01 2.247801e-01 8.136536e-04
2.323232e-01 1.818182e-01 2.233265e-01 2.224910e-01 8.355744e-04
2.424242e-01 1.818182e-01 2.210821e-01 2.203026e-01 7.794603e-04
2.525253e-01 1.818182e-01 2.188602e-01 2.180451e-01 8.151044e-04
2.626263e-01 1.818182e-01 2.166606e-01 2.159829e-01 6.776355e-04
2.727273e-01 1.818182e-01 2.144831e-01 2.139089e-01 5.741937e-04
2.828283e-01 1.818182e-01 2.123275e-01 2.117621e-01 5.654430e-04
2.929293e-01 1.818182e-01 2.101936e-01 2.096223e-01 5.712931e-04
3.030303e-01 1.818182e-01 2.080811e-01 2.075574e-01 5.236665e-04
3.131313e-01 1.818182e-01 2.059899e-01 2.054448e-01 5.450438e-04
3.232323e-01 1.818182e-01 2.039196e-01 2.034011e-01 5.185356e-04
3.333333e-01 1.818182e-01 2.018702e-01 2.013310e-01 5.391788e-04
3.434343e-01 1.818182e-01 1.998414e-01 1.994134e-01 4.280100e-04
3.535354e-01 1.818182e-01 1.978329e-01 1.974732e-01 3.597618e-04
3.636364e-01 1.818182e-01 1.958447e-01 1.955116e-01 3.330968e-04
3.737374e-01 1.818182e-01 1.938764e-01 1.934849e-01 3.915024e-04
3.838384e-01 1.818182e-01 1.919279e-01 1.914466e-01 4.813123e-04
3.939394e-01 1.818182e-01 1.899990e-01 1.896208e-01 3.782144e-04
4.040404e-01 1.818182e-01 1.880895e-01 1.876599e-01 4.296260e-04
4.141414e-01 1.818182e-01 1.861992e-01 1.858380e-01 3.611113e-04
4.242424e-01 1.818182e-01 1.843278e-01 1.839506e-01 3.772196e-04
4.343434e-01 1.818182e-01 1.824753e-01 1.821352e-01 3.400730e-04
4.444444e-01 1.818182e-01 1.806414e-01 1.802366e-01 4.048122e-04
4.545455e-01 1.818182e-01 1.788259e-01 1.784187e-01 4.072183e-04
4.646465e-01 1.818182e-01 1.770287e-01 1.767185e-01 3.102106e-04
4.747475e-01 1.818182e-01 1.752495e-01 1.749046e-01 3.448719e-04
4.848485e-01 1.818182e-01 1.734882e-01 1.732107e-01 2.774895e-04
4.949495e-01 1.818182e-01 1.717446e-01 1.714777e-01 2.669090e-04
5.050505e-01 1.818182e-01 1.700186e-01 1.697382e-01 2.804083e-04
5.151515e-01 1.818182e-01 1.683099e-01 1.680636e-01 2.462262e-04
5.252525e-01 1.818182e-01 1.666183e-01 1.663308e-01 2.875103e-04
5.353535e-01 1.818182e-01 1.649438e-01 1.646945e-01 2.492352e-04
5.454545e-01 1.818182e-01 1.632861e-01 1.631507e-01 1.353426e-04
5.555556e-01 1.818182e-01 1.616450e-01 1.616029e-01 4.216349e-05
5.656566e-01 1.818182e-01 1.600205e-01 1.600432e-01 2.278068e-05
5.757576e-01 1.818182e-01 1.584122e-01 1.583916e-01 2.063182e-05
5.858586e-01 1.818182e-01 1.568202e-01 1.568914e-01 7.124809e-05
5.959596e-01 1.818182e-01 1.552441e-01 1.552336e-01 1.046724e-05
6.060606e-01 1.818182e-01 1.536839e-01 1.537333e-01 4.939354e-05
6.161616e-01 1.818182e-01 1.521393e-01 1.522490e-01 1.096670e-04
6.262626e-01 1.818182e-01 1.506103e-01 1.506953e-01 8.503772e-05
6.363636e-01 1.818182e-01 1.490966e-01 1.491593e-01 6.268443e-05
6.464646e-01 1.818182e-01 1.475982e-01 1.477633e-01 1.650703e-04
6.565657e-01 1.818182e-01 1.461148e-01 1.462481e-01 1.333065e-04
6.666667e-01 1.818182e-01 1.446463e-01 1.446105e-01 3.579349e-05
6.767677e-01 1.818182e-01 1.431926e-01 1.432832e-01 9.059021e-05
6.868687e-01 1.818182e-01 1.417535e-01 1.417766e-01 2.307302e-05
6.969697e-01 1.818182e-01 1.403288e-01 1.404345e-01 1.056610e-04
7.070707e-01 1.818182e-01 1.389185e-01 1.389550e-01 3.648267e-05
7.171717e-01 1.818182e-01 1.375224e-01 1.376588e-01 1.364742e-04
7.272727e-01 1.818182e-01 1.361402e-01 1.360698e-01 7.040342e-05
7.373737e-01 1.818182e-01 1.347720e-01 1.348561e-01 8.409922e-05
7.474747e-01 1.818182e-01 1.334175e-01 1.335209e-01 1.033766e-04
7.575758e-01 1.818182e-01 1.320767e-01 1.321495e-01 7.280166e-05
7.676768e-01 1.818182e-01 1.307493e-01 1.309947e-01 2.454136e-04
7.777778e-01 1.818182e-01 1.294352e-01 1.294922e-01 5.701118e-05
7.878788e-01 1.818182e-01 1.281344e-01 1.283191e-01 1.847776e-04
7.979798e-01 1.818182e-01 1.268466e-01 1.270294e-01 1.828239e-04
8.080808e-01 1.818182e-01 1.255718e-01 1.258998e-01 3.280261e-04
8.181818e-01 1.818182e-01 1.243097e-01 1.246095e-01 2.997815e-04
8.282828e-01 1.818182e-01 1.230604e-01 1.234893e-01 4.288458e-04
8.383838e-01 1.818182e-01 1.218236e-01 1.221465e-01 3.228500e-04
8.484848e-01 1.818182e-01 1.205993e-01 1.209306e-01 3.312630e-04
8.585859e-01 1.818182e-01 1.193872e-01 1.197954e-01 4.081355e-04
8.686869e-01 1.818182e-01 1.181874e-01 1.184540e-01 2.665946e-04
8.787879e-01 1.818182e-01 1.169996e-01 1.173095e-01 3.098691e-04
8.888889e-01 1.818182e-01 1.158237e-01 1.160944e-01 2.706341e-04
8.989899e-01 1.818182e-01 1.146597e-01 1.148821e-01 2.224424e-04
9.090909e-01 1.818182e-01 1.135073e-01 1.137988e-01 2.914767e-04
9.191919e-01 1.818182e-01 1.123666e-01 1.125109e-01 1.443666e-04
9.292929e-01 1.818182e-01 1.112373e-01 1.115140e-01 2.767218e-04
9.393939e-01 1.818182e-01 1.101193e-01 1.102687e-01 1.493549e-04
9.494949e-01 1.818182e-01 1.090126e-01 1.092108e-01 1.982685e-04
9.595960e-01 1.818182e-01 1.079170e-01 1.080977e-01 1.806867e-04
9.696970e-01 1.818182e-01 1.068324e-01 1.070610e-01 2.286263e-04
9.797980e-01 1.818182e-01 1.057587e-01 1.059139e-01 1.552184e-04
9.898990e-01 1.818182e-01 1.046958e-01 1.048810e-01 1.851626e-04
1.000000e+00 1.818182e-01 1.036436e-01 1.037856e-01 1.419589e-04
0.000000e+00 1.919192e-01 -1.265925e-01 -1.263258e-01 2.666079e-04
1.010101e-02 1.919192e-01 -1.253202e-01 -1.250739e-01 2.462686e-04
2.020202e-02 1.919192e-01 -1.240607e-01 -1.237497e-01 3.109568e-04
3.030303e-02 1.919192e-01 -1.228139e-01 -1.224986e-01 3.152873e-04
4.040404e-02 1.919192e-01 -1.215796e-01 -1.212177e-01 3.618318e-04
5.050505e-02 1.919192e-01 -1.203577e-01 -1.199957e-01 3.620111e-04
6.060606e-02 1.919192e-01 -1.191481e-01 -1.188363e-01 3.117665e-04
7.070707e-02 1.919192e-01 -1.179506e-01 -1.176834e-01 2.671818e-04
8.080808e-02 1.919192e-01 -1.167652e-01 -1.164783e-01 2.868455e-04
9.090909e-02 1.919192e-01 -1.155917e-01 -1.152916e-01 3.000646e-04
1.010101e-01 1.919192e-01 -1.144299e-01 -1.140894e-01 3.405749e-04
1.111111e-01 1.919192e-01 -1.132799e-01 -1.130391e-01 2.408283e-04
1.212121e-01 1.919192e-01 -1.121414e-01 -1.117795e-01 3.619714e-04
1.313131e-01 1.919192e-01 -1.110144e-01 -1.106778e-01 3.365445e-04
1.414141e-01 1.919192e-01 -1.098987e-01 -1.096014e-01 2.972318e-04
1.515152e-01 1.919192e-01 -1.087942e-01 -1.084053e-01 3.888779e-04
1.616162e-01 1.919192e-01 -1.077008e-01 -1.072885e-01 4.122311e-04
1.717172e-01 1.919192e-01 -1.066184e-01 -1.061428e-01 4.756005e-04
1.818182e-01 1.919192e-01 -1.055468e-01 -1.050767e-01 4.701569e-04
1.919192e-01 1.919192e-01 -1.044861e-01 -1.039240e-01 5.620284e-04
2.020202e-01 1.919192e-01 -1.034360e-01 -1.029058e-01 5.302118e-04
2.121212e-01 1.919192e-01 -1.023964e-01 -1.017788e-01 6.176082e-04
2.222222e-01 1.919192e-01 -1.013673e-01 -1.007206e-01 6.466685e-04
2.323232e-01 1.919192e-01 -1.003486e-01 -9.969693e-02 6.516199e-04
2.424242e-01 1.919192e-01 -9.934003e-02 -9.874827e-02 5.917678e-04
2.525253e-01 1.919192e-01 -9.834165e-02 -9.780371e-02 5.379388e-04
2.626263e-01 1.919192e-01 -9.735330e-02 -9.676015e-02 5.931469e-04
2.727273e-01 1.919192e-01 -9.637488e-02 -9.576261e-02 6.122734e-04
2.828283e-01 1.919192e-01 -9.540630e-02 -9.488988e-02 5.164210e-04
2.929293e-01 1.919192e-01 -9.444745e-02 -9.384137e-02 6.060772e-04
3.030303e-01 1.919192e-01 -9.349824e-02 -9.295642e-02 5.418147e-04
3.131313e-01 1.919192e-01 -9.255857e-02 -9.199190e-02 5.666643e-04
3.232323e-01 1.919192e-01 -9.162834e-02 -9.107018e-02 5.581615e-04
3.333333e-01 1.919192e-01 -9.070746e-02 -9.029645e-02 4.110094e-04
3.434343e-01 1.919192e-01 -8.979583e-02 -8.930749e-02 4.883446e-04
3.535354e-01 1.919192e-01 -8.889337e-02 -8.846068e-02 4.326848e-04
3.636364e-01 1.919192e-01 -8.799998e-02 -8.748949e-02 5.104897e-04
3.737374e-01 1.919192e-01 -8.711556e-02 -8.668071e-02 4.348508e-04
3.838384e-01 1.919192e-01 -8.624004e-02 -8.573401e-02 5.060255e-04
3.939394e-01 1.919192e-01 -8.537331e-02 -8.484745e-02 5.258583e-04
4.040404e-01 1.919192e-01 -8.451529e-02 -8.416688e-02 3.484082e-04
4.141414e-01 1.919192e-01 -8.366590e-02 -8.323169e-02 4.342123e-04
4.242424e-01 1.919192e-01 -8.282504e-02 -8.240324e-02 4.218011e-04
4.343434e-01 1.919192e-01 -8.199264e-02 -8.154857e-02 4.440666e-04
4.444444e-01 1.919192e-01 -8.116860e-02 -8.058894e-02 5.796617e-04
4.545455e-01 1.919192e-01 -8.035284e-02 -7.994103e-02 4.118063e-04
4.646465e-01 1.919192e-01 -7.954528e-02 -7.892972e-02 6.155589e-04
4.747475e-01 1.919192e-01 -7.874584e-02 -7.807410e-02 6.717403e-04
4.848485e-01 1.919192e-01 -7.795443e-02 -7.736623e-02 5.881963e-04
4.949495e-01 1.919192e-01 -7.717097e-02 -7.658279e-02 5.881848e-04
5.050505e-01 1.919192e-01 -7.639539e-02 -7.579404e-02 6.013519e-04
5.151515e-01 1.919192e-01 -7.562761e-02 -7.491410e-02 7.135089e-04
5.252525e-01 1.919192e-01 -7.486754e-02 -7.415879e-02 7.087489e-04
5.353535e-01 1.919192e-01 -7.411511e-02 -7.342851e-02 6.865939e-04
5.454545e-01 1.919192e-01 -7.337024e-02 -7.275891e-02 6.113233e-04
5.555556e-01 1.919192e-01 -7.263285e-02 -7.202971e-02 6.031435e-04
5.656566e-01 1.919192e-01 -7.190288e-02 -7.126594e-02 6.369451e-04
5.757576e-01 1.919192e-01 -7.118025e-02 -7.053888e-02 6.413667e-04
5.858586e-01 1.919192e-01 -7.046487e-02 -6.993663e-02 5.282387e-04
5.959596e-01 1.919192e-01 -6.975669e-02 -6.917554e-02 5.811467e-04
6.060606e-01 1.919192e-01 -6.905562e-02 -6.845188e-02 6.037404e-04
6.161616e-01 1.919192e-01 -6.836160e-02 -6.780982e-02 5.517812e-04
6.262626e-01 1.919192e-01 -6.767456e-02 -6.698704e-02 6.875182e-04
6.363636e-01 1.919192e-01 -6.699442e-02 -6.641042e-02 5.839930e-04
6.464646e-01 1.919192e-01 -6.632111e-02 -6.575793e-02 5.631801e-04
6.565657e-01 1.919192e-01 -6.565457e-02 -6.507695e-02 5.776250e-04
6.666667e-01 1.919192e-01 -6.499473e-02 -6.447697e-02 5.177659e-04
6.767677e-01 1.919192e-01 -6.434152e-02 -6.372464e-02 6.168879e-04
6.868687e-01 1.919192e-01 -6.369488e-02 -6.307364e-02 6.212468e-04
6.969697e-01 1.919192e-01 -6.305474e-02 -6.250018e-02 5.545589e-04
7.070707e-01 1.919192e-01 -6.242103e-02 -6.167996e-02 7.410679e-04
7.171717e-01 1.919192e-01 -6.179369e-02 -6.103647e-02 7.572179e-04
7.272727e-01 1.919192e-01 -6.117265e-02 -6.045812e-02 7.145250e-04
7.373737e-01 1.919192e-01 -6.055785e-02 -5.983484e-02 7.230155e-04
7.474747e-01 1.919192e-01 -5.994924e-02 -5.917984e-02 7.693944e-04
7.575758e-01 1.919192e-01 -5.934674e-02 -5.856305e-02 7.836835e-04
7.676768e-01 1.919192e-01 -5.875029e-02 -5.794680e-02 8.034913e-04
7.777778e-01 1.919192e-01 -5.815984e-02 -5.732369e-02 8.361481e-04
7.878788e-01 1.919192e-01 -5.757533e-02 -5.670488e-02 8.704474e-04
7.979798e-01 1.919192e-01 -5.699668e-02 -5.607694e-02 9.197407e-04
8.080808e-01 1.919192e-01 -5.642386e-02 -5.555820e-02 8.656538e-04
8.181818e-01 1.919192e-01 -5.585679e-02 -5.500764e-02 8.491528e-04
8.282828e-01 1.919192e-01 -5.529542e-02 -5.435491e-02 9.405132e-04
8.383838e-01 1.919192e-01 -5.473969e-02 -5.394107e-02 7.986201e-04
8.484848e-01 1.919192e-01 -5.418955e-02 -5.330014e-02 8.894058e-04
8.585859e-01 1.919192e-01 -5.364493e-02 -5.284441e-02 8.005290e-04
8.686869e-01 1.919192e-01 -5.310579e-02 -5.237454e-02 7.312519e-04
8.787879e-01 1.919192e-01 -5.257207e-02 -5.169415e-02 8.779169e-04
8.888889e-01 1.919192e-01 -5.204371e-02 -5.123150e-02 8.122101e-04
8.989899e-01 1.919192e-01 -5.152067e-02 -5.082232e-02 6.983480e-04
9.090909e-01 1.919192e-01 -5.100287e-02 -5.023539e-02 7.674837e-04
9.191919e-01 1.919192e-01 -5.049029e-02 -4.983294e-02 6.573469e-04
9.292929e-01 1.919192e-01 -4.998285e-02 -4.917908e-02 8.037740e-04
9.393939e-01 1.919192e-01 -4.948052e-02 -4.876530e-02 7.152135e-04
9.494949e-01 1.919192e-01 -4.898323e-02 -4.831839e-02 6.648417e-04
9.595960e-01 1.919192e-01 -4.849094e-02 -4.769707e-02 7.938710e-04
9.696970e-01 1.919192e-01 -4.800360e-02 -4.725963e-02 7.439675e-04
9.797980e-01 1.919192e-01 -4.752115e-02 -4.663157e-02 8.895775e-04
9.898990e-01 1.919192e-01 -4.704356e-02 -4.617643e-02 8.671231e-04
1.000000e+00 1.919192e-01 -4.657076e-02 -4.585993e-02 7.108282e-04
0.000000e+00 2.020202e-01 -3.172793e-02 -3.205544e-02 3.275041e-04
1.010101e-02 2.020202e-01 -3.140906e-02 -3.171295e-02 3.038868e-04
2.020202e-02 2.020202e-01 -3.109340e-02 -3.138226e-02 2.888665e-04
3.030303e-02 2.020202e-01 -3.078090e-02 -3.109264e-02 3.117413e-04
4.040404e-02 2.020202e-01 -3.047155e-02 -3.081417e-02 3.426216e-04
5.050505e-02 2.020202e-01 -3.016531e-02 -3.042167e-02 2.563692e-04
6.060606e-02 2.020202e-01 -2.986214e-02 -3.010589e-02 2.437501e-04
7.070707e-02 2.020202e-01 -2.956202e-02 -2.984512e-02 2.830992e-04
8.080808e-02 2.020202e-01 -2.926492e-02 -2.951169e-02 2.467741e-04
9.090909e-02 2.020202e-01 -2.897080e-02 -2.922994e-02 2.591402e-04
1.010101e-01 2.020202e-01 -2.867964e-02 -2.892792e-02 2.482848e-04
1.111111e-01 2.020202e-01 -2.839140e-02 -2.873158e-02 3.401822e-04
1.212121e-01 2.020202e-01 -2.810606e-02 -2.832294e-02 2.168711e-04
1.313131e-01 2.020202e-01 -2.782359e-02 -2.816939e-02 3.458001e-04
1.414141e-01 2.020202e-01 -2.754396e-02 -2.792060e-02 3.766421e-04
1.515152e-01 2.020202e-01 -2.726714e-02 -2.766573e-02 3.985940e-04
1.616162e-01 2.020202e-01 -2.699310e-02 -2.733618e-02 3.430792e-04
1.717172e-01 2.020202e-01 -2.672182e-02 -2.706724e-02 3.454282e-04
1.818182e-01 2.020202e-01 -2.645326e-02 -2.681720e-02 3.639454e-04
1.919192e-01 2.020202e-01 -2.618740e-02 -2.663839e-02 4.509911e-04
2.020202e-01 2.020202e-01 -2.592421e-02 -2.630782e-02 3.836115e-04
2.121212e-01 2.020202e-01 -2.566367e-02 -2.606237e-02 3.987022e-04
2.222222e-01 2.020202e-01 -2.540574e-02 -2.580881e-02 4.030681e-04
2.323232e-01 2.020202e-01 -2.515041e-02 -2.550799e-02 3.575754e-04
2.424242e-01 2.020202e-01 -2.489765e-02 -2.530158e-02 4.039303e-04
2.525253e-01 2.020202e-01 -2.464742e-02 -2.514076e-02 4.933425e-04
2.626263e-01 2.020202e-01 -2.439971e-02 -2.488250e-02 4.827862e-04
2.727273e-01 2.020202e-01 -2.415449e-02 -2.449512e-02 3.406368e-04
2.828283e-01 2.020202e-01 -2.391173e-02 -2.433866e-02 4.269312e-04
2.929293e-01 2.020202e-01 -2.367141e-02 -2.419972e-02 5.283097e-04
3.030303e-01 2.020202e-01 -2.343351e-02 -2.392066e-02 4.871424e-04
3.131313e-01 2.020202e-01 -2.319800e-02 -2.370632e-02 5.083148e-04
3.232323e-01 2.020202e-01 -2.296486e-02 -2.345431e-02 4.894501e-04
3.333333e-01 2.020202e-01 -2.273406e-02 -2.334440e-02 6.103398e-04
3.434343e-01 2.020202e-01 -2.250558e-02 -2.300662e-02 5.010413e-04
3.535354e-01 2.020202e-01 -2.227939e-02 -2.276182e-02 4.824298e-04
3.636364e-01 2.020202e-01 -2.205548e-02 -2.243477e-02 3.792907e-04
3.737374e-01 2.020202e-01 -2.183382e-02 -2.219093e-02 3.571094e-04
3.838384e-01 2.020202e-01 -2.161439e-02 -2.202791e-02 4.135242e-04
3.939394e-01 2.020202e-01 -2.139716e-02 -2.171403e-02 3.168743e-04
4.040404e-01 2.020202e-01 -2.118211e-02 -2.159035e-02 4.082396e-04
4.141414e-01 2.020202e-01 -2.096923e-02 -2.135313e-02 3.838969e-04
4.242424e-01 2.020202e-01 -2.075848e-02 -2.107865e-02 3.201617e-04
4.343434e-01 2.020202e-01 -2.054986e-02 -2.083266e-02 2.827996e-04
4.444444e-01 2.020202e-01 -2.034333e-02 -2.063137e-02 2.880442e-04
4.545455e-01 2.020202e-01 -2.013887e-02 -2.044398e-02 3.051010e-04
4.646465e-01 2.020202e-01 -1.993648e-02 -2.009606e-02 1.595878e-04
4.747475e-01 2.020202e-01 -1.973611e-02 -1.994336e-02 2.072456e-04
4.848485e-01 2.020202e-01 -1.953776e-02 -1.982623e-02 2.884736e-04
4.949495e-01 2.020202e-01 -1.934140e-02 -1.955736e-02 2.159548e-04
5.050505e-01 2.020202e-01 -1.914702e-02 -1.939571e-02 2.486913e-04
5.151515e-01 2.020202e-01 -1.895459e-02 -1.916337e-02 2.087831e-04
5.252525e-01 2.020202e-01 -1.876409e-02 -1.898152e-02 2.174261e-04
5.353535e-01 2.020202e-01 -1.857551e-02 -1.883453e-02 2.590233e-04
5.454545e-01 2.020202e-01 -1.838882e-02 -1.858693e-02 1.981125e-04
5.555556e-01 2.020202e-01 -1.820401e-02 -1.857543e-02 3.714195e-04
5.656566e-01 2.020202e-01 -1.802106e-02 -1.829708e-02 2.760192e-04
5.757576e-01 2.020202e-01 -1.783994e-02 -1.800835e-02 1.684089e-04
5.858586e-01 2.020202e-01 -1.766065e-02 -1.796573e-02 3.050860e-04
5.959596e-01 2.020202e-01 -1.748316e-02 -1.778394e-02 3.007842e-04
6.060606e-01 2.020202e-01 -1.730745e-02 -1.764143e-02 3.339782e-04
6.161616e-01 2.020202e-01 -1.713350e-02 -1.748550e-02 3.519951e-04
6.262626e-01 2.020202e-01 -1.696131e-02 -1.720303e-02 2.417233e-04
6.363636e-01 2.020202e-01 -1.679085e-02 -1.698613e-02 1.952860e-04
6.464646e-01 2.020202e-01 -1.662209e-02 -1.688057e-02 2.584769e-04
6.565657e-01 2.020202e-01 -1.645504e-02 -1.667428e-02 2.192401e-04
6.666667e-01 2.020202e-01 -1.628966e-02 -1.657569e-02 2.860299e-04
6.767677e-01 2.020202e-01 -1.612595e-02 -1.636636e-02 2.404122e-04
6.868687e-01 2.020202e-01 -1.596388e-02 -1.623130e-02 2.674166e-04
6.969697e-01 2.020202e-01 -1.580344e-02 -1.613384e-02 3.304026e-04
7.070707e-01 2.020202e-01 -1.564462e-02 -1.586372e-02 2.191016e-04
7.171717e-01 2.020202e-01 -1.548738e-02 -1.582491e-02 3.375300e-04
7.272727e-01 2.020202e-01 -1.533173e-02 -1.566619e-02 3.344536e-04
7.373737e-01 2.020202e-01 -1.517765e-02 -1.544416e-02 2.665127e-04
7.474747e-01 2.020202e-01 -1.502511e-02 -1.538920e-02 3.640951e-04
7.575758e-01 2.020202e-01 -1.487410e-02 -1.516473e-02 2.906289e-04
7.676768e-01 2.020202e-01 -1.472462e-02 -1.498878e-02 2.641632e-04
7.777778e-01 2.020202e-01 -1.457663e-02 -1.495743e-02 3.807960e-04
7.878788e-01 2.020202e-01 -1.443013e-02 -1.472616e-02 2.960275e-04
7.979798e-01 2.020202e-01 -1.428511e-02 -1.449871e-02 2.136015e-04
8.080808e-01 2.020202e-01 -1.414154e-02 -1.441216e-02 2.706232e-04
8.181818e-01 2.020202e-01 -1.399942e-02 -1.417238e-02 1.729586e-04
8.282828e-01 2.020202e-01 -1.385872e-02 -1.395023e-02 9.150855e-05
8.383838e-01 2.020202e-01 -1.371944e-02 -1.388270e-02 1.632589e-04
8.484848e-01 2.020202e-01 -1.358156e-02 -1.373047e-02 1.489113e-04
8.585859e-01 2.020202e-01 -1.344506e-02 -1.357925e-02 1.341912e-04
8.686869e-01 2.020202e-01 -1.330993e-02 -1.350081e-02 1.908766e-04
8.787879e-01 2.020202e-01 -1.317617e-02 -1.337063e-02 1.944671e-04
8.888889e-01 2.020202e-01 -1.304374e-02 -1.324487e-02 2.011239e-04
8.989899e-01 2.020202e-01 -1.291265e-02 -1.302457e-02 1.119169e-04
9.090909e-01 2.020202e-01 -1.278288e-02 -1.288128e-02 9.840166e-05
9.191919e-01 2.020202e-01 -1.265441e-02 -1.272452e-02 7.011149e-05
9.292929e-01 2.020202e-01 -1.252723e-02 -1.245415e-02 7.307628e-05
9.393939e-01 2.020202e-01 -1.240133e-02 -1.247334e-02 7.201714e-05
9.494949e-01 2.020202e-01 -1.227669e-02 -1.247960e-02 2.029110e-04
9.595960e-01 2.020202e-01 -1.215331e-02 -1.209068e-02 6.262648e-05
9.696970e-01 2.020202e-01 -1.203117e-02 -1.211846e-02 8.729207e-05
9.797980e-01 2.020202e-01 -1.191025e-02 -1.206720e-02 1.569473e-04
9.898990e-01 2.020202e-01 -1.179055e-02 -1.191878e-02 1.282317e-04
1.000000e+00 2.020202e-01 -1.167205e-02 -1.192009e-02 2.480400e-04
0.000000e+00 2.121212e-01 1.892512e-01 1.889658e-01 2.854469e-04
1.010101e-02 2.121212e-01 1.873492e-01 1.871288e-01 2.204556e-04
2.020202e-02 2.121212e-01 1.854663e-01 1.853536e-01 1.127102e-04
3.030303e-02 2.121212e-01 1.836024e-01 1.835507e-01 5.172345e-05
4.040404e-02 2.121212e-01 1.817571e-01 1.817617e-01 4.596778e-06
5.050505e-02 2.121212e-01 1.799305e-01 1.799729e-01 4.243170e-05
6.060606e-02 2.121212e-01 1.781221e-01 1.781872e-01 6.506713e-05
7.070707e-02 2.121212e-01 1.763320e-01 1.764300e-01 9.801956e-05
8.080808e-02 2.121212e-01 1.745598e-01 1.747155e-01 1.557171e-04
9.090909e-02 2.121212e-01 1.728054e-01 1.730027e-01 1.972731e-04
1.010101e-01 2.121212e-01 1.710687e-01 1.713115e-01 2.427744e-04
1.111111e-01 2.121212e-01 1.693495e-01 1.694909e-01 1.414792e-04
1.212121e-01 2.121212e-01 1.676475e-01 1.678600e-01 2.125671e-04
1.313131e-01 2.121212e-01 1.659626e-01 1.661934e-01 2.307869e-04
1.414141e-01 2.121212e-01 1.642946e-01 1.644646e-01 1.699653e-04
1.515152e-01 2.121212e-01 1.626434e-01 1.628394e-01 1.959138e-04
1.616162e-01 2.121212e-01 1.610088e-01 1.611956e-01 1.867901e-04
1.717172e-01 2.121212e-01 1.593907e-01 1.595992e-01 2.085645e-04
1.818182e-01 2.121212e-01 1.577888e-01 1.579409e-01 1.521469e-04
1.919192e-01 2.121212e-01 1.562030e-01 1.563936e-01 1.906734e-04
2.020202e-01 2.121212e-01 1.546331e-01 1.548073e-01 1.741616e-04
2.121212e-01 2.121212e-01 1.530790e-01 1.532705e-01 1.914635e-04
2.222222e-01 2.121212e-01 1.515405e-01 1.517690e-01 2.284325e-04
2.323232e-01 2.121212e-01 1.500175e-01 1.502128e-01 1.952225e-04
2.424242e-01 2.121212e-01 1.485098e-01 1.486697e-01 1.598787e-04
2.525253e-01 2.121212e-01 1.470173e-01 1.471457e-01 1.283962e-04
2.626263e-01 2.121212e-01 1.455397e-01 1.457168e-01 1.771019e-04
2.727273e-01 2.121212e-01 1.440770e-01 1.442463e-01 1.692943e-04
2.828283e-01 2.121212e-01 1.426290e-01 1.428415e-01 2.124707e-04
2.929293e-01 2.121212e-01 1.411956e-01 1.414238e-01 2.281602e-04
3.030303e-01 2.121212e-01 1.397766e-01 1.400299e-01 2.533449e-04
3.131313e-01 2.121212e-01 1.383718e-01 1.386269e-01 2.551484e-04
3.232323e-01 2.121212e-01 1.369811e-01 1.372736e-01 2.924248e-04
3.333333e-01 2.121212e-01 1.356044e-01 1.358264e-01 2.219667e-04
3.434343e-01 2.121212e-01 1.342416e-01 1.346020e-01 3.603557e-04
3.535354e-01 2.121212e-01 1.328924e-01 1.332225e-01 3.300757e-04
3.636364e-01 2.121212e-01 1.315569e-01 1.319726e-01 4.156979e-04
3.737374e-01 2.121212e-01 1.302347e-01 1.306229e-01 3.881786e-04
3.838384e-01 2.121212e-01 1.289258e-01 1.293597e-01 4.338576e-04
3.939394e-01 2.121212e-01 1.276301e-01 1.281050e-01 4.749652e-04
4.040404e-01 2.121212e-01 1.263474e-01 1.267337e-01 3.862850e-04
4.141414e-01 2.121212e-01 1.250776e-01 1.254898e-01 4.122674e-04
4.242424e-01 2.121212e-01 1.238205e-01 1.242731e-01 4.525485e-04
4.343434e-01 2.121212e-01 1.225761e-01 1.230746e-01 4.984946e-04
4.444444e-01 2.121212e-01 1.213442e-01 1.219144e-01 5.702004e-04
4.545455e-01 2.121212e-01 1.201247e-01 1.205789e-01 4.542876e-04
4.646465e-01 2.121212e-01 1.189174e-01 1.196035e-01 6.860707e-04
4.747475e-01 2.121212e-01 1.177222e-01 1.183658e-01 6.435197e-04
4.848485e-01 2.121212e-01 1.165391e-01 1.171641e-01 6.250182e-04
4.949495e-01 2.121212e-01 1.153679e-01 1.159719e-01 6.039840e-04
5.050505e-01 2.121212e-01 1.142084e-01 1.148816e-01 6.731622e-04
5.151515e-01 2.121212e-01 1.130606e-01 1.137915e-01 7.308664e-04
5.252525e-01 2.121212e-01 1.119243e-01 1.126102e-01 6.858994e-04
5.353535e-01 2.121212e-01 1.107995e-01 1.114644e-01 6.649773e-04
5.454545e-01 2.121212e-01 1.096859e-01 1.103567e-01 6.707780e-04
5.555556e-01 2.121212e-01 1.085835e-01 1.092744e-01 6.908981e-04
5.656566e-01 2.121212e-01 1.074923e-01 1.081214e-01 6.291290e-04
5.757576e-01 2.121212e-01 1.064120e-01 1.071200e-01 7.080265e-04
5.858586e-01 2.121212e-01 1.053425e-01 1.060001e-01 6.576322e-04
5.959596e-01 2.121212e-01 1.042838e-01 1.048534e-01 5.696080e-04
6.060606e-01 2.121212e-01 1.032357e-01 1.038487e-01 6.129815e-04
6.161616e-01 2.121212e-01 1.021982e-01 1.027423e-01 5.440766e-04
6.262626e-01 2.121212e-01 1.011711e-01 1.017919e-01 6.208488e-04
6.363636e-01 2.121212e-01 1.001543e-01 1.007122e-01 5.578967e-04
6.464646e-01 2.121212e-01 9.914772e-02 9.965622e-02 5.085080e-04
6.565657e-01 2.121212e-01 9.815127e-02 9.858489e-02 4.336252e-04
6.666667e-01 2.121212e-01 9.716483e-02 9.756625e-02 4.014183e-04
6.767677e-01 2.121212e-01 9.618831e-02 9.662580e-02 4.374989e-04
6.868687e-01 2.121212e-01 9.522160e-02 9.562492e-02 4.033262e-04
6.969697e-01 2.121212e-01 9.426460e-02 9.455788e-02 2.932767e-04
7.070707e-01 2.121212e-01 9.331723e-02 9.372830e-02 4.110742e-04
7.171717e-01 2.121212e-01 9.237938e-02 9.281540e-02 4.360232e-04
7.272727e-01 2.121212e-01 9.145095e-02 9.180439e-02 3.534373e-04
7.373737e-01 2.121212e-01 9.053185e-02 9.083146e-02 2.996079e-04
7.474747e-01 2.121212e-01 8.962199e-02 8.996582e-02 3.438298e-04
7.575758e-01 2.121212e-01 8.872127e-02 8.909154e-02 3.702647e-04
7.676768e-01 2.121212e-01 8.782961e-02 8.823442e-02 4.048135e-04
7.777778e-01 2.121212e-01 8.694691e-02 8.736742e-02 4.205065e-04
7.878788e-01 2.121212e-01 8.607308e-02 8.650112e-02 4.280435e-04
7.979798e-01 2.121212e-01 8.520803e-02 8.574820e-02 5.401664e-04
8.080808e-01 2.121212e-01 8.435167e-02 8.484524e-02 4.935705e-04
8.181818e-01 2.121212e-01 8.350393e-02 8.393890e-02 4.349706e-04
8.282828e-01 2.121212e-01 8.266470e-02 8.317679e-02 5.120940e-04
8.383838e-01 2.121212e-01 8.183390e-02 8.233869e-02 5.047870e-04
8.484848e-01 2.121212e-01 8.101146e-02 8.148092e-02 4.694609e-04
8.585859e-01 2.121212e-01 8.019728e-02 8.067167e-02 4.743873e-04
8.686869e-01 2.121212e-01 7.939128e-02 7.983309e-02 4.418055e-04
8.787879e-01 2.121212e-01 7.859339e-02 7.912576e-02 5.323728e-04
8.888889e-01 2.121212e-01 7.780351e-02 7.823831e-02 4.347959e-04
8.989899e-01 2.121212e-01 7.702157e-02 7.735652e-02 3.349430e-04
9.090909e-01 2.121212e-01 7.624749e-02 7.663238e-02 3.848858e-04
9.191919e-01 2.121212e-01 7.548119e-02 7.577050e-02 2.893026e-04
9.292929e-01 2.121212e-01 7.472260e-02 7.514143e-02 4.188338e-04
9.393939e-01 2.121212e-01 7.397162e-02 7.426393e-02 2.923087e-04
9.494949e-01 2.121212e-01 7.322819e-02 7.351291e-02 2.847173e-04
9.595960e-01 2.121212e-01 7.249224e-02 7.285464e-02 3.623991e-04
9.696970e-01 2.121212e-01 7.176368e-02 7.203478e-02 2.710963e-04
9.797980e-01 2.121212e-01 7.104244e-02 7.145739e-02 4.149430e-04
9.898990e-01 2.121212e-01 7.032845e-02 7.074916e-02 4.207090e-04
1.000000e+00 2.121212e-01 6.962164e-02 6.992769e-02 3.060504e-04
0.000000e+00 2.222222e-01 -3.420201e-01 -3.419620e-01 5.816346e-05
1.010101e-02 2.222222e-01 -3.385828e-01 -3.385557e-01 2.709040e-05
2.020202e-02 2.222222e-01 -3.351800e-01 -3.351406e-01 3.938487e-05
3.030303e-02 2.222222e-01 -3.318114e-01 -3.318020e-01 9.345806e-06
4.040404e-02 2.222222e-01 -3.284766e-01 -3.285267e-01 5.013825e-05
5.050505e-02 2.222222e-01 -3.251754e-01 -3.252863e-01 1.109165e-04
6.060606e-02 2.222222e-01 -3.219073e-01 -3.220655e-01 1.581863e-04
7.070707e-02 2.222222e-01 -3.186721e-01 -3.188933e-01 2.212488e-04
8.080808e-02 2.222222e-01 -3.154694e-01 -3.155997e-01 1.303226e-04
9.090909e-02 2.222222e-01 -3.122988e-01 -3.125494e-01 2.505148e-04
1.010101e-01 2.222222e-01 -3.091602e-01 -3.093200e-01 1.597904e-04
1.111111e-01 2.222222e-01 -3.060531e-01 -3.062334e-01 1.803347e-04
1.212121e-01 2.222222e-01 -3.029772e-01 -3.030827e-01 1.055174e-04
1.313131e-01 2.222222e-01 -2.999322e-01 -3.000963e-01 1.640574e-04
1.414141e-01 2.222222e-01 -2.969178e-01 -2.970384e-01 1.205885e-04
1.515152e-01 2.222222e-01 -2.939338e-01 -2.940334e-01 9.963447e-05
1.616162e-01 2.222222e-01 -2.909797e-01 -2.910720e-01 9.232059e-05
1.717172e-01 2.222222e-01 -2.880553e-01 -2.880974e-01 4.214505e-05
1.818182e-01 2.222222e-01 -2.851603e-01 -2.852154e-01 5.508527e-05
1.919192e-01 2.222222e-01 -2.822944e-01 -2.823989e-01 1.044953e-04
2.020202e-01 2.222222e-01 -2.794573e-01 -2.795458e-01 8.850529e-05
2.121212e-01 2.222222e-01 -2.766487e-01 -2.767200e-01 7.130079e-05
2.222222e-01 2.222222e-01 -2.738683e-01 -2.739632e-01 9.483205e-05
2.323232e-01 2.222222e-01 -2.711159e-01 -2.711208e-01 4.887510e-06
2.424242e-01 2.222222e-01 -2.683911e-01 -2.684606e-01 6.949207e-05
2.525253e-01 2.222222e-01 -2.656938e-01 -2.658212e-01 1.274548e-04
2.626263e-01 2.222222e-01 -2.630235e-01 -2.631476e-01 1.240953e-04
2.727273e-01 2.222222e-01 -2.603801e-01 -2.603657e-01 1.440241e-05
2.828283e-01 2.222222e-01 -2.577632e-01 -2.578477e-01 8.446233e-05
2.929293e-01 2.222222e-01 -2.551726e-01 -2.552416e-01 6.893150e-05
3.030303e-01 2.222222e-01 -2.526081e-01 -2.526944e-01 8.625447e-05
3.131313e-01 2.222222e-01 -2.500694e-01 -2.501565e-01 8.710184e-05
3.232323e-01 2.222222e-01 -2.475561e-01 -2.475892e-01 3.304922e-05
3.333333e-01 2.222222e-01 -2.450681e-01 -2.451566e-01 8.850424e-05
3.434343e-01 2.222222e-01 -2.426052e-01 -2.426233e-01 1.816318e-05
3.535354e-01 2.222222e-01 -2.401669e-01 -2.401918e-01 2.487355e-05
3.636364e-01 2.222222e-01 -2.377532e-01 -2.378008e-01 4.761054e-05
3.737374e-01 2.222222e-01 -2.353638e-01 -2.354708e-01 1.070648e-04
3.838384e-01 2.222222e-01 -2.329983e-01 -2.330272e-01 2.883857e-05
3.939394e-01 2.222222e-01 -2.306566e-01 -2.306283e-01 2.839771e-05
4.040404e-01 2.222222e-01 -2.283385e-01 -2.284918e-01 1.532711e-04
4.141414e-01 2.222222e-01 -2.260437e-01 -2.261961e-01 1.523786e-04
4.242424e-01 2.222222e-01 -2.237719e-01 -2.237762e-01 4.325697e-06
4.343434e-01 2.222222e-01 -2.215230e-01 -2.216709e-01 1.479152e-04
4.444444e-01 2.222222e-01 -2.192966e-01 -2.192427e-01 5.391635e-05
4.545455e-01 2.222222e-01 -2.170926e-01 -2.171558e-01 6.317319e-05
4.646465e-01 2.222222e-01 -2.149108e-01 -2.149994e-01 8.861348e-05
4.747475e-01 2.222222e-01 -2.127509e-01 -2.128056e-01 5.463483e-05
4.848485e-01 2.222222e-01 -2.106128e-01 -2.107614e-01 1.486758e-04
4.949495e-01 2.222222e-01 -2.084961e-01 -2.085341e-01 3.800299e-05
5.050505e-01 2.222222e-01 -2.064006e-01 -2.064637e-01 6.305570e-05
5.151515e-01 2.222222e-01 -2.043263e-01 -2.043794e-01 5.316122e-05
5.252525e-01 2.222222e-01 -2.022728e-01 -2.023337e-01 6.092366e-05
5.353535e-01 2.222222e-01 -2.002399e-01 -2.003247e-01 8.476442e-05
5.454545e-01 2.222222e-01 -1.982274e-01 -1.982234e-01 4.033942e-06
5.555556e-01 2.222222e-01 -1.962352e-01 -1.962865e-01 5.127231e-05
5.656566e-01 2.222222e-01 -1.942630e-01 -1.941321e-01 1.308813e-04
5.757576e-01 2.222222e-01 -1.923107e-01 -1.922253e-01 8.531776e-05
5.858586e-01 2.222222e-01 -1.903779e-01 -1.903263e-01 5.156769e-05
5.959596e-01 2.222222e-01 -1.884646e-01 -1.883870e-01 7.759447e-05
6.060606e-01 2.222222e-01 -1.865705e-01 -1.862954e-01 2.750212e-04
6.161616e-01 2.222222e-01 -1.846954e-01 -1.846327e-01 6.274772e-05
6.262626e-01 2.222222e-01 -1.828392e-01 -1.827075e-01 1.316390e-04
6.363636e-01 2.222222e-01 -1.810016e-01 -1.808769e-01 1.247122e-04
6.464646e-01 2.222222e-01 -1.791825e-01 -1.788270e-01 3.554792e-04
6.565657e-01 2.222222e-01 -1.773817e-01 -1.771783e-01 2.034487e-04
6.666667e-01 2.222222e-01 -1.755990e-01 -1.753470e-01 2.520261e-04
6.767677e-01 2.222222e-01 -1.738342e-01 -1.735286e-01 3.056455e-04
6.868687e-01 2.222222e-01 -1.720871e-01 -1.719460e-01 1.410862e-04
6.969697e-01 2.222222e-01 -1.703576e-01 -1.701266e-01 2.310137e-04
7.070707e-01 2.222222e-01 -1.686455e-01 -1.682391e-01 4.064511e-04
7.171717e-01 2.222222e-01 -1.669506e-01 -1.666619e-01 2.887342e-04
7.272727e-01 2.222222e-01 -1.652727e-01 -1.650730e-01 1.997340e-04
7.373737e-01 2.222222e-01 -1.636117e-01 -1.631955e-01 4.162025e-04
7.474747e-01 2.222222e-01 -1.619674e-01 -1.616360e-01 3.313737e-04
7.575758e-01 2.222222e-01 -1.603396e-01 -1.601053e-01 2.342220e-04
7.676768e-01 2.222222e-01 -1.587281e-01 -1.583576e-01 3.705100e-04
7.777778e-01 2.222222e-01 -1.571329e-01 -1.566457e-01 4.871709e-04
7.878788e-01 2.222222e-01 -1.555537e-01 -1.550704e-01 4.832505e-04
7.979798e-01 2.222222e-01 -1.539903e-01 -1.534872e-01 5.031288e-04
8.080808e-01 2.222222e-01 -1.524427e-01 -1.521217e-01 3.210427e-04
8.181818e-01 2.222222e-01 -1.509106e-01 -1.504434e-01 4.672562e-04
8.282828e-01 2.222222e-01 -1.493940e-01 -1.488497e-01 5.442882e-04
8.383838e-01 2.222222e-01 -1.478925e-01 -1.475519e-01 3.406261e-04
8.484848e-01 2.222222e-01 -1.464062e-01 -1.459010e-01 5.051515e-04
8.585859e-01 2.222222e-01 -1.449348e-01 -1.443990e-01 5.357822e-04
8.686869e-01 2.222222e-01 -1.434782e-01 -1.431088e-01 3.693062e-04
8.787879e-01 2.222222e-01 -1.420362e-01 -1.416507e-01 3.854949e-04
8.888889e-01 2.222222e-01 -1.406087e-01 -1.401390e-01 4.696412e-04
8.989899e-01 2.222222e-01 -1.391955e-01 -1.388156e-01 3.799621e-04
9.090909e-01 2.222222e-01 -1.377966e-01 -1.373516e-01 4.449734e-04
9.191919e-01 2.222222e-01 -1.364117e-01 -1.361474e-01 2.642872e-04
9.292929e-01 2.222222e-01 -1.350408e-01 -1.345116e-01 5.291762e-04
9.393939e-01 2.222222e-01 -1.336836e-01 -1.334243e-01 2.593020e-04
9.494949e-01 2.222222e-01 -1.323400e-01 -1.322200e-01 1.200716e-04
9.595960e-01 2.222222e-01 -1.310100e-01 -1.306357e-01 3.742640e-04
9.696970e-01 2.222222e-01 -1.296933e-01 -1.294067e-01 2.866395e-04
9.797980e-01 2.222222e-01 -1.283899e-01 -1.280358e-01 3.541068e-04
9.898990e-01 2.222222e-01 -1.270996e-01 -1.267489e-01 3.506313e-04
1.000000e+00 2.222222e-01 -1.258222e-01 -1.256180e-01 2.041982e-04
0.000000e+00 2.323232e-01 4.861967e-01 4.868344e-01 6.376409e-04
1.010101e-02 2.323232e-01 4.813104e-01 4.818313e-01 5.209341e-04
2.020202e-02 2.323232e-01 4.764731e-01 4.769785e-01 5.054117e-04
3.030303e-02 2.323232e-01 4.716845e-01 4.720114e-01 3.268629e-04
4.040404e-02 2.323232e-01 4.669440e-01 4.673137e-01 3.696900e-04
5.050505e-02 2.323232e-01 4.622511e-01 4.626533e-01 4.022166e-04
6.060606e-02 2.323232e-01 4.576054e-01 4.579648e-01 3.594158e-04
7.070707e-02 2.323232e-01 4.530064e-01 4.533735e-01 3.671104e-04
8.080808e-02 2.323232e-01 4.484536e-01 4.487500e-01 2.963976e-04
9.090909e-02 2.323232e-01 4.439466e-01 4.443143e-01 3.676832e-04
1.010101e-01 2.323232e-01 4.394849e-01 4.396897e-01 2.048449e-04
1.111111e-01 2.323232e-01 4.350680e-01 4.351654e-01 9.745010e-05
1.212121e-01 2.323232e-01 4.306954e-01 4.308051e-01 1.096372e-04
1.313131e-01 2.323232e-01 4.263669e-01 4.263945e-01 2.763316e-05
1.414141e-01 2.323232e-01 4.220818e-01 4.220013e-01 8.052868e-05
1.515152e-01 2.323232e-01 4.178398e-01 4.176009e-01 2.389384e-04
1.616162e-01 2.323232e-01 4.136405e-01 4.133599e-01 2.805385e-04
1.717172e-01 2.323232e-01 4.094833e-01 4.093476e-01 1.357292e-04
1.818182e-01 2.323232e-01 4.053679e-01 4.050223e-01 3.456840e-04
1.919192e-01 2.323232e-01 4.012939e-01 4.008627e-01 4.312384e-04
2.020202e-01 2.323232e-01 3.972609e-01 3.969977e-01 2.631415e-04
2.121212e-01 2.323232e-01 3.932683e-01 3.928745e-01 3.937849e-04
2.222222e-01 2.323232e-01 3.893159e-01 3.891439e-01 1.720276e-04
2.323232e-01 2.323232e-01 3.854032e-01 3.850935e-01 3.097716e-04
2.424242e-01 2.323232e-01 3.815299e-01 3.811599e-01 3.699541e-04
2.525253e-01 2.323232e-01 3.776954e-01 3.773469e-01 3.485439e-04
2.626263e-01 2.323232e-01 3.738995e-01 3.737247e-01 1.747867e-04
2.727273e-01 2.323232e-01 3.701418e-01 3.699389e-01 2.029128e-04
2.828283e-01 2.323232e-01 3.664218e-01 3.663167e-01 1.051008e-04
2.929293e-01 2.323232e-01 3.627392e-01 3.626827e-01 5.644722e-05
3.030303e-01 2.323232e-01 3.590936e-01 3.590010e-01 9.254769e-05
3.131313e-01 2.323232e-01 3.554846e-01 3.554838e-01 8.079237e-07
3.232323e-01 2.323232e-01 3.519120e-01 3.518957e-01 1.626823e-05
3.333333e-01 2.323232e-01 3.483752e-01 3.482911e-01 8.408544e-05
3.434343e-01 2.323232e-01 3.448740e-01 3.449821e-01 1.081316e-04
3.535354e-01 2.323232e-01 3.414079e-01 3.415027e-01 9.475106e-05
3.636364e-01 2.323232e-01 3.379767e-01 3.380986e-01 1.218765e-04
3.737374e-01 2.323232e-01 3.345800e-01 3.345644e-01 1.559920e-05
3.838384e-01 2.323232e-01 3.312174e-01 3.310565e-01 1.608971e-04
3.939394e-01 2.323232e-01 3.278886e-01 3.276834e-01 2.051638e-04
4.040404e-01 2.323232e-01 3.245933e-01 3.244017e-01 1.915412e-04
4.141414e-01 2.323232e-01 3.213311e-01 3.212200e-01 1.111102e-04
4.242424e-01 2.323232e-01 3.181016e-01 3.177108e-01 3.908435e-04
4.343434e-01 2.323232e-01 3.149047e-01 3.147526e-01 1.520775e-04
4.444444e-01 2.323232e-01 3.117398e-01 3.112541e-01 4.857280e-04
4.545455e-01 2.323232e-01 3.086068e-01 3.080969e-01 5.098895e-04
4.646465e-01 2.323232e-01 3.055052e-01 3.051347e-01 3.705121e-04
4.747475e-01 2.323232e-01 3.024348e-01 3.020091e-01 4.257418e-04
4.848485e-01 2.323232e-01 2.993953e-01 2.990795e-01 3.157896e-04
4.949495e-01 2.323232e-01 2.963864e-01 2.958127e-01 5.736878e-04
5.050505e-01 2.323232e-01 2.934076e-01 2.928761e-01 5.315573e-04
5.151515e-01 2.323232e-01 2.904588e-01 2.900262e-01 4.325792e-04
5.252525e-01 2.323232e-01 2.875397e-01 2.870352e-01 5.045000e-04
5.353535e-01 2.323232e-01 2.846498e-01 2.841557e-01 4.941193e-04
5.454545e-01 2.323232e-01 2.817891e-01 2.814875e-01 3.016026e-04
5.555556e-01 2.323232e-01 2.789570e-01 2.788028e-01 1.541986e-04
5.656566e-01 2.323232e-01 2.761535e-01 2.758487e-01 3.047594e-04
5.757576e-01 2.323232e-01 2.733781e-01 2.730497e-01 3.284349e-04
5.858586e-01 2.323232e-01 2.706306e-01 2.704129e-01 2.176704e-04
5.959596e-01 2.323232e-01 2.679107e-01 2.677329e-01 1.778512e-04
6.060606e-01 2.323232e-01 2.652182e-01 2.650097e-01 2.084912e-04
6.161616e-01 2.323232e-01 2.625527e-01 2.625828e-01 3.010287e-05
6.262626e-01 2.323232e-01 2.599140e-01 2.598270e-01 8.693044e-05
6.363636e-01 2.323232e-01 2.573018e-01 2.570330e-01 2.688387e-04
6.464646e-01 2.323232e-01 2.547159e-01 2.545551e-01 1.607375e-04
6.565657e-01 2.323232e-01 2.521559e-01 2.520098e-01 1.461276e-04
6.666667e-01 2.323232e-01 2.496217e-01 2.491516e-01 4.701102e-04
6.767677e-01 2.323232e-01 2.471130e-01 2.468016e-01 3.114027e-04
6.868687e-01 2.323232e-01 2.446295e-01 2.444018e-01 2.276485e-04
6.969697e-01 2.323232e-01 2.421709e-01 2.418604e-01 3.104450e-04
7.070707e-01 2.323232e-01 2.397370e-01 2.393030e-01 4.340438e-04
7.171717e-01 2.323232e-01 2.373276e-01 2.372124e-01 1.152200e-04
7.272727e-01 2.323232e-01 2.349425e-01 2.346276e-01 3.148528e-04
7.373737e-01 2.323232e-01 2.325812e-01 2.320482e-01 5.330330e-04
7.474747e-01 2.323232e-01 2.302438e-01 2.298644e-01 3.794074e-04
7.575758e-01 2.323232e-01 2.279298e-01 2.275155e-01 4.143191e-04
7.676768e-01 2.323232e-01 2.256390e-01 2.251903e-01 4.487046e-04
7.777778e-01 2.323232e-01 2.233713e-01 2.225626e-01 8.087846e-04
7.878788e-01 2.323232e-01 2.211264e-01 2.205844e-01 5.419947e-04
7.979798e-01 2.323232e-01 2.189041e-01 2.181509e-01 7.531461e-04
8.080808e-01 2.323232e-01 2.167040e-01 2.162818e-01 4.222660e-04
8.181818e-01 2.323232e-01 2.145261e-01 2.139636e-01 5.625578e-04
8.282828e-01 2.323232e-01 2.123701e-01 2.118207e-01 5.494110e-04
8.383838e-01 2.323232e-01 2.102357e-01 2.096687e-01 5.670818e-04
8.484848e-01 2.323232e-01 2.081228e-01 2.075323e-01 5.904975e-04
8.585859e-01 2.323232e-01 2.060312e-01 2.054961e-01 5.351018e-04
8.686869e-01 2.323232e-01 2.039605e-01 2.033309e-01 6.295930e-04
8.787879e-01 2.323232e-01 2.019107e-01 2.013609e-01 5.498085e-04
8.888889e-01 2.323232e-01 1.998815e-01 1.992973e-01 5.841449e-04
8.989899e-01 2.323232e-01 1.978726e-01 1.972221e-01 6.505580e-04
9.090909e-01 2.323232e-01 1.958840e-01 1.953089e-01 5.750356e-04
9.191919e-01 2.323232e-01 1.939153e-01 1.932447e-01 6.705973e-04
9.292929e-01 2.323232e-01 1.919664e-01 1.912744e-01 6.920075e-04
9.393939e-01 2.323232e-01 1.900371e-01 1.893839e-01 6.532533e-04
9.494949e-01 2.323232e-01 1.881272e-01 1.876619e-01 4.652673e-04
9.595960e-01 2.323232e-01 1.862365e-01 1.856573e-01 5.791809e-04
9.696970e-01 2.323232e-01 1.843648e-01 1.837472e-01 6.175635e-04
9.797980e-01 2.323232e-01 1.825119e-01 1.818845e-01 6.273714e-04
9.898990e-01 2.323232e-01 1.806776e-01 1.800481e-01 6.295156e-04
1.000000e+00 2.323232e-01 1.788618e-01 1.780793e-01 7.824765e-04
0.000000e+00 2.424242e-01 -6.181590e-01 -6.181127e-01 4.630292e-05
1.010101e-02 2.424242e-01 -6.119464e-01 -6.119983e-01 5.193398e-05
2.020202e-02 2.424242e-01 -6.057962e-01 -6.057260e-01 7.021910e-05
3.030303e-02 2.424242e-01 -5.997079e-01 -5.996857e-01 2.220106e-05
4.040404e-02 2.424242e-01 -5.936807e-01 -5.935570e-01 1.237061e-04
5.050505e-02 2.424242e-01 -5.877141e-01 -5.874752e-01 2.389358e-04
6.060606e-02 2.424242e-01 -5.818075e-01 -5.815860e-01 2.214886e-04
7.070707e-02 2.424242e-01 -5.759602e-01 -5.757495e-01 2.107134e-04
8.080808e-02 2.424242e-01 -5.701717e-01 -5.698732e-01 2.985200e-04
9.090909e-02 2.424242e-01 -5.644414e-01 -5.641769e-01 2.644960e-04
1.010101e-01 2.424242e-01 -5.587687e-01 -5.584201e-01 3.486210e-04
1.111111e-01 2.424242e-01 -5.531530e-01 -5.528387e-01 3.142818e-04
1.212121e-01 2.424242e-01 -5.475937e-01 -5.470992e-01 4.944530e-04
1.313131e-01 2.424242e-01 -5.420903e-01 -5.417269e-01 3.633313e-04
1.414141e-01 2.424242e-01 -5.366422e-01 -5.361876e-01 4.545319e-04
1.515152e-01 2.424242e-01 -5.312488e-01 -5.307461e-01 5.027352e-04
1.616162e-01 2.424242e-01 -5.259097e-01 -5.254153e-01 4.943971e-04
1.717172e-01 2.424242e-01 -5.206242e-01 -5.199795e-01 6.447416e-04
1.818182e-01 2.424242e-01 -5.153919e-01 -5.148128e-01 5.790315e-04
1.919192e-01 2.424242e-01 -5.102121e-01 -5.096792e-01 5.328865e-04
2.020202e-01 2.424242e-01 -5.050844e-01 -5.044918e-01 5.925624e-04
2.121212e-01 2.424242e-01 -5.000082e-01 -4.994018e-01 6.063788e-04
2.222222e-01 2.424242e-01 -4.949830e-01 -4.942633e-01 7.197299e-04
2.323232e-01 2.424242e-01 -4.900084e-01 -4.893751e-01 6.332451e-04
2.424242e-01 2.424242e-01 -4.850837e-01 -4.844834e-01 6.003329e-04
2.525253e-01 2.424242e-01 -4.802085e-01 -4.797164e-01 4.921022e-04
2.626263e-01 2.424242e-01 -4.753823e-01 -4.748448e-01 5.375335e-04
2.727273e-01 2.424242e-01 -4.706047e-01 -4.699186e-01 6.860666e-04
2.828283e-01 2.424242e-01 -4.658750e-01 -4.653878e-01 4.871988e-04
2.929293e-01 2.424242e-01 -4.611929e-01 -4.606799e-01 5.130099e-04
3.030303e-01 2.424242e-01 -4.565578e-01 -4.561698e-01 3.879897e-04
3.131313e-01 2.424242e-01 -4.519694e-01 -4.515525e-01 4.168410e-04
3.232323e-01 2.424242e-01 -4.474270e-01 -4.470388e-01 3.882144e-04
3.333333e-01 2.424242e-01 -4.429303e-01 -4.425970e-01 3.332369e-04
3.434343e-01 2.424242e-01 -4.384787e-01 -4.380981e-01 3.806727e-04
3.535354e-01 2.424242e-01 -4.340720e-01 -4.337107e-01 3.612671e-04
3.636364e-01 2.424242e-01 -4.297095e-01 -4.292644e-01 4.450398e-04
3.737374e-01 2.424242e-01 -4.253908e-01 -4.250437e-01 3.471124e-04
3.838384e-01 2.424242e-01 -4.211156e-01 -4.207278e-01 3.877171e-04
3.939394e-01 2.424242e-01 -4.168833e-01 -4.164668e-01 4.164525e-04
4.040404e-01 2.424242e-01 -4.126935e-01 -4.125031e-01 1.904151e-04
4.141414e-01 2.424242e-01 -4.085459e-01 -4.080296e-01 5.163434e-04
4.242424e-01 2.424242e-01 -4.044399e-01 -4.039401e-01 4.998639e-04
4.343434e-01 2.424242e-01 -4.003753e-01 -3.998326e-01 5.426505e-04
4.444444e-01 2.424242e-01 -3.963514e-01 -3.957051e-01 6.463150e-04
4.545455e-01 2.424242e-01 -3.923680e-01 -3.918647e-01 5.033638e-04
4.646465e-01 2.424242e-01 -3.884247e-01 -3.878220e-01 6.026254e-04
4.747475e-01 2.424242e-01 -3.845209e-01 -3.838749e-01 6.460318e-04
4.848485e-01 2.424242e-01 -3.806564e-01 -3.801509e-01 5.055116e-04
4.949495e-01 2.424242e-01 -3.768308e-01 -3.761705e-01 6.602494e-04
5.050505e-01 2.424242e-01 -3.730436e-01 -3.725599e-01 4.836486e-04
5.151515e-01 2.424242e-01 -3.692944e-01 -3.687533e-01 5.410899e-04
5.252525e-01 2.424242e-01 -3.655829e-01 -3.650836e-01 4.993585e-04
5.353535e-01 2.424242e-01 -3.619088e-01 -3.613379e-01 5.708643e-04
5.454545e-01 2.424242e-01 -3.582715e-01 -3.577057e-01 5.658089e-04
5.555556e-01 2.424242e-01 -3.546708e-01 -3.543106e-01 3.602012e-04
5.656566e-01 2.424242e-01 -3.511063e-01 -3.505609e-01 5.454285e-04
5.757576e-01 2.424242e-01 -3.475777e-01 -3.470942e-01 4.834769e-04
5.858586e-01 2.424242e-01 -3.440844e-01 -3.437737e-01 3.107192e-04
5.959596e-01 2.424242e-01 -3.406263e-01 -3.402401e-01 3.862151e-04
6.060606e-01 2.424242e-01 -3.372030e-01 -3.367013e-01 5.017108e-04
6.161616e-01 2.424242e-01 -3.338140e-01 -3.334223e-01 3.917355e-04
6.262626e-01 2.424242e-01 -3.304592e-01 -3.299630e-01 4.961833e-04
6.363636e-01 2.424242e-01 -3.271380e-01 -3.266524e-01 4.855750e-04
6.464646e-01 2.424242e-01 -3.238502e-01 -3.231164e-01 7.337699e-04
6.565657e-01 2.424242e-01 -3.205954e-01 -3.199335e-01 6.619096e-04
6.666667e-01 2.424242e-01 -3.173734e-01 -3.167347e-01 6.387342e-04
6.767677e-01 2.424242e-01 -3.141838e-01 -3.133572e-01 8.265163e-04
6.868687e-01 2.424242e-01 -3.110262e-01 -3.103570e-01 6.691768e-04
6.969697e-01 2.424242e-01 -3.079003e-01 -3.070290e-01 8.712780e-04
7.070707e-01 2.424242e-01 -3.048058e-01 -3.038778e-01 9.280073e-04
7.171717e-01 2.424242e-01 -3.017425e-01 -3.007392e-01 1.003319e-03
7.272727e-01 2.424242e-01 -2.987099e-01 -2.977835e-01 9.264323e-04
7.373737e-01 2.424242e-01 -2.957078e-01 -2.945122e-01 1.195689e-03
7.474747e-01 2.424242e-01 -2.927359e-01 -2.916083e-01 1.127655e-03
7.575758e-01 2.424242e-01 -2.897939e-01 -2.887894e-01 1.004493e-03
7.676768e-01 2.424242e-01 -2.868814e-01 -2.857373e-01 1.144072e-03
7.777778e-01 2.424242e-01 -2.839982e-01 -2.829832e-01 1.014958e-03
7.878788e-01 2.424242e-01 -2.811440e-01 -2.800279e-01 1.116106e-03
7.979798e-01 2.424242e-01 -2.783184e-01 -2.772306e-01 1.087808e-03
8.080808e-01 2.424242e-01 -2.755213e-01 -2.744164e-01 1.104836e-03
8.181818e-01 2.424242e-01 -2.727522e-01 -2.715892e-01 1.163088e-03
8.282828e-01 2.424242e-01 -2.700110e-01 -2.689012e-01 1.109813e-03
8.383838e-01 2.424242e-01 -2.672974e-01 -2.664576e-01 8.398287e-04
8.484848e-01 2.424242e-01 -2.646110e-01 -2.635934e-01 1.017568e-03
8.585859e-01 2.424242e-01 -2.619516e-01 -2.609709e-01 9.807281e-04
8.686869e-01 2.424242e-01 -2.593190e-01 -2.586311e-01 6.879107e-04
8.787879e-01 2.424242e-01 -2.567128e-01 -2.559533e-01 7.594507e-04
8.888889e-01 2.424242e-01 -2.541328e-01 -2.534240e-01 7.087083e-04
8.989899e-01 2.424242e-01 -2.515787e-01 -2.508638e-01 7.148898e-04
9.090909e-01 2.424242e-01 -2.490503e-01 -2.482908e-01 7.594955e-04
9.191919e-01 2.424242e-01 -2.465473e-01 -2.458373e-01 7.099453e-04
9.292929e-01 2.424242e-01 -2.440694e-01 -2.431608e-01 9.085911e-04
9.393939e-01 2.424242e-01 -2.416165e-01 -2.408276e-01 7.889361e-04
9.494949e-01 2.424242e-01 -2.391882e-01 -2.384318e-01 7.563993e-04
9.595960e-01 2.424242e-01 -2.367843e-01 -2.357769e-01 1.007428e-03
9.696970e-01 2.424242e-01 -2.344046e-01 -2.332952e-01 1.109405e-03
9.797980e-01 2.424242e-01 -2.320488e-01 -2.310992e-01 9.496139e-04
9.898990e-01 2.424242e-01 -2.297167e-01 -2.286725e-01 1.044169e-03
1.000000e+00 2.424242e-01 -2.274080e-01 -2.268274e-01 5.805398e-04
0.000000e+00 2.525253e-01 7.345917e-01 7.341347e-01 4.570346e-04
1.010101e-02 2.525253e-01 7.272089e-01 7.266979e-01 5.110181e-04
2.020202e-02 2.525253e-01 7.199004e-01 7.192966e-01 6.037945e-04
3.030303e-02 2.525253e-01 7.126653e-01 7.118596e-01 8.056669e-04
4.040404e-02 2.525253e-01 7.055028e-01 7.046628e-01 8.400467e-04
5.050505e-02 2.525253e-01 6.984124e-01 6.976138e-01 7.985903e-04
6.060606e-02 2.525253e-01 6.913933e-01 6.905231e-01 8.701171e-04
7.070707e-02 2.525253e-01 6.844446e-01 6.835992e-01 8.454138e-04
8.080808e-02 2.525253e-01 6.775659e-01 6.766434e-01 9.224337e-04
9.090909e-02 2.525253e-01 6.707562e-01 6.699543e-01 8.019154e-04
1.010101e-01 2.525253e-01 6.640150e-01 6.630250e-01 9.900419e-04
1.111111e-01 2.525253e-01 6.573415e-01 6.562381e-01 1.103464e-03
1.212121e-01 2.525253e-01 6.507352e-01 6.497449e-01 9.902231e-04
1.313131e-01 2.525253e-01 6.441952e-01 6.431661e-01 1.029030e-03
1.414141e-01 2.525253e-01 6.377209e-01 6.366630e-01 1.057926e-03
1.515152e-01 2.525253e-01 6.313117e-01 6.301682e-01 1.143486e-03
1.616162e-01 2.525253e-01 6.249669e-01 6.237589e-01 1.207986e-03
1.717172e-01 2.525253e-01 6.186859e-01 6.177527e-01 9.331457e-04
1.818182e-01 2.525253e-01 6.124680e-01 6.113570e-01 1.111007e-03
1.919192e-01 2.525253e-01 6.063126e-01 6.051433e-01 1.169267e-03
2.020202e-01 2.525253e-01 6.002190e-01 5.993161e-01 9.029729e-04
2.121212e-01 2.525253e-01 5.941867e-01 5.931965e-01 9.902212e-04
2.222222e-01 2.525253e-01 5.882151e-01 5.874720e-01 7.430950e-04
2.323232e-01 2.525253e-01 5.823034e-01 5.813964e-01 9.069970e-04
2.424242e-01 2.525253e-01 5.764512e-01 5.754998e-01 9.513789e-04
2.525253e-01 2.525253e-01 5.706577e-01 5.696702e-01 9.875217e-04
2.626263e-01 2.525253e-01 5.649225e-01 5.641137e-01 8.087809e-04
2.727273e-01 2.525253e-01 5.592450e-01 5.584431e-01 8.018824e-04
2.828283e-01 2.525253e-01 5.536244e-01 5.529700e-01 6.544550e-04
2.929293e-01 2.525253e-01 5.480604e-01 5.473151e-01 7.453087e-04
3.030303e-01 2.525253e-01 5.425523e-01 5.418109e-01 7.414012e-04
3.131313e-01 2.525253e-01 5.370996e-01 5.365068e-01 5.928178e-04
3.232323e-01 2.525253e-01 5.317016e-01 5.309879e-01 7.137313e-04
3.333333e-01 2.525253e-01 5.263580e-01 5.256042e-01 7.537117e-04
3.434343e-01 2.525253e-01 5.210680e-01 5.204966e-01 5.713679e-04
3.535354e-01 2.525253e-01 5.158312e-01 5.153090e-01 5.221788e-04
3.636364e-01 2.525253e-01 5.106470e-01 5.101822e-01 4.647643e-04
3.737374e-01 2.525253e-01 5.055149e-01 5.049957e-01 5.191755e-04
3.838384e-01 2.525253e-01 5.004344e-01 4.997331e-01 7.012803e-04
3.939394e-01 2.525253e-01 4.954049e-01 4.946793e-01 7.256499e-04
4.040404e-01 2.525253e-01 4.904260e-01 4.897991e-01 6.269379e-04
4.141414e-01 2.525253e-01 4.854972e-01 4.849863e-01 5.108818e-04
4.242424e-01 2.525253e-01 4.806178e-01 4.798764e-01 7.414608e-04
4.343434e-01 2.525253e-01 4.757875e-01 4.753959e-01 3.916827e-04
4.444444e-01 2.525253e-01 4.710058e-01 4.702425e-01 7.632968e-04
4.545455e-01 2.525253e-01 4.662721e-01 4.655504e-01 7.216879e-04
4.646465e-01 2.525253e-01 4.615860e-01 4.611002e-01 4.858372e-04
4.747475e-01 2.525253e-01 4.569470e-01 4.563220e-01 6.250276e-04
4.848485e-01 2.525253e-01 4.523546e-01 4.519287e-01 4.258544e-04
4.949495e-01 2.525253e-01 4.478084e-01 4.471022e-01 7.061613e-04
5.050505e-01 2.525253e-01 4.433078e-01 4.426214e-01 6.863921e-04
5.151515e-01 2.525253e-01 4.388525e-01 4.383025e-01 5.499679e-04
5.252525e-01 2.525253e-01 4.344419e-01 4.337436e-01 6.983484e-04
5.353535e-01 2.525253e-01 4.300757e-01 4.293738e-01 7.019299e-04
5.454545e-01 2.525253e-01 4.257534e-01 4.252558e-01 4.976227e-04
5.555556e-01 2.525253e-01 4.214745e-01 4.211223e-01 3.521931e-04
5.656566e-01 2.525253e-01 4.172386e-01 4.166864e-01 5.522608e-04
5.757576e-01 2.525253e-01 4.130453e-01 4.124750e-01 5.702499e-04
5.858586e-01 2.525253e-01 4.088941e-01 4.082985e-01 5.956330e-04
5.959596e-01 2.525253e-01 4.047847e-01 4.042856e-01 4.990618e-04
6.060606e-01 2.525253e-01 4.007165e-01 4.001488e-01 5.677093e-04
6.161616e-01 2.525253e-01 3.966893e-01 3.964201e-01 2.691593e-04
6.262626e-01 2.525253e-01 3.927025e-01 3.923147e-01 3.877257e-04
6.363636e-01 2.525253e-01 3.887557e-01 3.881673e-01 5.884111e-04
6.464646e-01 2.525253e-01 3.848487e-01 3.843130e-01 5.356261e-04
6.565657e-01 2.525253e-01 3.809809e-01 3.805265e-01 4.543968e-04
6.666667e-01 2.525253e-01 3.771520e-01 3.763490e-01 8.029268e-04
6.767677e-01 2.525253e-01 3.733615e-01 3.728029e-01 5.586355e-04
6.868687e-01 2.525253e-01 3.696092e-01 3.691993e-01 4.098975e-04
6.969697e-01 2.525253e-01 3.658945e-01 3.653859e-01 5.086499e-04
7.070707e-01 2.525253e-01 3.622172e-01 3.616742e-01 5.429898e-04
7.171717e-01 2.525253e-01 3.585769e-01 3.583267e-01 2.501624e-04
7.272727e-01 2.525253e-01 3.549731e-01 3.546345e-01 3.386147e-04
7.373737e-01 2.525253e-01 3.514056e-01 3.509697e-01 4.358970e-04
7.474747e-01 2.525253e-01 3.478739e-01 3.476274e-01 2.464832e-04
7.575758e-01 2.525253e-01 3.443777e-01 3.440083e-01 3.693971e-04
7.676768e-01 2.525253e-01 3.409167e-01 3.406805e-01 2.361307e-04
7.777778e-01 2.525253e-01 3.374904e-01 3.366660e-01 8.243535e-04
7.878788e-01 2.525253e-01 3.340986e-01 3.336744e-01 4.241952e-04
7.979798e-01 2.525253e-01 3.307408e-01 3.301493e-01 5.914976e-04
8.080808e-01 2.525253e-01 3.274168e-01 3.271908e-01 2.260037e-04
8.181818e-01 2.525253e-01 3.241262e-01 3.236931e-01 4.331300e-04
8.282828e-01 2.525253e-01 3.208687e-01 3.205227e-01 3.459786e-04
8.383838e-01 2.525253e-01 3.176439e-01 3.172359e-01 4.080333e-04
8.484848e-01 2.525253e-01 3.144515e-01 3.140354e-01 4.161305e-04
8.585859e-01 2.525253e-01 3.112913e-01 3.108391e-01 4.521393e-04
8.686869e-01 2.525253e-01 3.081627e-01 3.076900e-01 4.727026e-04
8.787879e-01 2.525253e-01 3.050656e-01 3.046554e-01 4.102076e-04
8.888889e-01 2.525253e-01 3.019997e-01 3.014610e-01 5.386986e-04
8.989899e-01 2.525253e-01 2.989645e-01 2.984955e-01 4.690615e-04
9.090909e-01 2.525253e-01 2.959599e-01 2.955947e-01 3.652273e-04
9.191919e-01 2.525253e-01 2.929854e-01 2.925463e-01 4.391713e-04
9.292929e-01 2.525253e-01 2.900409e-01 2.895814e-01 4.595030e-04
9.393939e-01 2.525253e-01 2.871259e-01 2.867768e-01 3.491509e-04
9.494949e-01 2.525253e-01 2.842403e-01 2.841786e-01 6.171366e-05
9.595960e-01 2.525253e-01 2.813836e-01 2.811675e-01 2.160697e-04
9.696970e-01 2.525253e-01 2.785557e-01 2.783507e-01 2.049736e-04
9.797980e-01 2.525253e-01 2.757561e-01 2.755144e-01 2.417598e-04
9.898990e-01 2.525253e-01 2.729847e-01 2.726434e-01 3.413419e-04
1.000000e+00 2.525253e-01 2.702412e-01 2.697729e-01 4.682404e-04
0.000000e+00 2.626263e-01 -8.325699e-01 -8.323406e-01 2.292565e-04
1.010101e-02 2.626263e-01 -8.242024e-01 -8.238459e-01 3.565259e-04
2.020202e-02 2.626263e-01 -8.159190e-01 -8.154944e-01 4.246000e-04
3.030303e-02 2.626263e-01 -8.077189e-01 -8.071876e-01 5.313392e-04
4.040404e-02 2.626263e-01 -7.996012e-01 -7.990791e-01 5.221267e-04
5.050505e-02 2.626263e-01 -7.915651e-01 -7.909614e-01 6.036776e-04
6.060606e-02 2.626263e-01 -7.836097e-01 -7.830100e-01 5.996960e-04
7.070707e-02 2.626263e-01 -7.757343e-01 -7.750901e-01 6.441958e-04
8.080808e-02 2.626263e-01 -7.679380e-01 -7.672466e-01 6.914316e-04
9.090909e-02 2.626263e-01 -7.602201e-01 -7.594978e-01 7.223689e-04
1.010101e-01 2.626263e-01 -7.525798e-01 -7.518206e-01 7.592277e-04
1.111111e-01 2.626263e-01 -7.450162e-01 -7.442881e-01 7.281530e-04
1.212121e-01 2.626263e-01 -7.375287e-01 -7.367505e-01 7.782194e-04
1.313131e-01 2.626263e-01 -7.301164e-01 -7.293324e-01 7.839697e-04
1.414141e-01 2.626263e-01 -7.227786e-01 -7.221440e-01 6.346178e-04
1.515152e-01 2.626263e-01 -7.155146e-01 -7.146931e-01 8.215106e-04
1.616162e-01 2.626263e-01 -7.083235e-01 -7.075118e-01 8.117570e-04
1.717172e-01 2.626263e-01 -7.012048e-01 -7.004756e-01 7.291968e-04
1.818182e-01 2.626263e-01 -6.941575e-01 -6.934410e-01 7.165124e-04
1.919192e-01 2.626263e-01 -6.871811e-01 -6.864502e-01 7.309041e-04
2.020202e-01 2.626263e-01 -6.802749e-01 -6.795686e-01 7.062140e-04
2.121212e-01 2.626263e-01 -6.734380e-01 -6.726737e-01 7.642846e-04
2.222222e-01 2.626263e-01 -6.666698e-01 -6.658725e-01 7.973685e-04
2.323232e-01 2.626263e-01 -6.599697e-01 -6.591307e-01 8.389881e-04
2.424242e-01 2.626263e-01 -6.533369e-01 -6.525640e-01 7.728268e-04
2.525253e-01 2.626263e-01 -6.467707e-01 -6.459354e-01 8.353152e-04
2.626263e-01 2.626263e-01 -6.402706e-01 -6.394998e-01 7.707945e-04
2.727273e-01 2.626263e-01 -6.338358e-01 -6.330110e-01 8.247688e-04
2.828283e-01 2.626263e-01 -6.274656e-01 -6.266538e-01 8.118071e-04
2.929293e-01 2.626263e-01 -6.211595e-01 -6.203432e-01 8.162557e-04
3.030303e-01 2.626263e-01 -6.149167e-01 -6.141330e-01 7.837078e-04
3.131313e-01 2.626263e-01 -6.087367e-01 -6.078292e-01 9.074799e-04
3.232323e-01 2.626263e-01 -6.026188e-01 -6.017296e-01 8.891567e-04
3.333333e-01 2.626263e-01 -5.965624e-01 -5.956925e-01 8.698537e-04
3.434343e-01 2.626263e-01 -5.905668e-01 -5.896597e-01 9.071273e-04
3.535354e-01 2.626263e-01 -5.846315e-01 -5.838798e-01 7.516950e-04
3.636364e-01 2.626263e-01 -5.787559e-01 -5.779809e-01 7.750034e-04
3.737374e-01 2.626263e-01 -5.729393e-01 -5.721090e-01 8.303026e-04
3.838384e-01 2.626263e-01 -5.671812e-01 -5.663313e-01 8.498842e-04
3.939394e-01 2.626263e-01 -5.614809e-01 -5.605985e-01 8.823941e-04
4.040404e-01 2.626263e-01 -5.558379e-01 -5.551335e-01 7.044485e-04
4.141414e-01 2.626263e-01 -5.502516e-01 -5.495605e-01 6.911002e-04
4.242424e-01 2.626263e-01 -5.447215e-01 -5.440588e-01 6.627268e-04
4.343434e-01 2.626263e-01 -5.392470e-01 -5.385911e-01 6.558382e-04
4.444444e-01 2.626263e-01 -5.338275e-01 -5.329906e-01 8.368880e-04
4.545455e-01 2.626263e-01 -5.284624e-01 -5.277761e-01 6.862860e-04
4.646465e-01 2.626263e-01 -5.231513e-01 -5.224338e-01 7.175152e-04
4.747475e-01 2.626263e-01 -5.178935e-01 -5.171340e-01 7.595646e-04
4.848485e-01 2.626263e-01 -5.126886e-01 -5.121280e-01 5.606043e-04
4.949495e-01 2.626263e-01 -5.075360e-01 -5.069485e-01 5.875231e-04
5.050505e-01 2.626263e-01 -5.024352e-01 -5.017422e-01 6.929293e-04
5.151515e-01 2.626263e-01 -4.973856e-01 -4.967455e-01 6.401489e-04
5.252525e-01 2.626263e-01 -4.923868e-01 -4.917325e-01 6.543298e-04
5.353535e-01 2.626263e-01 -4.874382e-01 -4.869050e-01 5.332599e-04
5.454545e-01 2.626263e-01 -4.825394e-01 -4.819686e-01 5.707620e-04
5.555556e-01 2.626263e-01 -4.776898e-01 -4.772030e-01 4.867906e-04
5.656566e-01 2.626263e-01 -4.728889e-01 -4.724542e-01 4.347499e-04
5.757576e-01 2.626263e-01 -4.681363e-01 -4.676414e-01 4.949741e-04
5.858586e-01 2.626263e-01 -4.634315e-01 -4.630319e-01 3.995918e-04
5.959596e-01 2.626263e-01 -4.587739e-01 -4.584428e-01 3.311092e-04
6.060606e-01 2.626263e-01 -4.541632e-01 -4.537350e-01 4.281683e-04
6.161616e-01 2.626263e-01 -4.495987e-01 -4.493595e-01 2.392108e-04
6.262626e-01 2.626263e-01 -4.450802e-01 -4.447706e-01 3.096303e-04
6.363636e-01 2.626263e-01 -4.406071e-01 -4.403492e-01 2.578536e-04
6.464646e-01 2.626263e-01 -4.361789e-01 -4.358824e-01 2.964513e-04
6.565657e-01 2.626263e-01 -4.317952e-01 -4.315900e-01 2.052689e-04
6.666667e-01 2.626263e-01 -4.274556e-01 -4.271480e-01 3.076317e-04
6.767677e-01 2.626263e-01 -4.231596e-01 -4.228693e-01 2.902915e-04
6.868687e-01 2.626263e-01 -4.189068e-01 -4.186109e-01 2.958612e-04
6.969697e-01 2.626263e-01 -4.146967e-01 -4.145669e-01 1.298343e-04
7.070707e-01 2.626263e-01 -4.105289e-01 -4.101154e-01 4.135767e-04
7.171717e-01 2.626263e-01 -4.064031e-01 -4.060482e-01 3.548752e-04
7.272727e-01 2.626263e-01 -4.023186e-01 -4.019634e-01 3.552824e-04
7.373737e-01 2.626263e-01 -3.982753e-01 -3.979892e-01 2.861126e-04
7.474747e-01 2.626263e-01 -3.942725e-01 -3.938795e-01 3.930010e-04
7.575758e-01 2.626263e-01 -3.903100e-01 -3.899105e-01 3.995698e-04
7.676768e-01 2.626263e-01 -3.863873e-01 -3.858882e-01 4.991297e-04
7.777778e-01 2.626263e-01 -3.825041e-01 -3.820082e-01 4.958966e-04
7.878788e-01 2.626263e-01 -3.786599e-01 -3.780657e-01 5.941565e-04
7.979798e-01 2.626263e-01 -3.748543e-01 -3.741907e-01 6.635791e-04
8.080808e-01 2.626263e-01 -3.710869e-01 -3.705486e-01 5.383137e-04
8.181818e-01 2.626263e-01 -3.673574e-01 -3.668228e-01 5.345956e-04
8.282828e-01 2.626263e-01 -3.636654e-01 -3.631638e-01 5.016022e-04
8.383838e-01 2.626263e-01 -3.600105e-01 -3.594319e-01 5.786702e-04
8.484848e-01 2.626263e-01 -3.563924e-01 -3.557714e-01 6.209449e-04
8.585859e-01 2.626263e-01 -3.528106e-01 -3.521893e-01 6.212623e-04
8.686869e-01 2.626263e-01 -3.492648e-01 -3.487085e-01 5.562496e-04
8.787879e-01 2.626263e-01 -3.457546e-01 -3.451697e-01 5.849276e-04
8.888889e-01 2.626263e-01 -3.422797e-01 -3.417034e-01 5.762850e-04
8.989899e-01 2.626263e-01 -3.388397e-01 -3.384184e-01 4.213675e-04
9.090909e-01 2.626263e-01 -3.354343e-01 -3.349994e-01 4.348943e-04
9.191919e-01 2.626263e-01 -3.320632e-01 -3.318197e-01 2.435121e-04
9.292929e-01 2.626263e-01 -3.287259e-01 -3.282100e-01 5.158793e-04
9.393939e-01 2.626263e-01 -3.254221e-01 -3.252193e-01 2.028523e-04
9.494949e-01 2.626263e-01 -3.221516e-01 -3.220438e-01 1.078029e-04
9.595960e-01 2.626263e-01 -3.189139e-01 -3.186103e-01 3.035919e-04
9.696970e-01 2.626263e-01 -3.157088e-01 -3.154935e-01 2.153003e-04
9.797980e-01 2.626263e-01 -3.125358e-01 -3.119820e-01 5.538036e-04
9.898990e-01 2.626263e-01 -3.093948e-01 -3.088684e-01 5.263938e-04
1.000000e+00 2.626263e-01 -3.062853e-01 -3.059236e-01 3.617517e-04
0.000000e+00 2.727273e-01 9.096320e-01 9.100298e-01 3.977736e-04
1.010101e-02 2.727273e-01 9.004900e-01 9.007591e-01 2.690583e-04
2.020202e-02 2.727273e-01 8.914400e-01 8.915807e-01 1.407329e-04
3.030303e-02 2.727273e-01 8.824808e-01 8.825125e-01 3.166172e-05
4.040404e-02 2.727273e-01 8.736118e-01 8.735129e-01 9.890477e-05
5.050505e-02 2.727273e-01 8.648318e-01 8.646737e-01 1.580917e-04
6.060606e-02 2.727273e-01 8.561401e-01 8.559489e-01 1.912564e-04
7.070707e-02 2.727273e-01 8.475358e-01 8.473491e-01 1.866640e-04
8.080808e-02 2.727273e-01 8.390179e-01 8.387933e-01 2.246181e-04
9.090909e-02 2.727273e-01 8.305856e-01 8.303816e-01 2.039947e-04
1.010101e-01 2.727273e-01 8.222381e-01 8.220222e-01 2.159033e-04
1.111111e-01 2.727273e-01 8.139745e-01 8.136976e-01 2.768371e-04
1.212121e-01 2.727273e-01 8.057939e-01 8.055568e-01 2.370608e-04
1.313131e-01 2.727273e-01 7.976955e-01 7.974657e-01 2.298499e-04
1.414141e-01 2.727273e-01 7.896786e-01 7.894731e-01 2.055024e-04
1.515152e-01 2.727273e-01 7.817422e-01 7.814161e-01 3.260999e-04
1.616162e-01 2.727273e-01 7.738855e-01 7.735698e-01 3.156975e-04
1.717172e-01 2.727273e-01 7.661078e-01 7.658979e-01 2.099716e-04
1.818182e-01 2.727273e-01 7.584083e-01 7.580789e-01 3.293977e-04
1.919192e-01 2.727273e-01 7.507862e-01 7.504717e-01 3.144895e-04
2.020202e-01 2.727273e-01 7.432407e-01 7.429532e-01 2.874933e-04
2.121212e-01 2.727273e-01 7.357710e-01 7.354069e-01 3.641066e-04
2.222222e-01 2.727273e-01 7.283764e-01 7.281667e-01 2.096622e-04
2.323232e-01 2.727273e-01 7.210561e-01 7.207147e-01 3.413698e-04
2.424242e-01 2.727273e-01 7.138093e-01 7.134608e-01 3.485218e-04
2.525253e-01 2.727273e-01 7.066354e-01 7.062019e-01 4.335711e-04
2.626263e-01 2.727273e-01 6.995336e-01 6.991490e-01 3.846660e-04
2.727273e-01 2.727273e-01 6.925032e-01 6.921427e-01 3.605244e-04
2.828283e-01 2.727273e-01 6.855434e-01 6.852640e-01 2.794263e-04
2.929293e-01 2.727273e-01 6.786536e-01 6.782541e-01 3.994648e-04
3.030303e-01 2.727273e-01 6.718330e-01 6.714744e-01 3.586137e-04
3.131313e-01 2.727273e-01 6.650810e-01 6.647172e-01 3.637801e-04
3.232323e-01 2.727273e-01 6.583968e-01 6.580578e-01 3.389942e-04
3.333333e-01 2.727273e-01 6.517798e-01 6.513763e-01 4.034988e-04
3.434343e-01 2.727273e-01 6.452293e-01 6.449469e-01 2.823776e-04
3.535354e-01 2.727273e-01 6.387446e-01 6.385447e-01 1.999103e-04
3.636364e-01 2.727273e-01 6.323252e-01 6.321133e-01 2.118211e-04
3.737374e-01 2.727273e-01 6.259702e-01 6.257817e-01 1.884708e-04
3.838384e-01 2.727273e-01 6.196791e-01 6.193836e-01 2.954481e-04
3.939394e-01 2.727273e-01 6.134512e-01 6.132039e-01 2.473203e-04
4.040404e-01 2.727273e-01 6.072859e-01 6.070508e-01 2.351404e-04
4.141414e-01 2.727273e-01 6.011826e-01 6.009793e-01 2.032643e-04
4.242424e-01 2.727273e-01 5.951406e-01 5.948849e-01 2.557351e-04
4.343434e-01 2.727273e-01 5.891593e-01 5.890126e-01 1.467822e-04
4.444444e-01 2.727273e-01 5.832382e-01 5.829920e-01 2.461788e-04
4.545455e-01 2.727273e-01 5.773766e-01 5.771390e-01 2.375353e-04
4.646465e-01 2.727273e-01 5.715738e-01 5.714906e-01 8.323912e-05
4.747475e-01 2.727273e-01 5.658294e-01 5.656683e-01 1.610685e-04
4.848485e-01 2.727273e-01 5.601427e-01 5.601026e-01 4.015133e-05
4.949495e-01 2.727273e-01 5.545132e-01 5.543890e-01 1.242058e-04
5.050505e-01 2.727273e-01 5.489403e-01 5.488818e-01 5.848665e-05
5.151515e-01 2.727273e-01 5.434233e-01 5.434372e-01 1.392750e-05
5.252525e-01 2.727273e-01 5.379618e-01 5.378850e-01 7.686972e-05
5.353535e-01 2.727273e-01 5.325552e-01 5.324791e-01 7.610725e-05
5.454545e-01 2.727273e-01 5.272029e-01 5.272764e-01 7.345056e-05
5.555556e-01 2.727273e-01 5.219045e-01 5.221167e-01 2.121921e-04
5.656566e-01 2.727273e-01 5.166592e-01 5.167426e-01 8.340442e-05
5.757576e-01 2.727273e-01 5.114667e-01 5.115805e-01 1.137362e-04
5.858586e-01 2.727273e-01 5.063264e-01 5.064818e-01 1.553614e-04
5.959596e-01 2.727273e-01 5.012377e-01 5.013129e-01 7.511111e-05
6.060606e-01 2.727273e-01 4.962002e-01 4.962638e-01 6.358388e-05
6.161616e-01 2.727273e-01 4.912133e-01 4.913911e-01 1.777988e-04
6.262626e-01 2.727273e-01 4.862765e-01 4.864231e-01 1.465869e-04
6.363636e-01 2.727273e-01 4.813894e-01 4.814752e-01 8.578663e-05
6.464646e-01 2.727273e-01 4.765513e-01 4.766241e-01 7.278678e-05
6.565657e-01 2.727273e-01 4.717619e-01 4.718122e-01 5.026443e-05
6.666667e-01 2.727273e-01 4.670206e-01 4.668812e-01 1.393931e-04
6.767677e-01 2.727273e-01 4.623270e-01 4.623118e-01 1.519909e-05
6.868687e-01 2.727273e-01 4.576805e-01 4.577024e-01 2.185815e-05
6.969697e-01 2.727273e-01 4.530808e-01 4.530503e-01 3.042945e-05
7.070707e-01 2.727273e-01 4.485272e-01 4.484563e-01 7.089054e-05
7.171717e-01 2.727273e-01 4.440195e-01 4.441013e-01 8.186938e-05
7.272727e-01 2.727273e-01 4.395570e-01 4.395097e-01 4.724540e-05
7.373737e-01 2.727273e-01 4.351394e-01 4.351384e-01 9.993739e-07
7.474747e-01 2.727273e-01 4.307662e-01 4.308114e-01 4.528409e-05
7.575758e-01 2.727273e-01 4.264369e-01 4.264500e-01 1.307504e-05
7.676768e-01 2.727273e-01 4.221511e-01 4.224175e-01 2.663439e-04
7.777778e-01 2.727273e-01 4.179084e-01 4.177732e-01 1.352717e-04
7.878788e-01 2.727273e-01 4.137084e-01 4.137868e-01 7.844867e-05
7.979798e-01 2.727273e-01 4.095505e-01 4.096397e-01 8.911468e-05
8.080808e-01 2.727273e-01 4.054345e-01 4.056349e-01 2.003892e-04
8.181818e-01 2.727273e-01 4.013598e-01 4.015351e-01 1.752870e-04
8.282828e-01 2.727273e-01 3.973261e-01 3.976263e-01 3.002068e-04
8.383838e-01 2.727273e-01 3.933329e-01 3.935713e-01 2.383767e-04
8.484848e-01 2.727273e-01 3.893798e-01 3.895209e-01 1.410635e-04
8.585859e-01 2.727273e-01 3.854665e-01 3.856063e-01 1.398305e-04
8.686869e-01 2.727273e-01 3.815925e-01 3.817211e-01 1.286233e-04
8.787879e-01 2.727273e-01 3.777574e-01 3.778718e-01 1.143338e-04
8.888889e-01 2.727273e-01 3.739609e-01 3.739531e-01 7.759307e-06
8.989899e-01 2.727273e-01 3.702025e-01 3.702059e-01 3.355224e-06
9.090909e-01 2.727273e-01 3.664819e-01 3.664819e-01 2.686642e-08
9.191919e-01 2.727273e-01 3.627987e-01 3.627223e-01 7.638555e-05
9.292929e-01 2.727273e-01 3.591525e-01 3.591011e-01 5.147827e-05
9.393939e-01 2.727273e-01 3.555430e-01 3.553838e-01 1.592389e-04
9.494949e-01 2.727273e-01 3.519697e-01 3.519689e-01 8.121861e-07
9.595960e-01 2.727273e-01 3.484324e-01 3.482782e-01 1.541477e-04
9.696970e-01 2.727273e-01 3.449306e-01 3.447771e-01 1.534319e-04
9.797980e-01 2.727273e-01 3.414640e-01 3.413044e-01 1.595976e-04
9.898990e-01 2.727273e-01 3.380322e-01 3.377889e-01 2.432801e-04
1.000000e+00 2.727273e-01 3.346349e-01 3.343690e-01 2.659063e-04
0.000000e+00 2.828283e-01 -9.638422e-01 -9.625428e-01 1.299386e-03
1.010101e-02 2.828283e-01 -9.541554e-01 -9.528784e-01 1.277029e-03
2.020202e-02 2.828283e-01 -9.445660e-01 -9.432467e-01 1.319242e-03
3.030303e-02 2.828283e-01 -9.350729e-01 -9.338194e-01 1.253506e-03
4.040404e-02 2.828283e-01 -9.256753e-01 -9.243296e-01 1.345643e-03
5.050505e-02 2.828283e-01 -9.163721e-01 -9.150103e-01 1.361758e-03
6.060606e-02 2.828283e-01 -9.071624e-01 -9.059566e-01 1.205773e-03
7.070707e-02 2.828283e-01 -8.980453e-01 -8.968042e-01 1.241052e-03
8.080808e-02 2.828283e-01 -8.890198e-01 -8.878361e-01 1.183663e-03
9.090909e-02 2.828283e-01 -8.800850e-01 -8.788122e-01 1.272771e-03
1.010101e-01 2.828283e-01 -8.712400e-01 -8.700552e-01 1.184766e-03
1.111111e-01 2.828283e-01 -8.624839e-01 -8.614074e-01 1.076460e-03
1.212121e-01 2.828283e-01 -8.538158e-01 -8.525897e-01 1.226026e-03
1.313131e-01 2.828283e-01 -8.452348e-01 -8.440248e-01 1.209985e-03
1.414141e-01 2.828283e-01 -8.367400e-01 -8.356817e-01 1.058336e-03
1.515152e-01 2.828283e-01 -8.283306e-01 -8.271350e-01 1.195669e-03
1.616162e-01 2.828283e-01 -8.200058e-01 -8.187641e-01 1.241685e-03
1.717172e-01 2.828283e-01 -8.117646e-01 -8.104242e-01 1.340373e-03
1.818182e-01 2.828283e-01 -8.036062e-01 -8.024005e-01 1.205742e-03
1.919192e-01 2.828283e-01 -7.955298e-01 -7.942578e-01 1.272076e-03
2.020202e-01 2.828283e-01 -7.875346e-01 -7.862183e-01 1.316344e-03
2.121212e-01 2.828283e-01 -7.796198e-01 -7.783142e-01 1.305542e-03
2.222222e-01 2.828283e-01 -7.717845e-01 -7.703006e-01 1.483840e-03
2.323232e-01 2.828283e-01 -7.640279e-01 -7.626455e-01 1.382422e-03
2.424242e-01 2.828283e-01 -7.563493e-01 -7.550830e-01 1.266332e-03
2.525253e-01 2.828283e-01 -7.487479e-01 -7.474102e-01 1.337683e-03
2.626263e-01 2.828283e-01 -7.412228e-01 -7.397727e-01 1.450143e-03
2.727273e-01 2.828283e-01 -7.337734e-01 -7.323699e-01 1.403508e-03
2.828283e-01 2.828283e-01 -7.263989e-01 -7.250432e-01 1.355686e-03
2.929293e-01 2.828283e-01 -7.190984e-01 -7.176069e-01 1.491532e-03
3.030303e-01 2.828283e-01 -7.118714e-01 -7.104853e-01 1.386036e-03
3.131313e-01 2.828283e-01 -7.047169e-01 -7.032185e-01 1.498489e-03
3.232323e-01 2.828283e-01 -6.976344e-01 -6.961883e-01 1.446096e-03
3.333333e-01 2.828283e-01 -6.906231e-01 -6.892747e-01 1.348416e-03
3.434343e-01 2.828283e-01 -6.836822e-01 -6.822004e-01 1.481776e-03
3.535354e-01 2.828283e-01 -6.768111e-01 -6.755191e-01 1.291980e-03
3.636364e-01 2.828283e-01 -6.700090e-01 -6.685644e-01 1.444586e-03
3.737374e-01 2.828283e-01 -6.632753e-01 -6.619438e-01 1.331529e-03
3.838384e-01 2.828283e-01 -6.566093e-01 -6.553351e-01 1.274226e-03
3.939394e-01 2.828283e-01 -6.500103e-01 -6.487471e-01 1.263176e-03
4.040404e-01 2.828283e-01 -6.434776e-01 -6.423215e-01 1.156084e-03
4.141414e-01 2.828283e-01 -6.370105e-01 -6.357194e-01 1.291076e-03
4.242424e-01 2.828283e-01 -6.306084e-01 -6.295518e-01 1.056665e-03
4.343434e-01 2.828283e-01 -6.242707e-01 -6.230683e-01 1.202381e-03
4.444444e-01 2.828283e-01 -6.179967e-01 -6.168207e-01 1.175997e-03
4.545455e-01 2.828283e-01 -6.117857e-01 -6.107903e-01 9.954675e-04
4.646465e-01 2.828283e-01 -6.056372e-01 -6.044952e-01 1.142004e-03
4.747475e-01 2.828283e-01 -5.995504e-01 -5.984011e-01 1.149348e-03
4.848485e-01 2.828283e-01 -5.935248e-01 -5.924815e-01 1.043342e-03
4.949495e-01 2.828283e-01 -5.875598e-01 -5.865953e-01 9.645162e-04
5.050505e-01 2.828283e-01 -5.816547e-01 -5.806366e-01 1.018119e-03
5.151515e-01 2.828283e-01 -5.758090e-01 -5.747713e-01 1.037727e-03
5.252525e-01 2.828283e-01 -5.700220e-01 -5.690410e-01 9.810224e-04
5.353535e-01 2.828283e-01 -5.642932e-01 -5.633107e-01 9.824776e-04
5.454545e-01 2.828283e-01 -5.586220e-01 -5.576241e-01 9.978776e-04
5.555556e-01 2.828283e-01 -5.530077e-01 -5.519513e-01 1.056446e-03
5.656566e-01 2.828283e-01 -5.474499e-01 -5.465268e-01 9.231262e-04
5.757576e-01 2.828283e-01 -5.419480e-01 -5.410434e-01 9.045524e-04
5.858586e-01 2.828283e-01 -5.365013e-01 -5.356022e-01 8.990742e-04
5.959596e-01 2.828283e-01 -5.311094e-01 -5.302715e-01 8.378289e-04
6.060606e-01 2.828283e-01 -5.257716e-01 -5.248688e-01 9.027758e-04
6.161616e-01 2.828283e-01 -5.204875e-01 -5.195395e-01 9.480541e-04
6.262626e-01 2.828283e-01 -5.152565e-01 -5.143212e-01 9.353353e-04
6.363636e-01 2.828283e-01 -5.100781e-01 -5.093217e-01 7.564398e-04
6.464646e-01 2.828283e-01 -5.049518e-01 -5.041206e-01 8.311711e-04
6.565657e-01 2.828283e-01 -4.998769e-01 -4.990257e-01 8.512078e-04
6.666667e-01 2.828283e-01 -4.948531e-01 -4.942164e-01 6.366221e-04
6.767677e-01 2.828283e-01 -4.898797e-01 -4.891465e-01 7.332377e-04
6.868687e-01 2.828283e-01 -4.849563e-01 -4.842180e-01 7.383348e-04
6.969697e-01 2.828283e-01 -4.800824e-01 -4.793317e-01 7.507126e-04
7.070707e-01 2.828283e-01 -4.752575e-01 -4.744262e-01 8.313857e-04
7.171717e-01 2.828283e-01 -4.704811e-01 -4.694377e-01 1.043400e-03
7.272727e-01 2.828283e-01 -4.657527e-01 -4.649318e-01 8.208597e-04
7.373737e-01 2.828283e-01 -4.610718e-01 -4.603871e-01 6.847025e-04
7.474747e-01 2.828283e-01 -4.564380e-01 -4.555186e-01 9.193615e-04
7.575758e-01 2.828283e-01 -4.518507e-01 -4.509774e-01 8.732428e-04
7.676768e-01 2.828283e-01 -4.473095e-01 -4.464725e-01 8.369873e-04
7.777778e-01 2.828283e-01 -4.428140e-01 -4.420642e-01 7.498119e-04
7.878788e-01 2.828283e-01 -4.383636e-01 -4.374216e-01 9.420636e-04
7.979798e-01 2.828283e-01 -4.339580e-01 -4.331414e-01 8.166458e-04
8.080808e-01 2.828283e-01 -4.295966e-01 -4.284630e-01 1.133664e-03
8.181818e-01 2.828283e-01 -4.252791e-01 -4.244155e-01 8.636597e-04
8.282828e-01 2.828283e-01 -4.210050e-01 -4.201105e-01 8.945388e-04
8.383838e-01 2.828283e-01 -4.167738e-01 -4.158694e-01 9.044774e-04
8.484848e-01 2.828283e-01 -4.125852e-01 -4.115325e-01 1.052665e-03
8.585859e-01 2.828283e-01 -4.084386e-01 -4.074382e-01 1.000478e-03
8.686869e-01 2.828283e-01 -4.043338e-01 -4.034103e-01 9.234449e-04
8.787879e-01 2.828283e-01 -4.002701e-01 -3.992075e-01 1.062666e-03
8.888889e-01 2.828283e-01 -3.962474e-01 -3.951834e-01 1.063913e-03
8.989899e-01 2.828283e-01 -3.922650e-01 -3.913624e-01 9.025770e-04
9.090909e-01 2.828283e-01 -3.883227e-01 -3.872994e-01 1.023259e-03
9.191919e-01 2.828283e-01 -3.844200e-01 -3.836020e-01 8.179466e-04
9.292929e-01 2.828283e-01 -3.805565e-01 -3.795395e-01 1.016995e-03
9.393939e-01 2.828283e-01 -3.767318e-01 -3.757851e-01 9.467168e-04
9.494949e-01 2.828283e-01 -3.729456e-01 -3.718541e-01 1.091545e-03
9.595960e-01 2.828283e-01 -3.691974e-01 -3.681473e-01 1.050192e-03
9.696970e-01 2.828283e-01 -3.654870e-01 -3.644452e-01 1.041741e-03
9.797980e-01 2.828283e-01 -3.618137e-01 -3.606234e-01 1.190386e-03
9.898990e-01 2.828283e-01 -3.581775e-01 -3.570423e-01 1.135145e-03
1.000000e+00 2.828283e-01 -3.545777e-01 -3.538171e-01 7.606094e-04
0.000000e+00 2.929293e-01 9.938385e-01 9.938192e-01 1.928731e-05
1.010101e-02 2.929293e-01 9.838502e-01 9.837242e-01 1.259862e-04
2.020202e-02 2.929293e-01 9.739624e-01 9.738914e-01 7.098695e-05
3.030303e-02 2.929293e-01 9.641739e-01 9.640236e-01 1.502310e-04
4.040404e-02 2.929293e-01 9.544838e-01 9.543943e-01 8.943243e-05
5.050505e-02 2.929293e-01 9.448911e-01 9.449157e-01 2.459991e-05
6.060606e-02 2.929293e-01 9.353947e-01 9.355018e-01 1.070737e-04
7.070707e-02 2.929293e-01 9.259939e-01 9.260963e-01 1.023930e-04
8.080808e-02 2.929293e-01 9.166875e-01 9.167961e-01 1.086725e-04
9.090909e-02 2.929293e-01 9.074746e-01 9.076594e-01 1.847977e-04
1.010101e-01 2.929293e-01 8.983543e-01 8.984583e-01 1.039590e-04
1.111111e-01 2.929293e-01 8.893257e-01 8.893998e-01 7.403436e-05
1.212121e-01 2.929293e-01 8.803879e-01 8.805169e-01 1.290852e-04
1.313131e-01 2.929293e-01 8.715398e-01 8.715783e-01 3.851900e-05
1.414141e-01 2.929293e-01 8.627807e-01 8.629361e-01 1.554424e-04
1.515152e-01 2.929293e-01 8.541096e-01 8.540658e-01 4.383142e-05
1.616162e-01 2.929293e-01 8.455257e-01 8.454025e-01 1.231846e-04
1.717172e-01 2.929293e-01 8.370280e-01 8.371959e-01 1.678830e-04
1.818182e-01 2.929293e-01 8.286157e-01 8.286546e-01 3.886743e-05
1.919192e-01 2.929293e-01 8.202880e-01 8.202836e-01 4.402364e-06
2.020202e-01 2.929293e-01 8.120440e-01 8.122224e-01 1.784578e-04
2.121212e-01 2.929293e-01 8.038828e-01 8.040262e-01 1.433999e-04
2.222222e-01 2.929293e-01 7.958036e-01 7.961825e-01 3.788227e-04
2.323232e-01 2.929293e-01 7.878057e-01 7.879722e-01 1.664801e-04
2.424242e-01 2.929293e-01 7.798881e-01 7.801228e-01 2.346628e-04
2.525253e-01 2.929293e-01 7.720501e-01 7.721976e-01 1.475150e-04
2.626263e-01 2.929293e-01 7.642909e-01 7.645162e-01 2.253769e-04
2.727273e-01 2.929293e-01 7.566096e-01 7.569273e-01 3.176445e-04
2.828283e-01 2.929293e-01 7.490056e-01 7.493847e-01 3.791463e-04
2.929293e-01 2.929293e-01 7.414779e-01 7.417935e-01 3.155291e-04
3.030303e-01 2.929293e-01 7.340259e-01 7.342926e-01 2.666781e-04
3.131313e-01 2.929293e-01 7.266489e-01 7.269882e-01 3.393309e-04
3.232323e-01 2.929293e-01 7.193459e-01 7.196193e-01 2.733506e-04
3.333333e-01 2.929293e-01 7.121164e-01 7.122712e-01 1.547765e-04
3.434343e-01 2.929293e-01 7.049595e-01 7.052916e-01 3.320798e-04
3.535354e-01 2.929293e-01 6.978745e-01 6.983228e-01 4.483032e-04
3.636364e-01 2.929293e-01 6.908608e-01 6.912895e-01 4.287697e-04
3.737374e-01 2.929293e-01 6.839175e-01 6.842308e-01 3.132957e-04
3.838384e-01 2.929293e-01 6.770440e-01 6.772623e-01 2.182821e-04
3.939394e-01 2.929293e-01 6.702396e-01 6.704316e-01 1.919948e-04
4.040404e-01 2.929293e-01 6.635036e-01 6.637080e-01 2.044317e-04
4.141414e-01 2.929293e-01 6.568353e-01 6.572629e-01 4.276433e-04
4.242424e-01 2.929293e-01 6.502340e-01 6.504650e-01 2.310373e-04
4.343434e-01 2.929293e-01 6.436990e-01 6.442016e-01 5.026215e-04
4.444444e-01 2.929293e-01 6.372297e-01 6.374736e-01 2.438505e-04
4.545455e-01 2.929293e-01 6.308255e-01 6.310624e-01 2.369205e-04
4.646465e-01 2.929293e-01 6.244856e-01 6.249194e-01 4.338474e-04
4.747475e-01 2.929293e-01 6.182094e-01 6.185671e-01 3.577257e-04
4.848485e-01 2.929293e-01 6.119963e-01 6.125326e-01 5.362798e-04
4.949495e-01 2.929293e-01 6.058456e-01 6.061872e-01 3.416124e-04
5.050505e-01 2.929293e-01 5.997568e-01 6.000469e-01 2.901698e-04
5.151515e-01 2.929293e-01 5.937291e-01 5.942087e-01 4.796096e-04
5.252525e-01 2.929293e-01 5.877620e-01 5.881081e-01 3.460313e-04
5.353535e-01 2.929293e-01 5.818549e-01 5.822651e-01 4.102133e-04
5.454545e-01 2.929293e-01 5.760072e-01 5.765193e-01 5.120642e-04
5.555556e-01 2.929293e-01 5.702182e-01 5.707929e-01 5.746948e-04
5.656566e-01 2.929293e-01 5.644874e-01 5.649403e-01 4.529026e-04
5.757576e-01 2.929293e-01 5.588142e-01 5.592195e-01 4.053009e-04
5.858586e-01 2.929293e-01 5.531981e-01 5.535637e-01 3.655922e-04
5.959596e-01 2.929293e-01 5.476383e-01 5.481275e-01 4.892022e-04
6.060606e-01 2.929293e-01 5.421345e-01 5.425417e-01 4.072688e-04
6.161616e-01 2.929293e-01 5.366859e-01 5.372884e-01 6.024954e-04
6.262626e-01 2.929293e-01 5.312921e-01 5.318933e-01 6.011042e-04
6.363636e-01 2.929293e-01 5.259526e-01 5.264242e-01 4.716545e-04
6.464646e-01 2.929293e-01 5.206667e-01 5.211517e-01 4.850576e-04
6.565657e-01 2.929293e-01 5.154339e-01 5.159317e-01 4.978481e-04
6.666667e-01 2.929293e-01 5.102537e-01 5.104672e-01 2.134905e-04
6.767677e-01 2.929293e-01 5.051255e-01 5.055571e-01 4.315134e-04
6.868687e-01 2.929293e-01 5.000490e-01 5.005521e-01 5.031666e-04
6.969697e-01 2.929293e-01 4.950234e-01 4.955222e-01 4.988250e-04
7.070707e-01 2.929293e-01 4.900483e-01 4.903482e-01 2.999110e-04
7.171717e-01 2.929293e-01 4.851232e-01 4.857348e-01 6.115785e-04
7.272727e-01 2.929293e-01 4.802477e-01 4.807304e-01 4.827417e-04
7.373737e-01 2.929293e-01 4.754211e-01 4.759269e-01 5.057723e-04
7.474747e-01 2.929293e-01 4.706430e-01 4.711612e-01 5.182037e-04
7.575758e-01 2.929293e-01 4.659130e-01 4.662271e-01 3.141124e-04
7.676768e-01 2.929293e-01 4.612305e-01 4.617622e-01 5.316912e-04
7.777778e-01 2.929293e-01 4.565951e-01 4.565302e-01 6.484214e-05
7.878788e-01 2.929293e-01 4.520062e-01 4.521752e-01 1.690305e-04
7.979798e-01 2.929293e-01 4.474635e-01 4.475476e-01 8.415273e-05
8.080808e-01 2.929293e-01 4.429664e-01 4.432400e-01 2.735774e-04
8.181818e-01 2.929293e-01 4.385145e-01 4.387905e-01 2.760062e-04
8.282828e-01 2.929293e-01 4.341074e-01 4.343954e-01 2.880821e-04
8.383838e-01 2.929293e-01 4.297445e-01 4.299026e-01 1.580840e-04
8.484848e-01 2.929293e-01 4.254255e-01 4.254616e-01 3.609462e-05
8.585859e-01 2.929293e-01 4.211499e-01 4.212278e-01 7.791405e-05
8.686869e-01 2.929293e-01 4.169173e-01 4.168527e-01 6.455959e-05
8.787879e-01 2.929293e-01 4.127272e-01 4.127834e-01 5.617019e-05
8.888889e-01 2.929293e-01 4.085792e-01 4.085223e-01 5.692945e-05
8.989899e-01 2.929293e-01 4.044729e-01 4.044741e-01 1.220650e-06
9.090909e-01 2.929293e-01 4.004079e-01 4.005150e-01 1.070916e-04
9.191919e-01 2.929293e-01 3.963837e-01 3.965899e-01 2.062023e-04
9.292929e-01 2.929293e-01 3.924000e-01 3.924978e-01 9.782739e-05
9.393939e-01 2.929293e-01 3.884563e-01 3.887285e-01 2.722044e-04
9.494949e-01 2.929293e-01 3.845523e-01 3.849496e-01 3.973504e-04
9.595960e-01 2.929293e-01 3.806875e-01 3.810105e-01 3.230725e-04
9.696970e-01 2.929293e-01 3.768615e-01 3.772716e-01 4.100752e-04
9.797980e-01 2.929293e-01 3.730740e-01 3.732454e-01 1.714808e-04
9.898990e-01 2.929293e-01 3.693245e-01 3.694034e-01 7.891022e-05
1.000000e+00 2.929293e-01 3.656127e-01 3.654374e-01 1.753207e-04
0.000000e+00 3.030303e-01 -9.988673e-01 -9.992830e-01 4.156169e-04
1.010101e-02 3.030303e-01 -9.888286e-01 -9.891489e-01 3.202988e-04
2.020202e-02 3.030303e-01 -9.788907e-01 -9.791777e-01 2.870484e-04
3.030303e-02 3.030303e-01 -9.690527e-01 -9.693611e-01 3.084157e-04
4.040404e-02 3.030303e-01 -9.593135e-01 -9.595243e-01 2.107630e-04
5.050505e-02 3.030303e-01 -9.496723e-01 -9.498420e-01 1.697256e-04
6.060606e-02 3.030303e-01 -9.401279e-01 -9.403623e-01 2.344476e-04
7.070707e-02 3.030303e-01 -9.306794e-01 -9.307940e-01 1.145555e-04
8.080808e-02 3.030303e-01 -9.213260e-01 -9.215288e-01 2.028543e-04
9.090909e-02 3.030303e-01 -9.120665e-01 -9.121286e-01 6.208482e-05
1.010101e-01 3.030303e-01 -9.029001e-01 -9.031562e-01 2.560982e-04
1.111111e-01 3.030303e-01 -8.938258e-01 -8.940796e-01 2.537986e-04
1.212121e-01 3.030303e-01 -8.848427e-01 -8.850145e-01 1.718642e-04
1.313131e-01 3.030303e-01 -8.759499e-01 -8.761438e-01 1.939592e-04
1.414141e-01 3.030303e-01 -8.671464e-01 -8.674506e-01 3.041826e-04
1.515152e-01 3.030303e-01 -8.584314e-01 -8.586512e-01 2.197145e-04
1.616162e-01 3.030303e-01 -8.498041e-01 -8.500339e-01 2.298113e-04
1.717172e-01 3.030303e-01 -8.412634e-01 -8.413745e-01 1.111207e-04
1.818182e-01 3.030303e-01 -8.328086e-01 -8.330593e-01 2.507521e-04
1.919192e-01 3.030303e-01 -8.244387e-01 -8.247014e-01 2.627341e-04
2.020202e-01 3.030303e-01 -8.161529e-01 -8.162998e-01 1.468477e-04
2.121212e-01 3.030303e-01 -8.079505e-01 -8.081681e-01 2.175780e-04
2.222222e-01 3.030303e-01 -7.998304e-01 -7.998303e-01 1.215386e-07
2.323232e-01 3.030303e-01 -7.917920e-01 -7.919866e-01 1.945745e-04
2.424242e-01 3.030303e-01 -7.838344e-01 -7.841350e-01 3.006152e-04
2.525253e-01 3.030303e-01 -7.759567e-01 -7.760381e-01 8.134752e-05
2.626263e-01 3.030303e-01 -7.681582e-01 -7.682754e-01 1.171709e-04
2.727273e-01 3.030303e-01 -7.604381e-01 -7.605970e-01 1.588990e-04
2.828283e-01 3.030303e-01 -7.527956e-01 -7.528182e-01 2.266447e-05
2.929293e-01 3.030303e-01 -7.452298e-01 -7.452148e-01 1.502190e-05
3.030303e-01 3.030303e-01 -7.377402e-01 -7.378368e-01 9.667976e-05
3.131313e-01 3.030303e-01 -7.303257e-01 -7.301732e-01 1.525166e-04
3.232323e-01 3.030303e-01 -7.229859e-01 -7.229110e-01 7.485138e-05
3.333333e-01 3.030303e-01 -7.157197e-01 -7.157025e-01 1.718991e-05
3.434343e-01 3.030303e-01 -7.085266e-01 -7.083373e-01 1.893145e-04
3.535354e-01 3.030303e-01 -7.014058e-01 -7.013721e-01 3.366450e-05
3.636364e-01 3.030303e-01 -6.943566e-01 -6.942056e-01 1.509244e-04
3.737374e-01 3.030303e-01 -6.873782e-01 -6.872739e-01 1.043072e-04
3.838384e-01 3.030303e-01 -6.804699e-01 -6.803920e-01 7.787545e-05
3.939394e-01 3.030303e-01 -6.736311e-01 -6.736017e-01 2.932015e-05
4.040404e-01 3.030303e-01 -6.668610e-01 -6.667286e-01 1.323468e-04
4.141414e-01 3.030303e-01 -6.601589e-01 -6.599317e-01 2.272393e-04
4.242424e-01 3.030303e-01 -6.535242e-01 -6.536025e-01 7.828858e-05
4.343434e-01 3.030303e-01 -6.469562e-01 -6.467310e-01 2.251465e-04
4.444444e-01 3.030303e-01 -6.404541e-01 -6.404823e-01 2.815795e-05
4.545455e-01 3.030303e-01 -6.340175e-01 -6.340858e-01 6.829655e-05
4.646465e-01 3.030303e-01 -6.276455e-01 -6.275316e-01 1.138491e-04
4.747475e-01 3.030303e-01 -6.213376e-01 -6.213273e-01 1.027424e-05
4.848485e-01 3.030303e-01 -6.150930e-01 -6.150502e-01 4.281288e-05
4.949495e-01 3.030303e-01 -6.089112e-01 -6.090466e-01 1.353559e-04
5.050505e-01 3.030303e-01 -6.027916e-01 -6.028427e-01 5.112504e-05
5.151515e-01 3.030303e-01 -5.967334e-01 -5.966932e-01 4.024995e-05
5.252525e-01 3.030303e-01 -5.907361e-01 -5.908648e-01 1.286394e-04
5.353535e-01 3.030303e-01 -5.847991e-01 -5.848982e-01 9.909165e-05
5.454545e-01 3.030303e-01 -5.789218e-01 -5.790646e-01 1.427944e-04
5.555556e-01 3.030303e-01 -5.731036e-01 -5.730516e-01 5.198087e-05
5.656566e-01 3.030303e-01 -5.673438e-01 -5.675533e-01 2.095150e-04
5.757576e-01 3.030303e-01 -5.616419e-01 -5.618200e-01 1.781626e-04
5.858586e-01 3.030303e-01 -5.559973e-01 -5.560969e-01 9.963799e-05
5.959596e-01 3.030303e-01 -5.504094e-01 -5.505557e-01 1.462976e-04
6.060606e-01 3.030303e-01 -5.448777e-01 -5.450011e-01 1.234468e-04
6.161616e-01 3.030303e-01 -5.394016e-01 -5.393585e-01 4.309422e-05
6.262626e-01 3.030303e-01 -5.339805e-01 -5.340080e-01 2.751090e-05
6.363636e-01 3.030303e-01 -5.286139e-01 -5.287747e-01 1.608160e-04
6.464646e-01 3.030303e-01 -5.233013e-01 -5.235518e-01 2.505572e-04
6.565657e-01 3.030303e-01 -5.180420e-01 -5.181161e-01 7.411673e-05
6.666667e-01 3.030303e-01 -5.128356e-01 -5.131874e-01 3.518169e-04
6.767677e-01 3.030303e-01 -5.076815e-01 -5.079752e-01 2.937120e-04
6.868687e-01 3.030303e-01 -5.025792e-01 -5.026913e-01 1.120438e-04
6.969697e-01 3.030303e-01 -4.975282e-01 -4.976714e-01 1.431454e-04
7.070707e-01 3.030303e-01 -4.925280e-01 -4.927347e-01 2.066916e-04
7.171717e-01 3.030303e-01 -4.875780e-01 -4.874759e-01 1.021189e-04
7.272727e-01 3.030303e-01 -4.826778e-01 -4.827538e-01 7.600259e-05
7.373737e-01 3.030303e-01 -4.778268e-01 -4.781965e-01 3.697423e-04
7.474747e-01 3.030303e-01 -4.730245e-01 -4.731109e-01 8.639315e-05
7.575758e-01 3.030303e-01 -4.682705e-01 -4.683920e-01 1.214685e-04
7.676768e-01 3.030303e-01 -4.635643e-01 -4.638315e-01 2.671947e-04
7.777778e-01 3.030303e-01 -4.589055e-01 -4.593428e-01 4.373869e-04
7.878788e-01 3.030303e-01 -4.542934e-01 -4.544829e-01 1.895387e-04
7.979798e-01 3.030303e-01 -4.497277e-01 -4.500121e-01 2.844374e-04
8.080808e-01 3.030303e-01 -4.452078e-01 -4.450967e-01 1.110816e-04
8.181818e-01 3.030303e-01 -4.407334e-01 -4.409062e-01 1.727668e-04
8.282828e-01 3.030303e-01 -4.363040e-01 -4.365503e-01 2.463033e-04
8.383838e-01 3.030303e-01 -4.319190e-01 -4.319980e-01 7.898544e-05
8.484848e-01 3.030303e-01 -4.275782e-01 -4.276927e-01 1.144808e-04
8.585859e-01 3.030303e-01 -4.232809e-01 -4.233896e-01 1.086147e-04
8.686869e-01 3.030303e-01 -4.190269e-01 -4.190999e-01 7.303148e-05
8.787879e-01 3.030303e-01 -4.148156e-01 -4.149243e-01 1.086584e-04
8.888889e-01 3.030303e-01 -4.106466e-01 -4.106849e-01 3.830347e-05
8.989899e-01 3.030303e-01 -4.065196e-01 -4.066510e-01 1.314473e-04
9.090909e-01 3.030303e-01 -4.024340e-01 -4.024017e-01 3.229773e-05
9.191919e-01 3.030303e-01 -3.983895e-01 -3.985330e-01 1.435316e-04
9.292929e-01 3.030303e-01 -3.943856e-01 -3.944921e-01 1.065746e-04
9.393939e-01 3.030303e-01 -3.904219e-01 -3.905801e-01 1.581239e-04
9.494949e-01 3.030303e-01 -3.864981e-01 -3.863946e-01 1.035089e-04
9.595960e-01 3.030303e-01 -3.826138e-01 -3.827053e-01 9.157245e-05
9.696970e-01 3.030303e-01 -3.787684e-01 -3.789010e-01 1.325783e-04
9.797980e-01 3.030303e-01 -3.749617e-01 -3.748795e-01 8.226146e-05
9.898990e-01 3.030303e-01 -3.711933e-01 -3.711553e-01 3.805105e-05
1.000000e+00 3.030303e-01 -3.674628e-01 -3.674334e-01 2.932978e-05
0.000000e+00 3.131313e-01 9.788024e-01 9.785283e-01 2.741254e-04
1.010101e-02 3.131313e-01 9.689653e-01 9.685159e-01 4.494460e-04
2.020202e-02 3.131313e-01 9.592271e-01 9.588129e-01 4.141640e-04
3.030303e-02 3.131313e-01 9.495867e-01 9.491043e-01 4.823559e-04
4.040404e-02 3.131313e-01 9.400432e-01 9.395189e-01 5.242923e-04
5.050505e-02 3.131313e-01 9.305956e-01 9.301280e-01 4.675928e-04
6.060606e-02 3.131313e-01 9.212429e-01 9.209073e-01 3.356124e-04
7.070707e-02 3.131313e-01 9.119843e-01 9.116457e-01 3.386355e-04
8.080808e-02 3.131313e-01 9.028187e-01 9.025750e-01 2.436767e-04
9.090909e-02 3.131313e-01 8.937452e-01 8.934792e-01 2.660463e-04
1.010101e-01 3.131313e-01 8.847629e-01 8.845482e-01 2.146799e-04
1.111111e-01 3.131313e-01 8.758709e-01 8.755535e-01 3.174235e-04
1.212121e-01 3.131313e-01 8.670683e-01 8.667454e-01 3.228516e-04
1.313131e-01 3.131313e-01 8.583541e-01 8.580327e-01 3.213804e-04
1.414141e-01 3.131313e-01 8.497275e-01 8.493365e-01 3.909776e-04
1.515152e-01 3.131313e-01 8.411876e-01 8.407141e-01 4.734831e-04
1.616162e-01 3.131313e-01 8.327335e-01 8.320680e-01 6.655387e-04
1.717172e-01 3.131313e-01 8.243644e-01 8.238106e-01 5.538176e-04
1.818182e-01 3.131313e-01 8.160794e-01 8.153931e-01 6.862459e-04
1.919192e-01 3.131313e-01 8.078777e-01 8.071697e-01 7.079863e-04
2.020202e-01 3.131313e-01 7.997584e-01 7.990981e-01 6.602233e-04
2.121212e-01 3.131313e-01 7.917207e-01 7.910637e-01 6.569270e-04
2.222222e-01 3.131313e-01 7.837637e-01 7.831786e-01 5.851609e-04
2.323232e-01 3.131313e-01 7.758868e-01 7.753081e-01 5.786408e-04
2.424242e-01 3.131313e-01 7.680890e-01 7.674942e-01 5.947803e-04
2.525253e-01 3.131313e-01 7.603696e-01 7.596682e-01 7.013290e-04
2.626263e-01 3.131313e-01 7.527277e-01 7.521356e-01 5.921447e-04
2.727273e-01 3.131313e-01 7.451627e-01 7.446512e-01 5.114824e-04
2.828283e-01 3.131313e-01 7.376737e-01 7.372727e-01 4.009922e-04
2.929293e-01 3.131313e-01 7.302599e-01 7.297530e-01 5.069115e-04
3.030303e-01 3.131313e-01 7.229207e-01 7.224978e-01 4.229340e-04
3.131313e-01 3.131313e-01 7.156552e-01 7.152840e-01 3.712322e-04
3.232323e-01 3.131313e-01 7.084628e-01 7.081043e-01 3.584557e-04
3.333333e-01 3.131313e-01 7.013426e-01 7.008928e-01 4.497935e-04
3.434343e-01 3.131313e-01 6.942940e-01 6.939924e-01 3.016135e-04
3.535354e-01 3.131313e-01 6.873162e-01 6.870736e-01 2.426315e-04
3.636364e-01 3.131313e-01 6.804086e-01 6.801103e-01 2.983018e-04
3.737374e-01 3.131313e-01 6.735704e-01 6.732463e-01 3.240938e-04
3.838384e-01 3.131313e-01 6.668009e-01 6.664771e-01 3.237800e-04
3.939394e-01 3.131313e-01 6.600994e-01 6.597626e-01 3.367837e-04
4.040404e-01 3.131313e-01 6.534653e-01 6.530666e-01 3.986608e-04
4.141414e-01 3.131313e-01 6.468979e-01 6.464995e-01 3.984061e-04
4.242424e-01 3.131313e-01 6.403964e-01 6.400588e-01 3.376742e-04
4.343434e-01 3.131313e-01 6.339603e-01 6.336929e-01 2.674192e-04
4.444444e-01 3.131313e-01 6.275889e-01 6.273597e-01 2.292444e-04
4.545455e-01 3.131313e-01 6.212816e-01 6.210170e-01 2.645207e-04
4.646465e-01 3.131313e-01 6.150376e-01 6.149002e-01 1.373452e-04
4.747475e-01 3.131313e-01 6.088563e-01 6.087654e-01 9.092343e-05
4.848485e-01 3.131313e-01 6.027372e-01 6.027550e-01 1.771130e-05
4.949495e-01 3.131313e-01 5.966796e-01 5.965447e-01 1.348872e-04
5.050505e-01 3.131313e-01 5.906829e-01 5.906293e-01 5.356109e-05
5.151515e-01 3.131313e-01 5.847464e-01 5.847242e-01 2.225112e-05
5.252525e-01 3.131313e-01 5.788696e-01 5.788531e-01 1.656932e-05
5.353535e-01 3.131313e-01 5.730519e-01 5.730078e-01 4.408191e-05
5.454545e-01 3.131313e-01 5.672926e-01 5.673841e-01 9.148675e-05
5.555556e-01 3.131313e-01 5.615913e-01 5.616838e-01 9.258186e-05
5.656566e-01 3.131313e-01 5.559472e-01 5.560526e-01 1.053993e-04
5.757576e-01 3.131313e-01 5.503598e-01 5.505076e-01 1.478002e-04
5.858586e-01 3.131313e-01 5.448286e-01 5.448220e-01 6.619725e-06
5.959596e-01 3.131313e-01 5.393530e-01 5.394185e-01 6.553918e-05
6.060606e-01 3.131313e-01 5.339324e-01 5.341235e-01 1.911477e-04
6.161616e-01 3.131313e-01 5.285663e-01 5.287077e-01 1.414597e-04
6.262626e-01 3.131313e-01 5.232541e-01 5.234028e-01 1.487061e-04
6.363636e-01 3.131313e-01 5.179953e-01 5.180766e-01 8.128541e-05
6.464646e-01 3.131313e-01 5.127894e-01 5.129976e-01 2.082530e-04
6.565657e-01 3.131313e-01 5.076358e-01 5.076447e-01 8.957156e-06
6.666667e-01 3.131313e-01 5.025339e-01 5.025225e-01 1.146347e-05
6.767677e-01 3.131313e-01 4.974834e-01 4.976128e-01 1.293919e-04
6.868687e-01 3.131313e-01 4.924836e-01 4.925757e-01 9.214306e-05
6.969697e-01 3.131313e-01 4.875340e-01 4.874927e-01 4.133947e-05
7.070707e-01 3.131313e-01 4.826343e-01 4.827393e-01 1.050778e-04
7.171717e-01 3.131313e-01 4.777837e-01 4.778922e-01 1.084633e-04
7.272727e-01 3.131313e-01 4.729819e-01 4.730742e-01 9.227643e-05
7.373737e-01 3.131313e-01 4.682283e-01 4.683784e-01 1.500797e-04
7.474747e-01 3.131313e-01 4.635226e-01 4.635648e-01 4.224093e-05
7.575758e-01 3.131313e-01 4.588641e-01 4.588040e-01 6.014156e-05
7.676768e-01 3.131313e-01 4.542524e-01 4.543989e-01 1.464674e-04
7.777778e-01 3.131313e-01 4.496871e-01 4.496048e-01 8.231114e-05
7.878788e-01 3.131313e-01 4.451677e-01 4.452268e-01 5.909841e-05
7.979798e-01 3.131313e-01 4.406937e-01 4.407444e-01 5.074901e-05
8.080808e-01 3.131313e-01 4.362646e-01 4.362703e-01 5.630702e-06
8.181818e-01 3.131313e-01 4.318801e-01 4.319281e-01 4.799425e-05
8.282828e-01 3.131313e-01 4.275396e-01 4.276153e-01 7.564780e-05
8.383838e-01 3.131313e-01 4.232428e-01 4.232616e-01 1.884976e-05
8.484848e-01 3.131313e-01 4.189891e-01 4.190398e-01 5.065359e-05
8.585859e-01 3.131313e-01 4.147782e-01 4.147753e-01 2.909892e-06
8.686869e-01 3.131313e-01 4.106096e-01 4.105614e-01 4.827879e-05
8.787879e-01 3.131313e-01 4.064829e-01 4.066047e-01 1.217407e-04
8.888889e-01 3.131313e-01 4.023977e-01 4.023710e-01 2.666669e-05
8.989899e-01 3.131313e-01 3.983536e-01 3.982119e-01 1.416255e-04
9.090909e-01 3.131313e-01 3.943500e-01 3.943126e-01 3.741211e-05
9.191919e-01 3.131313e-01 3.903867e-01 3.903936e-01 6.865879e-06
9.292929e-01 3.131313e-01 3.864633e-01 3.865258e-01 6.245299e-05
9.393939e-01 3.131313e-01 3.825793e-01 3.825412e-01 3.803753e-05
9.494949e-01 3.131313e-01 3.787343e-01 3.787240e-01 1.031246e-05
9.595960e-01 3.131313e-01 3.749279e-01 3.749132e-01 1.473323e-05
9.696970e-01 3.131313e-01 3.711599e-01 3.711760e-01 1.614375e-05
9.797980e-01 3.131313e-01 3.674296e-01 3.674378e-01 8.107740e-06
9.898990e-01 3.131313e-01 3.637369e-01 3.636468e-01 9.010809e-05
1.000000e+00 3.131313e-01 3.600813e-01 3.596793e-01 4.019556e-04
0.000000e+00 3.232323e-01 -9.341479e-01 -9.353789e-01 1.231049e-03
1.010101e-02 3.232323e-01 -9.247595e-01 -9.259447e-01 1.185167e-03
2.020202e-02 3.232323e-01 -9.154655e-01 -9.165815e-01 1.115979e-03
3.030303e-02 3.232323e-01 -9.062650e-01 -9.074477e-01 1.182744e-03
4.040404e-02 3.232323e-01 -8.971568e-01 -8.982196e-01 1.062748e-03
5.050505e-02 3.232323e-01 -8.881403e-01 -8.891491e-01 1.008807e-03
6.060606e-02 3.232323e-01 -8.792143e-01 -8.802949e-01 1.080614e-03
7.070707e-02 3.232323e-01 -8.703781e-01 -8.713506e-01 9.725907e-04
8.080808e-02 3.232323e-01 -8.616306e-01 -8.626587e-01 1.028128e-03
9.090909e-02 3.232323e-01 -8.529711e-01 -8.539058e-01 9.347167e-04
1.010101e-01 3.232323e-01 -8.443986e-01 -8.454343e-01 1.035729e-03
1.111111e-01 3.232323e-01 -8.359122e-01 -8.369843e-01 1.072044e-03
1.212121e-01 3.232323e-01 -8.275112e-01 -8.284065e-01 8.952769e-04
1.313131e-01 3.232323e-01 -8.191946e-01 -8.200941e-01 8.995573e-04
1.414141e-01 3.232323e-01 -8.109615e-01 -8.119544e-01 9.928692e-04
1.515152e-01 3.232323e-01 -8.028112e-01 -8.036808e-01 8.695656e-04
1.616162e-01 3.232323e-01 -7.947428e-01 -7.955661e-01 8.232562e-04
1.717172e-01 3.232323e-01 -7.867555e-01 -7.873739e-01 6.183722e-04
1.818182e-01 3.232323e-01 -7.788485e-01 -7.796906e-01 8.421189e-04
1.919192e-01 3.232323e-01 -7.710209e-01 -7.717865e-01 7.655039e-04
2.020202e-01 3.232323e-01 -7.632721e-01 -7.638744e-01 6.023528e-04
2.121212e-01 3.232323e-01 -7.556010e-01 -7.562797e-01 6.786592e-04
2.222222e-01 3.232323e-01 -7.480071e-01 -7.484276e-01 4.204979e-04
2.323232e-01 3.232323e-01 -7.404895e-01 -7.410693e-01 5.797813e-04
2.424242e-01 3.232323e-01 -7.330475e-01 -7.337092e-01 6.617235e-04
2.525253e-01 3.232323e-01 -7.256802e-01 -7.261964e-01 5.161648e-04
2.626263e-01 3.232323e-01 -7.183870e-01 -7.187766e-01 3.895473e-04
2.727273e-01 3.232323e-01 -7.111671e-01 -7.116208e-01 4.536804e-04
2.828283e-01 3.232323e-01 -7.040198e-01 -7.043787e-01 3.589447e-04
2.929293e-01 3.232323e-01 -6.969443e-01 -6.973127e-01 3.684491e-04
3.030303e-01 3.232323e-01 -6.899399e-01 -6.904005e-01 4.606233e-04
3.131313e-01 3.232323e-01 -6.830058e-01 -6.833080e-01 3.021577e-04
3.232323e-01 3.232323e-01 -6.761415e-01 -6.765573e-01 4.157772e-04
3.333333e-01 3.232323e-01 -6.693462e-01 -6.697236e-01 3.774394e-04
3.434343e-01 3.232323e-01 -6.626192e-01 -6.629015e-01 2.823706e-04
3.535354e-01 3.232323e-01 -6.559597e-01 -6.564685e-01 5.087931e-04
3.636364e-01 3.232323e-01 -6.493672e-01 -6.497163e-01 3.490448e-04
3.737374e-01 3.232323e-01 -6.428410e-01 -6.432236e-01 3.826785e-04
3.838384e-01 3.232323e-01 -6.363803e-01 -6.368632e-01 4.829254e-04
3.939394e-01 3.232323e-01 -6.299846e-01 -6.304435e-01 4.588754e-04
4.040404e-01 3.232323e-01 -6.236531e-01 -6.241920e-01 5.388707e-04
4.141414e-01 3.232323e-01 -6.173853e-01 -6.177562e-01 3.709364e-04
4.242424e-01 3.232323e-01 -6.111805e-01 -6.118424e-01 6.619078e-04
4.343434e-01 3.232323e-01 -6.050380e-01 -6.054045e-01 3.664756e-04
4.444444e-01 3.232323e-01 -5.989573e-01 -5.994445e-01 4.872207e-04
4.545455e-01 3.232323e-01 -5.929377e-01 -5.935971e-01 6.593869e-04
4.646465e-01 3.232323e-01 -5.869785e-01 -5.874233e-01 4.447791e-04
4.747475e-01 3.232323e-01 -5.810793e-01 -5.815574e-01 4.780796e-04
4.848485e-01 3.232323e-01 -5.752394e-01 -5.757869e-01 5.475784e-04
4.949495e-01 3.232323e-01 -5.694581e-01 -5.700018e-01 5.437221e-04
5.050505e-01 3.232323e-01 -5.637350e-01 -5.643147e-01 5.797533e-04
5.151515e-01 3.232323e-01 -5.580693e-01 -5.585399e-01 4.705278e-04
5.252525e-01 3.232323e-01 -5.524606e-01 -5.530312e-01 5.705562e-04
5.353535e-01 3.232323e-01 -5.469083e-01 -5.474484e-01 5.400681e-04
5.454545e-01 3.232323e-01 -5.414118e-01 -5.419031e-01 4.913292e-04
5.555556e-01 3.232323e-01 -5.359705e-01 -5.363041e-01 3.335859e-04
5.656566e-01 3.232323e-01 -5.305839e-01 -5.310137e-01 4.297898e-04
5.757576e-01 3.232323e-01 -5.252515e-01 -5.257095e-01 4.580292e-04
5.858586e-01 3.232323e-01 -5.199726e-01 -5.203458e-01 3.731912e-04
5.959596e-01 3.232323e-01 -5.147468e-01 -5.151241e-01 3.772779e-04
6.060606e-01 3.232323e-01 -5.095735e-01 -5.098947e-01 3.212149e-04
6.161616e-01 3.232323e-01 -5.044522e-01 -5.046412e-01 1.889601e-04
6.262626e-01 3.232323e-01 -4.993824e-01 -4.996090e-01 2.266069e-04
6.363636e-01 3.232323e-01 -4.943635e-01 -4.947071e-01 3.435970e-04
6.464646e-01 3.232323e-01 -4.893951e-01 -4.896978e-01 3.027389e-04
6.565657e-01 3.232323e-01 -4.844766e-01 -4.847225e-01 2.459218e-04
6.666667e-01 3.232323e-01 -4.796075e-01 -4.800954e-01 4.878833e-04
6.767677e-01 3.232323e-01 -4.747874e-01 -4.751056e-01 3.182752e-04
6.868687e-01 3.232323e-01 -4.700157e-01 -4.703588e-01 3.431725e-04
6.969697e-01 3.232323e-01 -4.652919e-01 -4.655390e-01 2.470382e-04
7.070707e-01 3.232323e-01 -4.606157e-01 -4.609103e-01 2.946412e-04
7.171717e-01 3.232323e-01 -4.559864e-01 -4.560779e-01 9.151842e-05
7.272727e-01 3.232323e-01 -4.514037e-01 -4.517121e-01 3.084559e-04
7.373737e-01 3.232323e-01 -4.468670e-01 -4.472550e-01 3.880217e-04
7.474747e-01 3.232323e-01 -4.423759e-01 -4.425052e-01 1.293344e-04
7.575758e-01 3.232323e-01 -4.379300e-01 -4.382054e-01 2.754067e-04
7.676768e-01 3.232323e-01 -4.335287e-01 -4.338038e-01 2.751109e-04
7.777778e-01 3.232323e-01 -4.291717e-01 -4.296747e-01 5.030941e-04
7.878788e-01 3.232323e-01 -4.248584e-01 -4.250026e-01 1.441709e-04
7.979798e-01 3.232323e-01 -4.205885e-01 -4.208623e-01 2.738106e-04
8.080808e-01 3.232323e-01 -4.163615e-01 -4.162471e-01 1.143926e-04
8.181818e-01 3.232323e-01 -4.121770e-01 -4.122823e-01 1.053281e-04
8.282828e-01 3.232323e-01 -4.080346e-01 -4.081622e-01 1.276642e-04
8.383838e-01 3.232323e-01 -4.039338e-01 -4.040478e-01 1.140901e-04
8.484848e-01 3.232323e-01 -3.998742e-01 -3.997844e-01 8.970953e-05
8.585859e-01 3.232323e-01 -3.958554e-01 -3.958378e-01 1.756975e-05
8.686869e-01 3.232323e-01 -3.918769e-01 -3.919333e-01 5.638050e-05
8.787879e-01 3.232323e-01 -3.879385e-01 -3.879062e-01 3.231932e-05
8.888889e-01 3.232323e-01 -3.840397e-01 -3.839829e-01 5.676970e-05
8.989899e-01 3.232323e-01 -3.801800e-01 -3.802326e-01 5.256854e-05
9.090909e-01 3.232323e-01 -3.763591e-01 -3.763494e-01 9.682620e-06
9.191919e-01 3.232323e-01 -3.725767e-01 -3.728752e-01 2.985537e-04
9.292929e-01 3.232323e-01 -3.688322e-01 -3.689259e-01 9.372650e-05
9.393939e-01 3.232323e-01 -3.651254e-01 -3.653541e-01 2.286835e-04
9.494949e-01 3.232323e-01 -3.614558e-01 -3.613912e-01 6.462017e-05
9.595960e-01 3.232323e-01 -3.578231e-01 -3.579285e-01 1.053985e-04
9.696970e-01 3.232323e-01 -3.542269e-01 -3.542702e-01 4.328566e-05
9.797980e-01 3.232323e-01 -3.506669e-01 -3.506349e-01 3.196205e-05
9.898990e-01 3.232323e-01 -3.471426e-01 -3.470536e-01 8.898694e-05
1.000000e+00 3.232323e-01 -3.436538e-01 -3.437669e-01 1.131349e-04
0.000000e+00 3.333333e-01 8.660254e-01 8.661600e-01 1.346313e-04
1.010101e-02 3.333333e-01 8.573217e-01 8.573542e-01 3.245961e-05
2.020202e-02 3.333333e-01 8.487055e-01 8.486535e-01 5.198356e-05
3.030303e-02 3.333333e-01 8.401758e-01 8.400397e-01 1.361176e-04
4.040404e-02 3.333333e-01 8.317319e-01 8.315030e-01 2.289668e-04
5.050505e-02 3.333333e-01 8.233729e-01 8.231158e-01 2.570709e-04
6.060606e-02 3.333333e-01 8.150979e-01 8.148853e-01 2.125438e-04
7.070707e-02 3.333333e-01 8.069060e-01 8.066297e-01 2.763353e-04
8.080808e-02 3.333333e-01 7.987965e-01 7.985424e-01 2.540733e-04
9.090909e-02 3.333333e-01 7.907684e-01 7.905361e-01 2.323109e-04
1.010101e-01 3.333333e-01 7.828211e-01 7.826381e-01 1.829895e-04
1.111111e-01 3.333333e-01 7.749536e-01 7.747222e-01 2.313622e-04
1.212121e-01 3.333333e-01 7.671652e-01 7.669324e-01 2.327405e-04
1.313131e-01 3.333333e-01 7.594550e-01 7.592782e-01 1.768527e-04
1.414141e-01 3.333333e-01 7.518224e-01 7.516563e-01 1.660877e-04
1.515152e-01 3.333333e-01 7.442664e-01 7.440949e-01 1.715334e-04
1.616162e-01 3.333333e-01 7.367864e-01 7.365752e-01 2.111943e-04
1.717172e-01 3.333333e-01 7.293816e-01 7.292196e-01 1.620581e-04
1.818182e-01 3.333333e-01 7.220512e-01 7.219317e-01 1.195116e-04
1.919192e-01 3.333333e-01 7.147945e-01 7.147204e-01 7.410448e-05
2.020202e-01 3.333333e-01 7.076107e-01 7.075465e-01 6.419704e-05
2.121212e-01 3.333333e-01 7.004991e-01 7.004987e-01 3.645917e-07
2.222222e-01 3.333333e-01 6.934589e-01 6.934440e-01 1.491909e-05
2.323232e-01 3.333333e-01 6.864896e-01 6.864640e-01 2.554347e-05
2.424242e-01 3.333333e-01 6.795902e-01 6.795432e-01 4.702383e-05
2.525253e-01 3.333333e-01 6.727602e-01 6.726526e-01 1.076241e-04
2.626263e-01 3.333333e-01 6.659989e-01 6.658365e-01 1.624207e-04
2.727273e-01 3.333333e-01 6.593055e-01 6.591732e-01 1.322842e-04
2.828283e-01 3.333333e-01 6.526793e-01 6.525627e-01 1.166077e-04
2.929293e-01 3.333333e-01 6.461198e-01 6.459432e-01 1.766444e-04
3.030303e-01 3.333333e-01 6.396262e-01 6.394798e-01 1.464414e-04
3.131313e-01 3.333333e-01 6.331978e-01 6.330522e-01 1.456779e-04
3.232323e-01 3.333333e-01 6.268341e-01 6.266992e-01 1.348953e-04
3.333333e-01 3.333333e-01 6.205343e-01 6.202151e-01 3.192592e-04
3.434343e-01 3.333333e-01 6.142978e-01 6.141052e-01 1.926199e-04
3.535354e-01 3.333333e-01 6.081240e-01 6.080236e-01 1.004056e-04
3.636364e-01 3.333333e-01 6.020123e-01 6.018687e-01 1.436122e-04
3.737374e-01 3.333333e-01 5.959620e-01 5.957830e-01 1.789824e-04
3.838384e-01 3.333333e-01 5.899725e-01 5.899094e-01 6.308592e-05
3.939394e-01 3.333333e-01 5.840431e-01 5.839405e-01 1.026333e-04
4.040404e-01 3.333333e-01 5.781734e-01 5.781310e-01 4.238862e-05
4.141414e-01 3.333333e-01 5.723627e-01 5.722983e-01 6.432187e-05
4.242424e-01 3.333333e-01 5.666103e-01 5.665675e-01 4.284928e-05
4.343434e-01 3.333333e-01 5.609158e-01 5.609439e-01 2.809970e-05
4.444444e-01 3.333333e-01 5.552785e-01 5.553175e-01 3.901631e-05
4.545455e-01 3.333333e-01 5.496979e-01 5.497165e-01 1.866872e-05
4.646465e-01 3.333333e-01 5.441733e-01 5.443370e-01 1.637256e-04
4.747475e-01 3.333333e-01 5.387043e-01 5.388878e-01 1.835224e-04
4.848485e-01 3.333333e-01 5.332902e-01 5.335029e-01 2.126679e-04
4.949495e-01 3.333333e-01 5.279306e-01 5.279512e-01 2.062732e-05
5.050505e-01 3.333333e-01 5.226248e-01 5.227532e-01 1.284749e-04
5.151515e-01 3.333333e-01 5.173723e-01 5.175915e-01 2.191784e-04
5.252525e-01 3.333333e-01 5.121726e-01 5.123364e-01 1.638125e-04
5.353535e-01 3.333333e-01 5.070252e-01 5.070922e-01 6.703701e-05
5.454545e-01 3.333333e-01 5.019295e-01 5.019600e-01 3.052623e-05
5.555556e-01 3.333333e-01 4.968850e-01 4.969144e-01 2.934888e-05
5.656566e-01 3.333333e-01 4.918913e-01 4.918388e-01 5.241801e-05
5.757576e-01 3.333333e-01 4.869477e-01 4.869750e-01 2.737231e-05
5.858586e-01 3.333333e-01 4.820538e-01 4.818960e-01 1.577834e-04
5.959596e-01 3.333333e-01 4.772090e-01 4.771919e-01 1.715092e-05
6.060606e-01 3.333333e-01 4.724130e-01 4.723420e-01 7.106121e-05
6.161616e-01 3.333333e-01 4.676652e-01 4.676059e-01 5.926793e-05
6.262626e-01 3.333333e-01 4.629651e-01 4.629726e-01 7.537477e-06
6.363636e-01 3.333333e-01 4.583122e-01 4.582887e-01 2.349837e-05
6.464646e-01 3.333333e-01 4.537061e-01 4.535415e-01 1.645965e-04
6.565657e-01 3.333333e-01 4.491463e-01 4.490546e-01 9.163381e-05
6.666667e-01 3.333333e-01 4.446323e-01 4.445253e-01 1.069664e-04
6.767677e-01 3.333333e-01 4.401636e-01 4.400874e-01 7.626159e-05
6.868687e-01 3.333333e-01 4.357399e-01 4.358536e-01 1.136786e-04
6.969697e-01 3.333333e-01 4.313607e-01 4.312125e-01 1.482082e-04
7.070707e-01 3.333333e-01 4.270254e-01 4.270490e-01 2.356434e-05
7.171717e-01 3.333333e-01 4.227337e-01 4.227175e-01 1.628837e-05
7.272727e-01 3.333333e-01 4.184852e-01 4.185497e-01 6.452042e-05
7.373737e-01 3.333333e-01 4.142794e-01 4.142258e-01 5.356335e-05
7.474747e-01 3.333333e-01 4.101158e-01 4.100276e-01 8.821036e-05
7.575758e-01 3.333333e-01 4.059940e-01 4.059286e-01 6.549008e-05
7.676768e-01 3.333333e-01 4.019137e-01 4.018283e-01 8.538598e-05
7.777778e-01 3.333333e-01 3.978744e-01 3.977160e-01 1.584788e-04
7.878788e-01 3.333333e-01 3.938757e-01 3.937561e-01 1.196390e-04
7.979798e-01 3.333333e-01 3.899172e-01 3.898237e-01 9.353884e-05
8.080808e-01 3.333333e-01 3.859985e-01 3.857625e-01 2.359387e-04
8.181818e-01 3.333333e-01 3.821191e-01 3.819444e-01 1.747143e-04
8.282828e-01 3.333333e-01 3.782788e-01 3.781464e-01 1.323615e-04
8.383838e-01 3.333333e-01 3.744770e-01 3.743356e-01 1.413603e-04
8.484848e-01 3.333333e-01 3.707135e-01 3.704751e-01 2.383970e-04
8.585859e-01 3.333333e-01 3.669877e-01 3.667318e-01 2.558965e-04
8.686869e-01 3.333333e-01 3.632994e-01 3.630834e-01 2.160688e-04
8.787879e-01 3.333333e-01 3.596482e-01 3.595339e-01 1.143057e-04
8.888889e-01 3.333333e-01 3.560337e-01 3.558624e-01 1.712785e-04
8.989899e-01 3.333333e-01 3.524555e-01 3.522474e-01 2.081025e-04
9.090909e-01 3.333333e-01 3.489133e-01 3.488151e-01 9.816988e-05
9.191919e-01 3.333333e-01 3.454066e-01 3.454329e-01 2.631996e-05
9.292929e-01 3.333333e-01 3.419352e-01 3.418517e-01 8.357160e-05
9.393939e-01 3.333333e-01 3.384987e-01 3.384417e-01 5.704749e-05
9.494949e-01 3.333333e-01 3.350967e-01 3.349637e-01 1.330101e-04
9.595960e-01 3.333333e-01 3.317290e-01 3.315927e-01 1.362920e-04
9.696970e-01 3.333333e-01 3.283950e-01 3.281939e-01 2.011069e-04
9.797980e-01 3.333333e-01 3.250946e-01 3.250177e-01 7.692432e-05
9.898990e-01 3.333333e-01 3.218274e-01 3.216289e-01 1.984319e-04
1.000000e+00 3.333333e-01 3.185929e-01 3.183898e-01 2.031384e-04
0.000000e+00 3.434343e-01 -7.761465e-01 -7.769312e-01 7.847024e-04
1.010101e-02 3.434343e-01 -7.683461e-01 -7.690612e-01 7.151445e-04
2.020202e-02 3.434343e-01 -7.606241e-01 -7.612442e-01 6.201202e-04
3.030303e-02 3.434343e-01 -7.529797e-01 -7.536983e-01 7.186896e-04
4.040404e-02 3.434343e-01 -7.454121e-01 -7.460060e-01 5.939233e-04
5.050505e-02 3.434343e-01 -7.379206e-01 -7.384334e-01 5.127878e-04
6.060606e-02 3.434343e-01 -7.305043e-01 -7.310745e-01 5.701036e-04
7.070707e-02 3.434343e-01 -7.231627e-01 -7.236918e-01 5.291624e-04
8.080808e-02 3.434343e-01 -7.158948e-01 -7.164611e-01 5.663087e-04
9.090909e-02 3.434343e-01 -7.086999e-01 -7.092315e-01 5.316034e-04
1.010101e-01 3.434343e-01 -7.015773e-01 -7.021897e-01 6.123432e-04
1.111111e-01 3.434343e-01 -6.945264e-01 -6.951509e-01 6.244803e-04
1.212121e-01 3.434343e-01 -6.875463e-01 -6.880239e-01 4.776585e-04
1.313131e-01 3.434343e-01 -6.806363e-01 -6.811730e-01 5.366549e-04
1.414141e-01 3.434343e-01 -6.737958e-01 -6.743218e-01 5.259667e-04
1.515152e-01 3.434343e-01 -6.670240e-01 -6.674957e-01 4.716834e-04
1.616162e-01 3.434343e-01 -6.603203e-01 -6.608016e-01 4.813074e-04
1.717172e-01 3.434343e-01 -6.536840e-01 -6.539208e-01 2.367572e-04
1.818182e-01 3.434343e-01 -6.471144e-01 -6.476098e-01 4.954504e-04
1.919192e-01 3.434343e-01 -6.406108e-01 -6.410657e-01 4.549444e-04
2.020202e-01 3.434343e-01 -6.341725e-01 -6.344961e-01 3.235652e-04
2.121212e-01 3.434343e-01 -6.277990e-01 -6.282221e-01 4.231196e-04
2.222222e-01 3.434343e-01 -6.214895e-01 -6.216985e-01 2.089946e-04
2.323232e-01 3.434343e-01 -6.152434e-01 -6.156458e-01 4.023350e-04
2.424242e-01 3.434343e-01 -6.090601e-01 -6.095382e-01 4.780650e-04
2.525253e-01 3.434343e-01 -6.029390e-01 -6.033765e-01 4.375308e-04
2.626263e-01 3.434343e-01 -5.968793e-01 -5.972847e-01 4.053347e-04
2.727273e-01 3.434343e-01 -5.908806e-01 -5.912243e-01 3.437094e-04
2.828283e-01 3.434343e-01 -5.849422e-01 -5.852672e-01 3.250311e-04
2.929293e-01 3.434343e-01 -5.790634e-01 -5.795025e-01 4.390741e-04
3.030303e-01 3.434343e-01 -5.732437e-01 -5.737752e-01 5.314663e-04
3.131313e-01 3.434343e-01 -5.674825e-01 -5.678827e-01 4.001457e-04
3.232323e-01 3.434343e-01 -5.617792e-01 -5.623351e-01 5.559158e-04
3.333333e-01 3.434343e-01 -5.561332e-01 -5.566626e-01 5.293163e-04
3.434343e-01 3.434343e-01 -5.505440e-01 -5.509861e-01 4.420398e-04
3.535354e-01 3.434343e-01 -5.450110e-01 -5.456446e-01 6.336880e-04
3.636364e-01 3.434343e-01 -5.395335e-01 -5.400159e-01 4.824337e-04
3.737374e-01 3.434343e-01 -5.341111e-01 -5.347408e-01 6.297048e-04
3.838384e-01 3.434343e-01 -5.287432e-01 -5.293219e-01 5.787135e-04
3.939394e-01 3.434343e-01 -5.234292e-01 -5.240341e-01 6.049040e-04
4.040404e-01 3.434343e-01 -5.181687e-01 -5.187860e-01 6.172659e-04
4.141414e-01 3.434343e-01 -5.129610e-01 -5.134405e-01 4.794836e-04
4.242424e-01 3.434343e-01 -5.078057e-01 -5.084337e-01 6.280368e-04
4.343434e-01 3.434343e-01 -5.027021e-01 -5.030321e-01 3.299568e-04
4.444444e-01 3.434343e-01 -4.976499e-01 -4.981438e-01 4.939007e-04
4.545455e-01 3.434343e-01 -4.926484e-01 -4.932532e-01 6.048037e-04
4.646465e-01 3.434343e-01 -4.876972e-01 -4.880766e-01 3.793389e-04
4.747475e-01 3.434343e-01 -4.827958e-01 -4.832041e-01 4.083359e-04
4.848485e-01 3.434343e-01 -4.779436e-01 -4.784242e-01 4.805789e-04
4.949495e-01 3.434343e-01 -4.731402e-01 -4.735178e-01 3.775757e-04
5.050505e-01 3.434343e-01 -4.683851e-01 -4.688691e-01 4.840279e-04
5.151515e-01 3.434343e-01 -4.636777e-01 -4.640599e-01 3.822345e-04
5.252525e-01 3.434343e-01 -4.590177e-01 -4.595497e-01 5.319892e-04
5.353535e-01 3.434343e-01 -4.544045e-01 -4.547905e-01 3.860006e-04
5.454545e-01 3.434343e-01 -4.498376e-01 -4.502109e-01 3.732971e-04
5.555556e-01 3.434343e-01 -4.453167e-01 -4.455565e-01 2.398325e-04
5.656566e-01 3.434343e-01 -4.408412e-01 -4.410917e-01 2.504746e-04
5.757576e-01 3.434343e-01 -4.364107e-01 -4.366986e-01 2.879010e-04
5.858586e-01 3.434343e-01 -4.320247e-01 -4.323484e-01 3.237152e-04
5.959596e-01 3.434343e-01 -4.276827e-01 -4.279071e-01 2.243735e-04
6.060606e-01 3.434343e-01 -4.233845e-01 -4.235448e-01 1.603114e-04
6.161616e-01 3.434343e-01 -4.191294e-01 -4.192175e-01 8.809830e-05
6.262626e-01 3.434343e-01 -4.149170e-01 -4.150165e-01 9.948277e-05
6.363636e-01 3.434343e-01 -4.107471e-01 -4.108418e-01 9.475876e-05
6.464646e-01 3.434343e-01 -4.066190e-01 -4.066483e-01 2.929065e-05
6.565657e-01 3.434343e-01 -4.025324e-01 -4.024881e-01 4.428672e-05
6.666667e-01 3.434343e-01 -3.984869e-01 -3.986677e-01 1.808115e-04
6.767677e-01 3.434343e-01 -3.944820e-01 -3.944595e-01 2.253623e-05
6.868687e-01 3.434343e-01 -3.905174e-01 -3.905746e-01 5.716213e-05
6.969697e-01 3.434343e-01 -3.865926e-01 -3.864877e-01 1.049250e-04
7.070707e-01 3.434343e-01 -3.827073e-01 -3.826616e-01 4.574602e-05
7.171717e-01 3.434343e-01 -3.788611e-01 -3.786466e-01 2.144426e-04
7.272727e-01 3.434343e-01 -3.750534e-01 -3.750362e-01 1.719860e-05
7.373737e-01 3.434343e-01 -3.712841e-01 -3.711741e-01 1.099918e-04
7.474747e-01 3.434343e-01 -3.675526e-01 -3.673249e-01 2.276737e-04
7.575758e-01 3.434343e-01 -3.638587e-01 -3.638479e-01 1.080530e-05
7.676768e-01 3.434343e-01 -3.602018e-01 -3.601431e-01 5.875162e-05
7.777778e-01 3.434343e-01 -3.565817e-01 -3.568147e-01 2.330132e-04
7.878788e-01 3.434343e-01 -3.529980e-01 -3.528432e-01 1.548579e-04
7.979798e-01 3.434343e-01 -3.494503e-01 -3.493974e-01 5.291358e-05
8.080808e-01 3.434343e-01 -3.459383e-01 -3.455745e-01 3.638023e-04
8.181818e-01 3.434343e-01 -3.424616e-01 -3.422452e-01 2.163419e-04
8.282828e-01 3.434343e-01 -3.390198e-01 -3.388640e-01 1.557986e-04
8.383838e-01 3.434343e-01 -3.356126e-01 -3.355755e-01 3.710104e-05
8.484848e-01 3.434343e-01 -3.322396e-01 -3.319755e-01 2.641403e-04
8.585859e-01 3.434343e-01 -3.289005e-01 -3.287388e-01 1.617285e-04
8.686869e-01 3.434343e-01 -3.255950e-01 -3.256087e-01 1.369822e-05
8.787879e-01 3.434343e-01 -3.223227e-01 -3.222436e-01 7.917662e-05
8.888889e-01 3.434343e-01 -3.190834e-01 -3.189895e-01 9.383540e-05
8.989899e-01 3.434343e-01 -3.158765e-01 -3.158563e-01 2.017244e-05
9.090909e-01 3.434343e-01 -3.127019e-01 -3.125135e-01 1.884279e-04
9.191919e-01 3.434343e-01 -3.095592e-01 -3.095640e-01 4.801918e-06
9.292929e-01 3.434343e-01 -3.064481e-01 -3.063197e-01 1.283576e-04
9.393939e-01 3.434343e-01 -3.033682e-01 -3.033460e-01 2.217922e-05
9.494949e-01 3.434343e-01 -3.003193e-01 -3.000555e-01 2.638122e-04
9.595960e-01 3.434343e-01 -2.973011e-01 -2.971548e-01 1.462728e-04
9.696970e-01 3.434343e-01 -2.943131e-01 -2.940606e-01 2.525441e-04
9.797980e-01 3.434343e-01 -2.913552e-01 -2.911909e-01 1.643734e-04
9.898990e-01 3.434343e-01 -2.884271e-01 -2.882105e-01 2.166159e-04
1.000000e+00 3.434343e-01 -2.855283e-01 -2.856158e-01 8.747426e-05
0.000000e+00 3.535354e-01 6.667690e-01 6.665386e-01 2.304044e-04
1.010101e-02 3.535354e-01 6.600679e-01 6.597489e-01 3.189494e-04
2.020202e-02 3.535354e-01 6.534341e-01 6.530367e-01 3.974155e-04
3.030303e-02 3.535354e-01 6.468669e-01 6.462906e-01 5.763482e-04
4.040404e-02 3.535354e-01 6.403658e-01 6.396611e-01 7.047544e-04
5.050505e-02 3.535354e-01 6.339300e-01 6.331925e-01 7.375059e-04
6.060606e-02 3.535354e-01 6.275589e-01 6.268080e-01 7.508955e-04
7.070707e-02 3.535354e-01 6.212519e-01 6.204610e-01 7.908840e-04
8.080808e-02 3.535354e-01 6.150082e-01 6.141826e-01 8.255950e-04
9.090909e-02 3.535354e-01 6.088273e-01 6.079742e-01 8.530803e-04
1.010101e-01 3.535354e-01 6.027084e-01 6.017879e-01 9.205717e-04
1.111111e-01 3.535354e-01 5.966511e-01 5.956773e-01 9.738603e-04
1.212121e-01 3.535354e-01 5.906547e-01 5.896394e-01 1.015308e-03
1.313131e-01 3.535354e-01 5.847185e-01 5.837305e-01 9.880371e-04
1.414141e-01 3.535354e-01 5.788420e-01 5.778613e-01 9.806692e-04
1.515152e-01 3.535354e-01 5.730245e-01 5.719767e-01 1.047858e-03
1.616162e-01 3.535354e-01 5.672655e-01 5.660930e-01 1.172560e-03
1.717172e-01 3.535354e-01 5.615644e-01 5.605876e-01 9.767710e-04
1.818182e-01 3.535354e-01 5.559206e-01 5.547932e-01 1.127421e-03
1.919192e-01 3.535354e-01 5.503335e-01 5.492048e-01 1.128739e-03
2.020202e-01 3.535354e-01 5.448026e-01 5.438224e-01 9.801545e-04
2.121212e-01 3.535354e-01 5.393272e-01 5.383179e-01 1.009287e-03
2.222222e-01 3.535354e-01 5.339069e-01 5.330347e-01 8.721359e-04
2.323232e-01 3.535354e-01 5.285410e-01 5.275307e-01 1.010355e-03
2.424242e-01 3.535354e-01 5.232291e-01 5.221933e-01 1.035787e-03
2.525253e-01 3.535354e-01 5.179706e-01 5.169575e-01 1.013099e-03
2.626263e-01 3.535354e-01 5.127649e-01 5.116935e-01 1.071392e-03
2.727273e-01 3.535354e-01 5.076115e-01 5.065905e-01 1.020953e-03
2.828283e-01 3.535354e-01 5.025099e-01 5.016574e-01 8.524916e-04
2.929293e-01 3.535354e-01 4.974596e-01 4.964315e-01 1.028080e-03
3.030303e-01 3.535354e-01 4.924601e-01 4.914271e-01 1.032934e-03
3.131313e-01 3.535354e-01 4.875108e-01 4.865820e-01 9.287118e-04
3.232323e-01 3.535354e-01 4.826112e-01 4.815909e-01 1.020321e-03
3.333333e-01 3.535354e-01 4.777609e-01 4.766660e-01 1.094892e-03
3.434343e-01 3.535354e-01 4.729593e-01 4.719777e-01 9.816385e-04
3.535354e-01 3.535354e-01 4.682060e-01 4.672798e-01 9.261784e-04
3.636364e-01 3.535354e-01 4.635004e-01 4.624931e-01 1.007360e-03
3.737374e-01 3.535354e-01 4.588422e-01 4.577425e-01 1.099624e-03
3.838384e-01 3.535354e-01 4.542307e-01 4.531769e-01 1.053870e-03
3.939394e-01 3.535354e-01 4.496656e-01 4.485520e-01 1.113589e-03
4.040404e-01 3.535354e-01 4.451464e-01 4.441421e-01 1.004314e-03
4.141414e-01 3.535354e-01 4.406726e-01 4.397138e-01 9.588458e-04
4.242424e-01 3.535354e-01 4.362438e-01 4.352014e-01 1.042382e-03
4.343434e-01 3.535354e-01 4.318595e-01 4.309979e-01 8.615581e-04
4.444444e-01 3.535354e-01 4.275192e-01 4.265160e-01 1.003210e-03
4.545455e-01 3.535354e-01 4.232226e-01 4.222002e-01 1.022395e-03
4.646465e-01 3.535354e-01 4.189691e-01 4.181170e-01 8.520641e-04
4.747475e-01 3.535354e-01 4.147584e-01 4.138429e-01 9.154848e-04
4.848485e-01 3.535354e-01 4.105900e-01 4.098099e-01 7.801528e-04
4.949495e-01 3.535354e-01 4.064635e-01 4.054658e-01 9.977607e-04
5.050505e-01 3.535354e-01 4.023785e-01 4.014069e-01 9.716323e-04
5.151515e-01 3.535354e-01 3.983345e-01 3.974932e-01 8.413622e-04
5.252525e-01 3.535354e-01 3.943312e-01 3.933201e-01 1.011104e-03
5.353535e-01 3.535354e-01 3.903681e-01 3.893734e-01 9.946722e-04
5.454545e-01 3.535354e-01 3.864448e-01 3.855033e-01 9.415078e-04
5.555556e-01 3.535354e-01 3.825610e-01 3.817374e-01 8.235839e-04
5.656566e-01 3.535354e-01 3.787162e-01 3.777686e-01 9.476171e-04
5.757576e-01 3.535354e-01 3.749100e-01 3.739102e-01 9.997843e-04
5.858586e-01 3.535354e-01 3.711421e-01 3.701398e-01 1.002347e-03
5.959596e-01 3.535354e-01 3.674121e-01 3.664515e-01 9.605826e-04
6.060606e-01 3.535354e-01 3.637195e-01 3.627961e-01 9.234041e-04
6.161616e-01 3.535354e-01 3.600641e-01 3.592476e-01 8.164950e-04
6.262626e-01 3.535354e-01 3.564454e-01 3.555330e-01 9.123823e-04
6.363636e-01 3.535354e-01 3.528631e-01 3.518939e-01 9.691191e-04
6.464646e-01 3.535354e-01 3.493167e-01 3.483645e-01 9.521865e-04
6.565657e-01 3.535354e-01 3.458060e-01 3.448346e-01 9.714016e-04
6.666667e-01 3.535354e-01 3.423306e-01 3.412688e-01 1.061841e-03
6.767677e-01 3.535354e-01 3.388901e-01 3.379409e-01 9.492084e-04
6.868687e-01 3.535354e-01 3.354842e-01 3.346682e-01 8.160183e-04
6.969697e-01 3.535354e-01 3.321126e-01 3.311876e-01 9.249890e-04
7.070707e-01 3.535354e-01 3.287748e-01 3.278806e-01 8.942172e-04
7.171717e-01 3.535354e-01 3.254705e-01 3.246576e-01 8.129780e-04
7.272727e-01 3.535354e-01 3.221995e-01 3.214032e-01 7.962990e-04
7.373737e-01 3.535354e-01 3.189613e-01 3.181022e-01 8.591649e-04
7.474747e-01 3.535354e-01 3.157557e-01 3.149648e-01 7.909302e-04
7.575758e-01 3.535354e-01 3.125823e-01 3.116258e-01 9.565550e-04
7.676768e-01 3.535354e-01 3.094408e-01 3.086420e-01 7.987995e-04
7.777778e-01 3.535354e-01 3.063309e-01 3.051965e-01 1.134374e-03
7.878788e-01 3.535354e-01 3.032522e-01 3.023670e-01 8.851895e-04
7.979798e-01 3.535354e-01 3.002045e-01 2.992893e-01 9.151401e-04
8.080808e-01 3.535354e-01 2.971874e-01 2.963215e-01 8.659292e-04
8.181818e-01 3.535354e-01 2.942006e-01 2.932683e-01 9.323349e-04
8.282828e-01 3.535354e-01 2.912438e-01 2.903097e-01 9.341062e-04
8.383838e-01 3.535354e-01 2.883168e-01 2.873798e-01 9.369533e-04
8.484848e-01 3.535354e-01 2.854192e-01 2.843825e-01 1.036631e-03
8.585859e-01 3.535354e-01 2.825506e-01 2.815440e-01 1.006613e-03
8.686869e-01 3.535354e-01 2.797110e-01 2.787668e-01 9.441510e-04
8.787879e-01 3.535354e-01 2.768998e-01 2.758707e-01 1.029169e-03
8.888889e-01 3.535354e-01 2.741169e-01 2.730676e-01 1.049308e-03
8.989899e-01 3.535354e-01 2.713620e-01 2.703038e-01 1.058225e-03
9.090909e-01 3.535354e-01 2.686348e-01 2.677453e-01 8.894908e-04
9.191919e-01 3.535354e-01 2.659350e-01 2.650379e-01 8.970884e-04
9.292929e-01 3.535354e-01 2.632623e-01 2.623945e-01 8.678043e-04
9.393939e-01 3.535354e-01 2.606164e-01 2.596818e-01 9.346120e-04
9.494949e-01 3.535354e-01 2.579972e-01 2.572773e-01 7.198845e-04
9.595960e-01 3.535354e-01 2.554043e-01 2.545716e-01 8.326928e-04
9.696970e-01 3.535354e-01 2.528374e-01 2.519903e-01 8.471059e-04
9.797980e-01 3.535354e-01 2.502964e-01 2.494873e-01 8.091150e-04
9.898990e-01 3.535354e-01 2.477808e-01 2.468221e-01 9.587272e-04
1.000000e+00 3.535354e-01 2.452906e-01 2.441607e-01 1.129955e-03
0.000000e+00 3.636364e-01 -5.406408e-01 -5.414517e-01 8.108751e-04
1.010101e-02 3.636364e-01 -5.352073e-01 -5.359502e-01 7.428965e-04
2.020202e-02 3.636364e-01 -5.298284e-01 -5.305457e-01 7.173464e-04
3.030303e-02 3.636364e-01 -5.245035e-01 -5.251610e-01 6.575259e-04
4.040404e-02 3.636364e-01 -5.192322e-01 -5.198276e-01 5.954497e-04
5.050505e-02 3.636364e-01 -5.140138e-01 -5.145757e-01 5.619347e-04
6.060606e-02 3.636364e-01 -5.088479e-01 -5.093855e-01 5.376054e-04
7.070707e-02 3.636364e-01 -5.037339e-01 -5.041342e-01 4.003226e-04
8.080808e-02 3.636364e-01 -4.986712e-01 -4.990214e-01 3.501643e-04
9.090909e-02 3.636364e-01 -4.936595e-01 -4.939110e-01 2.515102e-04
1.010101e-01 3.636364e-01 -4.886982e-01 -4.889201e-01 2.219351e-04
1.111111e-01 3.636364e-01 -4.837867e-01 -4.839618e-01 1.751609e-04
1.212121e-01 3.636364e-01 -4.789245e-01 -4.789990e-01 7.449529e-05
1.313131e-01 3.636364e-01 -4.741113e-01 -4.741701e-01 5.883646e-05
1.414141e-01 3.636364e-01 -4.693464e-01 -4.693912e-01 4.487136e-05
1.515152e-01 3.636364e-01 -4.646293e-01 -4.645872e-01 4.213491e-05
1.616162e-01 3.636364e-01 -4.599597e-01 -4.599787e-01 1.895534e-05
1.717172e-01 3.636364e-01 -4.553371e-01 -4.552196e-01 1.174460e-04
1.818182e-01 3.636364e-01 -4.507609e-01 -4.507784e-01 1.750595e-05
1.919192e-01 3.636364e-01 -4.462306e-01 -4.462520e-01 2.135079e-05
2.020202e-01 3.636364e-01 -4.417459e-01 -4.417286e-01 1.735361e-05
2.121212e-01 3.636364e-01 -4.373063e-01 -4.372894e-01 1.696816e-05
2.222222e-01 3.636364e-01 -4.329113e-01 -4.328978e-01 1.351791e-05
2.323232e-01 3.636364e-01 -4.285605e-01 -4.286644e-01 1.039526e-04
2.424242e-01 3.636364e-01 -4.242534e-01 -4.243898e-01 1.364501e-04
2.525253e-01 3.636364e-01 -4.199896e-01 -4.200294e-01 3.982976e-05
2.626263e-01 3.636364e-01 -4.157686e-01 -4.159267e-01 1.580879e-04
2.727273e-01 3.636364e-01 -4.115901e-01 -4.117055e-01 1.154305e-04
2.828283e-01 3.636364e-01 -4.074535e-01 -4.075096e-01 5.605052e-05
2.929293e-01 3.636364e-01 -4.033585e-01 -4.034663e-01 1.078046e-04
3.030303e-01 3.636364e-01 -3.993047e-01 -3.994082e-01 1.035023e-04
3.131313e-01 3.636364e-01 -3.952916e-01 -3.952885e-01 3.172697e-06
3.232323e-01 3.636364e-01 -3.913189e-01 -3.913802e-01 6.129744e-05
3.333333e-01 3.636364e-01 -3.873861e-01 -3.874663e-01 8.023797e-05
3.434343e-01 3.636364e-01 -3.834928e-01 -3.834846e-01 8.177072e-06
3.535354e-01 3.636364e-01 -3.796386e-01 -3.796855e-01 4.690826e-05
3.636364e-01 3.636364e-01 -3.758232e-01 -3.757900e-01 3.318174e-05
3.737374e-01 3.636364e-01 -3.720461e-01 -3.720692e-01 2.314337e-05
3.838384e-01 3.636364e-01 -3.683070e-01 -3.682276e-01 7.937008e-05
3.939394e-01 3.636364e-01 -3.646054e-01 -3.645090e-01 9.643838e-05
4.040404e-01 3.636364e-01 -3.609411e-01 -3.608564e-01 8.466588e-05
4.141414e-01 3.636364e-01 -3.573136e-01 -3.571886e-01 1.249794e-04
4.242424e-01 3.636364e-01 -3.537225e-01 -3.536367e-01 8.575954e-05
4.343434e-01 3.636364e-01 -3.501675e-01 -3.499230e-01 2.445166e-04
4.444444e-01 3.636364e-01 -3.466483e-01 -3.464885e-01 1.598135e-04
4.545455e-01 3.636364e-01 -3.431644e-01 -3.430476e-01 1.167975e-04
4.646465e-01 3.636364e-01 -3.397156e-01 -3.394284e-01 2.871321e-04
4.747475e-01 3.636364e-01 -3.363014e-01 -3.361024e-01 1.989927e-04
4.848485e-01 3.636364e-01 -3.329215e-01 -3.327578e-01 1.636440e-04
4.949495e-01 3.636364e-01 -3.295756e-01 -3.293902e-01 1.853902e-04
5.050505e-01 3.636364e-01 -3.262633e-01 -3.260862e-01 1.771058e-04
5.151515e-01 3.636364e-01 -3.229843e-01 -3.226295e-01 3.548174e-04
5.252525e-01 3.636364e-01 -3.197382e-01 -3.195962e-01 1.420522e-04
5.353535e-01 3.636364e-01 -3.165248e-01 -3.163024e-01 2.223826e-04
5.454545e-01 3.636364e-01 -3.133437e-01 -3.132153e-01 1.284187e-04
5.555556e-01 3.636364e-01 -3.101945e-01 -3.100020e-01 1.925491e-04
5.656566e-01 3.636364e-01 -3.070770e-01 -3.068830e-01 1.940344e-04
5.757576e-01 3.636364e-01 -3.039908e-01 -3.037499e-01 2.409180e-04
5.858586e-01 3.636364e-01 -3.009357e-01 -3.008089e-01 1.267719e-04
5.959596e-01 3.636364e-01 -2.979112e-01 -2.976846e-01 2.266746e-04
6.060606e-01 3.636364e-01 -2.949172e-01 -2.947214e-01 1.958026e-04
6.161616e-01 3.636364e-01 -2.919532e-01 -2.917528e-01 2.003857e-04
6.262626e-01 3.636364e-01 -2.890190e-01 -2.886946e-01 3.244026e-04
6.363636e-01 3.636364e-01 -2.861143e-01 -2.858201e-01 2.942666e-04
6.464646e-01 3.636364e-01 -2.832388e-01 -2.830791e-01 1.597492e-04
6.565657e-01 3.636364e-01 -2.803922e-01 -2.801898e-01 2.024870e-04
6.666667e-01 3.636364e-01 -2.775743e-01 -2.775440e-01 3.022932e-05
6.767677e-01 3.636364e-01 -2.747846e-01 -2.746499e-01 1.346655e-04
6.868687e-01 3.636364e-01 -2.720230e-01 -2.718478e-01 1.751087e-04
6.969697e-01 3.636364e-01 -2.692891e-01 -2.691540e-01 1.350647e-04
7.070707e-01 3.636364e-01 -2.665827e-01 -2.664272e-01 1.555176e-04
7.171717e-01 3.636364e-01 -2.639035e-01 -2.636868e-01 2.167006e-04
7.272727e-01 3.636364e-01 -2.612512e-01 -2.610919e-01 1.592554e-04
7.373737e-01 3.636364e-01 -2.586256e-01 -2.584749e-01 1.506985e-04
7.474747e-01 3.636364e-01 -2.560264e-01 -2.558061e-01 2.202663e-04
7.575758e-01 3.636364e-01 -2.534532e-01 -2.533356e-01 1.176522e-04
7.676768e-01 3.636364e-01 -2.509060e-01 -2.507405e-01 1.655316e-04
7.777778e-01 3.636364e-01 -2.483844e-01 -2.483417e-01 4.267349e-05
7.878788e-01 3.636364e-01 -2.458880e-01 -2.457248e-01 1.632518e-04
7.979798e-01 3.636364e-01 -2.434168e-01 -2.431509e-01 2.658838e-04
8.080808e-01 3.636364e-01 -2.409705e-01 -2.406846e-01 2.858847e-04
8.181818e-01 3.636364e-01 -2.385487e-01 -2.382207e-01 3.279688e-04
8.282828e-01 3.636364e-01 -2.361512e-01 -2.359143e-01 2.369169e-04
8.383838e-01 3.636364e-01 -2.337778e-01 -2.335095e-01 2.683074e-04
8.484848e-01 3.636364e-01 -2.314283e-01 -2.311493e-01 2.790259e-04
8.585859e-01 3.636364e-01 -2.291024e-01 -2.288276e-01 2.748527e-04
8.686869e-01 3.636364e-01 -2.267999e-01 -2.266071e-01 1.928464e-04
8.787879e-01 3.636364e-01 -2.245206e-01 -2.242596e-01 2.609984e-04
8.888889e-01 3.636364e-01 -2.222641e-01 -2.219613e-01 3.028250e-04
8.989899e-01 3.636364e-01 -2.200303e-01 -2.198238e-01 2.064565e-04
9.090909e-01 3.636364e-01 -2.178190e-01 -2.173522e-01 4.667413e-04
9.191919e-01 3.636364e-01 -2.156298e-01 -2.152699e-01 3.599129e-04
9.292929e-01 3.636364e-01 -2.134627e-01 -2.130145e-01 4.482369e-04
9.393939e-01 3.636364e-01 -2.113174e-01 -2.109730e-01 3.443602e-04
9.494949e-01 3.636364e-01 -2.091936e-01 -2.087474e-01 4.462228e-04
9.595960e-01 3.636364e-01 -2.070912e-01 -2.066916e-01 3.996160e-04
9.696970e-01 3.636364e-01 -2.050099e-01 -2.046325e-01 3.773577e-04
9.797980e-01 3.636364e-01 -2.029495e-01 -2.025084e-01 4.411051e-04
9.898990e-01 3.636364e-01 -2.009098e-01 -2.005228e-01 3.870385e-04
1.000000e+00 3.636364e-01 -1.988906e-01 -1.985253e-01 3.653322e-04
0.000000e+00 3.737374e-01 4.009305e-01 4.023978e-01 1.467306e-03
1.010101e-02 3.737374e-01 3.969011e-01 3.983539e-01 1.452817e-03
2.020202e-02 3.737374e-01 3.929122e-01 3.944700e-01 1.557841e-03
3.030303e-02 3.737374e-01 3.889634e-01 3.904740e-01 1.510660e-03
4.040404e-02 3.737374e-01 3.850542e-01 3.866451e-01 1.590863e-03
5.050505e-02 3.737374e-01 3.811844e-01 3.827913e-01 1.606954e-03
6.060606e-02 3.737374e-01 3.773534e-01 3.789241e-01 1.570681e-03
7.070707e-02 3.737374e-01 3.735609e-01 3.751277e-01 1.566777e-03
8.080808e-02 3.737374e-01 3.698066e-01 3.713791e-01 1.572531e-03
9.090909e-02 3.737374e-01 3.660900e-01 3.676634e-01 1.573484e-03
1.010101e-01 3.737374e-01 3.624107e-01 3.639842e-01 1.573473e-03
1.111111e-01 3.737374e-01 3.587684e-01 3.602457e-01 1.477298e-03
1.212121e-01 3.737374e-01 3.551627e-01 3.567132e-01 1.550452e-03
1.313131e-01 3.737374e-01 3.515933e-01 3.531395e-01 1.546240e-03
1.414141e-01 3.737374e-01 3.480597e-01 3.495960e-01 1.536255e-03
1.515152e-01 3.737374e-01 3.445617e-01 3.460488e-01 1.487121e-03
1.616162e-01 3.737374e-01 3.410987e-01 3.426070e-01 1.508213e-03
1.717172e-01 3.737374e-01 3.376707e-01 3.393039e-01 1.633201e-03
1.818182e-01 3.737374e-01 3.342770e-01 3.357909e-01 1.513869e-03
1.919192e-01 3.737374e-01 3.309175e-01 3.325019e-01 1.584424e-03
2.020202e-01 3.737374e-01 3.275917e-01 3.292008e-01 1.609086e-03
2.121212e-01 3.737374e-01 3.242993e-01 3.258683e-01 1.568941e-03
2.222222e-01 3.737374e-01 3.210401e-01 3.227366e-01 1.696545e-03
2.323232e-01 3.737374e-01 3.178136e-01 3.194214e-01 1.607781e-03
2.424242e-01 3.737374e-01 3.146195e-01 3.161480e-01 1.528552e-03
2.525253e-01 3.737374e-01 3.114575e-01 3.129508e-01 1.493278e-03
2.626263e-01 3.737374e-01 3.083273e-01 3.098661e-01 1.538758e-03
2.727273e-01 3.737374e-01 3.052286e-01 3.067818e-01 1.553197e-03
2.828283e-01 3.737374e-01 3.021610e-01 3.036901e-01 1.529132e-03
2.929293e-01 3.737374e-01 2.991242e-01 3.006650e-01 1.540785e-03
3.030303e-01 3.737374e-01 2.961180e-01 2.976478e-01 1.529816e-03
3.131313e-01 3.737374e-01 2.931419e-01 2.946364e-01 1.494505e-03
3.232323e-01 3.737374e-01 2.901958e-01 2.916898e-01 1.493956e-03
3.333333e-01 3.737374e-01 2.872793e-01 2.886681e-01 1.388844e-03
3.434343e-01 3.737374e-01 2.843921e-01 2.858730e-01 1.480948e-03
3.535354e-01 3.737374e-01 2.815339e-01 2.829943e-01 1.460440e-03
3.636364e-01 3.737374e-01 2.787044e-01 2.802790e-01 1.574524e-03
3.737374e-01 3.737374e-01 2.759034e-01 2.773149e-01 1.411500e-03
3.838384e-01 3.737374e-01 2.731305e-01 2.745767e-01 1.446197e-03
3.939394e-01 3.737374e-01 2.703855e-01 2.718177e-01 1.432165e-03
4.040404e-01 3.737374e-01 2.676681e-01 2.690729e-01 1.404850e-03
4.141414e-01 3.737374e-01 2.649780e-01 2.664123e-01 1.434357e-03
4.242424e-01 3.737374e-01 2.623149e-01 2.637347e-01 1.419810e-03
4.343434e-01 3.737374e-01 2.596786e-01 2.611939e-01 1.515262e-03
4.444444e-01 3.737374e-01 2.570688e-01 2.585523e-01 1.483457e-03
4.545455e-01 3.737374e-01 2.544852e-01 2.558178e-01 1.332618e-03
4.646465e-01 3.737374e-01 2.519276e-01 2.534816e-01 1.554033e-03
4.747475e-01 3.737374e-01 2.493957e-01 2.509039e-01 1.508195e-03
4.848485e-01 3.737374e-01 2.468892e-01 2.484640e-01 1.574837e-03
4.949495e-01 3.737374e-01 2.444079e-01 2.458493e-01 1.441378e-03
5.050505e-01 3.737374e-01 2.419516e-01 2.434237e-01 1.472077e-03
5.151515e-01 3.737374e-01 2.395199e-01 2.409878e-01 1.467838e-03
5.252525e-01 3.737374e-01 2.371127e-01 2.385339e-01 1.421130e-03
5.353535e-01 3.737374e-01 2.347297e-01 2.361184e-01 1.388734e-03
5.454545e-01 3.737374e-01 2.323706e-01 2.337154e-01 1.344726e-03
5.555556e-01 3.737374e-01 2.300353e-01 2.314437e-01 1.408437e-03
5.656566e-01 3.737374e-01 2.277234e-01 2.290299e-01 1.306550e-03
5.757576e-01 3.737374e-01 2.254347e-01 2.266880e-01 1.253312e-03
5.858586e-01 3.737374e-01 2.231691e-01 2.243516e-01 1.182526e-03
5.959596e-01 3.737374e-01 2.209262e-01 2.220738e-01 1.147620e-03
6.060606e-01 3.737374e-01 2.187058e-01 2.198364e-01 1.130526e-03
6.161616e-01 3.737374e-01 2.165078e-01 2.177272e-01 1.219356e-03
6.262626e-01 3.737374e-01 2.143319e-01 2.154891e-01 1.157230e-03
6.363636e-01 3.737374e-01 2.121778e-01 2.132540e-01 1.076246e-03
6.464646e-01 3.737374e-01 2.100454e-01 2.110926e-01 1.047225e-03
6.565657e-01 3.737374e-01 2.079344e-01 2.089072e-01 9.728115e-04
6.666667e-01 3.737374e-01 2.058446e-01 2.067064e-01 8.618043e-04
6.767677e-01 3.737374e-01 2.037758e-01 2.046784e-01 9.025883e-04
6.868687e-01 3.737374e-01 2.017278e-01 2.026522e-01 9.243689e-04
6.969697e-01 3.737374e-01 1.997004e-01 2.006324e-01 9.319447e-04
7.070707e-01 3.737374e-01 1.976934e-01 1.986163e-01 9.228999e-04
7.171717e-01 3.737374e-01 1.957066e-01 1.967435e-01 1.036914e-03
7.272727e-01 3.737374e-01 1.937397e-01 1.946783e-01 9.386161e-04
7.373737e-01 3.737374e-01 1.917926e-01 1.926779e-01 8.852811e-04
7.474747e-01 3.737374e-01 1.898650e-01 1.908125e-01 9.474414e-04
7.575758e-01 3.737374e-01 1.879569e-01 1.888424e-01 8.855637e-04
7.676768e-01 3.737374e-01 1.860679e-01 1.869894e-01 9.215721e-04
7.777778e-01 3.737374e-01 1.841978e-01 1.850334e-01 8.355394e-04
7.878788e-01 3.737374e-01 1.823466e-01 1.832675e-01 9.209111e-04
7.979798e-01 3.737374e-01 1.805140e-01 1.814065e-01 8.924891e-04
8.080808e-01 3.737374e-01 1.786998e-01 1.796889e-01 9.890579e-04
8.181818e-01 3.737374e-01 1.769039e-01 1.777496e-01 8.457240e-04
8.282828e-01 3.737374e-01 1.751259e-01 1.761005e-01 9.745554e-04
8.383838e-01 3.737374e-01 1.733659e-01 1.741985e-01 8.326160e-04
8.484848e-01 3.737374e-01 1.716235e-01 1.724874e-01 8.638418e-04
8.585859e-01 3.737374e-01 1.698987e-01 1.706903e-01 7.916069e-04
8.686869e-01 3.737374e-01 1.681912e-01 1.689082e-01 7.169977e-04
8.787879e-01 3.737374e-01 1.665008e-01 1.673256e-01 8.247245e-04
8.888889e-01 3.737374e-01 1.648275e-01 1.655340e-01 7.065487e-04
8.989899e-01 3.737374e-01 1.631709e-01 1.637673e-01 5.964105e-04
9.090909e-01 3.737374e-01 1.615310e-01 1.621570e-01 6.259668e-04
9.191919e-01 3.737374e-01 1.599076e-01 1.605076e-01 6.000008e-04
9.292929e-01 3.737374e-01 1.583005e-01 1.589285e-01 6.279931e-04
9.393939e-01 3.737374e-01 1.567096e-01 1.572945e-01 5.849379e-04
9.494949e-01 3.737374e-01 1.551346e-01 1.558211e-01 6.865279e-04
9.595960e-01 3.737374e-01 1.535755e-01 1.541733e-01 5.977670e-04
9.696970e-01 3.737374e-01 1.520320e-01 1.526246e-01 5.925783e-04
9.797980e-01 3.737374e-01 1.505041e-01 1.511135e-01 6.093689e-04
9.898990e-01 3.737374e-01 1.489915e-01 1.496138e-01 6.223071e-04
1.000000e+00 3.737374e-01 1.474941e-01 1.478451e-01 3.510477e-04
0.000000e+00 3.838384e-01 -2.511480e-01 -2.511049e-01 4.309588e-05
1.010101e-02 3.838384e-01 -2.486239e-01 -2.486541e-01 3.021896e-05
2.020202e-02 3.838384e-01 -2.461252e-01 -2.462939e-01 1.687058e-04
3.030303e-02 3.838384e-01 -2.436516e-01 -2.438295e-01 1.778913e-04
4.040404e-02 3.838384e-01 -2.412029e-01 -2.414902e-01 2.873865e-04
5.050505e-02 3.838384e-01 -2.387787e-01 -2.390869e-01 3.081368e-04
6.060606e-02 3.838384e-01 -2.363790e-01 -2.367369e-01 3.579300e-04
7.070707e-02 3.838384e-01 -2.340033e-01 -2.344632e-01 4.598991e-04
8.080808e-02 3.838384e-01 -2.316515e-01 -2.321199e-01 4.683148e-04
9.090909e-02 3.838384e-01 -2.293234e-01 -2.298018e-01 4.783670e-04
1.010101e-01 3.838384e-01 -2.270187e-01 -2.274245e-01 4.058337e-04
1.111111e-01 3.838384e-01 -2.247371e-01 -2.251879e-01 4.508044e-04
1.212121e-01 3.838384e-01 -2.224784e-01 -2.229323e-01 4.538906e-04
1.313131e-01 3.838384e-01 -2.202425e-01 -2.207181e-01 4.755830e-04
1.414141e-01 3.838384e-01 -2.180290e-01 -2.185574e-01 5.283288e-04
1.515152e-01 3.838384e-01 -2.158378e-01 -2.162571e-01 4.192944e-04
1.616162e-01 3.838384e-01 -2.136686e-01 -2.140810e-01 4.124538e-04
1.717172e-01 3.838384e-01 -2.115212e-01 -2.120004e-01 4.791797e-04
1.818182e-01 3.838384e-01 -2.093954e-01 -2.098349e-01 4.395065e-04
1.919192e-01 3.838384e-01 -2.072909e-01 -2.077338e-01 4.428414e-04
2.020202e-01 3.838384e-01 -2.052076e-01 -2.056596e-01 4.520271e-04
2.121212e-01 3.838384e-01 -2.031452e-01 -2.035142e-01 3.689880e-04
2.222222e-01 3.838384e-01 -2.011036e-01 -2.016148e-01 5.112101e-04
2.323232e-01 3.838384e-01 -1.990825e-01 -1.995008e-01 4.183367e-04
2.424242e-01 3.838384e-01 -1.970817e-01 -1.974247e-01 3.429995e-04
2.525253e-01 3.838384e-01 -1.951009e-01 -1.954170e-01 3.160992e-04
2.626263e-01 3.838384e-01 -1.931402e-01 -1.936140e-01 4.738557e-04
2.727273e-01 3.838384e-01 -1.911991e-01 -1.915518e-01 3.527448e-04
2.828283e-01 3.838384e-01 -1.892775e-01 -1.896559e-01 3.784226e-04
2.929293e-01 3.838384e-01 -1.873752e-01 -1.877556e-01 3.804370e-04
3.030303e-01 3.838384e-01 -1.854921e-01 -1.857561e-01 2.640320e-04
3.131313e-01 3.838384e-01 -1.836278e-01 -1.839172e-01 2.893355e-04
3.232323e-01 3.838384e-01 -1.817823e-01 -1.821356e-01 3.533024e-04
3.333333e-01 3.838384e-01 -1.799554e-01 -1.802521e-01 2.966788e-04
3.434343e-01 3.838384e-01 -1.781468e-01 -1.784486e-01 3.017431e-04
3.535354e-01 3.838384e-01 -1.763564e-01 -1.766868e-01 3.303541e-04
3.636364e-01 3.838384e-01 -1.745840e-01 -1.748436e-01 2.596109e-04
3.737374e-01 3.838384e-01 -1.728294e-01 -1.731343e-01 3.049267e-04
3.838384e-01 3.838384e-01 -1.710924e-01 -1.712300e-01 1.375821e-04
3.939394e-01 3.838384e-01 -1.693729e-01 -1.694741e-01 1.011963e-04
4.040404e-01 3.838384e-01 -1.676707e-01 -1.678520e-01 1.812820e-04
4.141414e-01 3.838384e-01 -1.659856e-01 -1.662271e-01 2.415182e-04
4.242424e-01 3.838384e-01 -1.643174e-01 -1.644760e-01 1.586357e-04
4.343434e-01 3.838384e-01 -1.626660e-01 -1.627918e-01 1.258640e-04
4.444444e-01 3.838384e-01 -1.610312e-01 -1.611897e-01 1.585710e-04
4.545455e-01 3.838384e-01 -1.594128e-01 -1.595492e-01 1.364027e-04
4.646465e-01 3.838384e-01 -1.578106e-01 -1.578810e-01 7.037237e-05
4.747475e-01 3.838384e-01 -1.562246e-01 -1.563425e-01 1.178805e-04
4.848485e-01 3.838384e-01 -1.546545e-01 -1.548992e-01 2.446375e-04
4.949495e-01 3.838384e-01 -1.531002e-01 -1.531804e-01 8.018185e-05
5.050505e-01 3.838384e-01 -1.515616e-01 -1.516245e-01 6.294505e-05
5.151515e-01 3.838384e-01 -1.500383e-01 -1.500753e-01 3.697955e-05
5.252525e-01 3.838384e-01 -1.485304e-01 -1.485643e-01 3.391204e-05
5.353535e-01 3.838384e-01 -1.470377e-01 -1.470352e-01 2.430042e-06
5.454545e-01 3.838384e-01 -1.455599e-01 -1.456622e-01 1.022704e-04
5.555556e-01 3.838384e-01 -1.440970e-01 -1.443093e-01 2.122655e-04
5.656566e-01 3.838384e-01 -1.426488e-01 -1.427633e-01 1.144392e-04
5.757576e-01 3.838384e-01 -1.412152e-01 -1.411964e-01 1.880333e-05
5.858586e-01 3.838384e-01 -1.397959e-01 -1.399435e-01 1.475430e-04
5.959596e-01 3.838384e-01 -1.383910e-01 -1.384710e-01 8.004227e-05
6.060606e-01 3.838384e-01 -1.370001e-01 -1.372190e-01 2.188393e-04
6.161616e-01 3.838384e-01 -1.356232e-01 -1.358794e-01 2.561584e-04
6.262626e-01 3.838384e-01 -1.342602e-01 -1.343126e-01 5.242684e-05
6.363636e-01 3.838384e-01 -1.329109e-01 -1.328413e-01 6.951686e-05
6.464646e-01 3.838384e-01 -1.315751e-01 -1.317967e-01 2.216284e-04
6.565657e-01 3.838384e-01 -1.302527e-01 -1.304245e-01 1.717618e-04
6.666667e-01 3.838384e-01 -1.289437e-01 -1.290540e-01 1.102743e-04
6.767677e-01 3.838384e-01 -1.276478e-01 -1.278633e-01 2.155173e-04
6.868687e-01 3.838384e-01 -1.263649e-01 -1.264763e-01 1.113985e-04
6.969697e-01 3.838384e-01 -1.250949e-01 -1.253983e-01 3.034366e-04
7.070707e-01 3.838384e-01 -1.238377e-01 -1.240695e-01 2.317756e-04
7.171717e-01 3.838384e-01 -1.225931e-01 -1.229216e-01 3.284986e-04
7.272727e-01 3.838384e-01 -1.213610e-01 -1.215740e-01 2.130377e-04
7.373737e-01 3.838384e-01 -1.201413e-01 -1.204189e-01 2.775980e-04
7.474747e-01 3.838384e-01 -1.189339e-01 -1.192470e-01 3.131512e-04
7.575758e-01 3.838384e-01 -1.177386e-01 -1.179582e-01 2.196251e-04
7.676768e-01 3.838384e-01 -1.165553e-01 -1.167563e-01 2.010492e-04
7.777778e-01 3.838384e-01 -1.153839e-01 -1.155090e-01 1.251622e-04
7.878788e-01 3.838384e-01 -1.142242e-01 -1.144097e-01 1.854413e-04
7.979798e-01 3.838384e-01 -1.130763e-01 -1.130141e-01 6.216926e-05
8.080808e-01 3.838384e-01 -1.119398e-01 -1.120801e-01 1.402613e-04
8.181818e-01 3.838384e-01 -1.108148e-01 -1.107577e-01 5.711341e-05
8.282828e-01 3.838384e-01 -1.097011e-01 -1.096379e-01 6.325810e-05
8.383838e-01 3.838384e-01 -1.085986e-01 -1.084347e-01 1.638634e-04
8.484848e-01 3.838384e-01 -1.075072e-01 -1.074345e-01 7.265497e-05
8.585859e-01 3.838384e-01 -1.064267e-01 -1.061879e-01 2.388212e-04
8.686869e-01 3.838384e-01 -1.053571e-01 -1.052647e-01 9.237193e-05
8.787879e-01 3.838384e-01 -1.042982e-01 -1.040659e-01 2.323438e-04
8.888889e-01 3.838384e-01 -1.032500e-01 -1.029113e-01 3.387308e-04
8.989899e-01 3.838384e-01 -1.022123e-01 -1.019237e-01 2.886402e-04
9.090909e-01 3.838384e-01 -1.011851e-01 -1.007384e-01 4.466871e-04
9.191919e-01 3.838384e-01 -1.001682e-01 -9.964705e-02 5.211212e-04
9.292929e-01 3.838384e-01 -9.916146e-02 -9.861004e-02 5.514161e-04
9.393939e-01 3.838384e-01 -9.816487e-02 -9.768611e-02 4.787585e-04
9.494949e-01 3.838384e-01 -9.717830e-02 -9.692490e-02 2.533961e-04
9.595960e-01 3.838384e-01 -9.620164e-02 -9.575713e-02 4.445123e-04
9.696970e-01 3.838384e-01 -9.523480e-02 -9.495825e-02 2.765509e-04
9.797980e-01 3.838384e-01 -9.427767e-02 -9.401923e-02 2.584369e-04
9.898990e-01 3.838384e-01 -9.333016e-02 -9.310752e-02 2.226433e-04
1.000000e+00 3.838384e-01 -9.239218e-02 -9.223282e-02 1.593578e-04
0.000000e+00 3.939394e-01 9.505604e-02 9.538907e-02 3.330248e-04
1.010101e-02 3.939394e-01 9.410071e-02 9.451479e-02 4.140729e-04
2.020202e-02 3.939394e-01 9.315499e-02 9.363413e-02 4.791421e-04
3.030303e-02 3.939394e-01 9.221876e-02 9.274977e-02 5.310111e-04
4.040404e-02 3.939394e-01 9.129195e-02 9.189230e-02 6.003526e-04
5.050505e-02 3.939394e-01 9.037445e-02 9.098870e-02 6.142454e-04
6.060606e-02 3.939394e-01 8.946617e-02 9.011543e-02 6.492560e-04
7.070707e-02 3.939394e-01 8.856702e-02 8.926690e-02 6.998742e-04
8.080808e-02 3.939394e-01 8.767691e-02 8.836687e-02 6.899574e-04
9.090909e-02 3.939394e-01 8.679574e-02 8.758706e-02 7.913173e-04
1.010101e-01 3.939394e-01 8.592343e-02 8.667541e-02 7.519759e-04
1.111111e-01 3.939394e-01 8.505988e-02 8.576685e-02 7.069671e-04
1.212121e-01 3.939394e-01 8.420502e-02 8.499920e-02 7.941848e-04
1.313131e-01 3.939394e-01 8.335874e-02 8.418787e-02 8.291208e-04
1.414141e-01 3.939394e-01 8.252098e-02 8.334374e-02 8.227691e-04
1.515152e-01 3.939394e-01 8.169163e-02 8.255899e-02 8.673639e-04
1.616162e-01 3.939394e-01 8.087061e-02 8.176261e-02 8.920006e-04
1.717172e-01 3.939394e-01 8.005785e-02 8.101153e-02 9.536856e-04
1.818182e-01 3.939394e-01 7.925325e-02 8.020115e-02 9.478955e-04
1.919192e-01 3.939394e-01 7.845675e-02 7.952154e-02 1.064792e-03
2.020202e-01 3.939394e-01 7.766824e-02 7.870245e-02 1.034208e-03
2.121212e-01 3.939394e-01 7.688766e-02 7.795787e-02 1.070206e-03
2.222222e-01 3.939394e-01 7.611493e-02 7.726645e-02 1.151525e-03
2.323232e-01 3.939394e-01 7.534996e-02 7.642591e-02 1.075948e-03
2.424242e-01 3.939394e-01 7.459268e-02 7.565558e-02 1.062898e-03
2.525253e-01 3.939394e-01 7.384301e-02 7.491738e-02 1.074363e-03
2.626263e-01 3.939394e-01 7.310088e-02 7.421577e-02 1.114891e-03
2.727273e-01 3.939394e-01 7.236620e-02 7.347715e-02 1.110946e-03
2.828283e-01 3.939394e-01 7.163891e-02 7.281870e-02 1.179786e-03
2.929293e-01 3.939394e-01 7.091893e-02 7.208151e-02 1.162579e-03
3.030303e-01 3.939394e-01 7.020618e-02 7.139206e-02 1.185879e-03
3.131313e-01 3.939394e-01 6.950060e-02 7.068765e-02 1.187055e-03
3.232323e-01 3.939394e-01 6.880210e-02 7.004285e-02 1.240745e-03
3.333333e-01 3.939394e-01 6.811063e-02 6.922483e-02 1.114203e-03
3.434343e-01 3.939394e-01 6.742611e-02 6.867719e-02 1.251079e-03
3.535354e-01 3.939394e-01 6.674846e-02 6.791043e-02 1.161968e-03
3.636364e-01 3.939394e-01 6.607763e-02 6.736785e-02 1.290220e-03
3.737374e-01 3.939394e-01 6.541354e-02 6.663001e-02 1.216466e-03
3.838384e-01 3.939394e-01 6.475612e-02 6.603968e-02 1.283558e-03
3.939394e-01 3.939394e-01 6.410531e-02 6.537431e-02 1.269001e-03
4.040404e-01 3.939394e-01 6.346104e-02 6.471449e-02 1.253447e-03
4.141414e-01 3.939394e-01 6.282325e-02 6.397891e-02 1.155660e-03
4.242424e-01 3.939394e-01 6.219187e-02 6.332576e-02 1.133897e-03
4.343434e-01 3.939394e-01 6.156683e-02 6.274366e-02 1.176836e-03
4.444444e-01 3.939394e-01 6.094807e-02 6.211460e-02 1.166526e-03
4.545455e-01 3.939394e-01 6.033553e-02 6.129956e-02 9.640299e-04
4.646465e-01 3.939394e-01 5.972915e-02 6.098682e-02 1.257666e-03
4.747475e-01 3.939394e-01 5.912886e-02 6.028163e-02 1.152772e-03
4.848485e-01 3.939394e-01 5.853461e-02 5.965084e-02 1.116231e-03
4.949495e-01 3.939394e-01 5.794633e-02 5.894339e-02 9.970658e-04
5.050505e-01 3.939394e-01 5.736395e-02 5.837053e-02 1.006576e-03
5.151515e-01 3.939394e-01 5.678744e-02 5.788958e-02 1.102143e-03
5.252525e-01 3.939394e-01 5.621671e-02 5.719799e-02 9.812736e-04
5.353535e-01 3.939394e-01 5.565173e-02 5.660391e-02 9.521815e-04
5.454545e-01 3.939394e-01 5.509242e-02 5.588758e-02 7.951620e-04
5.555556e-01 3.939394e-01 5.453873e-02 5.544764e-02 9.089080e-04
5.656566e-01 3.939394e-01 5.399061e-02 5.474544e-02 7.548290e-04
5.757576e-01 3.939394e-01 5.344799e-02 5.433369e-02 8.856947e-04
5.858586e-01 3.939394e-01 5.291083e-02 5.374420e-02 8.333660e-04
5.959596e-01 3.939394e-01 5.237907e-02 5.313897e-02 7.599030e-04
6.060606e-01 3.939394e-01 5.185265e-02 5.259997e-02 7.473166e-04
6.161616e-01 3.939394e-01 5.133152e-02 5.205727e-02 7.257441e-04
6.262626e-01 3.939394e-01 5.081563e-02 5.166262e-02 8.469920e-04
6.363636e-01 3.939394e-01 5.030493e-02 5.113453e-02 8.296004e-04
6.464646e-01 3.939394e-01 4.979935e-02 5.040097e-02 6.016189e-04
6.565657e-01 3.939394e-01 4.929886e-02 5.002481e-02 7.259458e-04
6.666667e-01 3.939394e-01 4.880340e-02 4.943299e-02 6.295930e-04
6.767677e-01 3.939394e-01 4.831292e-02 4.896969e-02 6.567684e-04
6.868687e-01 3.939394e-01 4.782736e-02 4.851264e-02 6.852729e-04
6.969697e-01 3.939394e-01 4.734669e-02 4.792368e-02 5.769923e-04
7.070707e-01 3.939394e-01 4.687085e-02 4.751986e-02 6.490130e-04
7.171717e-01 3.939394e-01 4.639979e-02 4.702902e-02 6.292286e-04
7.272727e-01 3.939394e-01 4.593346e-02 4.650640e-02 5.729406e-04
7.373737e-01 3.939394e-01 4.547183e-02 4.592764e-02 4.558185e-04
7.474747e-01 3.939394e-01 4.501483e-02 4.549724e-02 4.824127e-04
7.575758e-01 3.939394e-01 4.456242e-02 4.506111e-02 4.986920e-04
7.676768e-01 3.939394e-01 4.411456e-02 4.449421e-02 3.796520e-04
7.777778e-01 3.939394e-01 4.367120e-02 4.409796e-02 4.267590e-04
7.878788e-01 3.939394e-01 4.323230e-02 4.363555e-02 4.032490e-04
7.979798e-01 3.939394e-01 4.279781e-02 4.335082e-02 5.530094e-04
8.080808e-01 3.939394e-01 4.236768e-02 4.289699e-02 5.293047e-04
8.181818e-01 3.939394e-01 4.194188e-02 4.230601e-02 3.641269e-04
8.282828e-01 3.939394e-01 4.152036e-02 4.196560e-02 4.452476e-04
8.383838e-01 3.939394e-01 4.110307e-02 4.158044e-02 4.773689e-04
8.484848e-01 3.939394e-01 4.068998e-02 4.107779e-02 3.878156e-04
8.585859e-01 3.939394e-01 4.028104e-02 4.057753e-02 2.964948e-04
8.686869e-01 3.939394e-01 3.987620e-02 4.027933e-02 4.031239e-04
8.787879e-01 3.939394e-01 3.947544e-02 3.992879e-02 4.533515e-04
8.888889e-01 3.939394e-01 3.907871e-02 3.945911e-02 3.804016e-04
8.989899e-01 3.939394e-01 3.868596e-02 3.903121e-02 3.452474e-04
9.090909e-01 3.939394e-01 3.829716e-02 3.870952e-02 4.123614e-04
9.191919e-01 3.939394e-01 3.791227e-02 3.826660e-02 3.543322e-04
9.292929e-01 3.939394e-01 3.753124e-02 3.789592e-02 3.646755e-04
9.393939e-01 3.939394e-01 3.715405e-02 3.751421e-02 3.601625e-04
9.494949e-01 3.939394e-01 3.678064e-02 3.717017e-02 3.895289e-04
9.595960e-01 3.939394e-01 3.641099e-02 3.674847e-02 3.374776e-04
9.696970e-01 3.939394e-01 3.604505e-02 3.629857e-02 2.535182e-04
9.797980e-01 3.939394e-01 3.568280e-02 3.608739e-02 4.045978e-04
9.898990e-01 3.939394e-01 3.532418e-02 3.576809e-02 4.439137e-04
1.000000e+00 3.939394e-01 3.496916e-02 3.548563e-02 5.164612e-04
0.000000e+00 4.040404e-01 6.342392e-02 6.274307e-02 6.808519e-04
1.010101e-02 4.040404e-01 6.278650e-02 6.210393e-02 6.825716e-04
2.020202e-02 4.040404e-01 6.215548e-02 6.154883e-02 6.066549e-04
3.030303e-02 4.040404e-01 6.153081e-02 6.087697e-02 6.538455e-04
4.040404e-02 4.040404e-01 6.091242e-02 6.024969e-02 6.627299e-04
5.050505e-02 4.040404e-01 6.030024e-02 5.965656e-02 6.436758e-04
6.060606e-02 4.040404e-01 5.969421e-02 5.903238e-02 6.618283e-04
7.070707e-02 4.040404e-01 5.909427e-02 5.838776e-02 7.065158e-04
8.080808e-02 4.040404e-01 5.850036e-02 5.785400e-02 6.463681e-04
9.090909e-02 4.040404e-01 5.791243e-02 5.719042e-02 7.220082e-04
1.010101e-01 4.040404e-01 5.733040e-02 5.661184e-02 7.185610e-04
1.111111e-01 4.040404e-01 5.675422e-02 5.601501e-02 7.392023e-04
1.212121e-01 4.040404e-01 5.618383e-02 5.547166e-02 7.121689e-04
1.313131e-01 4.040404e-01 5.561917e-02 5.480874e-02 8.104350e-04
1.414141e-01 4.040404e-01 5.506019e-02 5.434620e-02 7.139851e-04
1.515152e-01 4.040404e-01 5.450682e-02 5.368608e-02 8.207425e-04
1.616162e-01 4.040404e-01 5.395902e-02 5.309463e-02 8.643967e-04
1.717172e-01 4.040404e-01 5.341673e-02 5.271041e-02 7.063111e-04
1.818182e-01 4.040404e-01 5.287988e-02 5.213588e-02 7.439933e-04
1.919192e-01 4.040404e-01 5.234843e-02 5.147922e-02 8.692061e-04
2.020202e-01 4.040404e-01 5.182232e-02 5.109131e-02 7.310028e-04
2.121212e-01 4.040404e-01 5.130149e-02 5.056357e-02 7.379194e-04
2.222222e-01 4.040404e-01 5.078590e-02 5.011427e-02 6.716307e-04
2.323232e-01 4.040404e-01 5.027550e-02 4.959464e-02 6.808572e-04
2.424242e-01 4.040404e-01 4.977022e-02 4.903662e-02 7.335988e-04
2.525253e-01 4.040404e-01 4.927002e-02 4.856741e-02 7.026075e-04
2.626263e-01 4.040404e-01 4.877485e-02 4.796892e-02 8.059259e-04
2.727273e-01 4.040404e-01 4.828465e-02 4.767835e-02 6.063032e-04
2.828283e-01 4.040404e-01 4.779939e-02 4.716742e-02 6.319654e-04
2.929293e-01 4.040404e-01 4.731899e-02 4.664004e-02 6.789555e-04
3.030303e-01 4.040404e-01 4.684343e-02 4.617071e-02 6.727187e-04
3.131313e-01 4.040404e-01 4.637265e-02 4.574102e-02 6.316243e-04
3.232323e-01 4.040404e-01 4.590659e-02 4.527587e-02 6.307262e-04
3.333333e-01 4.040404e-01 4.544522e-02 4.472113e-02 7.240977e-04
3.434343e-01 4.040404e-01 4.498849e-02 4.439580e-02 5.926878e-04
3.535354e-01 4.040404e-01 4.453635e-02 4.400826e-02 5.280954e-04
3.636364e-01 4.040404e-01 4.408875e-02 4.352927e-02 5.594806e-04
3.737374e-01 4.040404e-01 4.364565e-02 4.294086e-02 7.047983e-04
3.838384e-01 4.040404e-01 4.320701e-02 4.251969e-02 6.873187e-04
3.939394e-01 4.040404e-01 4.277277e-02 4.209411e-02 6.786583e-04
4.040404e-01 4.040404e-01 4.234290e-02 4.161787e-02 7.250259e-04
4.141414e-01 4.040404e-01 4.191734e-02 4.126596e-02 6.513786e-04
4.242424e-01 4.040404e-01 4.149607e-02 4.082739e-02 6.686733e-04
4.343434e-01 4.040404e-01 4.107902e-02 4.047549e-02 6.035368e-04
4.444444e-01 4.040404e-01 4.066617e-02 3.996044e-02 7.057295e-04
4.545455e-01 4.040404e-01 4.025747e-02 3.954387e-02 7.136045e-04
4.646465e-01 4.040404e-01 3.985288e-02 3.916812e-02 6.847579e-04
4.747475e-01 4.040404e-01 3.945235e-02 3.870970e-02 7.426492e-04
4.848485e-01 4.040404e-01 3.905585e-02 3.839493e-02 6.609187e-04
4.949495e-01 4.040404e-01 3.866333e-02 3.792155e-02 7.417810e-04
5.050505e-01 4.040404e-01 3.827476e-02 3.752971e-02 7.450491e-04
5.151515e-01 4.040404e-01 3.789009e-02 3.720456e-02 6.855247e-04
5.252525e-01 4.040404e-01 3.750929e-02 3.678071e-02 7.285717e-04
5.353535e-01 4.040404e-01 3.713231e-02 3.642392e-02 7.083905e-04
5.454545e-01 4.040404e-01 3.675913e-02 3.617740e-02 5.817294e-04
5.555556e-01 4.040404e-01 3.638969e-02 3.579301e-02 5.966844e-04
5.656566e-01 4.040404e-01 3.602397e-02 3.550321e-02 5.207598e-04
5.757576e-01 4.040404e-01 3.566192e-02 3.510135e-02 5.605674e-04
5.858586e-01 4.040404e-01 3.530351e-02 3.469658e-02 6.069343e-04
5.959596e-01 4.040404e-01 3.494871e-02 3.446436e-02 4.843478e-04
6.060606e-01 4.040404e-01 3.459747e-02 3.419769e-02 3.997787e-04
6.161616e-01 4.040404e-01 3.424976e-02 3.387380e-02 3.759601e-04
6.262626e-01 4.040404e-01 3.390554e-02 3.354561e-02 3.599275e-04
6.363636e-01 4.040404e-01 3.356478e-02 3.319287e-02 3.719115e-04
6.464646e-01 4.040404e-01 3.322745e-02 3.298306e-02 2.443881e-04
6.565657e-01 4.040404e-01 3.289351e-02 3.257233e-02 3.211823e-04
6.666667e-01 4.040404e-01 3.256293e-02 3.214324e-02 4.196909e-04
6.767677e-01 4.040404e-01 3.223566e-02 3.186274e-02 3.729275e-04
6.868687e-01 4.040404e-01 3.191169e-02 3.158945e-02 3.222411e-04
6.969697e-01 4.040404e-01 3.159097e-02 3.129673e-02 2.942417e-04
7.070707e-01 4.040404e-01 3.127348e-02 3.093863e-02 3.348519e-04
7.171717e-01 4.040404e-01 3.095917e-02 3.069323e-02 2.659406e-04
7.272727e-01 4.040404e-01 3.064803e-02 3.034163e-02 3.064035e-04
7.373737e-01 4.040404e-01 3.034001e-02 3.012455e-02 2.154658e-04
7.474747e-01 4.040404e-01 3.003509e-02 2.972865e-02 3.064377e-04
7.575758e-01 4.040404e-01 2.973323e-02 2.925098e-02 4.822517e-04
7.676768e-01 4.040404e-01 2.943441e-02 2.912164e-02 3.127699e-04
7.777778e-01 4.040404e-01 2.913859e-02 2.863169e-02 5.068994e-04
7.878788e-01 4.040404e-01 2.884574e-02 2.841234e-02 4.333968e-04
7.979798e-01 4.040404e-01 2.855583e-02 2.808166e-02 4.741789e-04
8.080808e-01 4.040404e-01 2.826884e-02 2.781129e-02 4.575547e-04
8.181818e-01 4.040404e-01 2.798474e-02 2.765375e-02 3.309832e-04
8.282828e-01 4.040404e-01 2.770349e-02 2.736580e-02 3.376820e-04
8.383838e-01 4.040404e-01 2.742506e-02 2.695346e-02 4.716023e-04
8.484848e-01 4.040404e-01 2.714943e-02 2.670240e-02 4.470306e-04
8.585859e-01 4.040404e-01 2.687658e-02 2.653068e-02 3.458953e-04
8.686869e-01 4.040404e-01 2.660646e-02 2.607101e-02 5.354522e-04
8.787879e-01 4.040404e-01 2.633906e-02 2.581996e-02 5.191076e-04
8.888889e-01 4.040404e-01 2.607435e-02 2.558947e-02 4.848868e-04
8.989899e-01 4.040404e-01 2.581230e-02 2.528793e-02 5.243751e-04
9.090909e-01 4.040404e-01 2.555288e-02 2.517492e-02 3.779676e-04
9.191919e-01 4.040404e-01 2.529607e-02 2.490735e-02 3.887221e-04
9.292929e-01 4.040404e-01 2.504184e-02 2.468038e-02 3.614669e-04
9.393939e-01 4.040404e-01 2.479017e-02 2.435338e-02 4.367833e-04
9.494949e-01 4.040404e-01 2.454102e-02 2.406967e-02 4.713561e-04
9.595960e-01 4.040404e-01 2.429438e-02 2.397525e-02 3.191285e-04
9.696970e-01 4.040404e-01 2.405022e-02 2.369177e-02 3.584456e-04
9.797980e-01 4.040404e-01 2.380851e-02 2.343100e-02 3.775072e-04
9.898990e-01 4.040404e-01 2.356923e-02 2.319103e-02 3.781960e-04
1.000000e+00 4.040404e-01 2.333236e-02 2.282131e-02 5.110489e-04
0.000000e+00 4.141414e-01 -2.203105e-01 -2.212909e-01 9.803536e-04
1.010101e-02 4.141414e-01 -2.180964e-01 -2.191931e-01 1.096726e-03
2.020202e-02 4.141414e-01 -2.159045e-01 -2.169461e-01 1.041595e-03
3.030303e-02 4.141414e-01 -2.137346e-01 -2.148706e-01 1.135977e-03
4.040404e-02 4.141414e-01 -2.115865e-01 -2.126036e-01 1.017043e-03
5.050505e-02 4.141414e-01 -2.094600e-01 -2.104594e-01 9.993048e-04
6.060606e-02 4.141414e-01 -2.073549e-01 -2.083815e-01 1.026595e-03
7.070707e-02 4.141414e-01 -2.052710e-01 -2.062351e-01 9.640644e-04
8.080808e-02 4.141414e-01 -2.032080e-01 -2.041665e-01 9.585523e-04
9.090909e-02 4.141414e-01 -2.011657e-01 -2.020794e-01 9.137100e-04
1.010101e-01 4.141414e-01 -1.991440e-01 -2.000946e-01 9.506241e-04
1.111111e-01 4.141414e-01 -1.971425e-01 -1.981955e-01 1.052931e-03
1.212121e-01 4.141414e-01 -1.951612e-01 -1.960746e-01 9.133935e-04
1.313131e-01 4.141414e-01 -1.931998e-01 -1.941358e-01 9.360358e-04
1.414141e-01 4.141414e-01 -1.912581e-01 -1.922036e-01 9.454627e-04
1.515152e-01 4.141414e-01 -1.893359e-01 -1.902900e-01 9.540314e-04
1.616162e-01 4.141414e-01 -1.874331e-01 -1.884564e-01 1.023331e-03
1.717172e-01 4.141414e-01 -1.855494e-01 -1.863954e-01 8.460553e-04
1.818182e-01 4.141414e-01 -1.836845e-01 -1.847801e-01 1.095571e-03
1.919192e-01 4.141414e-01 -1.818385e-01 -1.828851e-01 1.046561e-03
2.020202e-01 4.141414e-01 -1.800110e-01 -1.810026e-01 9.915750e-04
2.121212e-01 4.141414e-01 -1.782018e-01 -1.792740e-01 1.072121e-03
2.222222e-01 4.141414e-01 -1.764109e-01 -1.772928e-01 8.819399e-04
2.323232e-01 4.141414e-01 -1.746379e-01 -1.757374e-01 1.099456e-03
2.424242e-01 4.141414e-01 -1.728828e-01 -1.739421e-01 1.059304e-03
2.525253e-01 4.141414e-01 -1.711453e-01 -1.722649e-01 1.119590e-03
2.626263e-01 4.141414e-01 -1.694252e-01 -1.703727e-01 9.474192e-04
2.727273e-01 4.141414e-01 -1.677225e-01 -1.686699e-01 9.474452e-04
2.828283e-01 4.141414e-01 -1.660369e-01 -1.669080e-01 8.711113e-04
2.929293e-01 4.141414e-01 -1.643682e-01 -1.652474e-01 8.792835e-04
3.030303e-01 4.141414e-01 -1.627162e-01 -1.636212e-01 9.050172e-04
3.131313e-01 4.141414e-01 -1.610809e-01 -1.619355e-01 8.546038e-04
3.232323e-01 4.141414e-01 -1.594620e-01 -1.603442e-01 8.821689e-04
3.333333e-01 4.141414e-01 -1.578594e-01 -1.587056e-01 8.461974e-04
3.434343e-01 4.141414e-01 -1.562729e-01 -1.569932e-01 7.203287e-04
3.535354e-01 4.141414e-01 -1.547023e-01 -1.555176e-01 8.153245e-04
3.636364e-01 4.141414e-01 -1.531475e-01 -1.538038e-01 6.562961e-04
3.737374e-01 4.141414e-01 -1.516084e-01 -1.523925e-01 7.841355e-04
3.838384e-01 4.141414e-01 -1.500847e-01 -1.508294e-01 7.447526e-04
3.939394e-01 4.141414e-01 -1.485763e-01 -1.493252e-01 7.488862e-04
4.040404e-01 4.141414e-01 -1.470831e-01 -1.479625e-01 8.793618e-04
4.141414e-01 4.141414e-01 -1.456049e-01 -1.463284e-01 7.235695e-04
4.242424e-01 4.141414e-01 -1.441415e-01 -1.449262e-01 7.846639e-04
4.343434e-01 4.141414e-01 -1.426929e-01 -1.432834e-01 5.904870e-04
4.444444e-01 4.141414e-01 -1.412588e-01 -1.419164e-01 6.576012e-04
4.545455e-01 4.141414e-01 -1.398391e-01 -1.406800e-01 8.408965e-04
4.646465e-01 4.141414e-01 -1.384337e-01 -1.389797e-01 5.460207e-04
4.747475e-01 4.141414e-01 -1.370424e-01 -1.376616e-01 6.191458e-04
4.848485e-01 4.141414e-01 -1.356651e-01 -1.363345e-01 6.694072e-04
4.949495e-01 4.141414e-01 -1.343017e-01 -1.349480e-01 6.463411e-04
5.050505e-01 4.141414e-01 -1.329519e-01 -1.336461e-01 6.942106e-04
5.151515e-01 4.141414e-01 -1.316157e-01 -1.322432e-01 6.274254e-04
5.252525e-01 4.141414e-01 -1.302930e-01 -1.310614e-01 7.684041e-04
5.353535e-01 4.141414e-01 -1.289835e-01 -1.296035e-01 6.200001e-04
5.454545e-01 4.141414e-01 -1.276872e-01 -1.283398e-01 6.526277e-04
5.555556e-01 4.141414e-01 -1.264039e-01 -1.269685e-01 5.645812e-04
5.656566e-01 4.141414e-01 -1.251335e-01 -1.257305e-01 5.969731e-04
5.757576e-01 4.141414e-01 -1.238759e-01 -1.244505e-01 5.745763e-04
5.858586e-01 4.141414e-01 -1.226310e-01 -1.232755e-01 6.445636e-04
5.959596e-01 4.141414e-01 -1.213985e-01 -1.220642e-01 6.656799e-04
6.060606e-01 4.141414e-01 -1.201784e-01 -1.207599e-01 5.814861e-04
6.161616e-01 4.141414e-01 -1.189706e-01 -1.195996e-01 6.290352e-04
6.262626e-01 4.141414e-01 -1.177749e-01 -1.183234e-01 5.485145e-04
6.363636e-01 4.141414e-01 -1.165913e-01 -1.171757e-01 5.844251e-04
6.464646e-01 4.141414e-01 -1.154195e-01 -1.159472e-01 5.277350e-04
6.565657e-01 4.141414e-01 -1.142595e-01 -1.148560e-01 5.964784e-04
6.666667e-01 4.141414e-01 -1.131112e-01 -1.138303e-01 7.190693e-04
6.767677e-01 4.141414e-01 -1.119744e-01 -1.124992e-01 5.248244e-04
6.868687e-01 4.141414e-01 -1.108491e-01 -1.115549e-01 7.058098e-04
6.969697e-01 4.141414e-01 -1.097350e-01 -1.102660e-01 5.309704e-04
7.070707e-01 4.141414e-01 -1.086321e-01 -1.092046e-01 5.725051e-04
7.171717e-01 4.141414e-01 -1.075404e-01 -1.079148e-01 3.744317e-04
7.272727e-01 4.141414e-01 -1.064596e-01 -1.070522e-01 5.926319e-04
7.373737e-01 4.141414e-01 -1.053896e-01 -1.058878e-01 4.981320e-04
7.474747e-01 4.141414e-01 -1.043305e-01 -1.046970e-01 3.665934e-04
7.575758e-01 4.141414e-01 -1.032819e-01 -1.038063e-01 5.243404e-04
7.676768e-01 4.141414e-01 -1.022439e-01 -1.027278e-01 4.838544e-04
7.777778e-01 4.141414e-01 -1.012163e-01 -1.018389e-01 6.225983e-04
7.878788e-01 4.141414e-01 -1.001991e-01 -1.006188e-01 4.197323e-04
7.979798e-01 4.141414e-01 -9.919209e-02 -9.962487e-02 4.327829e-04
8.080808e-01 4.141414e-01 -9.819519e-02 -9.840888e-02 2.136856e-04
8.181818e-01 4.141414e-01 -9.720831e-02 -9.756446e-02 3.561446e-04
8.282828e-01 4.141414e-01 -9.623135e-02 -9.661114e-02 3.797876e-04
8.383838e-01 4.141414e-01 -9.526421e-02 -9.573579e-02 4.715749e-04
8.484848e-01 4.141414e-01 -9.430679e-02 -9.463996e-02 3.331647e-04
8.585859e-01 4.141414e-01 -9.335899e-02 -9.375232e-02 3.933313e-04
8.686869e-01 4.141414e-01 -9.242072e-02 -9.303260e-02 6.118786e-04
8.787879e-01 4.141414e-01 -9.149188e-02 -9.188902e-02 3.971475e-04
8.888889e-01 4.141414e-01 -9.057237e-02 -9.106046e-02 4.880919e-04
8.989899e-01 4.141414e-01 -8.966210e-02 -9.023154e-02 5.694374e-04
9.090909e-01 4.141414e-01 -8.876098e-02 -8.918256e-02 4.215743e-04
9.191919e-01 4.141414e-01 -8.786892e-02 -8.841467e-02 5.457503e-04
9.292929e-01 4.141414e-01 -8.698582e-02 -8.737516e-02 3.893425e-04
9.393939e-01 4.141414e-01 -8.611160e-02 -8.659595e-02 4.843529e-04
9.494949e-01 4.141414e-01 -8.524616e-02 -8.548903e-02 2.428710e-04
9.595960e-01 4.141414e-01 -8.438943e-02 -8.476776e-02 3.783333e-04
9.696970e-01 4.141414e-01 -8.354130e-02 -8.381569e-02 2.743961e-04
9.797980e-01 4.141414e-01 -8.270169e-02 -8.311677e-02 4.150759e-04
9.898990e-01 4.141414e-01 -8.187053e-02 -8.219278e-02 3.222505e-04
1.000000e+00 4.141414e-01 -8.104772e-02 -8.177531e-02 7.275920e-04
0.000000e+00 4.242424e-01 3.716625e-01 3.701644e-01 1.498061e-03
1.010101e-02 4.242424e-01 3.679272e-01 3.663759e-01 1.551263e-03
2.020202e-02 4.242424e-01 3.642295e-01 3.627850e-01 1.444415e-03
3.030303e-02 4.242424e-01 3.605689e-01 3.590870e-01 1.481840e-03
4.040404e-02 4.242424e-01 3.569451e-01 3.555282e-01 1.416907e-03
5.050505e-02 4.242424e-01 3.533578e-01 3.519752e-01 1.382553e-03
6.060606e-02 4.242424e-01 3.498065e-01 3.483844e-01 1.422071e-03
7.070707e-02 4.242424e-01 3.462908e-01 3.448716e-01 1.419198e-03
8.080808e-02 4.242424e-01 3.428106e-01 3.414333e-01 1.377271e-03
9.090909e-02 4.242424e-01 3.393653e-01 3.379982e-01 1.367073e-03
1.010101e-01 4.242424e-01 3.359546e-01 3.346486e-01 1.305998e-03
1.111111e-01 4.242424e-01 3.325782e-01 3.312026e-01 1.375552e-03
1.212121e-01 4.242424e-01 3.292357e-01 3.279431e-01 1.292625e-03
1.313131e-01 4.242424e-01 3.259268e-01 3.246620e-01 1.264868e-03
1.414141e-01 4.242424e-01 3.226512e-01 3.214617e-01 1.189482e-03
1.515152e-01 4.242424e-01 3.194085e-01 3.182686e-01 1.139924e-03
1.616162e-01 4.242424e-01 3.161984e-01 3.149927e-01 1.205746e-03
1.717172e-01 4.242424e-01 3.130206e-01 3.120457e-01 9.748723e-04
1.818182e-01 4.242424e-01 3.098747e-01 3.088254e-01 1.049224e-03
1.919192e-01 4.242424e-01 3.067604e-01 3.057771e-01 9.832326e-04
2.020202e-01 4.242424e-01 3.036774e-01 3.027849e-01 8.925123e-04
2.121212e-01 4.242424e-01 3.006254e-01 2.997653e-01 8.600756e-04
2.222222e-01 4.242424e-01 2.976040e-01 2.968736e-01 7.304600e-04
2.323232e-01 4.242424e-01 2.946131e-01 2.937924e-01 8.206628e-04
2.424242e-01 4.242424e-01 2.916521e-01 2.908131e-01 8.390013e-04
2.525253e-01 4.242424e-01 2.887210e-01 2.878132e-01 9.078101e-04
2.626263e-01 4.242424e-01 2.858193e-01 2.849736e-01 8.457410e-04
2.727273e-01 4.242424e-01 2.829468e-01 2.821491e-01 7.976948e-04
2.828283e-01 4.242424e-01 2.801031e-01 2.792674e-01 8.356788e-04
2.929293e-01 4.242424e-01 2.772880e-01 2.764631e-01 8.249349e-04
3.030303e-01 4.242424e-01 2.745012e-01 2.736352e-01 8.660270e-04
3.131313e-01 4.242424e-01 2.717425e-01 2.709018e-01 8.406533e-04
3.232323e-01 4.242424e-01 2.690114e-01 2.681124e-01 8.989747e-04
3.333333e-01 4.242424e-01 2.663078e-01 2.653284e-01 9.794090e-04
3.434343e-01 4.242424e-01 2.636313e-01 2.627187e-01 9.126714e-04
3.535354e-01 4.242424e-01 2.609818e-01 2.601191e-01 8.626699e-04
3.636364e-01 4.242424e-01 2.583589e-01 2.574925e-01 8.664168e-04
3.737374e-01 4.242424e-01 2.557623e-01 2.547649e-01 9.974649e-04
3.838384e-01 4.242424e-01 2.531919e-01 2.522235e-01 9.684336e-04
3.939394e-01 4.242424e-01 2.506473e-01 2.496653e-01 9.819847e-04
4.040404e-01 4.242424e-01 2.481282e-01 2.470538e-01 1.074426e-03
4.141414e-01 4.242424e-01 2.456345e-01 2.447139e-01 9.205658e-04
4.242424e-01 4.242424e-01 2.431658e-01 2.422022e-01 9.636082e-04
4.343434e-01 4.242424e-01 2.407220e-01 2.398721e-01 8.498756e-04
4.444444e-01 4.242424e-01 2.383027e-01 2.374342e-01 8.684693e-04
4.545455e-01 4.242424e-01 2.359077e-01 2.349704e-01 9.373054e-04
4.646465e-01 4.242424e-01 2.335368e-01 2.327608e-01 7.759380e-04
4.747475e-01 4.242424e-01 2.311897e-01 2.304205e-01 7.692309e-04
4.848485e-01 4.242424e-01 2.288662e-01 2.281273e-01 7.389054e-04
4.949495e-01 4.242424e-01 2.265661e-01 2.257841e-01 7.819398e-04
5.050505e-01 4.242424e-01 2.242890e-01 2.235243e-01 7.647339e-04
5.151515e-01 4.242424e-01 2.220349e-01 2.213297e-01 7.051454e-04
5.252525e-01 4.242424e-01 2.198034e-01 2.190552e-01 7.482307e-04
5.353535e-01 4.242424e-01 2.175943e-01 2.168614e-01 7.329189e-04
5.454545e-01 4.242424e-01 2.154075e-01 2.147096e-01 6.979064e-04
5.555556e-01 4.242424e-01 2.132426e-01 2.126286e-01 6.140023e-04
5.656566e-01 4.242424e-01 2.110995e-01 2.105197e-01 5.798102e-04
5.757576e-01 4.242424e-01 2.089779e-01 2.083134e-01 6.644615e-04
5.858586e-01 4.242424e-01 2.068776e-01 2.061210e-01 7.566067e-04
5.959596e-01 4.242424e-01 2.047985e-01 2.041291e-01 6.693797e-04
6.060606e-01 4.242424e-01 2.027402e-01 2.021336e-01 6.066249e-04
6.161616e-01 4.242424e-01 2.007026e-01 2.001386e-01 5.640194e-04
6.262626e-01 4.242424e-01 1.986856e-01 1.981090e-01 5.765818e-04
6.363636e-01 4.242424e-01 1.966887e-01 1.960104e-01 6.783789e-04
6.464646e-01 4.242424e-01 1.947120e-01 1.941439e-01 5.680843e-04
6.565657e-01 4.242424e-01 1.927551e-01 1.920856e-01 6.695238e-04
6.666667e-01 4.242424e-01 1.908179e-01 1.900530e-01 7.648811e-04
6.767677e-01 4.242424e-01 1.889001e-01 1.882654e-01 6.347327e-04
6.868687e-01 4.242424e-01 1.870016e-01 1.863628e-01 6.388354e-04
6.969697e-01 4.242424e-01 1.851222e-01 1.844962e-01 6.260169e-04
7.070707e-01 4.242424e-01 1.832617e-01 1.826403e-01 6.214770e-04
7.171717e-01 4.242424e-01 1.814199e-01 1.809629e-01 4.570601e-04
7.272727e-01 4.242424e-01 1.795966e-01 1.790178e-01 5.788381e-04
7.373737e-01 4.242424e-01 1.777916e-01 1.773234e-01 4.682434e-04
7.474747e-01 4.242424e-01 1.760048e-01 1.755742e-01 4.306254e-04
7.575758e-01 4.242424e-01 1.742359e-01 1.736189e-01 6.170782e-04
7.676768e-01 4.242424e-01 1.724848e-01 1.720715e-01 4.133743e-04
7.777778e-01 4.242424e-01 1.707513e-01 1.701425e-01 6.087986e-04
7.878788e-01 4.242424e-01 1.690353e-01 1.685359e-01 4.993029e-04
7.979798e-01 4.242424e-01 1.673364e-01 1.668299e-01 5.064747e-04
8.080808e-01 4.242424e-01 1.656547e-01 1.652095e-01 4.451873e-04
8.181818e-01 4.242424e-01 1.639898e-01 1.635044e-01 4.853809e-04
8.282828e-01 4.242424e-01 1.623417e-01 1.619290e-01 4.126665e-04
8.383838e-01 4.242424e-01 1.607101e-01 1.601218e-01 5.883185e-04
8.484848e-01 4.242424e-01 1.590950e-01 1.585574e-01 5.375386e-04
8.585859e-01 4.242424e-01 1.574960e-01 1.569664e-01 5.295751e-04
8.686869e-01 4.242424e-01 1.559132e-01 1.551780e-01 7.351512e-04
8.787879e-01 4.242424e-01 1.543462e-01 1.537762e-01 5.700397e-04
8.888889e-01 4.242424e-01 1.527950e-01 1.521505e-01 6.444917e-04
8.989899e-01 4.242424e-01 1.512594e-01 1.504503e-01 8.090394e-04
9.090909e-01 4.242424e-01 1.497392e-01 1.490780e-01 6.611947e-04
9.191919e-01 4.242424e-01 1.482343e-01 1.474627e-01 7.715767e-04
9.292929e-01 4.242424e-01 1.467445e-01 1.460562e-01 6.883477e-04
9.393939e-01 4.242424e-01 1.452697e-01 1.445340e-01 7.357243e-04
9.494949e-01 4.242424e-01 1.438097e-01 1.431566e-01 6.531432e-04
9.595960e-01 4.242424e-01 1.423644e-01 1.417089e-01 6.555688e-04
9.696970e-01 4.242424e-01 1.409336e-01 1.403689e-01 5.646951e-04
9.797980e-01 4.242424e-01 1.395172e-01 1.389748e-01 5.424413e-04
9.898990e-01 4.242424e-01 1.381151e-01 1.375338e-01 5.812718e-04
1.000000e+00 4.242424e-01 1.367270e-01 1.359177e-01 8.092533e-04
0.000000e+00 4.343434e-01 -5.136774e-01 -5.142255e-01 5.480914e-04
1.010101e-02 4.343434e-01 -5.085148e-01 -5.089761e-01 4.612535e-04
2.020202e-02 4.343434e-01 -5.034042e-01 -5.038437e-01 4.394755e-04
3.030303e-02 4.343434e-01 -4.983449e-01 -4.988433e-01 4.984184e-04
4.040404e-02 4.343434e-01 -4.933364e-01 -4.937949e-01 4.584732e-04
5.050505e-02 4.343434e-01 -4.883783e-01 -4.887139e-01 3.355290e-04
6.060606e-02 4.343434e-01 -4.834700e-01 -4.838587e-01 3.886564e-04
7.070707e-02 4.343434e-01 -4.786111e-01 -4.789945e-01 3.833949e-04
8.080808e-02 4.343434e-01 -4.738010e-01 -4.741760e-01 3.750765e-04
9.090909e-02 4.343434e-01 -4.690392e-01 -4.693706e-01 3.314094e-04
1.010101e-01 4.343434e-01 -4.643253e-01 -4.646909e-01 3.656514e-04
1.111111e-01 4.343434e-01 -4.596587e-01 -4.600528e-01 3.941217e-04
1.212121e-01 4.343434e-01 -4.550391e-01 -4.553134e-01 2.743646e-04
1.313131e-01 4.343434e-01 -4.504659e-01 -4.508252e-01 3.593532e-04
1.414141e-01 4.343434e-01 -4.459386e-01 -4.463691e-01 4.304476e-04
1.515152e-01 4.343434e-01 -4.414568e-01 -4.417996e-01 3.427934e-04
1.616162e-01 4.343434e-01 -4.370201e-01 -4.373025e-01 2.823377e-04
1.717172e-01 4.343434e-01 -4.326280e-01 -4.328634e-01 2.353471e-04
1.818182e-01 4.343434e-01 -4.282800e-01 -4.286087e-01 3.286318e-04
1.919192e-01 4.343434e-01 -4.239757e-01 -4.243490e-01 3.732117e-04
2.020202e-01 4.343434e-01 -4.197147e-01 -4.199823e-01 2.676020e-04
2.121212e-01 4.343434e-01 -4.154965e-01 -4.158075e-01 3.109761e-04
2.222222e-01 4.343434e-01 -4.113207e-01 -4.116088e-01 2.881147e-04
2.323232e-01 4.343434e-01 -4.071869e-01 -4.074384e-01 2.515384e-04
2.424242e-01 4.343434e-01 -4.030946e-01 -4.034485e-01 3.538991e-04
2.525253e-01 4.343434e-01 -3.990434e-01 -3.994181e-01 3.747196e-04
2.626263e-01 4.343434e-01 -3.950329e-01 -3.953849e-01 3.519641e-04
2.727273e-01 4.343434e-01 -3.910628e-01 -3.913505e-01 2.877109e-04
2.828283e-01 4.343434e-01 -3.871326e-01 -3.874995e-01 3.669009e-04
2.929293e-01 4.343434e-01 -3.832418e-01 -3.836972e-01 4.553479e-04
3.030303e-01 4.343434e-01 -3.793902e-01 -3.798492e-01 4.590351e-04
3.131313e-01 4.343434e-01 -3.755772e-01 -3.760105e-01 4.333109e-04
3.232323e-01 4.343434e-01 -3.718026e-01 -3.723222e-01 5.195891e-04
3.333333e-01 4.343434e-01 -3.680659e-01 -3.686299e-01 5.639978e-04
3.434343e-01 4.343434e-01 -3.643668e-01 -3.648676e-01 5.007572e-04
3.535354e-01 4.343434e-01 -3.607049e-01 -3.613193e-01 6.144398e-04
3.636364e-01 4.343434e-01 -3.570797e-01 -3.575596e-01 4.798418e-04
3.737374e-01 4.343434e-01 -3.534910e-01 -3.540226e-01 5.316127e-04
3.838384e-01 4.343434e-01 -3.499384e-01 -3.505300e-01 5.916624e-04
3.939394e-01 4.343434e-01 -3.464214e-01 -3.469330e-01 5.115800e-04
4.040404e-01 4.343434e-01 -3.429398e-01 -3.435117e-01 5.718664e-04
4.141414e-01 4.343434e-01 -3.394932e-01 -3.400999e-01 6.066988e-04
4.242424e-01 4.343434e-01 -3.360813e-01 -3.366642e-01 5.829313e-04
4.343434e-01 4.343434e-01 -3.327036e-01 -3.331662e-01 4.626457e-04
4.444444e-01 4.343434e-01 -3.293599e-01 -3.299133e-01 5.533891e-04
4.545455e-01 4.343434e-01 -3.260497e-01 -3.266224e-01 5.726189e-04
4.646465e-01 4.343434e-01 -3.227729e-01 -3.231958e-01 4.229212e-04
4.747475e-01 4.343434e-01 -3.195290e-01 -3.199817e-01 4.527216e-04
4.848485e-01 4.343434e-01 -3.163177e-01 -3.168975e-01 5.798582e-04
4.949495e-01 4.343434e-01 -3.131386e-01 -3.136152e-01 4.765946e-04
5.050505e-01 4.343434e-01 -3.099915e-01 -3.105189e-01 5.273476e-04
5.151515e-01 4.343434e-01 -3.068760e-01 -3.073771e-01 5.010530e-04
5.252525e-01 4.343434e-01 -3.037919e-01 -3.042976e-01 5.056747e-04
5.353535e-01 4.343434e-01 -3.007387e-01 -3.012882e-01 5.495144e-04
5.454545e-01 4.343434e-01 -2.977163e-01 -2.981875e-01 4.712358e-04
5.555556e-01 4.343434e-01 -2.947242e-01 -2.952729e-01 5.487858e-04
5.656566e-01 4.343434e-01 -2.917621e-01 -2.922473e-01 4.851616e-04
5.757576e-01 4.343434e-01 -2.888299e-01 -2.892388e-01 4.089347e-04
5.858586e-01 4.343434e-01 -2.859271e-01 -2.864239e-01 4.967744e-04
5.959596e-01 4.343434e-01 -2.830535e-01 -2.834767e-01 4.232375e-04
6.060606e-01 4.343434e-01 -2.802087e-01 -2.806940e-01 4.852695e-04
6.161616e-01 4.343434e-01 -2.773926e-01 -2.778376e-01 4.450401e-04
6.262626e-01 4.343434e-01 -2.746048e-01 -2.749893e-01 3.845547e-04
6.363636e-01 4.343434e-01 -2.718449e-01 -2.722120e-01 3.670997e-04
6.464646e-01 4.343434e-01 -2.691128e-01 -2.694836e-01 3.707242e-04
6.565657e-01 4.343434e-01 -2.664082e-01 -2.667195e-01 3.112472e-04
6.666667e-01 4.343434e-01 -2.637308e-01 -2.641768e-01 4.460195e-04
6.767677e-01 4.343434e-01 -2.610802e-01 -2.613976e-01 3.173717e-04
6.868687e-01 4.343434e-01 -2.584563e-01 -2.588084e-01 3.520457e-04
6.969697e-01 4.343434e-01 -2.558588e-01 -2.562486e-01 3.897936e-04
7.070707e-01 4.343434e-01 -2.532874e-01 -2.535784e-01 2.910482e-04
7.171717e-01 4.343434e-01 -2.507418e-01 -2.510536e-01 3.118353e-04
7.272727e-01 4.343434e-01 -2.482218e-01 -2.485987e-01 3.768956e-04
7.373737e-01 4.343434e-01 -2.457271e-01 -2.460705e-01 3.433753e-04
7.474747e-01 4.343434e-01 -2.432575e-01 -2.435881e-01 3.306191e-04
7.575758e-01 4.343434e-01 -2.408128e-01 -2.411045e-01 2.917318e-04
7.676768e-01 4.343434e-01 -2.383925e-01 -2.387474e-01 3.548147e-04
7.777778e-01 4.343434e-01 -2.359967e-01 -2.365199e-01 5.232738e-04
7.878788e-01 4.343434e-01 -2.336249e-01 -2.339638e-01 3.389343e-04
7.979798e-01 4.343434e-01 -2.312769e-01 -2.316204e-01 3.435463e-04
8.080808e-01 4.343434e-01 -2.289525e-01 -2.292701e-01 3.175871e-04
8.181818e-01 4.343434e-01 -2.266515e-01 -2.270234e-01 3.718604e-04
8.282828e-01 4.343434e-01 -2.243736e-01 -2.247329e-01 3.592584e-04
8.383838e-01 4.343434e-01 -2.221186e-01 -2.225755e-01 4.569201e-04
8.484848e-01 4.343434e-01 -2.198863e-01 -2.202483e-01 3.620454e-04
8.585859e-01 4.343434e-01 -2.176764e-01 -2.181101e-01 4.337418e-04
8.686869e-01 4.343434e-01 -2.154887e-01 -2.160902e-01 6.014840e-04
8.787879e-01 4.343434e-01 -2.133230e-01 -2.138652e-01 5.421997e-04
8.888889e-01 4.343434e-01 -2.111791e-01 -2.117264e-01 5.472784e-04
8.989899e-01 4.343434e-01 -2.090567e-01 -2.095886e-01 5.319428e-04
9.090909e-01 4.343434e-01 -2.069556e-01 -2.074209e-01 4.652957e-04
9.191919e-01 4.343434e-01 -2.048757e-01 -2.054229e-01 5.471675e-04
9.292929e-01 4.343434e-01 -2.028167e-01 -2.031623e-01 3.456367e-04
9.393939e-01 4.343434e-01 -2.007783e-01 -2.012262e-01 4.478999e-04
9.494949e-01 4.343434e-01 -1.987605e-01 -1.992401e-01 4.796692e-04
9.595960e-01 4.343434e-01 -1.967629e-01 -1.969755e-01 2.125666e-04
9.696970e-01 4.343434e-01 -1.947854e-01 -1.950867e-01 3.013145e-04
9.797980e-01 4.343434e-01 -1.928278e-01 -1.931429e-01 3.151135e-04
9.898990e-01 4.343434e-01 -1.908898e-01 -1.911246e-01 2.347918e-04
1.000000e+00 4.343434e-01 -1.889714e-01 -1.894046e-01 4.332551e-04
0.000000e+00 4.444444e-01 6.427876e-01 6.432250e-01 4.373449e-04
1.010101e-02 4.444444e-01 6.363275e-01 6.366243e-01 2.967893e-04
2.020202e-02 4.444444e-01 6.299323e-01 6.302291e-01 2.968252e-04
3.030303e-02 4.444444e-01 6.236014e-01 6.237453e-01 1.438965e-04
4.040404e-02 4.444444e-01 6.173341e-01 6.174241e-01 9.006174e-05
5.050505e-02 4.444444e-01 6.111298e-01 6.111982e-01 6.842818e-05
6.060606e-02 4.444444e-01 6.049878e-01 6.050280e-01 4.017063e-05
7.070707e-02 4.444444e-01 5.989076e-01 5.988143e-01 9.326639e-05
8.080808e-02 4.444444e-01 5.928885e-01 5.927852e-01 1.032151e-04
9.090909e-02 4.444444e-01 5.869298e-01 5.867313e-01 1.985122e-04
1.010101e-01 4.444444e-01 5.810311e-01 5.808011e-01 2.299552e-04
1.111111e-01 4.444444e-01 5.751916e-01 5.748154e-01 3.762330e-04
1.212121e-01 4.444444e-01 5.694109e-01 5.690440e-01 3.668601e-04
1.313131e-01 4.444444e-01 5.636882e-01 5.632114e-01 4.767393e-04
1.414141e-01 4.444444e-01 5.580230e-01 5.575613e-01 4.616825e-04
1.515152e-01 4.444444e-01 5.524148e-01 5.517833e-01 6.314730e-04
1.616162e-01 4.444444e-01 5.468629e-01 5.461646e-01 6.983635e-04
1.717172e-01 4.444444e-01 5.413669e-01 5.407466e-01 6.203027e-04
1.818182e-01 4.444444e-01 5.359260e-01 5.352308e-01 6.952895e-04
1.919192e-01 4.444444e-01 5.305399e-01 5.297539e-01 7.859760e-04
2.020202e-01 4.444444e-01 5.252079e-01 5.244833e-01 7.245622e-04
2.121212e-01 4.444444e-01 5.199295e-01 5.191787e-01 7.507106e-04
2.222222e-01 4.444444e-01 5.147041e-01 5.140259e-01 6.781546e-04
2.323232e-01 4.444444e-01 5.095312e-01 5.087815e-01 7.497269e-04
2.424242e-01 4.444444e-01 5.044103e-01 5.036213e-01 7.890064e-04
2.525253e-01 4.444444e-01 4.993409e-01 4.984286e-01 9.123850e-04
2.626263e-01 4.444444e-01 4.943225e-01 4.934683e-01 8.542241e-04
2.727273e-01 4.444444e-01 4.893545e-01 4.886098e-01 7.446650e-04
2.828283e-01 4.444444e-01 4.844364e-01 4.836666e-01 7.697336e-04
2.929293e-01 4.444444e-01 4.795677e-01 4.787363e-01 8.314446e-04
3.030303e-01 4.444444e-01 4.747480e-01 4.739138e-01 8.342022e-04
3.131313e-01 4.444444e-01 4.699767e-01 4.691462e-01 8.304433e-04
3.232323e-01 4.444444e-01 4.652533e-01 4.644438e-01 8.095188e-04
3.333333e-01 4.444444e-01 4.605774e-01 4.596883e-01 8.891425e-04
3.434343e-01 4.444444e-01 4.559486e-01 4.552261e-01 7.224749e-04
3.535354e-01 4.444444e-01 4.513662e-01 4.506943e-01 6.719466e-04
3.636364e-01 4.444444e-01 4.468299e-01 4.461488e-01 6.811510e-04
3.737374e-01 4.444444e-01 4.423392e-01 4.416058e-01 7.333830e-04
3.838384e-01 4.444444e-01 4.378936e-01 4.371907e-01 7.029550e-04
3.939394e-01 4.444444e-01 4.334927e-01 4.327993e-01 6.933641e-04
4.040404e-01 4.444444e-01 4.291360e-01 4.283351e-01 8.009590e-04
4.141414e-01 4.444444e-01 4.248231e-01 4.241539e-01 6.692172e-04
4.242424e-01 4.444444e-01 4.205536e-01 4.198513e-01 7.022949e-04
4.343434e-01 4.444444e-01 4.163270e-01 4.156965e-01 6.304329e-04
4.444444e-01 4.444444e-01 4.121428e-01 4.115329e-01 6.098708e-04
4.545455e-01 4.444444e-01 4.080007e-01 4.072595e-01 7.412412e-04
4.646465e-01 4.444444e-01 4.039002e-01 4.032715e-01 6.287343e-04
4.747475e-01 4.444444e-01 3.998410e-01 3.992240e-01 6.170127e-04
4.848485e-01 4.444444e-01 3.958225e-01 3.952013e-01 6.211725e-04
4.949495e-01 4.444444e-01 3.918444e-01 3.911576e-01 6.868486e-04
5.050505e-01 4.444444e-01 3.879063e-01 3.872198e-01 6.865577e-04
5.151515e-01 4.444444e-01 3.840078e-01 3.833696e-01 6.382266e-04
5.252525e-01 4.444444e-01 3.801484e-01 3.795031e-01 6.453185e-04
5.353535e-01 4.444444e-01 3.763279e-01 3.756880e-01 6.399375e-04
5.454545e-01 4.444444e-01 3.725457e-01 3.720317e-01 5.140776e-04
5.555556e-01 4.444444e-01 3.688016e-01 3.682866e-01 5.149802e-04
5.656566e-01 4.444444e-01 3.650951e-01 3.645731e-01 5.220111e-04
5.757576e-01 4.444444e-01 3.614258e-01 3.609294e-01 4.964067e-04
5.858586e-01 4.444444e-01 3.577934e-01 3.572545e-01 5.389416e-04
5.959596e-01 4.444444e-01 3.541975e-01 3.537413e-01 4.561859e-04
6.060606e-01 4.444444e-01 3.506378e-01 3.503057e-01 3.321131e-04
6.161616e-01 4.444444e-01 3.471138e-01 3.467233e-01 3.904736e-04
6.262626e-01 4.444444e-01 3.436253e-01 3.433396e-01 2.856479e-04
6.363636e-01 4.444444e-01 3.401718e-01 3.398685e-01 3.032333e-04
6.464646e-01 4.444444e-01 3.367530e-01 3.365648e-01 1.881868e-04
6.565657e-01 4.444444e-01 3.333686e-01 3.331329e-01 2.356496e-04
6.666667e-01 4.444444e-01 3.300182e-01 3.297191e-01 2.990663e-04
6.767677e-01 4.444444e-01 3.267014e-01 3.265428e-01 1.586306e-04
6.868687e-01 4.444444e-01 3.234180e-01 3.232015e-01 2.165144e-04
6.969697e-01 4.444444e-01 3.201676e-01 3.198991e-01 2.684750e-04
7.070707e-01 4.444444e-01 3.169499e-01 3.167080e-01 2.418805e-04
7.171717e-01 4.444444e-01 3.137645e-01 3.135538e-01 2.107295e-04
7.272727e-01 4.444444e-01 3.106111e-01 3.103443e-01 2.667565e-04
7.373737e-01 4.444444e-01 3.074894e-01 3.072768e-01 2.125866e-04
7.474747e-01 4.444444e-01 3.043991e-01 3.040927e-01 3.063769e-04
7.575758e-01 4.444444e-01 3.013398e-01 3.008746e-01 4.652299e-04
7.676768e-01 4.444444e-01 2.983113e-01 2.979964e-01 3.149037e-04
7.777778e-01 4.444444e-01 2.953132e-01 2.948192e-01 4.939915e-04
7.878788e-01 4.444444e-01 2.923453e-01 2.919815e-01 3.638216e-04
7.979798e-01 4.444444e-01 2.894072e-01 2.890354e-01 3.717817e-04
8.080808e-01 4.444444e-01 2.864986e-01 2.860895e-01 4.090916e-04
8.181818e-01 4.444444e-01 2.836192e-01 2.833099e-01 3.093363e-04
8.282828e-01 4.444444e-01 2.807688e-01 2.806046e-01 1.641921e-04
8.383838e-01 4.444444e-01 2.779470e-01 2.776359e-01 3.110880e-04
8.484848e-01 4.444444e-01 2.751536e-01 2.748914e-01 2.622297e-04
8.585859e-01 4.444444e-01 2.723883e-01 2.722353e-01 1.529626e-04
8.686869e-01 4.444444e-01 2.696507e-01 2.694176e-01 2.331354e-04
8.787879e-01 4.444444e-01 2.669407e-01 2.668565e-01 8.422302e-05
8.888889e-01 4.444444e-01 2.642579e-01 2.641338e-01 1.241351e-04
8.989899e-01 4.444444e-01 2.616021e-01 2.615241e-01 7.796961e-05
9.090909e-01 4.444444e-01 2.589729e-01 2.588830e-01 8.993712e-05
9.191919e-01 4.444444e-01 2.563702e-01 2.562887e-01 8.150852e-05
9.292929e-01 4.444444e-01 2.537936e-01 2.537963e-01 2.716043e-06
9.393939e-01 4.444444e-01 2.512430e-01 2.511774e-01 6.558434e-05
9.494949e-01 4.444444e-01 2.487179e-01 2.485970e-01 1.209254e-04
9.595960e-01 4.444444e-01 2.462183e-01 2.461605e-01 5.775777e-05
9.696970e-01 4.444444e-01 2.437437e-01 2.436337e-01 1.099834e-04
9.797980e-01 4.444444e-01 2.412941e-01 2.411429e-01 1.511965e-04
9.898990e-01 4.444444e-01 2.388690e-01 2.386566e-01 2.124396e-04
1.000000e+00 4.444444e-01 2.364683e-01 2.360145e-01 4.538911e-04
0.000000e+00 4.545455e-01 -7.557496e-01 -7.552611e-01 4.885108e-04
1.010101e-02 4.545455e-01 -7.481542e-01 -7.476883e-01 4.658720e-04
2.020202e-02 4.545455e-01 -7.406351e-01 -7.402018e-01 4.332609e-04
3.030303e-02 4.545455e-01 -7.331916e-01 -7.328422e-01 3.493790e-04
4.040404e-02 4.545455e-01 -7.258229e-01 -7.255867e-01 2.362359e-04
5.050505e-02 4.545455e-01 -7.185282e-01 -7.183684e-01 1.598369e-04
6.060606e-02 4.545455e-01 -7.113069e-01 -7.112979e-01 9.049952e-06
7.070707e-02 4.545455e-01 -7.041582e-01 -7.042242e-01 6.606201e-05
8.080808e-02 4.545455e-01 -6.970813e-01 -6.971220e-01 4.071759e-05
9.090909e-02 4.545455e-01 -6.900755e-01 -6.902475e-01 1.720580e-04
1.010101e-01 4.545455e-01 -6.831401e-01 -6.832660e-01 1.259393e-04
1.111111e-01 4.545455e-01 -6.762744e-01 -6.764530e-01 1.785615e-04
1.212121e-01 4.545455e-01 -6.694778e-01 -6.695391e-01 6.133164e-05
1.313131e-01 4.545455e-01 -6.627494e-01 -6.629134e-01 1.640421e-04
1.414141e-01 4.545455e-01 -6.560887e-01 -6.562680e-01 1.793427e-04
1.515152e-01 4.545455e-01 -6.494949e-01 -6.495758e-01 8.097169e-05
1.616162e-01 4.545455e-01 -6.429673e-01 -6.430243e-01 5.699885e-05
1.717172e-01 4.545455e-01 -6.365054e-01 -6.364994e-01 5.993104e-06
1.818182e-01 4.545455e-01 -6.301084e-01 -6.301562e-01 4.774645e-05
1.919192e-01 4.545455e-01 -6.237757e-01 -6.238679e-01 9.215072e-05
2.020202e-01 4.545455e-01 -6.175067e-01 -6.175760e-01 6.933408e-05
2.121212e-01 4.545455e-01 -6.113006e-01 -6.113557e-01 5.503803e-05
2.222222e-01 4.545455e-01 -6.051570e-01 -6.052548e-01 9.781790e-05
2.323232e-01 4.545455e-01 -5.990750e-01 -5.990695e-01 5.547337e-06
2.424242e-01 4.545455e-01 -5.930542e-01 -5.931761e-01 1.219066e-04
2.525253e-01 4.545455e-01 -5.870939e-01 -5.872409e-01 1.470080e-04
2.626263e-01 4.545455e-01 -5.811935e-01 -5.813645e-01 1.709776e-04
2.727273e-01 4.545455e-01 -5.753524e-01 -5.753729e-01 2.049114e-05
2.828283e-01 4.545455e-01 -5.695701e-01 -5.697135e-01 1.434178e-04
2.929293e-01 4.545455e-01 -5.638458e-01 -5.640250e-01 1.792627e-04
3.030303e-01 4.545455e-01 -5.581790e-01 -5.583541e-01 1.751014e-04
3.131313e-01 4.545455e-01 -5.525692e-01 -5.527416e-01 1.724010e-04
3.232323e-01 4.545455e-01 -5.470158e-01 -5.471522e-01 1.363286e-04
3.333333e-01 4.545455e-01 -5.415182e-01 -5.417471e-01 2.288602e-04
3.434343e-01 4.545455e-01 -5.360759e-01 -5.362066e-01 1.307183e-04
3.535354e-01 4.545455e-01 -5.306882e-01 -5.308710e-01 1.828007e-04
3.636364e-01 4.545455e-01 -5.253547e-01 -5.254620e-01 1.073034e-04
3.737374e-01 4.545455e-01 -5.200748e-01 -5.202421e-01 1.672693e-04
3.838384e-01 4.545455e-01 -5.148480e-01 -5.149593e-01 1.113481e-04
3.939394e-01 4.545455e-01 -5.096737e-01 -5.096496e-01 2.404498e-05
4.040404e-01 4.545455e-01 -5.045514e-01 -5.046877e-01 1.362927e-04
4.141414e-01 4.545455e-01 -4.994805e-01 -4.995991e-01 1.185502e-04
4.242424e-01 4.545455e-01 -4.944607e-01 -4.944326e-01 2.811786e-05
4.343434e-01 4.545455e-01 -4.894913e-01 -4.895381e-01 4.679922e-05
4.444444e-01 4.545455e-01 -4.845718e-01 -4.844625e-01 1.093060e-04
4.545455e-01 4.545455e-01 -4.797018e-01 -4.796693e-01 3.244594e-05
4.646465e-01 4.545455e-01 -4.748807e-01 -4.748114e-01 6.926108e-05
4.747475e-01 4.545455e-01 -4.701081e-01 -4.700290e-01 7.906942e-05
4.848485e-01 4.545455e-01 -4.653834e-01 -4.654440e-01 6.056709e-05
4.949495e-01 4.545455e-01 -4.607062e-01 -4.606231e-01 8.307603e-05
5.050505e-01 4.545455e-01 -4.560760e-01 -4.560755e-01 4.978983e-07
5.151515e-01 4.545455e-01 -4.514924e-01 -4.514581e-01 3.431043e-05
5.252525e-01 4.545455e-01 -4.469548e-01 -4.469831e-01 2.826579e-05
5.353535e-01 4.545455e-01 -4.424629e-01 -4.425429e-01 8.004776e-05
5.454545e-01 4.545455e-01 -4.380160e-01 -4.380516e-01 3.554389e-05
5.555556e-01 4.545455e-01 -4.336139e-01 -4.337823e-01 1.684356e-04
5.656566e-01 4.545455e-01 -4.292560e-01 -4.292156e-01 4.046127e-05
5.757576e-01 4.545455e-01 -4.249419e-01 -4.249412e-01 7.352840e-07
5.858586e-01 4.545455e-01 -4.206712e-01 -4.207460e-01 7.478831e-05
5.959596e-01 4.545455e-01 -4.164434e-01 -4.165452e-01 1.017874e-04
6.060606e-01 4.545455e-01 -4.122580e-01 -4.122202e-01 3.780053e-05
6.161616e-01 4.545455e-01 -4.081148e-01 -4.082476e-01 1.328117e-04
6.262626e-01 4.545455e-01 -4.040132e-01 -4.040724e-01 5.924694e-05
6.363636e-01 4.545455e-01 -3.999528e-01 -3.999888e-01 3.601290e-05
6.464646e-01 4.545455e-01 -3.959332e-01 -3.958077e-01 1.254228e-04
6.565657e-01 4.545455e-01 -3.919540e-01 -3.919145e-01 3.948486e-05
6.666667e-01 4.545455e-01 -3.880148e-01 -3.879955e-01 1.928768e-05
6.767677e-01 4.545455e-01 -3.841152e-01 -3.840029e-01 1.122323e-04
6.868687e-01 4.545455e-01 -3.802547e-01 -3.802646e-01 9.904784e-06
6.969697e-01 4.545455e-01 -3.764331e-01 -3.763388e-01 9.427224e-05
7.070707e-01 4.545455e-01 -3.726499e-01 -3.723292e-01 3.206613e-04
7.171717e-01 4.545455e-01 -3.689047e-01 -3.687099e-01 1.947812e-04
7.272727e-01 4.545455e-01 -3.651971e-01 -3.650565e-01 1.406347e-04
7.373737e-01 4.545455e-01 -3.615269e-01 -3.611550e-01 3.718243e-04
7.474747e-01 4.545455e-01 -3.578935e-01 -3.575847e-01 3.087375e-04
7.575758e-01 4.545455e-01 -3.542966e-01 -3.539779e-01 3.186450e-04
7.676768e-01 4.545455e-01 -3.507358e-01 -3.503264e-01 4.094054e-04
7.777778e-01 4.545455e-01 -3.472109e-01 -3.466896e-01 5.212891e-04
7.878788e-01 4.545455e-01 -3.437213e-01 -3.431803e-01 5.410452e-04
7.979798e-01 4.545455e-01 -3.402669e-01 -3.396343e-01 6.325881e-04
8.080808e-01 4.545455e-01 -3.368471e-01 -3.363260e-01 5.211455e-04
8.181818e-01 4.545455e-01 -3.334618e-01 -3.328508e-01 6.109649e-04
8.282828e-01 4.545455e-01 -3.301104e-01 -3.294619e-01 6.485002e-04
8.383838e-01 4.545455e-01 -3.267928e-01 -3.263054e-01 4.873783e-04
8.484848e-01 4.545455e-01 -3.235084e-01 -3.228320e-01 6.764577e-04
8.585859e-01 4.545455e-01 -3.202571e-01 -3.196048e-01 6.523779e-04
8.686869e-01 4.545455e-01 -3.170385e-01 -3.165537e-01 4.847831e-04
8.787879e-01 4.545455e-01 -3.138522e-01 -3.134053e-01 4.469301e-04
8.888889e-01 4.545455e-01 -3.106979e-01 -3.101443e-01 5.536333e-04
8.989899e-01 4.545455e-01 -3.075754e-01 -3.070928e-01 4.825868e-04
9.090909e-01 4.545455e-01 -3.044842e-01 -3.038647e-01 6.194715e-04
9.191919e-01 4.545455e-01 -3.014241e-01 -3.009965e-01 4.275303e-04
9.292929e-01 4.545455e-01 -2.983947e-01 -2.976606e-01 7.341210e-04
9.393939e-01 4.545455e-01 -2.953958e-01 -2.949492e-01 4.466199e-04
9.494949e-01 4.545455e-01 -2.924270e-01 -2.920809e-01 3.461378e-04
9.595960e-01 4.545455e-01 -2.894881e-01 -2.888171e-01 6.709692e-04
9.696970e-01 4.545455e-01 -2.865787e-01 -2.860155e-01 5.631630e-04
9.797980e-01 4.545455e-01 -2.836985e-01 -2.831168e-01 5.816928e-04
9.898990e-01 4.545455e-01 -2.808473e-01 -2.802397e-01 6.075918e-04
1.000000e+00 4.545455e-01 -2.780247e-01 -2.776366e-01 3.881435e-04
0.000000e+00 4.646465e-01 8.497254e-01 8.499552e-01 2.297712e-04
1.010101e-02 4.646465e-01 8.411855e-01 8.412966e-01 1.110055e-04
2.020202e-02 4.646465e-01 8.327315e-01 8.329457e-01 2.142109e-04
3.030303e-02 4.646465e-01 8.243624e-01 8.243971e-01 3.474311e-05
4.040404e-02 4.646465e-01 8.160774e-01 8.162153e-01 1.378523e-04
5.050505e-02 4.646465e-01 8.078757e-01 8.080411e-01 1.653851e-04
6.060606e-02 4.646465e-01 7.997564e-01 7.999335e-01 1.770677e-04
7.070707e-02 4.646465e-01 7.917187e-01 7.918490e-01 1.302767e-04
8.080808e-02 4.646465e-01 7.837618e-01 7.838622e-01 1.003977e-04
9.090909e-02 4.646465e-01 7.758849e-01 7.760226e-01 1.376547e-04
1.010101e-01 4.646465e-01 7.680871e-01 7.681655e-01 7.834265e-05
1.111111e-01 4.646465e-01 7.603677e-01 7.602909e-01 7.686209e-05
1.212121e-01 4.646465e-01 7.527259e-01 7.527856e-01 5.966227e-05
1.313131e-01 4.646465e-01 7.451609e-01 7.451969e-01 3.605775e-05
1.414141e-01 4.646465e-01 7.376719e-01 7.377015e-01 2.964518e-05
1.515152e-01 4.646465e-01 7.302582e-01 7.302262e-01 3.194622e-05
1.616162e-01 4.646465e-01 7.229189e-01 7.228679e-01 5.104287e-05
1.717172e-01 4.646465e-01 7.156535e-01 7.158942e-01 2.406693e-04
1.818182e-01 4.646465e-01 7.084611e-01 7.085838e-01 1.227154e-04
1.919192e-01 4.646465e-01 7.013409e-01 7.015607e-01 2.198303e-04
2.020202e-01 4.646465e-01 6.942923e-01 6.946949e-01 4.025640e-04
2.121212e-01 4.646465e-01 6.873146e-01 6.877313e-01 4.167661e-04
2.222222e-01 4.646465e-01 6.804069e-01 6.810401e-01 6.331742e-04
2.323232e-01 4.646465e-01 6.735687e-01 6.741498e-01 5.810205e-04
2.424242e-01 4.646465e-01 6.667993e-01 6.674499e-01 6.506381e-04
2.525253e-01 4.646465e-01 6.600978e-01 6.605897e-01 4.918849e-04
2.626263e-01 4.646465e-01 6.534637e-01 6.542861e-01 8.224288e-04
2.727273e-01 4.646465e-01 6.468963e-01 6.477684e-01 8.720799e-04
2.828283e-01 4.646465e-01 6.403949e-01 6.412961e-01 9.012652e-04
2.929293e-01 4.646465e-01 6.339588e-01 6.348920e-01 9.331788e-04
3.030303e-01 4.646465e-01 6.275874e-01 6.285042e-01 9.167404e-04
3.131313e-01 4.646465e-01 6.212801e-01 6.222039e-01 9.238873e-04
3.232323e-01 4.646465e-01 6.150361e-01 6.159805e-01 9.444150e-04
3.333333e-01 4.646465e-01 6.088549e-01 6.096359e-01 7.810136e-04
3.434343e-01 4.646465e-01 6.027358e-01 6.037253e-01 9.895309e-04
3.535354e-01 4.646465e-01 5.966782e-01 5.977005e-01 1.022348e-03
3.636364e-01 4.646465e-01 5.906815e-01 5.917262e-01 1.044770e-03
3.737374e-01 4.646465e-01 5.847450e-01 5.856439e-01 8.988611e-04
3.838384e-01 4.646465e-01 5.788682e-01 5.797288e-01 8.605405e-04
3.939394e-01 4.646465e-01 5.730505e-01 5.739005e-01 8.500011e-04
4.040404e-01 4.646465e-01 5.672913e-01 5.680481e-01 7.567933e-04
4.141414e-01 4.646465e-01 5.615899e-01 5.624309e-01 8.409635e-04
4.242424e-01 4.646465e-01 5.559458e-01 5.566713e-01 7.254981e-04
4.343434e-01 4.646465e-01 5.503585e-01 5.512114e-01 8.528817e-04
4.444444e-01 4.646465e-01 5.448273e-01 5.455806e-01 7.532847e-04
4.545455e-01 4.646465e-01 5.393517e-01 5.399299e-01 5.781903e-04
4.646465e-01 4.646465e-01 5.339311e-01 5.347646e-01 8.335450e-04
4.747475e-01 4.646465e-01 5.285650e-01 5.294305e-01 8.655025e-04
4.848485e-01 4.646465e-01 5.232528e-01 5.241050e-01 8.521128e-04
4.949495e-01 4.646465e-01 5.179941e-01 5.186611e-01 6.670795e-04
5.050505e-01 4.646465e-01 5.127881e-01 5.133595e-01 5.713515e-04
5.151515e-01 4.646465e-01 5.076345e-01 5.083001e-01 6.655365e-04
5.252525e-01 4.646465e-01 5.025327e-01 5.031431e-01 6.103540e-04
5.353535e-01 4.646465e-01 4.974822e-01 4.980136e-01 5.314349e-04
5.454545e-01 4.646465e-01 4.924824e-01 4.930654e-01 5.830147e-04
5.555556e-01 4.646465e-01 4.875329e-01 4.881686e-01 6.357251e-04
5.656566e-01 4.646465e-01 4.826331e-01 4.832237e-01 5.906506e-04
5.757576e-01 4.646465e-01 4.777825e-01 4.782771e-01 4.945740e-04
5.858586e-01 4.646465e-01 4.729807e-01 4.734160e-01 4.352814e-04
5.959596e-01 4.646465e-01 4.682272e-01 4.686849e-01 4.576383e-04
6.060606e-01 4.646465e-01 4.635215e-01 4.640051e-01 4.836601e-04
6.161616e-01 4.646465e-01 4.588630e-01 4.593894e-01 5.264335e-04
6.262626e-01 4.646465e-01 4.542513e-01 4.547872e-01 5.358294e-04
6.363636e-01 4.646465e-01 4.496860e-01 4.500396e-01 3.535314e-04
6.464646e-01 4.646465e-01 4.451666e-01 4.456447e-01 4.781215e-04
6.565657e-01 4.646465e-01 4.406926e-01 4.411177e-01 4.250578e-04
6.666667e-01 4.646465e-01 4.362636e-01 4.365155e-01 2.518683e-04
6.767677e-01 4.646465e-01 4.318791e-01 4.323607e-01 4.816480e-04
6.868687e-01 4.646465e-01 4.275386e-01 4.279594e-01 4.207484e-04
6.969697e-01 4.646465e-01 4.232418e-01 4.236802e-01 4.384756e-04
7.070707e-01 4.646465e-01 4.189881e-01 4.194716e-01 4.835014e-04
7.171717e-01 4.646465e-01 4.147772e-01 4.153873e-01 6.100529e-04
7.272727e-01 4.646465e-01 4.106086e-01 4.110615e-01 4.528557e-04
7.373737e-01 4.646465e-01 4.064820e-01 4.069510e-01 4.690256e-04
7.474747e-01 4.646465e-01 4.023967e-01 4.029198e-01 5.230853e-04
7.575758e-01 4.646465e-01 3.983526e-01 3.988051e-01 4.525222e-04
7.676768e-01 4.646465e-01 3.943491e-01 3.948258e-01 4.767365e-04
7.777778e-01 4.646465e-01 3.903858e-01 3.907014e-01 3.155477e-04
7.878788e-01 4.646465e-01 3.864624e-01 3.869272e-01 4.648238e-04
7.979798e-01 4.646465e-01 3.825784e-01 3.829681e-01 3.897751e-04
8.080808e-01 4.646465e-01 3.787334e-01 3.792748e-01 5.414685e-04
8.181818e-01 4.646465e-01 3.749270e-01 3.753390e-01 4.119880e-04
8.282828e-01 4.646465e-01 3.711590e-01 3.717323e-01 5.733305e-04
8.383838e-01 4.646465e-01 3.674288e-01 3.678405e-01 4.117737e-04
8.484848e-01 4.646465e-01 3.637360e-01 3.642321e-01 4.960286e-04
8.585859e-01 4.646465e-01 3.600804e-01 3.605214e-01 4.409490e-04
8.686869e-01 4.646465e-01 3.564616e-01 3.568317e-01 3.701407e-04
8.787879e-01 4.646465e-01 3.528791e-01 3.534419e-01 5.628628e-04
8.888889e-01 4.646465e-01 3.493326e-01 3.498252e-01 4.926654e-04
8.989899e-01 4.646465e-01 3.458217e-01 3.462461e-01 4.243463e-04
9.090909e-01 4.646465e-01 3.423462e-01 3.428421e-01 4.959504e-04
9.191919e-01 4.646465e-01 3.389055e-01 3.393121e-01 4.065606e-04
9.292929e-01 4.646465e-01 3.354995e-01 3.359777e-01 4.782740e-04
9.393939e-01 4.646465e-01 3.321276e-01 3.326660e-01 5.384056e-04
9.494949e-01 4.646465e-01 3.287897e-01 3.294137e-01 6.239565e-04
9.595960e-01 4.646465e-01 3.254853e-01 3.260420e-01 5.566917e-04
9.696970e-01 4.646465e-01 3.222141e-01 3.227922e-01 5.780788e-04
9.797980e-01 4.646465e-01 3.189758e-01 3.193953e-01 4.195156e-04
9.898990e-01 4.646465e-01 3.157701e-01 3.161911e-01 4.210193e-04
1.000000e+00 4.646465e-01 3.125965e-01 3.126993e-01 1.027420e-04
0.000000e+00 4.747475e-01 -9.223543e-01 -9.221284e-01 2.258552e-04
1.010101e-02 4.747475e-01 -9.130845e-01 -9.129343e-01 1.501768e-04
2.020202e-02 4.747475e-01 -9.039078e-01 -9.037086e-01 1.992522e-04
3.030303e-02 4.747475e-01 -8.948234e-01 -8.946410e-01 1.823636e-04
4.040404e-02 4.747475e-01 -8.858303e-01 -8.855450e-01 2.852661e-04
5.050505e-02 4.747475e-01 -8.769275e-01 -8.765458e-01 3.817530e-04
6.060606e-02 4.747475e-01 -8.681143e-01 -8.677781e-01 3.362094e-04
7.070707e-02 4.747475e-01 -8.593896e-01 -8.590344e-01 3.551605e-04
8.080808e-02 4.747475e-01 -8.507526e-01 -8.503700e-01 3.825219e-04
9.090909e-02 4.747475e-01 -8.422024e-01 -8.418159e-01 3.864181e-04
1.010101e-01 4.747475e-01 -8.337381e-01 -8.333503e-01 3.877920e-04
1.111111e-01 4.747475e-01 -8.253589e-01 -8.249588e-01 4.000851e-04
1.212121e-01 4.747475e-01 -8.170639e-01 -8.166138e-01 4.500990e-04
1.313131e-01 4.747475e-01 -8.088523e-01 -8.085798e-01 2.724619e-04
1.414141e-01 4.747475e-01 -8.007232e-01 -8.004258e-01 2.973968e-04
1.515152e-01 4.747475e-01 -7.926758e-01 -7.924117e-01 2.640788e-04
1.616162e-01 4.747475e-01 -7.847092e-01 -7.844670e-01 2.422587e-04
1.717172e-01 4.747475e-01 -7.768228e-01 -7.765294e-01 2.933510e-04
1.818182e-01 4.747475e-01 -7.690156e-01 -7.688252e-01 1.904108e-04
1.919192e-01 4.747475e-01 -7.612868e-01 -7.612447e-01 4.219510e-05
2.020202e-01 4.747475e-01 -7.536358e-01 -7.535222e-01 1.136327e-04
2.121212e-01 4.747475e-01 -7.460616e-01 -7.460090e-01 5.263319e-05
2.222222e-01 4.747475e-01 -7.385636e-01 -7.384514e-01 1.122204e-04
2.323232e-01 4.747475e-01 -7.311409e-01 -7.311280e-01 1.291789e-05
2.424242e-01 4.747475e-01 -7.237928e-01 -7.237372e-01 5.556788e-05
2.525253e-01 4.747475e-01 -7.165186e-01 -7.164104e-01 1.081712e-04
2.626263e-01 4.747475e-01 -7.093174e-01 -7.092632e-01 5.423342e-05
2.727273e-01 4.747475e-01 -7.021887e-01 -7.019786e-01 2.101165e-04
2.828283e-01 4.747475e-01 -6.951316e-01 -6.950415e-01 9.003052e-05
2.929293e-01 4.747475e-01 -6.881454e-01 -6.879336e-01 2.118158e-04
3.030303e-01 4.747475e-01 -6.812294e-01 -6.810769e-01 1.525203e-04
3.131313e-01 4.747475e-01 -6.743829e-01 -6.742082e-01 1.747716e-04
3.232323e-01 4.747475e-01 -6.676053e-01 -6.674377e-01 1.676025e-04
3.333333e-01 4.747475e-01 -6.608957e-01 -6.606493e-01 2.464315e-04
3.434343e-01 4.747475e-01 -6.542536e-01 -6.539559e-01 2.976828e-04
3.535354e-01 4.747475e-01 -6.476783e-01 -6.474209e-01 2.573784e-04
3.636364e-01 4.747475e-01 -6.411690e-01 -6.408631e-01 3.059264e-04
3.737374e-01 4.747475e-01 -6.347251e-01 -6.345848e-01 1.403480e-04
3.838384e-01 4.747475e-01 -6.283460e-01 -6.281750e-01 1.710192e-04
3.939394e-01 4.747475e-01 -6.220311e-01 -6.218325e-01 1.985673e-04
4.040404e-01 4.747475e-01 -6.157795e-01 -6.157876e-01 8.083611e-06
4.141414e-01 4.747475e-01 -6.095909e-01 -6.093613e-01 2.295640e-04
4.242424e-01 4.747475e-01 -6.034644e-01 -6.033435e-01 1.208787e-04
4.343434e-01 4.747475e-01 -5.973994e-01 -5.972172e-01 1.822461e-04
4.444444e-01 4.747475e-01 -5.913955e-01 -5.913353e-01 6.018793e-05
4.545455e-01 4.747475e-01 -5.854519e-01 -5.854530e-01 1.171813e-06
4.646465e-01 4.747475e-01 -5.795680e-01 -5.795697e-01 1.724277e-06
4.747475e-01 4.747475e-01 -5.737432e-01 -5.737636e-01 2.039030e-05
4.848485e-01 4.747475e-01 -5.679770e-01 -5.681123e-01 1.352502e-04
4.949495e-01 4.747475e-01 -5.622687e-01 -5.622505e-01 1.824564e-05
5.050505e-01 4.747475e-01 -5.566178e-01 -5.566806e-01 6.271382e-05
5.151515e-01 4.747475e-01 -5.510237e-01 -5.510000e-01 2.374536e-05
5.252525e-01 4.747475e-01 -5.454859e-01 -5.454953e-01 9.407508e-06
5.353535e-01 4.747475e-01 -5.400036e-01 -5.398321e-01 1.715254e-04
5.454545e-01 4.747475e-01 -5.345765e-01 -5.343605e-01 2.159862e-04
5.555556e-01 4.747475e-01 -5.292039e-01 -5.290645e-01 1.393953e-04
5.656566e-01 4.747475e-01 -5.238853e-01 -5.235838e-01 3.015741e-04
5.757576e-01 4.747475e-01 -5.186202e-01 -5.183185e-01 3.016752e-04
5.858586e-01 4.747475e-01 -5.134080e-01 -5.130848e-01 3.232205e-04
5.959596e-01 4.747475e-01 -5.082482e-01 -5.078262e-01 4.219451e-04
6.060606e-01 4.747475e-01 -5.031402e-01 -5.026942e-01 4.459266e-04
6.161616e-01 4.747475e-01 -4.980835e-01 -4.976693e-01 4.141941e-04
6.262626e-01 4.747475e-01 -4.930777e-01 -4.925267e-01 5.510606e-04
6.363636e-01 4.747475e-01 -4.881222e-01 -4.875361e-01 5.861253e-04
6.464646e-01 4.747475e-01 -4.832165e-01 -4.825150e-01 7.015113e-04
6.565657e-01 4.747475e-01 -4.783601e-01 -4.776958e-01 6.642600e-04
6.666667e-01 4.747475e-01 -4.735525e-01 -4.730369e-01 5.155991e-04
6.767677e-01 4.747475e-01 -4.687932e-01 -4.682235e-01 5.697506e-04
6.868687e-01 4.747475e-01 -4.640818e-01 -4.636077e-01 4.740847e-04
6.969697e-01 4.747475e-01 -4.594177e-01 -4.588226e-01 5.950468e-04
7.070707e-01 4.747475e-01 -4.548004e-01 -4.543611e-01 4.393499e-04
7.171717e-01 4.747475e-01 -4.502296e-01 -4.496305e-01 5.991122e-04
7.272727e-01 4.747475e-01 -4.457047e-01 -4.452688e-01 4.359785e-04
7.373737e-01 4.747475e-01 -4.412253e-01 -4.407076e-01 5.177577e-04
7.474747e-01 4.747475e-01 -4.367909e-01 -4.362687e-01 5.222470e-04
7.575758e-01 4.747475e-01 -4.324011e-01 -4.319898e-01 4.113237e-04
7.676768e-01 4.747475e-01 -4.280554e-01 -4.276053e-01 4.501383e-04
7.777778e-01 4.747475e-01 -4.237534e-01 -4.234165e-01 3.368863e-04
7.878788e-01 4.747475e-01 -4.194946e-01 -4.190699e-01 4.247035e-04
7.979798e-01 4.747475e-01 -4.152786e-01 -4.148691e-01 4.095293e-04
8.080808e-01 4.747475e-01 -4.111050e-01 -4.106178e-01 4.871520e-04
8.181818e-01 4.747475e-01 -4.069733e-01 -4.063032e-01 6.701396e-04
8.282828e-01 4.747475e-01 -4.028832e-01 -4.023191e-01 5.640839e-04
8.383838e-01 4.747475e-01 -3.988341e-01 -3.983539e-01 4.801806e-04
8.484848e-01 4.747475e-01 -3.948258e-01 -3.942837e-01 5.421134e-04
8.585859e-01 4.747475e-01 -3.908577e-01 -3.901060e-01 7.517384e-04
8.686869e-01 4.747475e-01 -3.869295e-01 -3.865522e-01 3.773017e-04
8.787879e-01 4.747475e-01 -3.830408e-01 -3.825380e-01 5.028493e-04
8.888889e-01 4.747475e-01 -3.791912e-01 -3.786081e-01 5.830789e-04
8.989899e-01 4.747475e-01 -3.753803e-01 -3.748472e-01 5.330784e-04
9.090909e-01 4.747475e-01 -3.716076e-01 -3.709433e-01 6.643102e-04
9.191919e-01 4.747475e-01 -3.678729e-01 -3.672594e-01 6.135166e-04
9.292929e-01 4.747475e-01 -3.641757e-01 -3.634385e-01 7.372289e-04
9.393939e-01 4.747475e-01 -3.605157e-01 -3.598911e-01 6.246325e-04
9.494949e-01 4.747475e-01 -3.568924e-01 -3.563492e-01 5.432171e-04
9.595960e-01 4.747475e-01 -3.533056e-01 -3.525848e-01 7.207796e-04
9.696970e-01 4.747475e-01 -3.497548e-01 -3.489977e-01 7.571261e-04
9.797980e-01 4.747475e-01 -3.462397e-01 -3.456368e-01 6.028994e-04
9.898990e-01 4.747475e-01 -3.427600e-01 -3.420370e-01 7.230145e-04
1.000000e+00 4.747475e-01 -3.393152e-01 -3.388720e-01 4.432264e-04
0.000000e+00 4.848485e-01 9.718116e-01 9.717656e-01 4.593093e-05
1.010101e-02 4.848485e-01 9.620447e-01 9.619851e-01 5.964888e-05
2.020202e-02 4.848485e-01 9.523760e-01 9.522930e-01 8.295298e-05
3.030303e-02 4.848485e-01 9.428045e-01 9.426458e-01 1.586661e-04
4.040404e-02 4.848485e-01 9.333291e-01 9.331285e-01 2.006367e-04
5.050505e-02 4.848485e-01 9.239490e-01 9.237540e-01 1.950233e-04
6.060606e-02 4.848485e-01 9.146632e-01 9.144475e-01 2.156726e-04
7.070707e-02 4.848485e-01 9.054706e-01 9.052592e-01 2.114503e-04
8.080808e-02 4.848485e-01 8.963705e-01 8.961247e-01 2.457912e-04
9.090909e-02 4.848485e-01 8.873618e-01 8.872181e-01 1.437214e-04
1.010101e-01 4.848485e-01 8.784437e-01 8.782049e-01 2.388230e-04
1.111111e-01 4.848485e-01 8.696152e-01 8.693157e-01 2.994564e-04
1.212121e-01 4.848485e-01 8.608754e-01 8.606617e-01 2.137371e-04
1.313131e-01 4.848485e-01 8.522235e-01 8.520160e-01 2.074497e-04
1.414141e-01 4.848485e-01 8.436585e-01 8.434981e-01 1.603830e-04
1.515152e-01 4.848485e-01 8.351796e-01 8.349187e-01 2.609079e-04
1.616162e-01 4.848485e-01 8.267859e-01 8.265194e-01 2.664623e-04
1.717172e-01 4.848485e-01 8.184766e-01 8.184098e-01 6.675583e-05
1.818182e-01 4.848485e-01 8.102507e-01 8.101304e-01 1.203136e-04
1.919192e-01 4.848485e-01 8.021076e-01 8.019817e-01 1.258292e-04
2.020202e-01 4.848485e-01 7.940463e-01 7.940433e-01 2.959356e-06
2.121212e-01 4.848485e-01 7.860660e-01 7.860250e-01 4.091766e-05
2.222222e-01 4.848485e-01 7.781659e-01 7.783211e-01 1.552756e-04
2.323232e-01 4.848485e-01 7.703452e-01 7.703757e-01 3.049402e-05
2.424242e-01 4.848485e-01 7.626031e-01 7.626216e-01 1.850364e-05
2.525253e-01 4.848485e-01 7.549388e-01 7.548622e-01 7.660092e-05
2.626263e-01 4.848485e-01 7.473515e-01 7.473934e-01 4.183980e-05
2.727273e-01 4.848485e-01 7.398405e-01 7.398884e-01 4.784728e-05
2.828283e-01 4.848485e-01 7.324050e-01 7.325407e-01 1.357241e-04
2.929293e-01 4.848485e-01 7.250442e-01 7.251080e-01 6.381696e-05
3.030303e-01 4.848485e-01 7.177574e-01 7.178528e-01 9.537563e-05
3.131313e-01 4.848485e-01 7.105438e-01 7.106382e-01 9.441057e-05
3.232323e-01 4.848485e-01 7.034027e-01 7.035342e-01 1.315144e-04
3.333333e-01 4.848485e-01 6.963334e-01 6.963282e-01 5.253535e-06
3.434343e-01 4.848485e-01 6.893352e-01 6.895316e-01 1.964146e-04
3.535354e-01 4.848485e-01 6.824072e-01 6.826873e-01 2.800653e-04
3.636364e-01 4.848485e-01 6.755489e-01 6.758367e-01 2.877711e-04
3.737374e-01 4.848485e-01 6.687595e-01 6.690148e-01 2.552195e-04
3.838384e-01 4.848485e-01 6.620384e-01 6.621663e-01 1.279095e-04
3.939394e-01 4.848485e-01 6.553848e-01 6.555206e-01 1.357663e-04
4.040404e-01 4.848485e-01 6.487981e-01 6.490250e-01 2.268974e-04
4.141414e-01 4.848485e-01 6.422775e-01 6.425385e-01 2.610100e-04
4.242424e-01 4.848485e-01 6.358225e-01 6.359862e-01 1.636674e-04
4.343434e-01 4.848485e-01 6.294324e-01 6.297739e-01 3.414955e-04
4.444444e-01 4.848485e-01 6.231065e-01 6.232541e-01 1.476015e-04
4.545455e-01 4.848485e-01 6.168442e-01 6.170229e-01 1.787368e-04
4.646465e-01 4.848485e-01 6.106448e-01 6.110253e-01 3.804657e-04
4.747475e-01 4.848485e-01 6.045077e-01 6.047841e-01 2.764048e-04
4.848485e-01 4.848485e-01 5.984323e-01 5.989079e-01 4.756244e-04
4.949495e-01 4.848485e-01 5.924180e-01 5.926725e-01 2.544885e-04
5.050505e-01 4.848485e-01 5.864641e-01 5.867503e-01 2.862489e-04
5.151515e-01 4.848485e-01 5.805700e-01 5.810035e-01 4.335286e-04
5.252525e-01 4.848485e-01 5.747352e-01 5.750568e-01 3.215984e-04
5.353535e-01 4.848485e-01 5.689590e-01 5.692520e-01 2.930055e-04
5.454545e-01 4.848485e-01 5.632409e-01 5.637081e-01 4.671909e-04
5.555556e-01 4.848485e-01 5.575802e-01 5.581606e-01 5.803914e-04
5.656566e-01 4.848485e-01 5.519764e-01 5.523919e-01 4.154489e-04
5.757576e-01 4.848485e-01 5.464290e-01 5.469180e-01 4.890517e-04
5.858586e-01 4.848485e-01 5.409373e-01 5.414159e-01 4.786490e-04
5.959596e-01 4.848485e-01 5.355008e-01 5.359384e-01 4.376706e-04
6.060606e-01 4.848485e-01 5.301189e-01 5.305297e-01 4.108381e-04
6.161616e-01 4.848485e-01 5.247911e-01 5.253471e-01 5.559973e-04
6.262626e-01 4.848485e-01 5.195169e-01 5.200348e-01 5.179117e-04
6.363636e-01 4.848485e-01 5.142956e-01 5.146518e-01 3.561876e-04
6.464646e-01 4.848485e-01 5.091269e-01 5.094430e-01 3.161540e-04
6.565657e-01 4.848485e-01 5.040101e-01 5.043585e-01 3.484493e-04
6.666667e-01 4.848485e-01 4.989447e-01 4.989764e-01 3.171378e-05
6.767677e-01 4.848485e-01 4.939302e-01 4.940980e-01 1.677892e-04
6.868687e-01 4.848485e-01 4.889661e-01 4.892030e-01 2.368981e-04
6.969697e-01 4.848485e-01 4.840519e-01 4.841893e-01 1.373252e-04
7.070707e-01 4.848485e-01 4.791871e-01 4.792697e-01 8.253914e-05
7.171717e-01 4.848485e-01 4.743712e-01 4.746349e-01 2.637116e-04
7.272727e-01 4.848485e-01 4.696037e-01 4.697681e-01 1.644127e-04
7.373737e-01 4.848485e-01 4.648841e-01 4.650115e-01 1.274086e-04
7.474747e-01 4.848485e-01 4.602120e-01 4.603599e-01 1.479354e-04
7.575758e-01 4.848485e-01 4.555868e-01 4.557256e-01 1.388513e-04
7.676768e-01 4.848485e-01 4.510080e-01 4.512658e-01 2.577160e-04
7.777778e-01 4.848485e-01 4.464753e-01 4.463605e-01 1.148021e-04
7.878788e-01 4.848485e-01 4.419882e-01 4.420303e-01 4.213134e-05
7.979798e-01 4.848485e-01 4.375461e-01 4.375950e-01 4.891499e-05
8.080808e-01 4.848485e-01 4.331487e-01 4.334062e-01 2.575205e-04
8.181818e-01 4.848485e-01 4.287955e-01 4.289589e-01 1.633961e-04
8.282828e-01 4.848485e-01 4.244860e-01 4.247904e-01 3.043517e-04
8.383838e-01 4.848485e-01 4.202199e-01 4.205140e-01 2.941120e-04
8.484848e-01 4.848485e-01 4.159966e-01 4.161991e-01 2.025219e-04
8.585859e-01 4.848485e-01 4.118158e-01 4.120063e-01 1.904979e-04
8.686869e-01 4.848485e-01 4.076769e-01 4.079162e-01 2.393037e-04
8.787879e-01 4.848485e-01 4.035797e-01 4.038274e-01 2.476759e-04
8.888889e-01 4.848485e-01 3.995237e-01 3.996814e-01 1.577095e-04
8.989899e-01 4.848485e-01 3.955084e-01 3.957541e-01 2.456985e-04
9.090909e-01 4.848485e-01 3.915335e-01 3.918486e-01 3.150889e-04
9.191919e-01 4.848485e-01 3.875985e-01 3.879002e-01 3.017346e-04
9.292929e-01 4.848485e-01 3.837031e-01 3.839262e-01 2.231434e-04
9.393939e-01 4.848485e-01 3.798468e-01 3.801861e-01 3.392614e-04
9.494949e-01 4.848485e-01 3.760293e-01 3.765026e-01 4.733369e-04
9.595960e-01 4.848485e-01 3.722501e-01 3.726325e-01 3.823938e-04
9.696970e-01 4.848485e-01 3.685089e-01 3.688624e-01 3.534265e-04
9.797980e-01 4.848485e-01 3.648054e-01 3.650600e-01 2.546434e-04
9.898990e-01 4.848485e-01 3.611390e-01 3.613114e-01 1.724320e-04
1.000000e+00 4.848485e-01 3.575095e-01 3.576315e-01 1.219781e-04
0.000000e+00 4.949495e-01 -9.968548e-01 -9.970104e-01 1.555743e-04
1.010101e-02 4.949495e-01 -9.868362e-01 -9.869717e-01 1.355162e-04
2.020202e-02 4.949495e-01 -9.769184e-01 -9.769957e-01 7.735487e-05
3.030303e-02 4.949495e-01 -9.671002e-01 -9.671471e-01 4.695204e-05
4.040404e-02 4.949495e-01 -9.573806e-01 -9.573945e-01 1.383822e-05
5.050505e-02 4.949495e-01 -9.477588e-01 -9.477527e-01 6.093722e-06
6.060606e-02 4.949495e-01 -9.382337e-01 -9.382558e-01 2.211259e-05
7.070707e-02 4.949495e-01 -9.288043e-01 -9.288021e-01 2.137311e-06
8.080808e-02 4.949495e-01 -9.194696e-01 -9.193330e-01 1.366515e-04
9.090909e-02 4.949495e-01 -9.102288e-01 -9.101152e-01 1.135679e-04
1.010101e-01 4.949495e-01 -9.010809e-01 -9.008547e-01 2.261523e-04
1.111111e-01 4.949495e-01 -8.920248e-01 -8.917557e-01 2.691466e-04
1.212121e-01 4.949495e-01 -8.830598e-01 -8.826743e-01 3.855122e-04
1.313131e-01 4.949495e-01 -8.741850e-01 -8.738556e-01 3.293596e-04
1.414141e-01 4.949495e-01 -8.653992e-01 -8.650960e-01 3.032733e-04
1.515152e-01 4.949495e-01 -8.567018e-01 -8.562726e-01 4.292618e-04
1.616162e-01 4.949495e-01 -8.480918e-01 -8.476440e-01 4.478727e-04
1.717172e-01 4.949495e-01 -8.395684e-01 -8.390934e-01 4.749334e-04
1.818182e-01 4.949495e-01 -8.311306e-01 -8.306528e-01 4.777454e-04
1.919192e-01 4.949495e-01 -8.227776e-01 -8.223814e-01 3.962007e-04
2.020202e-01 4.949495e-01 -8.145085e-01 -8.140963e-01 4.121948e-04
2.121212e-01 4.949495e-01 -8.063226e-01 -8.058571e-01 4.655180e-04
2.222222e-01 4.949495e-01 -7.982189e-01 -7.978760e-01 3.429040e-04
2.323232e-01 4.949495e-01 -7.901967e-01 -7.897111e-01 4.855540e-04
2.424242e-01 4.949495e-01 -7.822551e-01 -7.819132e-01 3.419025e-04
2.525253e-01 4.949495e-01 -7.743933e-01 -7.739906e-01 4.026393e-04
2.626263e-01 4.949495e-01 -7.666105e-01 -7.662827e-01 3.278116e-04
2.727273e-01 4.949495e-01 -7.589059e-01 -7.584423e-01 4.636437e-04
2.828283e-01 4.949495e-01 -7.512788e-01 -7.509511e-01 3.277440e-04
2.929293e-01 4.949495e-01 -7.437283e-01 -7.433316e-01 3.967674e-04
3.030303e-01 4.949495e-01 -7.362537e-01 -7.358587e-01 3.950469e-04
3.131313e-01 4.949495e-01 -7.288543e-01 -7.284201e-01 4.341150e-04
3.232323e-01 4.949495e-01 -7.215291e-01 -7.210534e-01 4.757850e-04
3.333333e-01 4.949495e-01 -7.142777e-01 -7.138544e-01 4.232270e-04
3.434343e-01 4.949495e-01 -7.070990e-01 -7.065691e-01 5.299743e-04
3.535354e-01 4.949495e-01 -6.999926e-01 -6.995720e-01 4.206197e-04
3.636364e-01 4.949495e-01 -6.929575e-01 -6.924788e-01 4.787690e-04
3.737374e-01 4.949495e-01 -6.859932e-01 -6.855732e-01 4.199862e-04
3.838384e-01 4.949495e-01 -6.790989e-01 -6.785587e-01 5.401535e-04
3.939394e-01 4.949495e-01 -6.722738e-01 -6.716431e-01 6.306663e-04
4.040404e-01 4.949495e-01 -6.655173e-01 -6.651083e-01 4.090177e-04
4.141414e-01 4.949495e-01 -6.588288e-01 -6.584115e-01 4.172780e-04
4.242424e-01 4.949495e-01 -6.522074e-01 -6.516914e-01 5.160053e-04
4.343434e-01 4.949495e-01 -6.456526e-01 -6.452349e-01 4.177065e-04
4.444444e-01 4.949495e-01 -6.391637e-01 -6.385750e-01 5.887746e-04
4.545455e-01 4.949495e-01 -6.327400e-01 -6.322699e-01 4.701714e-04
4.646465e-01 4.949495e-01 -6.263809e-01 -6.259414e-01 4.394924e-04
4.747475e-01 4.949495e-01 -6.200857e-01 -6.195858e-01 4.999037e-04
4.848485e-01 4.949495e-01 -6.138537e-01 -6.135623e-01 2.913467e-04
4.949495e-01 4.949495e-01 -6.076844e-01 -6.072700e-01 4.143582e-04
5.050505e-01 4.949495e-01 -6.015770e-01 -6.011785e-01 3.985049e-04
5.151515e-01 4.949495e-01 -5.955311e-01 -5.950807e-01 4.503493e-04
5.252525e-01 4.949495e-01 -5.895459e-01 -5.890880e-01 4.579331e-04
5.353535e-01 4.949495e-01 -5.836209e-01 -5.832248e-01 3.960885e-04
5.454545e-01 4.949495e-01 -5.777554e-01 -5.773143e-01 4.411176e-04
5.555556e-01 4.949495e-01 -5.719488e-01 -5.716381e-01 3.107304e-04
5.656566e-01 4.949495e-01 -5.662007e-01 -5.656717e-01 5.289744e-04
5.757576e-01 4.949495e-01 -5.605102e-01 -5.600280e-01 4.822891e-04
5.858586e-01 4.949495e-01 -5.548770e-01 -5.544540e-01 4.230559e-04
5.959596e-01 4.949495e-01 -5.493004e-01 -5.487701e-01 5.303485e-04
6.060606e-01 4.949495e-01 -5.437799e-01 -5.431284e-01 6.514868e-04
6.161616e-01 4.949495e-01 -5.383148e-01 -5.378937e-01 4.211272e-04
6.262626e-01 4.949495e-01 -5.329046e-01 -5.322886e-01 6.160757e-04
6.363636e-01 4.949495e-01 -5.275488e-01 -5.269636e-01 5.852554e-04
6.464646e-01 4.949495e-01 -5.222469e-01 -5.215316e-01 7.153115e-04
6.565657e-01 4.949495e-01 -5.169982e-01 -5.163665e-01 6.317435e-04
6.666667e-01 4.949495e-01 -5.118023e-01 -5.111965e-01 6.058131e-04
6.767677e-01 4.949495e-01 -5.066586e-01 -5.060223e-01 6.362748e-04
6.868687e-01 4.949495e-01 -5.015666e-01 -5.010253e-01 5.412866e-04
6.969697e-01 4.949495e-01 -4.965258e-01 -4.960037e-01 5.220309e-04
7.070707e-01 4.949495e-01 -4.915356e-01 -4.907812e-01 7.544233e-04
7.171717e-01 4.949495e-01 -4.865956e-01 -4.860026e-01 5.930322e-04
7.272727e-01 4.949495e-01 -4.817052e-01 -4.811531e-01 5.520995e-04
7.373737e-01 4.949495e-01 -4.768640e-01 -4.762126e-01 6.513917e-04
7.474747e-01 4.949495e-01 -4.720714e-01 -4.714888e-01 5.826164e-04
7.575758e-01 4.949495e-01 -4.673271e-01 -4.668120e-01 5.150387e-04
7.676768e-01 4.949495e-01 -4.626303e-01 -4.621022e-01 5.281639e-04
7.777778e-01 4.949495e-01 -4.579808e-01 -4.572413e-01 7.395301e-04
7.878788e-01 4.949495e-01 -4.533780e-01 -4.526689e-01 7.091382e-04
7.979798e-01 4.949495e-01 -4.488215e-01 -4.480270e-01 7.945040e-04
8.080808e-01 4.949495e-01 -4.443108e-01 -4.437606e-01 5.501544e-04
8.181818e-01 4.949495e-01 -4.398454e-01 -4.390625e-01 7.829144e-04
8.282828e-01 4.949495e-01 -4.354249e-01 -4.346354e-01 7.894705e-04
8.383838e-01 4.949495e-01 -4.310488e-01 -4.303901e-01 6.586594e-04
8.484848e-01 4.949495e-01 -4.267167e-01 -4.258631e-01 8.535203e-04
8.585859e-01 4.949495e-01 -4.224281e-01 -4.215032e-01 9.249074e-04
8.686869e-01 4.949495e-01 -4.181826e-01 -4.174410e-01 7.416106e-04
8.787879e-01 4.949495e-01 -4.139798e-01 -4.131430e-01 8.367775e-04
8.888889e-01 4.949495e-01 -4.098193e-01 -4.088428e-01 9.764482e-04
8.989899e-01 4.949495e-01 -4.057005e-01 -4.048840e-01 8.165179e-04
9.090909e-01 4.949495e-01 -4.016231e-01 -4.006637e-01 9.594077e-04
9.191919e-01 4.949495e-01 -3.975868e-01 -3.968377e-01 7.490505e-04
9.292929e-01 4.949495e-01 -3.935909e-01 -3.925474e-01 1.043580e-03
9.393939e-01 4.949495e-01 -3.896353e-01 -3.888559e-01 7.793602e-04
9.494949e-01 4.949495e-01 -3.857194e-01 -3.851807e-01 5.386831e-04
9.595960e-01 4.949495e-01 -3.818429e-01 -3.809692e-01 8.736841e-04
9.696970e-01 4.949495e-01 -3.780053e-01 -3.772351e-01 7.702117e-04
9.797980e-01 4.949495e-01 -3.742063e-01 -3.732449e-01 9.613693e-04
9.898990e-01 4.949495e-01 -3.704454e-01 -3.694416e-01 1.003787e-03
1.000000e+00 4.949495e-01 -3.667224e-01 -3.658423e-01 8.800355e-04
0.000000e+00 5.050505e-01 9.968548e-01 9.956861e-01 1.168722e-03
1.010101e-02 5.050505e-01 9.868362e-01 9.857708e-01 1.065398e-03
2.020202e-02 5.050505e-01 9.769184e-01 9.758916e-01 1.026702e-03
3.030303e-02 5.050505e-01 9.671002e-01 9.660262e-01 1.073973e-03
4.040404e-02 5.050505e-01 9.573806e-01 9.562459e-01 1.134743e-03
5.050505e-02 5.050505e-01 9.477588e-01 9.466481e-01 1.110687e-03
6.060606e-02 5.050505e-01 9.382337e-01 9.371783e-01 1.055420e-03
7.070707e-02 5.050505e-01 9.288043e-01 9.277217e-01 1.082531e-03
8.080808e-02 5.050505e-01 9.194696e-01 9.184295e-01 1.040139e-03
9.090909e-02 5.050505e-01 9.102288e-01 9.091570e-01 1.071832e-03
1.010101e-01 5.050505e-01 9.010809e-01 9.000620e-01 1.018894e-03
1.111111e-01 5.050505e-01 8.920248e-01 8.909620e-01 1.062842e-03
1.212121e-01 5.050505e-01 8.830598e-01 8.820282e-01 1.031627e-03
1.313131e-01 5.050505e-01 8.741850e-01 8.732166e-01 9.683214e-04
1.414141e-01 5.050505e-01 8.653992e-01 8.644699e-01 9.293605e-04
1.515152e-01 5.050505e-01 8.567018e-01 8.557142e-01 9.876381e-04
1.616162e-01 5.050505e-01 8.480918e-01 8.471601e-01 9.317432e-04
1.717172e-01 5.050505e-01 8.395684e-01 8.387213e-01 8.471048e-04
1.818182e-01 5.050505e-01 8.311306e-01 8.302559e-01 8.747123e-04
1.919192e-01 5.050505e-01 8.227776e-01 8.219205e-01 8.570638e-04
2.020202e-01 5.050505e-01 8.145085e-01 8.137641e-01 7.444311e-04
2.121212e-01 5.050505e-01 8.063226e-01 8.055637e-01 7.588325e-04
2.222222e-01 5.050505e-01 7.982189e-01 7.975425e-01 6.764516e-04
2.323232e-01 5.050505e-01 7.901967e-01 7.895203e-01 6.764080e-04
2.424242e-01 5.050505e-01 7.822551e-01 7.815716e-01 6.834371e-04
2.525253e-01 5.050505e-01 7.743933e-01 7.736320e-01 7.612804e-04
2.626263e-01 5.050505e-01 7.666105e-01 7.659185e-01 6.919960e-04
2.727273e-01 5.050505e-01 7.589059e-01 7.582171e-01 6.888301e-04
2.828283e-01 5.050505e-01 7.512788e-01 7.506797e-01 5.990643e-04
2.929293e-01 5.050505e-01 7.437283e-01 7.430006e-01 7.276923e-04
3.030303e-01 5.050505e-01 7.362537e-01 7.355518e-01 7.018916e-04
3.131313e-01 5.050505e-01 7.288543e-01 7.281297e-01 7.245088e-04
3.232323e-01 5.050505e-01 7.215291e-01 7.208139e-01 7.152765e-04
3.333333e-01 5.050505e-01 7.142777e-01 7.134990e-01 7.787091e-04
3.434343e-01 5.050505e-01 7.070990e-01 7.064080e-01 6.910856e-04
3.535354e-01 5.050505e-01 6.999926e-01 6.993541e-01 6.384747e-04
3.636364e-01 5.050505e-01 6.929575e-01 6.923103e-01 6.472117e-04
3.737374e-01 5.050505e-01 6.859932e-01 6.853255e-01 6.677031e-04
3.838384e-01 5.050505e-01 6.790989e-01 6.784399e-01 6.589455e-04
3.939394e-01 5.050505e-01 6.722738e-01 6.716323e-01 6.415144e-04
4.040404e-01 5.050505e-01 6.655173e-01 6.649179e-01 5.993949e-04
4.141414e-01 5.050505e-01 6.588288e-01 6.581479e-01 6.808498e-04
4.242424e-01 5.050505e-01 6.522074e-01 6.516266e-01 5.807956e-04
4.343434e-01 5.050505e-01 6.456526e-01 6.451298e-01 5.228491e-04
4.444444e-01 5.050505e-01 6.391637e-01 6.386232e-01 5.405544e-04
4.545455e-01 5.050505e-01 6.327400e-01 6.321748e-01 5.651812e-04
4.646465e-01 5.050505e-01 6.263809e-01 6.260026e-01 3.782785e-04
4.747475e-01 5.050505e-01 6.200857e-01 6.196823e-01 4.033441e-04
4.848485e-01 5.050505e-01 6.138537e-01 6.135381e-01 3.155462e-04
4.949495e-01 5.050505e-01 6.076844e-01 6.072699e-01 4.144178e-04
5.050505e-01 5.050505e-01 6.015770e-01 6.011882e-01 3.888489e-04
5.151515e-01 5.050505e-01 5.955311e-01 5.951943e-01 3.367428e-04
5.252525e-01 5.050505e-01 5.895459e-01 5.891318e-01 4.140641e-04
5.353535e-01 5.050505e-01 5.836209e-01 5.831498e-01 4.710712e-04
5.454545e-01 5.050505e-01 5.777554e-01 5.773797e-01 3.756717e-04
5.555556e-01 5.050505e-01 5.719488e-01 5.716037e-01 3.451819e-04
5.656566e-01 5.050505e-01 5.662007e-01 5.658057e-01 3.949236e-04
5.757576e-01 5.050505e-01 5.605102e-01 5.601711e-01 3.391187e-04
5.858586e-01 5.050505e-01 5.548770e-01 5.544937e-01 3.832996e-04
5.959596e-01 5.050505e-01 5.493004e-01 5.489139e-01 3.865225e-04
6.060606e-01 5.050505e-01 5.437799e-01 5.433624e-01 4.174194e-04
6.161616e-01 5.050505e-01 5.383148e-01 5.379453e-01 3.695095e-04
6.262626e-01 5.050505e-01 5.329046e-01 5.324763e-01 4.283211e-04
6.363636e-01 5.050505e-01 5.275488e-01 5.271201e-01 4.287336e-04
6.464646e-01 5.050505e-01 5.222469e-01 5.218138e-01 4.331431e-04
6.565657e-01 5.050505e-01 5.169982e-01 5.165341e-01 4.641352e-04
6.666667e-01 5.050505e-01 5.118023e-01 5.113541e-01 4.482184e-04
6.767677e-01 5.050505e-01 5.066586e-01 5.062985e-01 3.600669e-04
6.868687e-01 5.050505e-01 5.015666e-01 5.012416e-01 3.249813e-04
6.969697e-01 5.050505e-01 4.965258e-01 4.960459e-01 4.798904e-04
7.070707e-01 5.050505e-01 4.915356e-01 4.911371e-01 3.984643e-04
7.171717e-01 5.050505e-01 4.865956e-01 4.862005e-01 3.951448e-04
7.272727e-01 5.050505e-01 4.817052e-01 4.812958e-01 4.094060e-04
7.373737e-01 5.050505e-01 4.768640e-01 4.764368e-01 4.272484e-04
7.474747e-01 5.050505e-01 4.720714e-01 4.716218e-01 4.496980e-04
7.575758e-01 5.050505e-01 4.673271e-01 4.669407e-01 3.863225e-04
7.676768e-01 5.050505e-01 4.626303e-01 4.622886e-01 3.417802e-04
7.777778e-01 5.050505e-01 4.579808e-01 4.574819e-01 4.989658e-04
7.878788e-01 5.050505e-01 4.533780e-01 4.529892e-01 3.888526e-04
7.979798e-01 5.050505e-01 4.488215e-01 4.484501e-01 3.713706e-04
8.080808e-01 5.050505e-01 4.443108e-01 4.438183e-01 4.925167e-04
8.181818e-01 5.050505e-01 4.398454e-01 4.393524e-01 4.929974e-04
8.282828e-01 5.050505e-01 4.354249e-01 4.350089e-01 4.159282e-04
8.383838e-01 5.050505e-01 4.310488e-01 4.305424e-01 5.063695e-04
8.484848e-01 5.050505e-01 4.267167e-01 4.261405e-01 5.761203e-04
8.585859e-01 5.050505e-01 4.224281e-01 4.218594e-01 5.686803e-04
8.686869e-01 5.050505e-01 4.181826e-01 4.176209e-01 5.617238e-04
8.787879e-01 5.050505e-01 4.139798e-01 4.134110e-01 5.687950e-04
8.888889e-01 5.050505e-01 4.098193e-01 4.091720e-01 6.472517e-04
8.989899e-01 5.050505e-01 4.057005e-01 4.050978e-01 6.027160e-04
9.090909e-01 5.050505e-01 4.016231e-01 4.009775e-01 6.456191e-04
9.191919e-01 5.050505e-01 3.975868e-01 3.969396e-01 6.471266e-04
9.292929e-01 5.050505e-01 3.935909e-01 3.930318e-01 5.591729e-04
9.393939e-01 5.050505e-01 3.896353e-01 3.889695e-01 6.658134e-04
9.494949e-01 5.050505e-01 3.857194e-01 3.850571e-01 6.623032e-04
9.595960e-01 5.050505e-01 3.818429e-01 3.812515e-01 5.913369e-04
9.696970e-01 5.050505e-01 3.780053e-01 3.773293e-01 6.759768e-04
9.797980e-01 5.050505e-01 3.742063e-01 3.735920e-01 6.142319e-04
9.898990e-01 5.050505e-01 3.704454e-01 3.698280e-01 6.174600e-04
1.000000e+00 5.050505e-01 3.667224e-01 3.661223e-01 6.000725e-04
0.000000e+00 5.151515e-01 -9.718116e-01 -9.721264e-01 3.147964e-04
1.010101e-02 5.151515e-01 -9.620447e-01 -9.623985e-01 3.538285e-04
2.020202e-02 5.151515e-01 -9.523760e-01 -9.526049e-01 2.288985e-04
3.030303e-02 5.151515e-01 -9.428045e-01 -9.429547e-01 1.502051e-04
4.040404e-02 5.151515e-01 -9.333291e-01 -9.332976e-01 3.147870e-05
5.050505e-02 5.151515e-01 -9.239490e-01 -9.238269e-01 1.220672e-04
6.060606e-02 5.151515e-01 -9.146632e-01 -9.145576e-01 1.055829e-04
7.070707e-02 5.151515e-01 -9.054706e-01 -9.052891e-01 1.815883e-04
8.080808e-02 5.151515e-01 -8.963705e-01 -8.961306e-01 2.399499e-04
9.090909e-02 5.151515e-01 -8.873618e-01 -8.870054e-01 3.563908e-04
1.010101e-01 5.151515e-01 -8.784437e-01 -8.780606e-01 3.831258e-04
1.111111e-01 5.151515e-01 -8.696152e-01 -8.693316e-01 2.836016e-04
1.212121e-01 5.151515e-01 -8.608754e-01 -8.604083e-01 4.671164e-04
1.313131e-01 5.151515e-01 -8.522235e-01 -8.518280e-01 3.955024e-04
1.414141e-01 5.151515e-01 -8.436585e-01 -8.433611e-01 2.973545e-04
1.515152e-01 5.151515e-01 -8.351796e-01 -8.347400e-01 4.395430e-04
1.616162e-01 5.151515e-01 -8.267859e-01 -8.263272e-01 4.586873e-04
1.717172e-01 5.151515e-01 -8.184766e-01 -8.180145e-01 4.620538e-04
1.818182e-01 5.151515e-01 -8.102507e-01 -8.098568e-01 3.939585e-04
1.919192e-01 5.151515e-01 -8.021076e-01 -8.016779e-01 4.296341e-04
2.020202e-01 5.151515e-01 -7.940463e-01 -7.936453e-01 4.009992e-04
2.121212e-01 5.151515e-01 -7.860660e-01 -7.856323e-01 4.337123e-04
2.222222e-01 5.151515e-01 -7.781659e-01 -7.776120e-01 5.539004e-04
2.323232e-01 5.151515e-01 -7.703452e-01 -7.698671e-01 4.781124e-04
2.424242e-01 5.151515e-01 -7.626031e-01 -7.621444e-01 4.586315e-04
2.525253e-01 5.151515e-01 -7.549388e-01 -7.544805e-01 4.583091e-04
2.626263e-01 5.151515e-01 -7.473515e-01 -7.467779e-01 5.736378e-04
2.727273e-01 5.151515e-01 -7.398405e-01 -7.392262e-01 6.143007e-04
2.828283e-01 5.151515e-01 -7.324050e-01 -7.318834e-01 5.215959e-04
2.929293e-01 5.151515e-01 -7.250442e-01 -7.243481e-01 6.961423e-04
3.030303e-01 5.151515e-01 -7.177574e-01 -7.171298e-01 6.275691e-04
3.131313e-01 5.151515e-01 -7.105438e-01 -7.098252e-01 7.186564e-04
3.232323e-01 5.151515e-01 -7.034027e-01 -7.026919e-01 7.108184e-04
3.333333e-01 5.151515e-01 -6.963334e-01 -6.956481e-01 6.853425e-04
3.434343e-01 5.151515e-01 -6.893352e-01 -6.885593e-01 7.758563e-04
3.535354e-01 5.151515e-01 -6.824072e-01 -6.817697e-01 6.374886e-04
3.636364e-01 5.151515e-01 -6.755489e-01 -6.747795e-01 7.693769e-04
3.737374e-01 5.151515e-01 -6.687595e-01 -6.680406e-01 7.188992e-04
3.838384e-01 5.151515e-01 -6.620384e-01 -6.613542e-01 6.842038e-04
3.939394e-01 5.151515e-01 -6.553848e-01 -6.546706e-01 7.141960e-04
4.040404e-01 5.151515e-01 -6.487981e-01 -6.483653e-01 4.328068e-04
4.141414e-01 5.151515e-01 -6.422775e-01 -6.416403e-01 6.372320e-04
4.242424e-01 5.151515e-01 -6.358225e-01 -6.353592e-01 4.633735e-04
4.343434e-01 5.151515e-01 -6.294324e-01 -6.289183e-01 5.141292e-04
4.444444e-01 5.151515e-01 -6.231065e-01 -6.225102e-01 5.963241e-04
4.545455e-01 5.151515e-01 -6.168442e-01 -6.164538e-01 3.904279e-04
4.646465e-01 5.151515e-01 -6.106448e-01 -6.101428e-01 5.019810e-04
4.747475e-01 5.151515e-01 -6.045077e-01 -6.039943e-01 5.134759e-04
4.848485e-01 5.151515e-01 -5.984323e-01 -5.981029e-01 3.293959e-04
4.949495e-01 5.151515e-01 -5.924180e-01 -5.920247e-01 3.932948e-04
5.050505e-01 5.151515e-01 -5.864641e-01 -5.860399e-01 4.241788e-04
5.151515e-01 5.151515e-01 -5.805700e-01 -5.801400e-01 4.300235e-04
5.252525e-01 5.151515e-01 -5.747352e-01 -5.742859e-01 4.493281e-04
5.353535e-01 5.151515e-01 -5.689590e-01 -5.684696e-01 4.893651e-04
5.454545e-01 5.151515e-01 -5.632409e-01 -5.627750e-01 4.658602e-04
5.555556e-01 5.151515e-01 -5.575802e-01 -5.571417e-01 4.385500e-04
5.656566e-01 5.151515e-01 -5.519764e-01 -5.515596e-01 4.168704e-04
5.757576e-01 5.151515e-01 -5.464290e-01 -5.459782e-01 4.507944e-04
5.858586e-01 5.151515e-01 -5.409373e-01 -5.405139e-01 4.234077e-04
5.959596e-01 5.151515e-01 -5.355008e-01 -5.351839e-01 3.168646e-04
6.060606e-01 5.151515e-01 -5.301189e-01 -5.296581e-01 4.608202e-04
6.161616e-01 5.151515e-01 -5.247911e-01 -5.244416e-01 3.495165e-04
6.262626e-01 5.151515e-01 -5.195169e-01 -5.190169e-01 5.000165e-04
6.363636e-01 5.151515e-01 -5.142956e-01 -5.138820e-01 4.136064e-04
6.464646e-01 5.151515e-01 -5.091269e-01 -5.086313e-01 4.955420e-04
6.565657e-01 5.151515e-01 -5.040101e-01 -5.035682e-01 4.419083e-04
6.666667e-01 5.151515e-01 -4.989447e-01 -4.985564e-01 3.883201e-04
6.767677e-01 5.151515e-01 -4.939302e-01 -4.934870e-01 4.432181e-04
6.868687e-01 5.151515e-01 -4.889661e-01 -4.886010e-01 3.651684e-04
6.969697e-01 5.151515e-01 -4.840519e-01 -4.836477e-01 4.042426e-04
7.070707e-01 5.151515e-01 -4.791871e-01 -4.786526e-01 5.345477e-04
7.171717e-01 5.151515e-01 -4.743712e-01 -4.737144e-01 6.568821e-04
7.272727e-01 5.151515e-01 -4.696037e-01 -4.690982e-01 5.055137e-04
7.373737e-01 5.151515e-01 -4.648841e-01 -4.644276e-01 4.565381e-04
7.474747e-01 5.151515e-01 -4.602120e-01 -4.596249e-01 5.870792e-04
7.575758e-01 5.151515e-01 -4.555868e-01 -4.550319e-01 5.548872e-04
7.676768e-01 5.151515e-01 -4.510080e-01 -4.504129e-01 5.951669e-04
7.777778e-01 5.151515e-01 -4.464753e-01 -4.458739e-01 6.014740e-04
7.878788e-01 5.151515e-01 -4.419882e-01 -4.413297e-01 6.584617e-04
7.979798e-01 5.151515e-01 -4.375461e-01 -4.369133e-01 6.328727e-04
8.080808e-01 5.151515e-01 -4.331487e-01 -4.323571e-01 7.916405e-04
8.181818e-01 5.151515e-01 -4.287955e-01 -4.281198e-01 6.757181e-04
8.282828e-01 5.151515e-01 -4.244860e-01 -4.238166e-01 6.694690e-04
8.383838e-01 5.151515e-01 -4.202199e-01 -4.195791e-01 6.407273e-04
8.484848e-01 5.151515e-01 -4.159966e-01 -4.152497e-01 7.468906e-04
8.585859e-01 5.151515e-01 -4.118158e-01 -4.110988e-01 7.169232e-04
8.686869e-01 5.151515e-01 -4.076769e-01 -4.071556e-01 5.213112e-04
8.787879e-01 5.151515e-01 -4.035797e-01 -4.029270e-01 6.526820e-04
8.888889e-01 5.151515e-01 -3.995237e-01 -3.989309e-01 5.927725e-04
8.989899e-01 5.151515e-01 -3.955084e-01 -3.950788e-01 4.296221e-04
9.090909e-01 5.151515e-01 -3.915335e-01 -3.910466e-01 4.868320e-04
9.191919e-01 5.151515e-01 -3.875985e-01 -3.873173e-01 2.811989e-04
9.292929e-01 5.151515e-01 -3.837031e-01 -3.832189e-01 4.841849e-04
9.393939e-01 5.151515e-01 -3.798468e-01 -3.795360e-01 3.107571e-04
9.494949e-01 5.151515e-01 -3.760293e-01 -3.756500e-01 3.792181e-04
9.595960e-01 5.151515e-01 -3.722501e-01 -3.717674e-01 4.827080e-04
9.696970e-01 5.151515e-01 -3.685089e-01 -3.680449e-01 4.640810e-04
9.797980e-01 5.151515e-01 -3.648054e-01 -3.641748e-01 6.305154e-04
9.898990e-01 5.151515e-01 -3.611390e-01 -3.604087e-01 7.303399e-04
1.000000e+00 5.151515e-01 -3.575095e-01 -3.570184e-01 4.911451e-04
0.000000e+00 5.252525e-01 9.223543e-01 9.224249e-01 7.055874e-05
1.010101e-02 5.252525e-01 9.130845e-01 9.130905e-01 5.987331e-06
2.020202e-02 5.252525e-01 9.039078e-01 9.039428e-01 3.493449e-05
3.030303e-02 5.252525e-01 8.948234e-01 8.946680e-01 1.554223e-04
4.040404e-02 5.252525e-01 8.858303e-01 8.856634e-01 1.668912e-04
5.050505e-02 5.252525e-01 8.769275e-01 8.768393e-01 8.820008e-05
6.060606e-02 5.252525e-01 8.681143e-01 8.679935e-01 1.207983e-04
7.070707e-02 5.252525e-01 8.593896e-01 8.592491e-01 1.405241e-04
8.080808e-02 5.252525e-01 8.507526e-01 8.505856e-01 1.669915e-04
9.090909e-02 5.252525e-01 8.422024e-01 8.420578e-01 1.445425e-04
1.010101e-01 5.252525e-01 8.337381e-01 8.334824e-01 2.556485e-04
1.111111e-01 5.252525e-01 8.253589e-01 8.249696e-01 3.892371e-04
1.212121e-01 5.252525e-01 8.170639e-01 8.167729e-01 2.909546e-04
1.313131e-01 5.252525e-01 8.088523e-01 8.085177e-01 3.345700e-04
1.414141e-01 5.252525e-01 8.007232e-01 8.003989e-01 3.242189e-04
1.515152e-01 5.252525e-01 7.926758e-01 7.922238e-01 4.520123e-04
1.616162e-01 5.252525e-01 7.847092e-01 7.841902e-01 5.190627e-04
1.717172e-01 5.252525e-01 7.768228e-01 7.765611e-01 2.617009e-04
1.818182e-01 5.252525e-01 7.690156e-01 7.685845e-01 4.310348e-04
1.919192e-01 5.252525e-01 7.612868e-01 7.608108e-01 4.760573e-04
2.020202e-01 5.252525e-01 7.536358e-01 7.533951e-01 2.407098e-04
2.121212e-01 5.252525e-01 7.460616e-01 7.457279e-01 3.337287e-04
2.222222e-01 5.252525e-01 7.385636e-01 7.384802e-01 8.343133e-05
2.323232e-01 5.252525e-01 7.311409e-01 7.308954e-01 2.454952e-04
2.424242e-01 5.252525e-01 7.237928e-01 7.235455e-01 2.473160e-04
2.525253e-01 5.252525e-01 7.165186e-01 7.161257e-01 3.928430e-04
2.626263e-01 5.252525e-01 7.093174e-01 7.091414e-01 1.760653e-04
2.727273e-01 5.252525e-01 7.021887e-01 7.020534e-01 1.352531e-04
2.828283e-01 5.252525e-01 6.951316e-01 6.950654e-01 6.618866e-05
2.929293e-01 5.252525e-01 6.881454e-01 6.879551e-01 1.902389e-04
3.030303e-01 5.252525e-01 6.812294e-01 6.810238e-01 2.055684e-04
3.131313e-01 5.252525e-01 6.743829e-01 6.742341e-01 1.488435e-04
3.232323e-01 5.252525e-01 6.676053e-01 6.674134e-01 1.919212e-04
3.333333e-01 5.252525e-01 6.608957e-01 6.605910e-01 3.047249e-04
3.434343e-01 5.252525e-01 6.542536e-01 6.541274e-01 1.262002e-04
3.535354e-01 5.252525e-01 6.476783e-01 6.476267e-01 5.156356e-05
3.636364e-01 5.252525e-01 6.411690e-01 6.411473e-01 2.167188e-05
3.737374e-01 5.252525e-01 6.347251e-01 6.346087e-01 1.163869e-04
3.838384e-01 5.252525e-01 6.283460e-01 6.280724e-01 2.736584e-04
3.939394e-01 5.252525e-01 6.220311e-01 6.217320e-01 2.990607e-04
4.040404e-01 5.252525e-01 6.157795e-01 6.154840e-01 2.955424e-04
4.141414e-01 5.252525e-01 6.095909e-01 6.094067e-01 1.841453e-04
4.242424e-01 5.252525e-01 6.034644e-01 6.031746e-01 2.897387e-04
4.343434e-01 5.252525e-01 5.973994e-01 5.973464e-01 5.308288e-05
4.444444e-01 5.252525e-01 5.913955e-01 5.911193e-01 2.761356e-04
4.545455e-01 5.252525e-01 5.854519e-01 5.851244e-01 3.274882e-04
4.646465e-01 5.252525e-01 5.795680e-01 5.794924e-01 7.558295e-05
4.747475e-01 5.252525e-01 5.737432e-01 5.735843e-01 1.589005e-04
4.848485e-01 5.252525e-01 5.679770e-01 5.679330e-01 4.404054e-05
4.949495e-01 5.252525e-01 5.622687e-01 5.620014e-01 2.673335e-04
5.050505e-01 5.252525e-01 5.566178e-01 5.563416e-01 2.761982e-04
5.151515e-01 5.252525e-01 5.510237e-01 5.508121e-01 2.116788e-04
5.252525e-01 5.252525e-01 5.454859e-01 5.451912e-01 2.946358e-04
5.353535e-01 5.252525e-01 5.400036e-01 5.397000e-01 3.036093e-04
5.454545e-01 5.252525e-01 5.345765e-01 5.344781e-01 9.838625e-05
5.555556e-01 5.252525e-01 5.292039e-01 5.291445e-01 5.940585e-05
5.656566e-01 5.252525e-01 5.238853e-01 5.237650e-01 1.203760e-04
5.757576e-01 5.252525e-01 5.186202e-01 5.185025e-01 1.177353e-04
5.858586e-01 5.252525e-01 5.134080e-01 5.132095e-01 1.985276e-04
5.959596e-01 5.252525e-01 5.082482e-01 5.081430e-01 1.051464e-04
6.060606e-01 5.252525e-01 5.031402e-01 5.030457e-01 9.443796e-05
6.161616e-01 5.252525e-01 4.980835e-01 4.981552e-01 7.167314e-05
6.262626e-01 5.252525e-01 4.930777e-01 4.930665e-01 1.119149e-05
6.363636e-01 5.252525e-01 4.881222e-01 4.880117e-01 1.104802e-04
6.464646e-01 5.252525e-01 4.832165e-01 4.832460e-01 2.948002e-05
6.565657e-01 5.252525e-01 4.783601e-01 4.783752e-01 1.508390e-05
6.666667e-01 5.252525e-01 4.735525e-01 4.733285e-01 2.240132e-04
6.767677e-01 5.252525e-01 4.687932e-01 4.688501e-01 5.687298e-05
6.868687e-01 5.252525e-01 4.640818e-01 4.641063e-01 2.450813e-05
6.969697e-01 5.252525e-01 4.594177e-01 4.594341e-01 1.643722e-05
7.070707e-01 5.252525e-01 4.548004e-01 4.547756e-01 2.485920e-05
7.171717e-01 5.252525e-01 4.502296e-01 4.504156e-01 1.860002e-04
7.272727e-01 5.252525e-01 4.457047e-01 4.457371e-01 3.239483e-05
7.373737e-01 5.252525e-01 4.412253e-01 4.413136e-01 8.824274e-05
7.474747e-01 5.252525e-01 4.367909e-01 4.369248e-01 1.338214e-04
7.575758e-01 5.252525e-01 4.324011e-01 4.323612e-01 3.986755e-05
7.676768e-01 5.252525e-01 4.280554e-01 4.281388e-01 8.338287e-05
7.777778e-01 5.252525e-01 4.237534e-01 4.233198e-01 4.336246e-04
7.878788e-01 5.252525e-01 4.194946e-01 4.193625e-01 1.321341e-04
7.979798e-01 5.252525e-01 4.152786e-01 4.149896e-01 2.890385e-04
8.080808e-01 5.252525e-01 4.111050e-01 4.110386e-01 6.637302e-05
8.181818e-01 5.252525e-01 4.069733e-01 4.067560e-01 2.173232e-04
8.282828e-01 5.252525e-01 4.028832e-01 4.027433e-01 1.398777e-04
8.383838e-01 5.252525e-01 3.988341e-01 3.985249e-01 3.092047e-04
8.484848e-01 5.252525e-01 3.948258e-01 3.945746e-01 2.511832e-04
8.585859e-01 5.252525e-01 3.908577e-01 3.905589e-01 2.987729e-04
8.686869e-01 5.252525e-01 3.869295e-01 3.864835e-01 4.460556e-04
8.787879e-01 5.252525e-01 3.830408e-01 3.827433e-01 2.975113e-04
8.888889e-01 5.252525e-01 3.791912e-01 3.787476e-01 4.436041e-04
8.989899e-01 5.252525e-01 3.753803e-01 3.749925e-01 3.877920e-04
9.090909e-01 5.252525e-01 3.716076e-01 3.712929e-01 3.147588e-04
9.191919e-01 5.252525e-01 3.678729e-01 3.675510e-01 3.218711e-04
9.292929e-01 5.252525e-01 3.641757e-01 3.639393e-01 2.364307e-04
9.393939e-01 5.252525e-01 3.605157e-01 3.603064e-01 2.092477e-04
9.494949e-01 5.252525e-01 3.568924e-01 3.568510e-01 4.143538e-05
9.595960e-01 5.252525e-01 3.533056e-01 3.532200e-01 8.563251e-05
9.696970e-01 5.252525e-01 3.497548e-01 3.497285e-01 2.637319e-05
9.797980e-01 5.252525e-01 3.462397e-01 3.460281e-01 2.116545e-04
9.898990e-01 5.252525e-01 3.427600e-01 3.425040e-01 2.560121e-04
1.000000e+00 5.252525e-01 3.393152e-01 3.386906e-01 6.245735e-04
0.000000e+00 5.353535e-01 -8.497254e-01 -8.497491e-01 2.365834e-05
1.010101e-02 5.353535e-01 -8.411855e-01 -8.411437e-01 4.182082e-05
2.020202e-02 5.353535e-01 -8.327315e-01 -8.326954e-01 3.612858e-05
3.030303e-02 5.353535e-01 -8.243624e-01 -8.243990e-01 3.659085e-05
4.040404e-02 5.353535e-01 -8.160774e-01 -8.160399e-01 3.750455e-05
5.050505e-02 5.353535e-01 -8.078757e-01 -8.077651e-01 1.105844e-04
6.060606e-02 5.353535e-01 -7.997564e-01 -7.998108e-01 5.434174e-05
7.070707e-02 5.353535e-01 -7.917187e-01 -7.917482e-01 2.942567e-05
8.080808e-02 5.353535e-01 -7.837618e-01 -7.839062e-01 1.443859e-04
9.090909e-02 5.353535e-01 -7.758849e-01 -7.759082e-01 2.333301e-05
1.010101e-01 5.353535e-01 -7.680871e-01 -7.682742e-01 1.870615e-04
1.111111e-01 5.353535e-01 -7.603677e-01 -7.605655e-01 1.977961e-04
1.212121e-01 5.353535e-01 -7.527259e-01 -7.528111e-01 8.517306e-05
1.313131e-01 5.353535e-01 -7.451609e-01 -7.453490e-01 1.881688e-04
1.414141e-01 5.353535e-01 -7.376719e-01 -7.378875e-01 2.156117e-04
1.515152e-01 5.353535e-01 -7.302582e-01 -7.304238e-01 1.656432e-04
1.616162e-01 5.353535e-01 -7.229189e-01 -7.230654e-01 1.464273e-04
1.717172e-01 5.353535e-01 -7.156535e-01 -7.156175e-01 3.595586e-05
1.818182e-01 5.353535e-01 -7.084611e-01 -7.085742e-01 1.131191e-04
1.919192e-01 5.353535e-01 -7.013409e-01 -7.015136e-01 1.727426e-04
2.020202e-01 5.353535e-01 -6.942923e-01 -6.943009e-01 8.577263e-06
2.121212e-01 5.353535e-01 -6.873146e-01 -6.874024e-01 8.780804e-05
2.222222e-01 5.353535e-01 -6.804069e-01 -6.802624e-01 1.444876e-04
2.323232e-01 5.353535e-01 -6.735687e-01 -6.736697e-01 1.009647e-04
2.424242e-01 5.353535e-01 -6.667993e-01 -6.669512e-01 1.519260e-04
2.525253e-01 5.353535e-01 -6.600978e-01 -6.601684e-01 7.059923e-05
2.626263e-01 5.353535e-01 -6.534637e-01 -6.535461e-01 8.237750e-05
2.727273e-01 5.353535e-01 -6.468963e-01 -6.469775e-01 8.124542e-05
2.828283e-01 5.353535e-01 -6.403949e-01 -6.405004e-01 1.055432e-04
2.929293e-01 5.353535e-01 -6.339588e-01 -6.340036e-01 4.483118e-05
3.030303e-01 5.353535e-01 -6.275874e-01 -6.277879e-01 2.005310e-04
3.131313e-01 5.353535e-01 -6.212801e-01 -6.213195e-01 3.947362e-05
3.232323e-01 5.353535e-01 -6.150361e-01 -6.152298e-01 1.937541e-04
3.333333e-01 5.353535e-01 -6.088549e-01 -6.089996e-01 1.447340e-04
3.434343e-01 5.353535e-01 -6.027358e-01 -6.027756e-01 3.979050e-05
3.535354e-01 5.353535e-01 -5.966782e-01 -5.968512e-01 1.730413e-04
3.636364e-01 5.353535e-01 -5.906815e-01 -5.907661e-01 8.459884e-05
3.737374e-01 5.353535e-01 -5.847450e-01 -5.849243e-01 1.793138e-04
3.838384e-01 5.353535e-01 -5.788682e-01 -5.791564e-01 2.881571e-04
3.939394e-01 5.353535e-01 -5.730505e-01 -5.733278e-01 2.772601e-04
4.040404e-01 5.353535e-01 -5.672913e-01 -5.675886e-01 2.973011e-04
4.141414e-01 5.353535e-01 -5.615899e-01 -5.615824e-01 7.449045e-06
4.242424e-01 5.353535e-01 -5.559458e-01 -5.563339e-01 3.880762e-04
4.343434e-01 5.353535e-01 -5.503585e-01 -5.504063e-01 4.786138e-05
4.444444e-01 5.353535e-01 -5.448273e-01 -5.451390e-01 3.116739e-04
4.545455e-01 5.353535e-01 -5.393517e-01 -5.397040e-01 3.522887e-04
4.646465e-01 5.353535e-01 -5.339311e-01 -5.341727e-01 2.415517e-04
4.747475e-01 5.353535e-01 -5.285650e-01 -5.288817e-01 3.166629e-04
4.848485e-01 5.353535e-01 -5.232528e-01 -5.235786e-01 3.258038e-04
4.949495e-01 5.353535e-01 -5.179941e-01 -5.183398e-01 3.456912e-04
5.050505e-01 5.353535e-01 -5.127881e-01 -5.131742e-01 3.860407e-04
5.151515e-01 5.353535e-01 -5.076345e-01 -5.078843e-01 2.497345e-04
5.252525e-01 5.353535e-01 -5.025327e-01 -5.029086e-01 3.758694e-04
5.353535e-01 5.353535e-01 -4.974822e-01 -4.977866e-01 3.044604e-04
5.454545e-01 5.353535e-01 -4.924824e-01 -4.926456e-01 1.632192e-04
5.555556e-01 5.353535e-01 -4.875329e-01 -4.876076e-01 7.472618e-05
5.656566e-01 5.353535e-01 -4.826331e-01 -4.828396e-01 2.064986e-04
5.757576e-01 5.353535e-01 -4.777825e-01 -4.780895e-01 3.069088e-04
5.858586e-01 5.353535e-01 -4.729807e-01 -4.731702e-01 1.894123e-04
5.959596e-01 5.353535e-01 -4.682272e-01 -4.683895e-01 1.622973e-04
6.060606e-01 5.353535e-01 -4.635215e-01 -4.637266e-01 2.051872e-04
6.161616e-01 5.353535e-01 -4.588630e-01 -4.588746e-01 1.159839e-05
6.262626e-01 5.353535e-01 -4.542513e-01 -4.543129e-01 6.158499e-05
6.363636e-01 5.353535e-01 -4.496860e-01 -4.499271e-01 2.410575e-04
6.464646e-01 5.353535e-01 -4.451666e-01 -4.453571e-01 1.904695e-04
6.565657e-01 5.353535e-01 -4.406926e-01 -4.407768e-01 8.420869e-05
6.666667e-01 5.353535e-01 -4.362636e-01 -4.366754e-01 4.118471e-04
6.767677e-01 5.353535e-01 -4.318791e-01 -4.321568e-01 2.777405e-04
6.868687e-01 5.353535e-01 -4.275386e-01 -4.277290e-01 1.904062e-04
6.969697e-01 5.353535e-01 -4.232418e-01 -4.233904e-01 1.486182e-04
7.070707e-01 5.353535e-01 -4.189881e-01 -4.193124e-01 3.242378e-04
7.171717e-01 5.353535e-01 -4.147772e-01 -4.147205e-01 5.668461e-05
7.272727e-01 5.353535e-01 -4.106086e-01 -4.107289e-01 1.202916e-04
7.373737e-01 5.353535e-01 -4.064820e-01 -4.067112e-01 2.292660e-04
7.474747e-01 5.353535e-01 -4.023967e-01 -4.023527e-01 4.405288e-05
7.575758e-01 5.353535e-01 -3.983526e-01 -3.984259e-01 7.334729e-05
7.676768e-01 5.353535e-01 -3.943491e-01 -3.943113e-01 3.777080e-05
7.777778e-01 5.353535e-01 -3.903858e-01 -3.907864e-01 4.006035e-04
7.878788e-01 5.353535e-01 -3.864624e-01 -3.865229e-01 6.052552e-05
7.979798e-01 5.353535e-01 -3.825784e-01 -3.827720e-01 1.936162e-04
8.080808e-01 5.353535e-01 -3.787334e-01 -3.784944e-01 2.389947e-04
8.181818e-01 5.353535e-01 -3.749270e-01 -3.748019e-01 1.251690e-04
8.282828e-01 5.353535e-01 -3.711590e-01 -3.710971e-01 6.187621e-05
8.383838e-01 5.353535e-01 -3.674288e-01 -3.673164e-01 1.123895e-04
8.484848e-01 5.353535e-01 -3.637360e-01 -3.636049e-01 1.311315e-04
8.585859e-01 5.353535e-01 -3.600804e-01 -3.598316e-01 2.488555e-04
8.686869e-01 5.353535e-01 -3.564616e-01 -3.564018e-01 5.975785e-05
8.787879e-01 5.353535e-01 -3.528791e-01 -3.527962e-01 8.286410e-05
8.888889e-01 5.353535e-01 -3.493326e-01 -3.492073e-01 1.252857e-04
8.989899e-01 5.353535e-01 -3.458217e-01 -3.457175e-01 1.041681e-04
9.090909e-01 5.353535e-01 -3.423462e-01 -3.421463e-01 1.998743e-04
9.191919e-01 5.353535e-01 -3.389055e-01 -3.389461e-01 4.058810e-05
9.292929e-01 5.353535e-01 -3.354995e-01 -3.354709e-01 2.854434e-05
9.393939e-01 5.353535e-01 -3.321276e-01 -3.320656e-01 6.205157e-05
9.494949e-01 5.353535e-01 -3.287897e-01 -3.285519e-01 2.378074e-04
9.595960e-01 5.353535e-01 -3.254853e-01 -3.252945e-01 1.908102e-04
9.696970e-01 5.353535e-01 -3.222141e-01 -3.219444e-01 2.697674e-04
9.797980e-01 5.353535e-01 -3.189758e-01 -3.187146e-01 2.611992e-04
9.898990e-01 5.353535e-01 -3.157701e-01 -3.155054e-01 2.646725e-04
1.000000e+00 5.353535e-01 -3.125965e-01 -3.124950e-01 1.015231e-04
0.000000e+00 5.454545e-01 7.557496e-01 7.565200e-01 7.704585e-04
1.010101e-02 5.454545e-01 7.481542e-01 7.488921e-01 7.379034e-04
2.020202e-02 5.454545e-01 7.406351e-01 7.414378e-01 8.027010e-04
3.030303e-02 5.454545e-01 7.331916e-01 7.339336e-01 7.419820e-04
4.040404e-02 5.454545e-01 7.258229e-01 7.265124e-01 6.895434e-04
5.050505e-02 5.454545e-01 7.185282e-01 7.192610e-01 7.327426e-04
6.060606e-02 5.454545e-01 7.113069e-01 7.120557e-01 7.487635e-04
7.070707e-02 5.454545e-01 7.041582e-01 7.048488e-01 6.905995e-04
8.080808e-02 5.454545e-01 6.970813e-01 6.978083e-01 7.270651e-04
9.090909e-02 5.454545e-01 6.900755e-01 6.907348e-01 6.593260e-04
1.010101e-01 5.454545e-01 6.831401e-01 6.838039e-01 6.637520e-04
1.111111e-01 5.454545e-01 6.762744e-01 6.769008e-01 6.263712e-04
1.212121e-01 5.454545e-01 6.694778e-01 6.700844e-01 6.066545e-04
1.313131e-01 5.454545e-01 6.627494e-01 6.633142e-01 5.648238e-04
1.414141e-01 5.454545e-01 6.560887e-01 6.566965e-01 6.078405e-04
1.515152e-01 5.454545e-01 6.494949e-01 6.499621e-01 4.672098e-04
1.616162e-01 5.454545e-01 6.429673e-01 6.433402e-01 3.728439e-04
1.717172e-01 5.454545e-01 6.365054e-01 6.370344e-01 5.290182e-04
1.818182e-01 5.454545e-01 6.301084e-01 6.305249e-01 4.164608e-04
1.919192e-01 5.454545e-01 6.237757e-01 6.241126e-01 3.368874e-04
2.020202e-01 5.454545e-01 6.175067e-01 6.179165e-01 4.098554e-04
2.121212e-01 5.454545e-01 6.113006e-01 6.117210e-01 4.204145e-04
2.222222e-01 5.454545e-01 6.051570e-01 6.056908e-01 5.338259e-04
2.323232e-01 5.454545e-01 5.990750e-01 5.995790e-01 5.040128e-04
2.424242e-01 5.454545e-01 5.930542e-01 5.934780e-01 4.238041e-04
2.525253e-01 5.454545e-01 5.870939e-01 5.874630e-01 3.690949e-04
2.626263e-01 5.454545e-01 5.811935e-01 5.816160e-01 4.224496e-04
2.727273e-01 5.454545e-01 5.753524e-01 5.758272e-01 4.747381e-04
2.828283e-01 5.454545e-01 5.695701e-01 5.700904e-01 5.203576e-04
2.929293e-01 5.454545e-01 5.638458e-01 5.643153e-01 4.695373e-04
3.030303e-01 5.454545e-01 5.581790e-01 5.586348e-01 4.557201e-04
3.131313e-01 5.454545e-01 5.525692e-01 5.531021e-01 5.328898e-04
3.232323e-01 5.454545e-01 5.470158e-01 5.475576e-01 5.417594e-04
3.333333e-01 5.454545e-01 5.415182e-01 5.420094e-01 4.911207e-04
3.434343e-01 5.454545e-01 5.360759e-01 5.366880e-01 6.121450e-04
3.535354e-01 5.454545e-01 5.306882e-01 5.313623e-01 6.740622e-04
3.636364e-01 5.454545e-01 5.253547e-01 5.259884e-01 6.336720e-04
3.737374e-01 5.454545e-01 5.200748e-01 5.207140e-01 6.391593e-04
3.838384e-01 5.454545e-01 5.148480e-01 5.154744e-01 6.263919e-04
3.939394e-01 5.454545e-01 5.096737e-01 5.102754e-01 6.016846e-04
4.040404e-01 5.454545e-01 5.045514e-01 5.051252e-01 5.737908e-04
4.141414e-01 5.454545e-01 4.994805e-01 5.001382e-01 6.576146e-04
4.242424e-01 5.454545e-01 4.944607e-01 4.951093e-01 6.486333e-04
4.343434e-01 5.454545e-01 4.894913e-01 4.902509e-01 7.596112e-04
4.444444e-01 5.454545e-01 4.845718e-01 4.852739e-01 7.020622e-04
4.545455e-01 5.454545e-01 4.797018e-01 4.804143e-01 7.125525e-04
4.646465e-01 5.454545e-01 4.748807e-01 4.756030e-01 7.223184e-04
4.747475e-01 5.454545e-01 4.701081e-01 4.708463e-01 7.382295e-04
4.848485e-01 5.454545e-01 4.653834e-01 4.662057e-01 8.222847e-04
4.949495e-01 5.454545e-01 4.607062e-01 4.614232e-01 7.169971e-04
5.050505e-01 5.454545e-01 4.560760e-01 4.568250e-01 7.489709e-04
5.151515e-01 5.454545e-01 4.514924e-01 4.522341e-01 7.416824e-04
5.252525e-01 5.454545e-01 4.469548e-01 4.476593e-01 7.044805e-04
5.353535e-01 5.454545e-01 4.424629e-01 4.431373e-01 6.743955e-04
5.454545e-01 5.454545e-01 4.380160e-01 4.388905e-01 8.744793e-04
5.555556e-01 5.454545e-01 4.336139e-01 4.344969e-01 8.830357e-04
5.656566e-01 5.454545e-01 4.292560e-01 4.300936e-01 8.376344e-04
5.757576e-01 5.454545e-01 4.249419e-01 4.257537e-01 8.117356e-04
5.858586e-01 5.454545e-01 4.206712e-01 4.213852e-01 7.139885e-04
5.959596e-01 5.454545e-01 4.164434e-01 4.173233e-01 8.799261e-04
6.060606e-01 5.454545e-01 4.122580e-01 4.131796e-01 9.215660e-04
6.161616e-01 5.454545e-01 4.081148e-01 4.090737e-01 9.588725e-04
6.262626e-01 5.454545e-01 4.040132e-01 4.049325e-01 9.193420e-04
6.363636e-01 5.454545e-01 3.999528e-01 4.007691e-01 8.162973e-04
6.464646e-01 5.454545e-01 3.959332e-01 3.969460e-01 1.012877e-03
6.565657e-01 5.454545e-01 3.919540e-01 3.928643e-01 9.103748e-04
6.666667e-01 5.454545e-01 3.880148e-01 3.888296e-01 8.147899e-04
6.767677e-01 5.454545e-01 3.841152e-01 3.850828e-01 9.676251e-04
6.868687e-01 5.454545e-01 3.802547e-01 3.812293e-01 9.745464e-04
6.969697e-01 5.454545e-01 3.764331e-01 3.773437e-01 9.106025e-04
7.070707e-01 5.454545e-01 3.726499e-01 3.735974e-01 9.474871e-04
7.171717e-01 5.454545e-01 3.689047e-01 3.700033e-01 1.098550e-03
7.272727e-01 5.454545e-01 3.651971e-01 3.662339e-01 1.036795e-03
7.373737e-01 5.454545e-01 3.615269e-01 3.626810e-01 1.154114e-03
7.474747e-01 5.454545e-01 3.578935e-01 3.589647e-01 1.071289e-03
7.575758e-01 5.454545e-01 3.542966e-01 3.552234e-01 9.267940e-04
7.676768e-01 5.454545e-01 3.507358e-01 3.519370e-01 1.201172e-03
7.777778e-01 5.454545e-01 3.472109e-01 3.480820e-01 8.711350e-04
7.878788e-01 5.454545e-01 3.437213e-01 3.447626e-01 1.041220e-03
7.979798e-01 5.454545e-01 3.402669e-01 3.412612e-01 9.943207e-04
8.080808e-01 5.454545e-01 3.368471e-01 3.378183e-01 9.711164e-04
8.181818e-01 5.454545e-01 3.334618e-01 3.345429e-01 1.081092e-03
8.282828e-01 5.454545e-01 3.301104e-01 3.312400e-01 1.129596e-03
8.383838e-01 5.454545e-01 3.267928e-01 3.277311e-01 9.383648e-04
8.484848e-01 5.454545e-01 3.235084e-01 3.244176e-01 9.091450e-04
8.585859e-01 5.454545e-01 3.202571e-01 3.211873e-01 9.301552e-04
8.686869e-01 5.454545e-01 3.170385e-01 3.178730e-01 8.344763e-04
8.787879e-01 5.454545e-01 3.138522e-01 3.147734e-01 9.212350e-04
8.888889e-01 5.454545e-01 3.106979e-01 3.115477e-01 8.497580e-04
8.989899e-01 5.454545e-01 3.075754e-01 3.083462e-01 7.708095e-04
9.090909e-01 5.454545e-01 3.044842e-01 3.052585e-01 7.742639e-04
9.191919e-01 5.454545e-01 3.014241e-01 3.021779e-01 7.538635e-04
9.292929e-01 5.454545e-01 2.983947e-01 2.991487e-01 7.540281e-04
9.393939e-01 5.454545e-01 2.953958e-01 2.961384e-01 7.426120e-04
9.494949e-01 5.454545e-01 2.924270e-01 2.931560e-01 7.289512e-04
9.595960e-01 5.454545e-01 2.894881e-01 2.902282e-01 7.401708e-04
9.696970e-01 5.454545e-01 2.865787e-01 2.873729e-01 7.942732e-04
9.797980e-01 5.454545e-01 2.836985e-01 2.844533e-01 7.548222e-04
9.898990e-01 5.454545e-01 2.808473e-01 2.814943e-01 6.470264e-04
1.000000e+00 5.454545e-01 2.780247e-01 2.784405e-01 4.158040e-04
0.000000e+00 5.555556e-01 -6.427876e-01 -6.418366e-01 9.509665e-04
1.010101e-02 5.555556e-01 -6.363275e-01 -6.353407e-01 9.867967e-04
2.020202e-02 5.555556e-01 -6.299323e-01 -6.290439e-01 8.883536e-04
3.030303e-02 5.555556e-01 -6.236014e-01 -6.227906e-01 8.107911e-04
4.040404e-02 5.555556e-01 -6.173341e-01 -6.166024e-01 7.316479e-04
5.050505e-02 5.555556e-01 -6.111298e-01 -6.104805e-01 6.492117e-04
6.060606e-02 5.555556e-01 -6.049878e-01 -6.045331e-01 4.547267e-04
7.070707e-02 5.555556e-01 -5.989076e-01 -5.984181e-01 4.894585e-04
8.080808e-02 5.555556e-01 -5.928885e-01 -5.924813e-01 4.071988e-04
9.090909e-02 5.555556e-01 -5.869298e-01 -5.864500e-01 4.798461e-04
1.010101e-01 5.555556e-01 -5.810311e-01 -5.806013e-01 4.297499e-04
1.111111e-01 5.555556e-01 -5.751916e-01 -5.748059e-01 3.857698e-04
1.212121e-01 5.555556e-01 -5.694109e-01 -5.689386e-01 4.722411e-04
1.313131e-01 5.555556e-01 -5.636882e-01 -5.631403e-01 5.479072e-04
1.414141e-01 5.555556e-01 -5.580230e-01 -5.575826e-01 4.404036e-04
1.515152e-01 5.555556e-01 -5.524148e-01 -5.518075e-01 6.072735e-04
1.616162e-01 5.555556e-01 -5.468629e-01 -5.462183e-01 6.446597e-04
1.717172e-01 5.555556e-01 -5.413669e-01 -5.406656e-01 7.012458e-04
1.818182e-01 5.555556e-01 -5.359260e-01 -5.353173e-01 6.087435e-04
1.919192e-01 5.555556e-01 -5.305399e-01 -5.298631e-01 6.767803e-04
2.020202e-01 5.555556e-01 -5.252079e-01 -5.245135e-01 6.944022e-04
2.121212e-01 5.555556e-01 -5.199295e-01 -5.192759e-01 6.535550e-04
2.222222e-01 5.555556e-01 -5.147041e-01 -5.139540e-01 7.500378e-04
2.323232e-01 5.555556e-01 -5.095312e-01 -5.088705e-01 6.607372e-04
2.424242e-01 5.555556e-01 -5.044103e-01 -5.038606e-01 5.497533e-04
2.525253e-01 5.555556e-01 -4.993409e-01 -4.987540e-01 5.869138e-04
2.626263e-01 5.555556e-01 -4.943225e-01 -4.937607e-01 5.617739e-04
2.727273e-01 5.555556e-01 -4.893545e-01 -4.888136e-01 5.408171e-04
2.828283e-01 5.555556e-01 -4.844364e-01 -4.838837e-01 5.526237e-04
2.929293e-01 5.555556e-01 -4.795677e-01 -4.790224e-01 5.453125e-04
3.030303e-01 5.555556e-01 -4.747480e-01 -4.742334e-01 5.145723e-04
3.131313e-01 5.555556e-01 -4.699767e-01 -4.693718e-01 6.048696e-04
3.232323e-01 5.555556e-01 -4.652533e-01 -4.646965e-01 5.567951e-04
3.333333e-01 5.555556e-01 -4.605774e-01 -4.600896e-01 4.878841e-04
3.434343e-01 5.555556e-01 -4.559486e-01 -4.553474e-01 6.011497e-04
3.535354e-01 5.555556e-01 -4.513662e-01 -4.508957e-01 4.705425e-04
3.636364e-01 5.555556e-01 -4.468299e-01 -4.462997e-01 5.302320e-04
3.737374e-01 5.555556e-01 -4.423392e-01 -4.418893e-01 4.499033e-04
3.838384e-01 5.555556e-01 -4.378936e-01 -4.374505e-01 4.430788e-04
3.939394e-01 5.555556e-01 -4.334927e-01 -4.330239e-01 4.687738e-04
4.040404e-01 5.555556e-01 -4.291360e-01 -4.286727e-01 4.633583e-04
4.141414e-01 5.555556e-01 -4.248231e-01 -4.244210e-01 4.021884e-04
4.242424e-01 5.555556e-01 -4.205536e-01 -4.202580e-01 2.955528e-04
4.343434e-01 5.555556e-01 -4.163270e-01 -4.159616e-01 3.653413e-04
4.444444e-01 5.555556e-01 -4.121428e-01 -4.118069e-01 3.358682e-04
4.545455e-01 5.555556e-01 -4.080007e-01 -4.077965e-01 2.042034e-04
4.646465e-01 5.555556e-01 -4.039002e-01 -4.035811e-01 3.190882e-04
4.747475e-01 5.555556e-01 -3.998410e-01 -3.996052e-01 2.358111e-04
4.848485e-01 5.555556e-01 -3.958225e-01 -3.956611e-01 1.613823e-04
4.949495e-01 5.555556e-01 -3.918444e-01 -3.917717e-01 7.274190e-05
5.050505e-01 5.555556e-01 -3.879063e-01 -3.877419e-01 1.643912e-04
5.151515e-01 5.555556e-01 -3.840078e-01 -3.838426e-01 1.652041e-04
5.252525e-01 5.555556e-01 -3.801484e-01 -3.801095e-01 3.890088e-05
5.353535e-01 5.555556e-01 -3.763279e-01 -3.763565e-01 2.858816e-05
5.454545e-01 5.555556e-01 -3.725457e-01 -3.725275e-01 1.825632e-05
5.555556e-01 5.555556e-01 -3.688016e-01 -3.686436e-01 1.579484e-04
5.656566e-01 5.555556e-01 -3.650951e-01 -3.650934e-01 1.722169e-06
5.757576e-01 5.555556e-01 -3.614258e-01 -3.614109e-01 1.495016e-05
5.858586e-01 5.555556e-01 -3.577934e-01 -3.577226e-01 7.077694e-05
5.959596e-01 5.555556e-01 -3.541975e-01 -3.542577e-01 6.016917e-05
6.060606e-01 5.555556e-01 -3.506378e-01 -3.506061e-01 3.170569e-05
6.161616e-01 5.555556e-01 -3.471138e-01 -3.470523e-01 6.148575e-05
6.262626e-01 5.555556e-01 -3.436253e-01 -3.435940e-01 3.131484e-05
6.363636e-01 5.555556e-01 -3.401718e-01 -3.402567e-01 8.491218e-05
6.464646e-01 5.555556e-01 -3.367530e-01 -3.368384e-01 8.536873e-05
6.565657e-01 5.555556e-01 -3.333686e-01 -3.334721e-01 1.035604e-04
6.666667e-01 5.555556e-01 -3.300182e-01 -3.302472e-01 2.290011e-04
6.767677e-01 5.555556e-01 -3.267014e-01 -3.268629e-01 1.615059e-04
6.868687e-01 5.555556e-01 -3.234180e-01 -3.235570e-01 1.389975e-04
6.969697e-01 5.555556e-01 -3.201676e-01 -3.203720e-01 2.043686e-04
7.070707e-01 5.555556e-01 -3.169499e-01 -3.170658e-01 1.159560e-04
7.171717e-01 5.555556e-01 -3.137645e-01 -3.137357e-01 2.875657e-05
7.272727e-01 5.555556e-01 -3.106111e-01 -3.107730e-01 1.619201e-04
7.373737e-01 5.555556e-01 -3.074894e-01 -3.078245e-01 3.350907e-04
7.474747e-01 5.555556e-01 -3.043991e-01 -3.045261e-01 1.270085e-04
7.575758e-01 5.555556e-01 -3.013398e-01 -3.014923e-01 1.525127e-04
7.676768e-01 5.555556e-01 -2.983113e-01 -2.984455e-01 1.341577e-04
7.777778e-01 5.555556e-01 -2.953132e-01 -2.955933e-01 2.800345e-04
7.878788e-01 5.555556e-01 -2.923453e-01 -2.924814e-01 1.361422e-04
7.979798e-01 5.555556e-01 -2.894072e-01 -2.895489e-01 1.417123e-04
8.080808e-01 5.555556e-01 -2.864986e-01 -2.865319e-01 3.335371e-05
8.181818e-01 5.555556e-01 -2.836192e-01 -2.839343e-01 3.150820e-04
8.282828e-01 5.555556e-01 -2.807688e-01 -2.810169e-01 2.481529e-04
8.383838e-01 5.555556e-01 -2.779470e-01 -2.781171e-01 1.700407e-04
8.484848e-01 5.555556e-01 -2.751536e-01 -2.753489e-01 1.952956e-04
8.585859e-01 5.555556e-01 -2.723883e-01 -2.725806e-01 1.923569e-04
8.686869e-01 5.555556e-01 -2.696507e-01 -2.698605e-01 2.097867e-04
8.787879e-01 5.555556e-01 -2.669407e-01 -2.671643e-01 2.236648e-04
8.888889e-01 5.555556e-01 -2.642579e-01 -2.643880e-01 1.300787e-04
8.989899e-01 5.555556e-01 -2.616021e-01 -2.618507e-01 2.486638e-04
9.090909e-01 5.555556e-01 -2.589729e-01 -2.590668e-01 9.391340e-05
9.191919e-01 5.555556e-01 -2.563702e-01 -2.566988e-01 3.286608e-04
9.292929e-01 5.555556e-01 -2.537936e-01 -2.538478e-01 5.421446e-05
9.393939e-01 5.555556e-01 -2.512430e-01 -2.514428e-01 1.998947e-04
9.494949e-01 5.555556e-01 -2.487179e-01 -2.487656e-01 4.766638e-05
9.595960e-01 5.555556e-01 -2.462183e-01 -2.462972e-01 7.897528e-05
9.696970e-01 5.555556e-01 -2.437437e-01 -2.438976e-01 1.538268e-04
9.797980e-01 5.555556e-01 -2.412941e-01 -2.412091e-01 8.491611e-05
9.898990e-01 5.555556e-01 -2.388690e-01 -2.389053e-01 3.623102e-05
1.000000e+00 5.555556e-01 -2.364683e-01 -2.367020e-01 2.336187e-04
0.000000e+00 5.656566e-01 5.136774e-01 5.132176e-01 4.598232e-04
1.010101e-02 5.656566e-01 5.085148e-01 5.078800e-01 6.348759e-04
2.020202e-02 5.656566e-01 5.034042e-01 5.028014e-01 6.028309e-04
3.030303e-02 5.656566e-01 4.983449e-01 4.976728e-01 6.720976e-04
4.040404e-02 5.656566e-01 4.933364e-01 4.926886e-01 6.478486e-04
5.050505e-02 5.656566e-01 4.883783e-01 4.877607e-01 6.176089e-04
6.060606e-02 5.656566e-01 4.834700e-01 4.829156e-01 5.544083e-04
7.070707e-02 5.656566e-01 4.786111e-01 4.780172e-01 5.938828e-04
8.080808e-02 5.656566e-01 4.738010e-01 4.732340e-01 5.669749e-04
9.090909e-02 5.656566e-01 4.690392e-01 4.684529e-01 5.863233e-04
1.010101e-01 5.656566e-01 4.643253e-01 4.637803e-01 5.449288e-04
1.111111e-01 5.656566e-01 4.596587e-01 4.590483e-01 6.103954e-04
1.212121e-01 5.656566e-01 4.550391e-01 4.544498e-01 5.892769e-04
1.313131e-01 5.656566e-01 4.504659e-01 4.497891e-01 6.767841e-04
1.414141e-01 5.656566e-01 4.459386e-01 4.452932e-01 6.453567e-04
1.515152e-01 5.656566e-01 4.414568e-01 4.407291e-01 7.277656e-04
1.616162e-01 5.656566e-01 4.370201e-01 4.362313e-01 7.888472e-04
1.717172e-01 5.656566e-01 4.326280e-01 4.319540e-01 6.740409e-04
1.818182e-01 5.656566e-01 4.282800e-01 4.275394e-01 7.406458e-04
1.919192e-01 5.656566e-01 4.239757e-01 4.232554e-01 7.202952e-04
2.020202e-01 5.656566e-01 4.197147e-01 4.190570e-01 6.577005e-04
2.121212e-01 5.656566e-01 4.154965e-01 4.148895e-01 6.069950e-04
2.222222e-01 5.656566e-01 4.113207e-01 4.108407e-01 4.800103e-04
2.323232e-01 5.656566e-01 4.071869e-01 4.066485e-01 5.384020e-04
2.424242e-01 5.656566e-01 4.030946e-01 4.026478e-01 4.467701e-04
2.525253e-01 5.656566e-01 3.990434e-01 3.985907e-01 4.526525e-04
2.626263e-01 5.656566e-01 3.950329e-01 3.946533e-01 3.796531e-04
2.727273e-01 5.656566e-01 3.910628e-01 3.907947e-01 2.681024e-04
2.828283e-01 5.656566e-01 3.871326e-01 3.869085e-01 2.240195e-04
2.929293e-01 5.656566e-01 3.832418e-01 3.830586e-01 1.831967e-04
3.030303e-01 5.656566e-01 3.793902e-01 3.792215e-01 1.686316e-04
3.131313e-01 5.656566e-01 3.755772e-01 3.754767e-01 1.005679e-04
3.232323e-01 5.656566e-01 3.718026e-01 3.716916e-01 1.110579e-04
3.333333e-01 5.656566e-01 3.680659e-01 3.679184e-01 1.475624e-04
3.434343e-01 5.656566e-01 3.643668e-01 3.643210e-01 4.581734e-05
3.535354e-01 5.656566e-01 3.607049e-01 3.607087e-01 3.790177e-06
3.636364e-01 5.656566e-01 3.570797e-01 3.570687e-01 1.106203e-05
3.737374e-01 5.656566e-01 3.534910e-01 3.534016e-01 8.940805e-05
3.838384e-01 5.656566e-01 3.499384e-01 3.498583e-01 8.002236e-05
3.939394e-01 5.656566e-01 3.464214e-01 3.462936e-01 1.277990e-04
4.040404e-01 5.656566e-01 3.429398e-01 3.426332e-01 3.066465e-04
4.141414e-01 5.656566e-01 3.394932e-01 3.393801e-01 1.131763e-04
4.242424e-01 5.656566e-01 3.360813e-01 3.358560e-01 2.252779e-04
4.343434e-01 5.656566e-01 3.327036e-01 3.325584e-01 1.451726e-04
4.444444e-01 5.656566e-01 3.293599e-01 3.291315e-01 2.284152e-04
4.545455e-01 5.656566e-01 3.260497e-01 3.257068e-01 3.429085e-04
4.646465e-01 5.656566e-01 3.227729e-01 3.225327e-01 2.401804e-04
4.747475e-01 5.656566e-01 3.195290e-01 3.192680e-01 2.610142e-04
4.848485e-01 5.656566e-01 3.163177e-01 3.160572e-01 2.604183e-04
4.949495e-01 5.656566e-01 3.131386e-01 3.128079e-01 3.307503e-04
5.050505e-01 5.656566e-01 3.099915e-01 3.096713e-01 3.202305e-04
5.151515e-01 5.656566e-01 3.068760e-01 3.066395e-01 2.365545e-04
5.252525e-01 5.656566e-01 3.037919e-01 3.035271e-01 2.648346e-04
5.353535e-01 5.656566e-01 3.007387e-01 3.005469e-01 1.918482e-04
5.454545e-01 5.656566e-01 2.977163e-01 2.974960e-01 2.202377e-04
5.555556e-01 5.656566e-01 2.947242e-01 2.944918e-01 2.323927e-04
5.656566e-01 5.656566e-01 2.917621e-01 2.915675e-01 1.945996e-04
5.757576e-01 5.656566e-01 2.888299e-01 2.886302e-01 1.996287e-04
5.858586e-01 5.656566e-01 2.859271e-01 2.856709e-01 2.562111e-04
5.959596e-01 5.656566e-01 2.830535e-01 2.829406e-01 1.129063e-04
6.060606e-01 5.656566e-01 2.802087e-01 2.801307e-01 7.805396e-05
6.161616e-01 5.656566e-01 2.773926e-01 2.773406e-01 5.197318e-05
6.262626e-01 5.656566e-01 2.746048e-01 2.746765e-01 7.174949e-05
6.363636e-01 5.656566e-01 2.718449e-01 2.719500e-01 1.050776e-04
6.464646e-01 5.656566e-01 2.691128e-01 2.692684e-01 1.555812e-04
6.565657e-01 5.656566e-01 2.664082e-01 2.665210e-01 1.128233e-04
6.666667e-01 5.656566e-01 2.637308e-01 2.638059e-01 7.515935e-05
6.767677e-01 5.656566e-01 2.610802e-01 2.612792e-01 1.989969e-04
6.868687e-01 5.656566e-01 2.584563e-01 2.586924e-01 2.360252e-04
6.969697e-01 5.656566e-01 2.558588e-01 2.560437e-01 1.848729e-04
7.070707e-01 5.656566e-01 2.532874e-01 2.535086e-01 2.212512e-04
7.171717e-01 5.656566e-01 2.507418e-01 2.510705e-01 3.286736e-04
7.272727e-01 5.656566e-01 2.482218e-01 2.484994e-01 2.776240e-04
7.373737e-01 5.656566e-01 2.457271e-01 2.459798e-01 2.526570e-04
7.474747e-01 5.656566e-01 2.432575e-01 2.435051e-01 2.475303e-04
7.575758e-01 5.656566e-01 2.408128e-01 2.409251e-01 1.123516e-04
7.676768e-01 5.656566e-01 2.383925e-01 2.386279e-01 2.353372e-04
7.777778e-01 5.656566e-01 2.359967e-01 2.360019e-01 5.249867e-06
7.878788e-01 5.656566e-01 2.336249e-01 2.337245e-01 9.965145e-05
7.979798e-01 5.656566e-01 2.312769e-01 2.313294e-01 5.249682e-05
8.080808e-01 5.656566e-01 2.289525e-01 2.289770e-01 2.451104e-05
8.181818e-01 5.656566e-01 2.266515e-01 2.268008e-01 1.492967e-04
8.282828e-01 5.656566e-01 2.243736e-01 2.244827e-01 1.090977e-04
8.383838e-01 5.656566e-01 2.221186e-01 2.220838e-01 3.481827e-05
8.484848e-01 5.656566e-01 2.198863e-01 2.198489e-01 3.742492e-05
8.585859e-01 5.656566e-01 2.176764e-01 2.176610e-01 1.543879e-05
8.686869e-01 5.656566e-01 2.154887e-01 2.153000e-01 1.887245e-04
8.787879e-01 5.656566e-01 2.133230e-01 2.133160e-01 7.057107e-06
8.888889e-01 5.656566e-01 2.111791e-01 2.110293e-01 1.498277e-04
8.989899e-01 5.656566e-01 2.090567e-01 2.088405e-01 2.161551e-04
9.090909e-01 5.656566e-01 2.069556e-01 2.068104e-01 1.452347e-04
9.191919e-01 5.656566e-01 2.048757e-01 2.048420e-01 3.373938e-05
9.292929e-01 5.656566e-01 2.028167e-01 2.027582e-01 5.848281e-05
9.393939e-01 5.656566e-01 2.007783e-01 2.006537e-01 1.246623e-04
9.494949e-01 5.656566e-01 1.987605e-01 1.986986e-01 6.183901e-05
9.595960e-01 5.656566e-01 1.967629e-01 1.966648e-01 9.809284e-05
9.696970e-01 5.656566e-01 1.947854e-01 1.947403e-01 4.510773e-05
9.797980e-01 5.656566e-01 1.928278e-01 1.927338e-01 9.395321e-05
9.898990e-01 5.656566e-01 1.908898e-01 1.907775e-01 1.122860e-04
1.000000e+00 5.656566e-01 1.889714e-01 1.885968e-01 3.745667e-04
0.000000e+00 5.757576e-01 -3.716625e-01 -3.726016e-01 9.391726e-04
1.010101e-02 5.757576e-01 -3.679272e-01 -3.687129e-01 7.857159e-04
2.020202e-02 5.757576e-01 -3.642295e-01 -3.649067e-01 6.772118e-04
3.030303e-02 5.757576e-01 -3.605689e-01 -3.613169e-01 7.480291e-04
4.040404e-02 5.757576e-01 -3.569451e-01 -3.575333e-01 5.882227e-04
5.050505e-02 5.757576e-01 -3.533578e-01 -3.538940e-01 5.362401e-04
6.060606e-02 5.757576e-01 -3.498065e-01 -3.504472e-01 6.407268e-04
7.070707e-02 5.757576e-01 -3.462908e-01 -3.468554e-01 5.645639e-04
8.080808e-02 5.757576e-01 -3.428106e-01 -3.434441e-01 6.335514e-04
9.090909e-02 5.757576e-01 -3.393653e-01 -3.398339e-01 4.686012e-04
1.010101e-01 5.757576e-01 -3.359546e-01 -3.365817e-01 6.271297e-04
1.111111e-01 5.757576e-01 -3.325782e-01 -3.332707e-01 6.924911e-04
1.212121e-01 5.757576e-01 -3.292357e-01 -3.297006e-01 4.648772e-04
1.313131e-01 5.757576e-01 -3.259268e-01 -3.263766e-01 4.497191e-04
1.414141e-01 5.757576e-01 -3.226512e-01 -3.230964e-01 4.451751e-04
1.515152e-01 5.757576e-01 -3.194085e-01 -3.198055e-01 3.969819e-04
1.616162e-01 5.757576e-01 -3.161984e-01 -3.165377e-01 3.393256e-04
1.717172e-01 5.757576e-01 -3.130206e-01 -3.130945e-01 7.393106e-05
1.818182e-01 5.757576e-01 -3.098747e-01 -3.101052e-01 2.305476e-04
1.919192e-01 5.757576e-01 -3.067604e-01 -3.069285e-01 1.681503e-04
2.020202e-01 5.757576e-01 -3.036774e-01 -3.036629e-01 1.447631e-05
2.121212e-01 5.757576e-01 -3.006254e-01 -3.006791e-01 5.372325e-05
2.222222e-01 5.757576e-01 -2.976040e-01 -2.974123e-01 1.917532e-04
2.323232e-01 5.757576e-01 -2.946131e-01 -2.946533e-01 4.023693e-05
2.424242e-01 5.757576e-01 -2.916521e-01 -2.917617e-01 1.095470e-04
2.525253e-01 5.757576e-01 -2.887210e-01 -2.888248e-01 1.037999e-04
2.626263e-01 5.757576e-01 -2.858193e-01 -2.857580e-01 6.128423e-05
2.727273e-01 5.757576e-01 -2.829468e-01 -2.829294e-01 1.741035e-05
2.828283e-01 5.757576e-01 -2.801031e-01 -2.800311e-01 7.196451e-05
2.929293e-01 5.757576e-01 -2.772880e-01 -2.772323e-01 5.573701e-05
3.030303e-01 5.757576e-01 -2.745012e-01 -2.745246e-01 2.333395e-05
3.131313e-01 5.757576e-01 -2.717425e-01 -2.716600e-01 8.242262e-05
3.232323e-01 5.757576e-01 -2.690114e-01 -2.690016e-01 9.792564e-06
3.333333e-01 5.757576e-01 -2.663078e-01 -2.663797e-01 7.186796e-05
3.434343e-01 5.757576e-01 -2.636313e-01 -2.634560e-01 1.753619e-04
3.535354e-01 5.757576e-01 -2.609818e-01 -2.609049e-01 7.690186e-05
3.636364e-01 5.757576e-01 -2.583589e-01 -2.581313e-01 2.275742e-04
3.737374e-01 5.757576e-01 -2.557623e-01 -2.555901e-01 1.722684e-04
3.838384e-01 5.757576e-01 -2.531919e-01 -2.531224e-01 6.944653e-05
3.939394e-01 5.757576e-01 -2.506473e-01 -2.505586e-01 8.866008e-05
4.040404e-01 5.757576e-01 -2.481282e-01 -2.480178e-01 1.104401e-04
4.141414e-01 5.757576e-01 -2.456345e-01 -2.453483e-01 2.861638e-04
4.242424e-01 5.757576e-01 -2.431658e-01 -2.431536e-01 1.225847e-05
4.343434e-01 5.757576e-01 -2.407220e-01 -2.403753e-01 3.466932e-04
4.444444e-01 5.757576e-01 -2.383027e-01 -2.381543e-01 1.483856e-04
4.545455e-01 5.757576e-01 -2.359077e-01 -2.359054e-01 2.287301e-06
4.646465e-01 5.757576e-01 -2.335368e-01 -2.332551e-01 2.816367e-04
4.747475e-01 5.757576e-01 -2.311897e-01 -2.310185e-01 1.711578e-04
4.848485e-01 5.757576e-01 -2.288662e-01 -2.287016e-01 1.646147e-04
4.949495e-01 5.757576e-01 -2.265661e-01 -2.265823e-01 1.628560e-05
5.050505e-01 5.757576e-01 -2.242890e-01 -2.243192e-01 3.018344e-05
5.151515e-01 5.757576e-01 -2.220349e-01 -2.219443e-01 9.062154e-05
5.252525e-01 5.757576e-01 -2.198034e-01 -2.199081e-01 1.046522e-04
5.353535e-01 5.757576e-01 -2.175943e-01 -2.177196e-01 1.252688e-04
5.454545e-01 5.757576e-01 -2.154075e-01 -2.154731e-01 6.556950e-05
5.555556e-01 5.757576e-01 -2.132426e-01 -2.131807e-01 6.194409e-05
5.656566e-01 5.757576e-01 -2.110995e-01 -2.112569e-01 1.574396e-04
5.757576e-01 5.757576e-01 -2.089779e-01 -2.091314e-01 1.534633e-04
5.858586e-01 5.757576e-01 -2.068776e-01 -2.070368e-01 1.591591e-04
5.959596e-01 5.757576e-01 -2.047985e-01 -2.049695e-01 1.710458e-04
6.060606e-01 5.757576e-01 -2.027402e-01 -2.028791e-01 1.389100e-04
6.161616e-01 5.757576e-01 -2.007026e-01 -2.007108e-01 8.125588e-06
6.262626e-01 5.757576e-01 -1.986856e-01 -1.986437e-01 4.180891e-05
6.363636e-01 5.757576e-01 -1.966887e-01 -1.968461e-01 1.573974e-04
6.464646e-01 5.757576e-01 -1.947120e-01 -1.948857e-01 1.736955e-04
6.565657e-01 5.757576e-01 -1.927551e-01 -1.927803e-01 2.522796e-05
6.666667e-01 5.757576e-01 -1.908179e-01 -1.911990e-01 3.811374e-04
6.767677e-01 5.757576e-01 -1.889001e-01 -1.890569e-01 1.567574e-04
6.868687e-01 5.757576e-01 -1.870016e-01 -1.871172e-01 1.155806e-04
6.969697e-01 5.757576e-01 -1.851222e-01 -1.851432e-01 2.093191e-05
7.070707e-01 5.757576e-01 -1.832617e-01 -1.833374e-01 7.565888e-05
7.171717e-01 5.757576e-01 -1.814199e-01 -1.811997e-01 2.202508e-04
7.272727e-01 5.757576e-01 -1.795966e-01 -1.796459e-01 4.927565e-05
7.373737e-01 5.757576e-01 -1.777916e-01 -1.778998e-01 1.081335e-04
7.474747e-01 5.757576e-01 -1.760048e-01 -1.758925e-01 1.122770e-04
7.575758e-01 5.757576e-01 -1.742359e-01 -1.742520e-01 1.610198e-05
7.676768e-01 5.757576e-01 -1.724848e-01 -1.725483e-01 6.346289e-05
7.777778e-01 5.757576e-01 -1.707513e-01 -1.711357e-01 3.843936e-04
7.878788e-01 5.757576e-01 -1.690353e-01 -1.690916e-01 5.633159e-05
7.979798e-01 5.757576e-01 -1.673364e-01 -1.675675e-01 2.310732e-04
8.080808e-01 5.757576e-01 -1.656547e-01 -1.654557e-01 1.989605e-04
8.181818e-01 5.757576e-01 -1.639898e-01 -1.640797e-01 8.986349e-05
8.282828e-01 5.757576e-01 -1.623417e-01 -1.623854e-01 4.372624e-05
8.383838e-01 5.757576e-01 -1.607101e-01 -1.607696e-01 5.946477e-05
8.484848e-01 5.757576e-01 -1.590950e-01 -1.590956e-01 6.913205e-07
8.585859e-01 5.757576e-01 -1.574960e-01 -1.575814e-01 8.542566e-05
8.686869e-01 5.757576e-01 -1.559132e-01 -1.560566e-01 1.434808e-04
8.787879e-01 5.757576e-01 -1.543462e-01 -1.543730e-01 2.678164e-05
8.888889e-01 5.757576e-01 -1.527950e-01 -1.528651e-01 7.004878e-05
8.989899e-01 5.757576e-01 -1.512594e-01 -1.513594e-01 1.000506e-04
9.090909e-01 5.757576e-01 -1.497392e-01 -1.497072e-01 3.200812e-05
9.191919e-01 5.757576e-01 -1.482343e-01 -1.484020e-01 1.676733e-04
9.292929e-01 5.757576e-01 -1.467445e-01 -1.468185e-01 7.393607e-05
9.393939e-01 5.757576e-01 -1.452697e-01 -1.453001e-01 3.043380e-05
9.494949e-01 5.757576e-01 -1.438097e-01 -1.435469e-01 2.627924e-04
9.595960e-01 5.757576e-01 -1.423644e-01 -1.422864e-01 7.805935e-05
9.696970e-01 5.757576e-01 -1.409336e-01 -1.407799e-01 1.537807e-04
9.797980e-01 5.757576e-01 -1.395172e-01 -1.393541e-01 1.631173e-04
9.898990e-01 5.757576e-01 -1.381151e-01 -1.379662e-01 1.488998e-04
1.000000e+00 5.757576e-01 -1.367270e-01 -1.367803e-01 5.328550e-05
0.000000e+00 5.858586e-01 2.203105e-01 2.210540e-01 7.434848e-04
1.010101e-02 5.858586e-01 2.180964e-01 2.187067e-01 6.102921e-04
2.020202e-02 5.858586e-01 2.159045e-01 2.165126e-01 6.080904e-04
3.030303e-02 5.858586e-01 2.137346e-01 2.142527e-01 5.180859e-04
4.040404e-02 5.858586e-01 2.115865e-01 2.120905e-01 5.039658e-04
5.050505e-02 5.858586e-01 2.094600e-01 2.100014e-01 5.413624e-04
6.060606e-02 5.858586e-01 2.073549e-01 2.079051e-01 5.501157e-04
7.070707e-02 5.858586e-01 2.052710e-01 2.058172e-01 5.461762e-04
8.080808e-02 5.858586e-01 2.032080e-01 2.037943e-01 5.863213e-04
9.090909e-02 5.858586e-01 2.011657e-01 2.017750e-01 6.092495e-04
1.010101e-01 5.858586e-01 1.991440e-01 1.997126e-01 5.686776e-04
1.111111e-01 5.858586e-01 1.971425e-01 1.976901e-01 5.476026e-04
1.212121e-01 5.858586e-01 1.951612e-01 1.957480e-01 5.868197e-04
1.313131e-01 5.858586e-01 1.931998e-01 1.937174e-01 5.175516e-04
1.414141e-01 5.858586e-01 1.912581e-01 1.917822e-01 5.241174e-04
1.515152e-01 5.858586e-01 1.893359e-01 1.897947e-01 4.587764e-04
1.616162e-01 5.858586e-01 1.874331e-01 1.877974e-01 3.643421e-04
1.717172e-01 5.858586e-01 1.855494e-01 1.860415e-01 4.921229e-04
1.818182e-01 5.858586e-01 1.836845e-01 1.840889e-01 4.043958e-04
1.919192e-01 5.858586e-01 1.818385e-01 1.821750e-01 3.364913e-04
2.020202e-01 5.858586e-01 1.800110e-01 1.804244e-01 4.134099e-04
2.121212e-01 5.858586e-01 1.782018e-01 1.785883e-01 3.864291e-04
2.222222e-01 5.858586e-01 1.764109e-01 1.769446e-01 5.337296e-04
2.323232e-01 5.858586e-01 1.746379e-01 1.750529e-01 4.150157e-04
2.424242e-01 5.858586e-01 1.728828e-01 1.732288e-01 3.460153e-04
2.525253e-01 5.858586e-01 1.711453e-01 1.714708e-01 3.255367e-04
2.626263e-01 5.858586e-01 1.694252e-01 1.697669e-01 3.416572e-04
2.727273e-01 5.858586e-01 1.677225e-01 1.681691e-01 4.466470e-04
2.828283e-01 5.858586e-01 1.660369e-01 1.664718e-01 4.349245e-04
2.929293e-01 5.858586e-01 1.643682e-01 1.647974e-01 4.292088e-04
3.030303e-01 5.858586e-01 1.627162e-01 1.630956e-01 3.793639e-04
3.131313e-01 5.858586e-01 1.610809e-01 1.615570e-01 4.761143e-04
3.232323e-01 5.858586e-01 1.594620e-01 1.599619e-01 4.999243e-04
3.333333e-01 5.858586e-01 1.578594e-01 1.582317e-01 3.722808e-04
3.434343e-01 5.858586e-01 1.562729e-01 1.568035e-01 5.306071e-04
3.535354e-01 5.858586e-01 1.547023e-01 1.552423e-01 5.400107e-04
3.636364e-01 5.858586e-01 1.531475e-01 1.536806e-01 5.330933e-04
3.737374e-01 5.858586e-01 1.516084e-01 1.520395e-01 4.311568e-04
3.838384e-01 5.858586e-01 1.500847e-01 1.505477e-01 4.630611e-04
3.939394e-01 5.858586e-01 1.485763e-01 1.489960e-01 4.196898e-04
4.040404e-01 5.858586e-01 1.470831e-01 1.474410e-01 3.579404e-04
4.141414e-01 5.858586e-01 1.456049e-01 1.461029e-01 4.980256e-04
4.242424e-01 5.858586e-01 1.441415e-01 1.445434e-01 4.018829e-04
4.343434e-01 5.858586e-01 1.426929e-01 1.432194e-01 5.264716e-04
4.444444e-01 5.858586e-01 1.412588e-01 1.417345e-01 4.756879e-04
4.545455e-01 5.858586e-01 1.398391e-01 1.402588e-01 4.196704e-04
4.646465e-01 5.858586e-01 1.384337e-01 1.389543e-01 5.206292e-04
4.747475e-01 5.858586e-01 1.370424e-01 1.376051e-01 5.626406e-04
4.848485e-01 5.858586e-01 1.356651e-01 1.363015e-01 6.363267e-04
4.949495e-01 5.858586e-01 1.343017e-01 1.347490e-01 4.473212e-04
5.050505e-01 5.858586e-01 1.329519e-01 1.334391e-01 4.872037e-04
5.151515e-01 5.858586e-01 1.316157e-01 1.322278e-01 6.120474e-04
5.252525e-01 5.858586e-01 1.302930e-01 1.308393e-01 5.463768e-04
5.353535e-01 5.858586e-01 1.289835e-01 1.295665e-01 5.829856e-04
5.454545e-01 5.858586e-01 1.276872e-01 1.283630e-01 6.758139e-04
5.555556e-01 5.858586e-01 1.264039e-01 1.270872e-01 6.832540e-04
5.656566e-01 5.858586e-01 1.251335e-01 1.258032e-01 6.696908e-04
5.757576e-01 5.858586e-01 1.238759e-01 1.244818e-01 6.058687e-04
5.858586e-01 5.858586e-01 1.226310e-01 1.231663e-01 5.353679e-04
5.959596e-01 5.858586e-01 1.213985e-01 1.220183e-01 6.198439e-04
6.060606e-01 5.858586e-01 1.201784e-01 1.208552e-01 6.767343e-04
6.161616e-01 5.858586e-01 1.189706e-01 1.196300e-01 6.593739e-04
6.262626e-01 5.858586e-01 1.177749e-01 1.184478e-01 6.728498e-04
6.363636e-01 5.858586e-01 1.165913e-01 1.171409e-01 5.496755e-04
6.464646e-01 5.858586e-01 1.154195e-01 1.160421e-01 6.225660e-04
6.565657e-01 5.858586e-01 1.142595e-01 1.148667e-01 6.071477e-04
6.666667e-01 5.858586e-01 1.131112e-01 1.135509e-01 4.397024e-04
6.767677e-01 5.858586e-01 1.119744e-01 1.125097e-01 5.353148e-04
6.868687e-01 5.858586e-01 1.108491e-01 1.114151e-01 5.660370e-04
6.969697e-01 5.858586e-01 1.097350e-01 1.102296e-01 4.946116e-04
7.070707e-01 5.858586e-01 1.086321e-01 1.091954e-01 5.632068e-04
7.171717e-01 5.858586e-01 1.075404e-01 1.082038e-01 6.633950e-04
7.272727e-01 5.858586e-01 1.064596e-01 1.070703e-01 6.107517e-04
7.373737e-01 5.858586e-01 1.053896e-01 1.060174e-01 6.277125e-04
7.474747e-01 5.858586e-01 1.043305e-01 1.049604e-01 6.299863e-04
7.575758e-01 5.858586e-01 1.032819e-01 1.037727e-01 4.907830e-04
7.676768e-01 5.858586e-01 1.022439e-01 1.028600e-01 6.161171e-04
7.777778e-01 5.858586e-01 1.012163e-01 1.015751e-01 3.587285e-04
7.878788e-01 5.858586e-01 1.001991e-01 1.007427e-01 5.435908e-04
7.979798e-01 5.858586e-01 9.919209e-02 9.970725e-02 5.151566e-04
8.080808e-01 5.858586e-01 9.819519e-02 9.876966e-02 5.744725e-04
8.181818e-01 5.858586e-01 9.720831e-02 9.785318e-02 6.448695e-04
8.282828e-01 5.858586e-01 9.623135e-02 9.689707e-02 6.657111e-04
8.383838e-01 5.858586e-01 9.526421e-02 9.582174e-02 5.575248e-04
8.484848e-01 5.858586e-01 9.430679e-02 9.492803e-02 6.212339e-04
8.585859e-01 5.858586e-01 9.335899e-02 9.399939e-02 6.403925e-04
8.686869e-01 5.858586e-01 9.242072e-02 9.299672e-02 5.759966e-04
8.787879e-01 5.858586e-01 9.149188e-02 9.211880e-02 6.269234e-04
8.888889e-01 5.858586e-01 9.057237e-02 9.118998e-02 6.176128e-04
8.989899e-01 5.858586e-01 8.966210e-02 9.026641e-02 6.043061e-04
9.090909e-01 5.858586e-01 8.876098e-02 8.947945e-02 7.184650e-04
9.191919e-01 5.858586e-01 8.786892e-02 8.856052e-02 6.916028e-04
9.292929e-01 5.858586e-01 8.698582e-02 8.767664e-02 6.908228e-04
9.393939e-01 5.858586e-01 8.611160e-02 8.673048e-02 6.188806e-04
9.494949e-01 5.858586e-01 8.524616e-02 8.590502e-02 6.588518e-04
9.595960e-01 5.858586e-01 8.438943e-02 8.504713e-02 6.577003e-04
9.696970e-01 5.858586e-01 8.354130e-02 8.420819e-02 6.668926e-04
9.797980e-01 5.858586e-01 8.270169e-02 8.337003e-02 6.683361e-04
9.898990e-01 5.858586e-01 8.187053e-02 8.244944e-02 5.789081e-04
1.000000e+00 5.858586e-01 8.104772e-02 8.140433e-02 3.566127e-04
0.000000e+00 5.959596e-01 -6.342392e-02 -6.516933e-02 1.745415e-03
1.010101e-02 5.959596e-01 -6.278650e-02 -6.440598e-02 1.619479e-03
2.020202e-02 5.959596e-01 -6.215548e-02 -6.368601e-02 1.530529e-03
3.030303e-02 5.959596e-01 -6.153081e-02 -6.304336e-02 1.512545e-03
4.040404e-02 5.959596e-01 -6.091242e-02 -6.235290e-02 1.440480e-03
5.050505e-02 5.959596e-01 -6.030024e-02 -6.158912e-02 1.288886e-03
6.060606e-02 5.959596e-01 -5.969421e-02 -6.089127e-02 1.197062e-03
7.070707e-02 5.959596e-01 -5.909427e-02 -6.015992e-02 1.065650e-03
8.080808e-02 5.959596e-01 -5.850036e-02 -5.952674e-02 1.026377e-03
9.090909e-02 5.959596e-01 -5.791243e-02 -5.884910e-02 9.366698e-04
1.010101e-01 5.959596e-01 -5.733040e-02 -5.829489e-02 9.644954e-04
1.111111e-01 5.959596e-01 -5.675422e-02 -5.773693e-02 9.827163e-04
1.212121e-01 5.959596e-01 -5.618383e-02 -5.705559e-02 8.717649e-04
1.313131e-01 5.959596e-01 -5.561917e-02 -5.644500e-02 8.258317e-04
1.414141e-01 5.959596e-01 -5.506019e-02 -5.592710e-02 8.669089e-04
1.515152e-01 5.959596e-01 -5.450682e-02 -5.531281e-02 8.059875e-04
1.616162e-01 5.959596e-01 -5.395902e-02 -5.484986e-02 8.908409e-04
1.717172e-01 5.959596e-01 -5.341673e-02 -5.413789e-02 7.211605e-04
1.818182e-01 5.959596e-01 -5.287988e-02 -5.380452e-02 9.246387e-04
1.919192e-01 5.959596e-01 -5.234843e-02 -5.324066e-02 8.922303e-04
2.020202e-01 5.959596e-01 -5.182232e-02 -5.258566e-02 7.633453e-04
2.121212e-01 5.959596e-01 -5.130149e-02 -5.213189e-02 8.303980e-04
2.222222e-01 5.959596e-01 -5.078590e-02 -5.148560e-02 6.996934e-04
2.323232e-01 5.959596e-01 -5.027550e-02 -5.112016e-02 8.446641e-04
2.424242e-01 5.959596e-01 -4.977022e-02 -5.063730e-02 8.670840e-04
2.525253e-01 5.959596e-01 -4.927002e-02 -5.013639e-02 8.663655e-04
2.626263e-01 5.959596e-01 -4.877485e-02 -4.957426e-02 7.994060e-04
2.727273e-01 5.959596e-01 -4.828465e-02 -4.912150e-02 8.368445e-04
2.828283e-01 5.959596e-01 -4.779939e-02 -4.846448e-02 6.650913e-04
2.929293e-01 5.959596e-01 -4.731899e-02 -4.816949e-02 8.504997e-04
3.030303e-01 5.959596e-01 -4.684343e-02 -4.768962e-02 8.461865e-04
3.131313e-01 5.959596e-01 -4.637265e-02 -4.710340e-02 7.307590e-04
3.232323e-01 5.959596e-01 -4.590659e-02 -4.673660e-02 8.300048e-04
3.333333e-01 5.959596e-01 -4.544522e-02 -4.625231e-02 8.070860e-04
3.434343e-01 5.959596e-01 -4.498849e-02 -4.569840e-02 7.099121e-04
3.535354e-01 5.959596e-01 -4.453635e-02 -4.532540e-02 7.890481e-04
3.636364e-01 5.959596e-01 -4.408875e-02 -4.473513e-02 6.463810e-04
3.737374e-01 5.959596e-01 -4.364565e-02 -4.427421e-02 6.285576e-04
3.838384e-01 5.959596e-01 -4.320701e-02 -4.386175e-02 6.547395e-04
3.939394e-01 5.959596e-01 -4.277277e-02 -4.339707e-02 6.242993e-04
4.040404e-01 5.959596e-01 -4.234290e-02 -4.290247e-02 5.595734e-04
4.141414e-01 5.959596e-01 -4.191734e-02 -4.239106e-02 4.737187e-04
4.242424e-01 5.959596e-01 -4.149607e-02 -4.202712e-02 5.310490e-04
4.343434e-01 5.959596e-01 -4.107902e-02 -4.132247e-02 2.434452e-04
4.444444e-01 5.959596e-01 -4.066617e-02 -4.099226e-02 3.260865e-04
4.545455e-01 5.959596e-01 -4.025747e-02 -4.064202e-02 3.845514e-04
4.646465e-01 5.959596e-01 -3.985288e-02 -3.994316e-02 9.028127e-05
4.747475e-01 5.959596e-01 -3.945235e-02 -3.964043e-02 1.880773e-04
4.848485e-01 5.959596e-01 -3.905585e-02 -3.921360e-02 1.577511e-04
4.949495e-01 5.959596e-01 -3.866333e-02 -3.887767e-02 2.143371e-04
5.050505e-01 5.959596e-01 -3.827476e-02 -3.848070e-02 2.059431e-04
5.151515e-01 5.959596e-01 -3.789009e-02 -3.802764e-02 1.375558e-04
5.252525e-01 5.959596e-01 -3.750929e-02 -3.779483e-02 2.855418e-04
5.353535e-01 5.959596e-01 -3.713231e-02 -3.740889e-02 2.765762e-04
5.454545e-01 5.959596e-01 -3.675913e-02 -3.701460e-02 2.554774e-04
5.555556e-01 5.959596e-01 -3.638969e-02 -3.661585e-02 2.261577e-04
5.656566e-01 5.959596e-01 -3.602397e-02 -3.629613e-02 2.721608e-04
5.757576e-01 5.959596e-01 -3.566192e-02 -3.591657e-02 2.546453e-04
5.858586e-01 5.959596e-01 -3.530351e-02 -3.563720e-02 3.336866e-04
5.959596e-01 5.959596e-01 -3.494871e-02 -3.522092e-02 2.722139e-04
6.060606e-01 5.959596e-01 -3.459747e-02 -3.488141e-02 2.839462e-04
6.161616e-01 5.959596e-01 -3.424976e-02 -3.443408e-02 1.843236e-04
6.262626e-01 5.959596e-01 -3.390554e-02 -3.414941e-02 2.438676e-04
6.363636e-01 5.959596e-01 -3.356478e-02 -3.379309e-02 2.283073e-04
6.464646e-01 5.959596e-01 -3.322745e-02 -3.346950e-02 2.420454e-04
6.565657e-01 5.959596e-01 -3.289351e-02 -3.314143e-02 2.479228e-04
6.666667e-01 5.959596e-01 -3.256293e-02 -3.283137e-02 2.684447e-04
6.767677e-01 5.959596e-01 -3.223566e-02 -3.235024e-02 1.145789e-04
6.868687e-01 5.959596e-01 -3.191169e-02 -3.205204e-02 1.403506e-04
6.969697e-01 5.959596e-01 -3.159097e-02 -3.169930e-02 1.083281e-04
7.070707e-01 5.959596e-01 -3.127348e-02 -3.132874e-02 5.526052e-05
7.171717e-01 5.959596e-01 -3.095917e-02 -3.092915e-02 3.002537e-05
7.272727e-01 5.959596e-01 -3.064803e-02 -3.066689e-02 1.885903e-05
7.373737e-01 5.959596e-01 -3.034001e-02 -3.038275e-02 4.274148e-05
7.474747e-01 5.959596e-01 -3.003509e-02 -2.992105e-02 1.140339e-04
7.575758e-01 5.959596e-01 -2.973323e-02 -2.972996e-02 3.268804e-06
7.676768e-01 5.959596e-01 -2.943441e-02 -2.940619e-02 2.821732e-05
7.777778e-01 5.959596e-01 -2.913859e-02 -2.937841e-02 2.398276e-04
7.878788e-01 5.959596e-01 -2.884574e-02 -2.883065e-02 1.509144e-05
7.979798e-01 5.959596e-01 -2.855583e-02 -2.858275e-02 2.691731e-05
8.080808e-01 5.959596e-01 -2.826884e-02 -2.815866e-02 1.101789e-04
8.181818e-01 5.959596e-01 -2.798474e-02 -2.800804e-02 2.330678e-05
8.282828e-01 5.959596e-01 -2.770349e-02 -2.786303e-02 1.595399e-04
8.383838e-01 5.959596e-01 -2.742506e-02 -2.752817e-02 1.031057e-04
8.484848e-01 5.959596e-01 -2.714943e-02 -2.724302e-02 9.358349e-05
8.585859e-01 5.959596e-01 -2.687658e-02 -2.707142e-02 1.948380e-04
8.686869e-01 5.959596e-01 -2.660646e-02 -2.682805e-02 2.215864e-04
8.787879e-01 5.959596e-01 -2.633906e-02 -2.652371e-02 1.846444e-04
8.888889e-01 5.959596e-01 -2.607435e-02 -2.633774e-02 2.633899e-04
8.989899e-01 5.959596e-01 -2.581230e-02 -2.612233e-02 3.100303e-04
9.090909e-01 5.959596e-01 -2.555288e-02 -2.573043e-02 1.775477e-04
9.191919e-01 5.959596e-01 -2.529607e-02 -2.552843e-02 2.323583e-04
9.292929e-01 5.959596e-01 -2.504184e-02 -2.513188e-02 9.003831e-05
9.393939e-01 5.959596e-01 -2.479017e-02 -2.494919e-02 1.590248e-04
9.494949e-01 5.959596e-01 -2.454102e-02 -2.445459e-02 8.642927e-05
9.595960e-01 5.959596e-01 -2.429438e-02 -2.430230e-02 7.922225e-06
9.696970e-01 5.959596e-01 -2.405022e-02 -2.395546e-02 9.475463e-05
9.797980e-01 5.959596e-01 -2.380851e-02 -2.375102e-02 5.748986e-05
9.898990e-01 5.959596e-01 -2.356923e-02 -2.349412e-02 7.510640e-05
1.000000e+00 5.959596e-01 -2.333236e-02 -2.352905e-02 1.966966e-04
0.000000e+00 6.060606e-01 -9.505604e-02 -9.545749e-02 4.014510e-04
1.010101e-02 6.060606e-01 -9.410071e-02 -9.455264e-02 4.519219e-04
2.020202e-02 6.060606e-01 -9.315499e-02 -9.365702e-02 5.020303e-04
3.030303e-02 6.060606e-01 -9.221876e-02 -9.275657e-02 5.378060e-04
4.040404e-02 6.060606e-01 -9.129195e-02 -9.186083e-02 5.688813e-04
5.050505e-02 6.060606e-01 -9.037445e-02 -9.101111e-02 6.366568e-04
6.060606e-02 6.060606e-01 -8.946617e-02 -9.019017e-02 7.240003e-04
7.070707e-02 6.060606e-01 -8.856702e-02 -8.925122e-02 6.841982e-04
8.080808e-02 6.060606e-01 -8.767691e-02 -8.840942e-02 7.325151e-04
9.090909e-02 6.060606e-01 -8.679574e-02 -8.745402e-02 6.582797e-04
1.010101e-01 6.060606e-01 -8.592343e-02 -8.662164e-02 6.982125e-04
1.111111e-01 6.060606e-01 -8.505988e-02 -8.574963e-02 6.897413e-04
1.212121e-01 6.060606e-01 -8.420502e-02 -8.487678e-02 6.717569e-04
1.313131e-01 6.060606e-01 -8.335874e-02 -8.394635e-02 5.876028e-04
1.414141e-01 6.060606e-01 -8.252098e-02 -8.319545e-02 6.744727e-04
1.515152e-01 6.060606e-01 -8.169163e-02 -8.229053e-02 5.989045e-04
1.616162e-01 6.060606e-01 -8.087061e-02 -8.141965e-02 5.490355e-04
1.717172e-01 6.060606e-01 -8.005785e-02 -8.050275e-02 4.449003e-04
1.818182e-01 6.060606e-01 -7.925325e-02 -7.977545e-02 5.221991e-04
1.919192e-01 6.060606e-01 -7.845675e-02 -7.889122e-02 4.344726e-04
2.020202e-01 6.060606e-01 -7.766824e-02 -7.808864e-02 4.203994e-04
2.121212e-01 6.060606e-01 -7.688766e-02 -7.732016e-02 4.324954e-04
2.222222e-01 6.060606e-01 -7.611493e-02 -7.640326e-02 2.883310e-04
2.323232e-01 6.060606e-01 -7.534996e-02 -7.567453e-02 3.245723e-04
2.424242e-01 6.060606e-01 -7.459268e-02 -7.507372e-02 4.810371e-04
2.525253e-01 6.060606e-01 -7.384301e-02 -7.417637e-02 3.333580e-04
2.626263e-01 6.060606e-01 -7.310088e-02 -7.347697e-02 3.760917e-04
2.727273e-01 6.060606e-01 -7.236620e-02 -7.276046e-02 3.942602e-04
2.828283e-01 6.060606e-01 -7.163891e-02 -7.197565e-02 3.367382e-04
2.929293e-01 6.060606e-01 -7.091893e-02 -7.118386e-02 2.649331e-04
3.030303e-01 6.060606e-01 -7.020618e-02 -7.049704e-02 2.908558e-04
3.131313e-01 6.060606e-01 -6.950060e-02 -6.963897e-02 1.383711e-04
3.232323e-01 6.060606e-01 -6.880210e-02 -6.891787e-02 1.157667e-04
3.333333e-01 6.060606e-01 -6.811063e-02 -6.837463e-02 2.640025e-04
3.434343e-01 6.060606e-01 -6.742611e-02 -6.751263e-02 8.652330e-05
3.535354e-01 6.060606e-01 -6.674846e-02 -6.686139e-02 1.129265e-04
3.636364e-01 6.060606e-01 -6.607763e-02 -6.616688e-02 8.924639e-05
3.737374e-01 6.060606e-01 -6.541354e-02 -6.552500e-02 1.114551e-04
3.838384e-01 6.060606e-01 -6.475612e-02 -6.486362e-02 1.074990e-04
3.939394e-01 6.060606e-01 -6.410531e-02 -6.417024e-02 6.492793e-05
4.040404e-01 6.060606e-01 -6.346104e-02 -6.342441e-02 3.663593e-05
4.141414e-01 6.060606e-01 -6.282325e-02 -6.282437e-02 1.118154e-06
4.242424e-01 6.060606e-01 -6.219187e-02 -6.234777e-02 1.559035e-04
4.343434e-01 6.060606e-01 -6.156683e-02 -6.163383e-02 6.699768e-05
4.444444e-01 6.060606e-01 -6.094807e-02 -6.105775e-02 1.096756e-04
4.545455e-01 6.060606e-01 -6.033553e-02 -6.045663e-02 1.211010e-04
4.646465e-01 6.060606e-01 -5.972915e-02 -5.981857e-02 8.941545e-05
4.747475e-01 6.060606e-01 -5.912886e-02 -5.922014e-02 9.127271e-05
4.848485e-01 6.060606e-01 -5.853461e-02 -5.858707e-02 5.246667e-05
4.949495e-01 6.060606e-01 -5.794633e-02 -5.815649e-02 2.101653e-04
5.050505e-01 6.060606e-01 -5.736395e-02 -5.744243e-02 7.847181e-05
5.151515e-01 6.060606e-01 -5.678744e-02 -5.684555e-02 5.810818e-05
5.252525e-01 6.060606e-01 -5.621671e-02 -5.633217e-02 1.154566e-04
5.353535e-01 6.060606e-01 -5.565173e-02 -5.585808e-02 2.063485e-04
5.454545e-01 6.060606e-01 -5.509242e-02 -5.525875e-02 1.663329e-04
5.555556e-01 6.060606e-01 -5.453873e-02 -5.445015e-02 8.857570e-05
5.656566e-01 6.060606e-01 -5.399061e-02 -5.417687e-02 1.862603e-04
5.757576e-01 6.060606e-01 -5.344799e-02 -5.363554e-02 1.875455e-04
5.858586e-01 6.060606e-01 -5.291083e-02 -5.295396e-02 4.312758e-05
5.959596e-01 6.060606e-01 -5.237907e-02 -5.253714e-02 1.580750e-04
6.060606e-01 6.060606e-01 -5.185265e-02 -5.195683e-02 1.041825e-04
6.161616e-01 6.060606e-01 -5.133152e-02 -5.128986e-02 4.166575e-05
6.262626e-01 6.060606e-01 -5.081563e-02 -5.087101e-02 5.538274e-05
6.363636e-01 6.060606e-01 -5.030493e-02 -5.051595e-02 2.110234e-04
6.464646e-01 6.060606e-01 -4.979935e-02 -5.003548e-02 2.361232e-04
6.565657e-01 6.060606e-01 -4.929886e-02 -4.946208e-02 1.632183e-04
6.666667e-01 6.060606e-01 -4.880340e-02 -4.919642e-02 3.930222e-04
6.767677e-01 6.060606e-01 -4.831292e-02 -4.864550e-02 3.325788e-04
6.868687e-01 6.060606e-01 -4.782736e-02 -4.795372e-02 1.263601e-04
6.969697e-01 6.060606e-01 -4.734669e-02 -4.757613e-02 2.294376e-04
7.070707e-01 6.060606e-01 -4.687085e-02 -4.709613e-02 2.252836e-04
7.171717e-01 6.060606e-01 -4.639979e-02 -4.638910e-02 1.068691e-05
7.272727e-01 6.060606e-01 -4.593346e-02 -4.606700e-02 1.335352e-04
7.373737e-01 6.060606e-01 -4.547183e-02 -4.580665e-02 3.348211e-04
7.474747e-01 6.060606e-01 -4.501483e-02 -4.517823e-02 1.634087e-04
7.575758e-01 6.060606e-01 -4.456242e-02 -4.474676e-02 1.843371e-04
7.676768e-01 6.060606e-01 -4.411456e-02 -4.422170e-02 1.071396e-04
7.777778e-01 6.060606e-01 -4.367120e-02 -4.390746e-02 2.362625e-04
7.878788e-01 6.060606e-01 -4.323230e-02 -4.333335e-02 1.010534e-04
7.979798e-01 6.060606e-01 -4.279781e-02 -4.292101e-02 1.232003e-04
8.080808e-01 6.060606e-01 -4.236768e-02 -4.230464e-02 6.304629e-05
8.181818e-01 6.060606e-01 -4.194188e-02 -4.211712e-02 1.752397e-04
8.282828e-01 6.060606e-01 -4.152036e-02 -4.154372e-02 2.336591e-05
8.383838e-01 6.060606e-01 -4.110307e-02 -4.105771e-02 4.536388e-05
8.484848e-01 6.060606e-01 -4.068998e-02 -4.068810e-02 1.879602e-06
8.585859e-01 6.060606e-01 -4.028104e-02 -4.024464e-02 3.639712e-05
8.686869e-01 6.060606e-01 -3.987620e-02 -3.975111e-02 1.250925e-04
8.787879e-01 6.060606e-01 -3.947544e-02 -3.933793e-02 1.375094e-04
8.888889e-01 6.060606e-01 -3.907871e-02 -3.880602e-02 2.726865e-04
8.989899e-01 6.060606e-01 -3.868596e-02 -3.856301e-02 1.229471e-04
9.090909e-01 6.060606e-01 -3.829716e-02 -3.801906e-02 2.780988e-04
9.191919e-01 6.060606e-01 -3.791227e-02 -3.782433e-02 8.793431e-05
9.292929e-01 6.060606e-01 -3.753124e-02 -3.732318e-02 2.080656e-04
9.393939e-01 6.060606e-01 -3.715405e-02 -3.698695e-02 1.671002e-04
9.494949e-01 6.060606e-01 -3.678064e-02 -3.649843e-02 2.822155e-04
9.595960e-01 6.060606e-01 -3.641099e-02 -3.623152e-02 1.794735e-04
9.696970e-01 6.060606e-01 -3.604505e-02 -3.598273e-02 6.232677e-05
9.797980e-01 6.060606e-01 -3.568280e-02 -3.532374e-02 3.590569e-04
9.898990e-01 6.060606e-01 -3.532418e-02 -3.517342e-02 1.507618e-04
1.000000e+00 6.060606e-01 -3.496916e-02 -3.483355e-02 1.356136e-04
0.000000e+00 6.161616e-01 2.511480e-01 2.510934e-01 5.456978e-05
1.010101e-02 6.161616e-01 2.486239e-01 2.484508e-01 1.731521e-04
2.020202e-02 6.161616e-01 2.461252e-01 2.459897e-01 1.355163e-04
3.030303e-02 6.161616e-01 2.436516e-01 2.433542e-01 2.973961e-04
4.040404e-02 6.161616e-01 2.412029e-01 2.409560e-01 2.468201e-04
5.050505e-02 6.161616e-01 2.387787e-01 2.386564e-01 1.223279e-04
6.060606e-02 6.161616e-01 2.363790e-01 2.363200e-01 5.891504e-05
7.070707e-02 6.161616e-01 2.340033e-01 2.339599e-01 4.340248e-05
8.080808e-02 6.161616e-01 2.316515e-01 2.316000e-01 5.158676e-05
9.090909e-02 6.161616e-01 2.293234e-01 2.293044e-01 1.900392e-05
1.010101e-01 6.161616e-01 2.270187e-01 2.268810e-01 1.376414e-04
1.111111e-01 6.161616e-01 2.247371e-01 2.245065e-01 2.305959e-04
1.212121e-01 6.161616e-01 2.224784e-01 2.222896e-01 1.888263e-04
1.313131e-01 6.161616e-01 2.202425e-01 2.199203e-01 3.221655e-04
1.414141e-01 6.161616e-01 2.180290e-01 2.176721e-01 3.569194e-04
1.515152e-01 6.161616e-01 2.158378e-01 2.153530e-01 4.847889e-04
1.616162e-01 6.161616e-01 2.136686e-01 2.130929e-01 5.757316e-04
1.717172e-01 6.161616e-01 2.115212e-01 2.111097e-01 4.114627e-04
1.818182e-01 6.161616e-01 2.093954e-01 2.087830e-01 6.123963e-04
1.919192e-01 6.161616e-01 2.072909e-01 2.066340e-01 6.568643e-04
2.020202e-01 6.161616e-01 2.052076e-01 2.047281e-01 4.794743e-04
2.121212e-01 6.161616e-01 2.031452e-01 2.026110e-01 5.342012e-04
2.222222e-01 6.161616e-01 2.011036e-01 2.008372e-01 2.663921e-04
2.323232e-01 6.161616e-01 1.990825e-01 1.986709e-01 4.115984e-04
2.424242e-01 6.161616e-01 1.970817e-01 1.966580e-01 4.236950e-04
2.525253e-01 6.161616e-01 1.951009e-01 1.947317e-01 3.692946e-04
2.626263e-01 6.161616e-01 1.931402e-01 1.928760e-01 2.641690e-04
2.727273e-01 6.161616e-01 1.911991e-01 1.910176e-01 1.814320e-04
2.828283e-01 6.161616e-01 1.892775e-01 1.892143e-01 6.312863e-05
2.929293e-01 6.161616e-01 1.873752e-01 1.872229e-01 1.523093e-04
3.030303e-01 6.161616e-01 1.854921e-01 1.853266e-01 1.654791e-04
3.131313e-01 6.161616e-01 1.836278e-01 1.835851e-01 4.272201e-05
3.232323e-01 6.161616e-01 1.817823e-01 1.816714e-01 1.109581e-04
3.333333e-01 6.161616e-01 1.799554e-01 1.798070e-01 1.483891e-04
3.434343e-01 6.161616e-01 1.781468e-01 1.781037e-01 4.306977e-05
3.535354e-01 6.161616e-01 1.763564e-01 1.762527e-01 1.036869e-04
3.636364e-01 6.161616e-01 1.745840e-01 1.745577e-01 2.631257e-05
3.737374e-01 6.161616e-01 1.728294e-01 1.726834e-01 1.460420e-04
3.838384e-01 6.161616e-01 1.710924e-01 1.708859e-01 2.065155e-04
3.939394e-01 6.161616e-01 1.693729e-01 1.690596e-01 3.132944e-04
4.040404e-01 6.161616e-01 1.676707e-01 1.673407e-01 3.300066e-04
4.141414e-01 6.161616e-01 1.659856e-01 1.658137e-01 1.718996e-04
4.242424e-01 6.161616e-01 1.643174e-01 1.639421e-01 3.753027e-04
4.343434e-01 6.161616e-01 1.626660e-01 1.626059e-01 6.010246e-05
4.444444e-01 6.161616e-01 1.610312e-01 1.607239e-01 3.072393e-04
4.545455e-01 6.161616e-01 1.594128e-01 1.590261e-01 3.866877e-04
4.646465e-01 6.161616e-01 1.578106e-01 1.576544e-01 1.562445e-04
4.747475e-01 6.161616e-01 1.562246e-01 1.560477e-01 1.769240e-04
4.848485e-01 6.161616e-01 1.546545e-01 1.545864e-01 6.810805e-05
4.949495e-01 6.161616e-01 1.531002e-01 1.528521e-01 2.481801e-04
5.050505e-01 6.161616e-01 1.515616e-01 1.513004e-01 2.611254e-04
5.151515e-01 6.161616e-01 1.500383e-01 1.499273e-01 1.110784e-04
5.252525e-01 6.161616e-01 1.485304e-01 1.483354e-01 1.950294e-04
5.353535e-01 6.161616e-01 1.470377e-01 1.469523e-01 8.534010e-05
5.454545e-01 6.161616e-01 1.455599e-01 1.455467e-01 1.318380e-05
5.555556e-01 6.161616e-01 1.440970e-01 1.441066e-01 9.609754e-06
5.656566e-01 6.161616e-01 1.426488e-01 1.426038e-01 4.500318e-05
5.757576e-01 6.161616e-01 1.412152e-01 1.412303e-01 1.511172e-05
5.858586e-01 6.161616e-01 1.397959e-01 1.396792e-01 1.167440e-04
5.959596e-01 6.161616e-01 1.383910e-01 1.384704e-01 7.944623e-05
6.060606e-01 6.161616e-01 1.370001e-01 1.370641e-01 6.398644e-05
6.161616e-01 6.161616e-01 1.356232e-01 1.358552e-01 2.319589e-04
6.262626e-01 6.161616e-01 1.342602e-01 1.344563e-01 1.960740e-04
6.363636e-01 6.161616e-01 1.329109e-01 1.330878e-01 1.769483e-04
6.464646e-01 6.161616e-01 1.315751e-01 1.318035e-01 2.284234e-04
6.565657e-01 6.161616e-01 1.302527e-01 1.304972e-01 2.444795e-04
6.666667e-01 6.161616e-01 1.289437e-01 1.290070e-01 6.330582e-05
6.767677e-01 6.161616e-01 1.276478e-01 1.278641e-01 2.162921e-04
6.868687e-01 6.161616e-01 1.263649e-01 1.266372e-01 2.723310e-04
6.969697e-01 6.161616e-01 1.250949e-01 1.253007e-01 2.058042e-04
7.070707e-01 6.161616e-01 1.238377e-01 1.240544e-01 2.167553e-04
7.171717e-01 6.161616e-01 1.225931e-01 1.229349e-01 3.417905e-04
7.272727e-01 6.161616e-01 1.213610e-01 1.216912e-01 3.302205e-04
7.373737e-01 6.161616e-01 1.201413e-01 1.203790e-01 2.376629e-04
7.474747e-01 6.161616e-01 1.189339e-01 1.192188e-01 2.849582e-04
7.575758e-01 6.161616e-01 1.177386e-01 1.178920e-01 1.534640e-04
7.676768e-01 6.161616e-01 1.165553e-01 1.167416e-01 1.863268e-04
7.777778e-01 6.161616e-01 1.153839e-01 1.151786e-01 2.052859e-04
7.878788e-01 6.161616e-01 1.142242e-01 1.143695e-01 1.452677e-04
7.979798e-01 6.161616e-01 1.130763e-01 1.130962e-01 1.996594e-05
8.080808e-01 6.161616e-01 1.119398e-01 1.122230e-01 2.831932e-04
8.181818e-01 6.161616e-01 1.108148e-01 1.110944e-01 2.795932e-04
8.282828e-01 6.161616e-01 1.097011e-01 1.098893e-01 1.882139e-04
8.383838e-01 6.161616e-01 1.085986e-01 1.087437e-01 1.450675e-04
8.484848e-01 6.161616e-01 1.075072e-01 1.077800e-01 2.728135e-04
8.585859e-01 6.161616e-01 1.064267e-01 1.066218e-01 1.951006e-04
8.686869e-01 6.161616e-01 1.053571e-01 1.055175e-01 1.604114e-04
8.787879e-01 6.161616e-01 1.042982e-01 1.045631e-01 2.648781e-04
8.888889e-01 6.161616e-01 1.032500e-01 1.033610e-01 1.109863e-04
8.989899e-01 6.161616e-01 1.022123e-01 1.023565e-01 1.441491e-04
9.090909e-01 6.161616e-01 1.011851e-01 1.014010e-01 2.159377e-04
9.191919e-01 6.161616e-01 1.001682e-01 1.004961e-01 3.279470e-04
9.292929e-01 6.161616e-01 9.916146e-02 9.936070e-02 1.992448e-04
9.393939e-01 6.161616e-01 9.816487e-02 9.836859e-02 2.037147e-04
9.494949e-01 6.161616e-01 9.717830e-02 9.759301e-02 4.147123e-04
9.595960e-01 6.161616e-01 9.620164e-02 9.648299e-02 2.813531e-04
9.696970e-01 6.161616e-01 9.523480e-02 9.552681e-02 2.920178e-04
9.797980e-01 6.161616e-01 9.427767e-02 9.444040e-02 1.627295e-04
9.898990e-01 6.161616e-01 9.333016e-02 9.350610e-02 1.759329e-04
1.000000e+00 6.161616e-01 9.239218e-02 9.221053e-02 1.816499e-04
0.000000e+00 6.262626e-01 -4.009305e-01 -4.012864e-01 3.558282e-04
1.010101e-02 6.262626e-01 -3.969011e-01 -3.971103e-01 2.092261e-04
2.020202e-02 6.262626e-01 -3.929122e-01 -3.931160e-01 2.038026e-04
3.030303e-02 6.262626e-01 -3.889634e-01 -3.891627e-01 1.992978e-04
4.040404e-02 6.262626e-01 -3.850542e-01 -3.852140e-01 1.597558e-04
5.050505e-02 6.262626e-01 -3.811844e-01 -3.813299e-01 1.455376e-04
6.060606e-02 6.262626e-01 -3.773534e-01 -3.775080e-01 1.546539e-04
7.070707e-02 6.262626e-01 -3.735609e-01 -3.736650e-01 1.040491e-04
8.080808e-02 6.262626e-01 -3.698066e-01 -3.699578e-01 1.512281e-04
9.090909e-02 6.262626e-01 -3.660900e-01 -3.661613e-01 7.138738e-05
1.010101e-01 6.262626e-01 -3.624107e-01 -3.625386e-01 1.278820e-04
1.111111e-01 6.262626e-01 -3.587684e-01 -3.589256e-01 1.571746e-04
1.212121e-01 6.262626e-01 -3.551627e-01 -3.552810e-01 1.182711e-04
1.313131e-01 6.262626e-01 -3.515933e-01 -3.516427e-01 4.944800e-05
1.414141e-01 6.262626e-01 -3.480597e-01 -3.481946e-01 1.348902e-04
1.515152e-01 6.262626e-01 -3.445617e-01 -3.445351e-01 2.653863e-05
1.616162e-01 6.262626e-01 -3.410987e-01 -3.411298e-01 3.103068e-05
1.717172e-01 6.262626e-01 -3.376707e-01 -3.376315e-01 3.918600e-05
1.818182e-01 6.262626e-01 -3.342770e-01 -3.343194e-01 4.234926e-05
1.919192e-01 6.262626e-01 -3.309175e-01 -3.308903e-01 2.716649e-05
2.020202e-01 6.262626e-01 -3.275917e-01 -3.274988e-01 9.289526e-05
2.121212e-01 6.262626e-01 -3.242993e-01 -3.241876e-01 1.117016e-04
2.222222e-01 6.262626e-01 -3.210401e-01 -3.208996e-01 1.404699e-04
2.323232e-01 6.262626e-01 -3.178136e-01 -3.177894e-01 2.413416e-05
2.424242e-01 6.262626e-01 -3.146195e-01 -3.146191e-01 4.260069e-07
2.525253e-01 6.262626e-01 -3.114575e-01 -3.113409e-01 1.165841e-04
2.626263e-01 6.262626e-01 -3.083273e-01 -3.082819e-01 4.541389e-05
2.727273e-01 6.262626e-01 -3.052286e-01 -3.052212e-01 7.371654e-06
2.828283e-01 6.262626e-01 -3.021610e-01 -3.020205e-01 1.404240e-04
2.929293e-01 6.262626e-01 -2.991242e-01 -2.990389e-01 8.531872e-05
3.030303e-01 6.262626e-01 -2.961180e-01 -2.960554e-01 6.252162e-05
3.131313e-01 6.262626e-01 -2.931419e-01 -2.929184e-01 2.234794e-04
3.232323e-01 6.262626e-01 -2.901958e-01 -2.900940e-01 1.018396e-04
3.333333e-01 6.262626e-01 -2.872793e-01 -2.871794e-01 9.993113e-05
3.434343e-01 6.262626e-01 -2.843921e-01 -2.842116e-01 1.804419e-04
3.535354e-01 6.262626e-01 -2.815339e-01 -2.814555e-01 7.843258e-05
3.636364e-01 6.262626e-01 -2.787044e-01 -2.785260e-01 1.784193e-04
3.737374e-01 6.262626e-01 -2.759034e-01 -2.757782e-01 1.252272e-04
3.838384e-01 6.262626e-01 -2.731305e-01 -2.728289e-01 3.015899e-04
3.939394e-01 6.262626e-01 -2.703855e-01 -2.701276e-01 2.579249e-04
4.040404e-01 6.262626e-01 -2.676681e-01 -2.673146e-01 3.534870e-04
4.141414e-01 6.262626e-01 -2.649780e-01 -2.646349e-01 3.430838e-04
4.242424e-01 6.262626e-01 -2.623149e-01 -2.620386e-01 2.763296e-04
4.343434e-01 6.262626e-01 -2.596786e-01 -2.591930e-01 4.856064e-04
4.444444e-01 6.262626e-01 -2.570688e-01 -2.566602e-01 4.085734e-04
4.545455e-01 6.262626e-01 -2.544852e-01 -2.541552e-01 3.299937e-04
4.646465e-01 6.262626e-01 -2.519276e-01 -2.513514e-01 5.761775e-04
4.747475e-01 6.262626e-01 -2.493957e-01 -2.488709e-01 5.247702e-04
4.848485e-01 6.262626e-01 -2.468892e-01 -2.464256e-01 4.636423e-04
4.949495e-01 6.262626e-01 -2.444079e-01 -2.440262e-01 3.816901e-04
5.050505e-01 6.262626e-01 -2.419516e-01 -2.415003e-01 4.512753e-04
5.151515e-01 6.262626e-01 -2.395199e-01 -2.389711e-01 5.488255e-04
5.252525e-01 6.262626e-01 -2.371127e-01 -2.367349e-01 3.777977e-04
5.353535e-01 6.262626e-01 -2.347297e-01 -2.343494e-01 3.803321e-04
5.454545e-01 6.262626e-01 -2.323706e-01 -2.321593e-01 2.113727e-04
5.555556e-01 6.262626e-01 -2.300353e-01 -2.296984e-01 3.369062e-04
5.656566e-01 6.262626e-01 -2.277234e-01 -2.275211e-01 2.023116e-04
5.757576e-01 6.262626e-01 -2.254347e-01 -2.251903e-01 2.444339e-04
5.858586e-01 6.262626e-01 -2.231691e-01 -2.229891e-01 1.799770e-04
5.959596e-01 6.262626e-01 -2.209262e-01 -2.206961e-01 2.300816e-04
6.060606e-01 6.262626e-01 -2.187058e-01 -2.185158e-01 1.900747e-04
6.161616e-01 6.262626e-01 -2.165078e-01 -2.162721e-01 2.356828e-04
6.262626e-01 6.262626e-01 -2.143319e-01 -2.140836e-01 2.483068e-04
6.363636e-01 6.262626e-01 -2.121778e-01 -2.119178e-01 2.599708e-04
6.464646e-01 6.262626e-01 -2.100454e-01 -2.099867e-01 5.867960e-05
6.565657e-01 6.262626e-01 -2.079344e-01 -2.077234e-01 2.109367e-04
6.666667e-01 6.262626e-01 -2.058446e-01 -2.056420e-01 2.025559e-04
6.767677e-01 6.262626e-01 -2.037758e-01 -2.035475e-01 2.283502e-04
6.868687e-01 6.262626e-01 -2.017278e-01 -2.013324e-01 3.954567e-04
6.969697e-01 6.262626e-01 -1.997004e-01 -1.994792e-01 2.212263e-04
7.070707e-01 6.262626e-01 -1.976934e-01 -1.973479e-01 3.454869e-04
7.171717e-01 6.262626e-01 -1.957066e-01 -1.953100e-01 3.965775e-04
7.272727e-01 6.262626e-01 -1.937397e-01 -1.933305e-01 4.091642e-04
7.373737e-01 6.262626e-01 -1.917926e-01 -1.916072e-01 1.853376e-04
7.474747e-01 6.262626e-01 -1.898650e-01 -1.894757e-01 3.893716e-04
7.575758e-01 6.262626e-01 -1.879569e-01 -1.875852e-01 3.716174e-04
7.676768e-01 6.262626e-01 -1.860679e-01 -1.858377e-01 2.301088e-04
7.777778e-01 6.262626e-01 -1.841978e-01 -1.839536e-01 2.442584e-04
7.878788e-01 6.262626e-01 -1.823466e-01 -1.819566e-01 3.899739e-04
7.979798e-01 6.262626e-01 -1.805140e-01 -1.800679e-01 4.461120e-04
8.080808e-01 6.262626e-01 -1.786998e-01 -1.782137e-01 4.860975e-04
8.181818e-01 6.262626e-01 -1.769039e-01 -1.765586e-01 3.452364e-04
8.282828e-01 6.262626e-01 -1.751259e-01 -1.748219e-01 3.040834e-04
8.383838e-01 6.262626e-01 -1.733659e-01 -1.729308e-01 4.350556e-04
8.484848e-01 6.262626e-01 -1.716235e-01 -1.712115e-01 4.120552e-04
8.585859e-01 6.262626e-01 -1.698987e-01 -1.694780e-01 4.206920e-04
8.686869e-01 6.262626e-01 -1.681912e-01 -1.677232e-01 4.680022e-04
8.787879e-01 6.262626e-01 -1.665008e-01 -1.659841e-01 5.167376e-04
8.888889e-01 6.262626e-01 -1.648275e-01 -1.642523e-01 5.751896e-04
8.989899e-01 6.262626e-01 -1.631709e-01 -1.626540e-01 5.168850e-04
9.090909e-01 6.262626e-01 -1.615310e-01 -1.608164e-01 7.146013e-04
9.191919e-01 6.262626e-01 -1.599076e-01 -1.592854e-01 6.221925e-04
9.292929e-01 6.262626e-01 -1.583005e-01 -1.576028e-01 6.977334e-04
9.393939e-01 6.262626e-01 -1.567096e-01 -1.561040e-01 6.055457e-04
9.494949e-01 6.262626e-01 -1.551346e-01 -1.544018e-01 7.328375e-04
9.595960e-01 6.262626e-01 -1.535755e-01 -1.529489e-01 6.266316e-04
9.696970e-01 6.262626e-01 -1.520320e-01 -1.514711e-01 5.608908e-04
9.797980e-01 6.262626e-01 -1.505041e-01 -1.497547e-01 7.493786e-04
9.898990e-01 6.262626e-01 -1.489915e-01 -1.483052e-01 6.862533e-04
1.000000e+00 6.262626e-01 -1.474941e-01 -1.467994e-01 6.947158e-04
0.000000e+00 6.363636e-01 5.406408e-01 5.411117e-01 4.708902e-04
1.010101e-02 6.363636e-01 5.352073e-01 5.355778e-01 3.705463e-04
2.020202e-02 6.363636e-01 5.298284e-01 5.302318e-01 4.034683e-04
3.030303e-02 6.363636e-01 5.245035e-01 5.248135e-01 3.099712e-04
4.040404e-02 6.363636e-01 5.192322e-01 5.196161e-01 3.839724e-04
5.050505e-02 6.363636e-01 5.140138e-01 5.145237e-01 5.099594e-04
6.060606e-02 6.363636e-01 5.088479e-01 5.094628e-01 6.149126e-04
7.070707e-02 6.363636e-01 5.037339e-01 5.043883e-01 6.544768e-04
8.080808e-02 6.363636e-01 4.986712e-01 4.993553e-01 6.840696e-04
9.090909e-02 6.363636e-01 4.936595e-01 4.944567e-01 7.971908e-04
1.010101e-01 6.363636e-01 4.886982e-01 4.894262e-01 7.280680e-04
1.111111e-01 6.363636e-01 4.837867e-01 4.845600e-01 7.732935e-04
1.212121e-01 6.363636e-01 4.789245e-01 4.797615e-01 8.369281e-04
1.313131e-01 6.363636e-01 4.741113e-01 4.749195e-01 8.082159e-04
1.414141e-01 6.363636e-01 4.693464e-01 4.702228e-01 8.764754e-04
1.515152e-01 6.363636e-01 4.646293e-01 4.654092e-01 7.798429e-04
1.616162e-01 6.363636e-01 4.599597e-01 4.606741e-01 7.143925e-04
1.717172e-01 6.363636e-01 4.553371e-01 4.563525e-01 1.015400e-03
1.818182e-01 6.363636e-01 4.507609e-01 4.516238e-01 8.629382e-04
1.919192e-01 6.363636e-01 4.462306e-01 4.470484e-01 8.177881e-04
2.020202e-01 6.363636e-01 4.417459e-01 4.427508e-01 1.004896e-03
2.121212e-01 6.363636e-01 4.373063e-01 4.382900e-01 9.837044e-04
2.222222e-01 6.363636e-01 4.329113e-01 4.340808e-01 1.169515e-03
2.323232e-01 6.363636e-01 4.285605e-01 4.295751e-01 1.014592e-03
2.424242e-01 6.363636e-01 4.242534e-01 4.252706e-01 1.017258e-03
2.525253e-01 6.363636e-01 4.199896e-01 4.210249e-01 1.035347e-03
2.626263e-01 6.363636e-01 4.157686e-01 4.168377e-01 1.069055e-03
2.727273e-01 6.363636e-01 4.115901e-01 4.127116e-01 1.121557e-03
2.828283e-01 6.363636e-01 4.074535e-01 4.086744e-01 1.220934e-03
2.929293e-01 6.363636e-01 4.033585e-01 4.044928e-01 1.134226e-03
3.030303e-01 6.363636e-01 3.993047e-01 4.004024e-01 1.097708e-03
3.131313e-01 6.363636e-01 3.952916e-01 3.964994e-01 1.207785e-03
3.232323e-01 6.363636e-01 3.913189e-01 3.924001e-01 1.081193e-03
3.333333e-01 6.363636e-01 3.873861e-01 3.884092e-01 1.023094e-03
3.434343e-01 6.363636e-01 3.834928e-01 3.846622e-01 1.169432e-03
3.535354e-01 6.363636e-01 3.796386e-01 3.808272e-01 1.188546e-03
3.636364e-01 6.363636e-01 3.758232e-01 3.770293e-01 1.206088e-03
3.737374e-01 6.363636e-01 3.720461e-01 3.731559e-01 1.109796e-03
3.838384e-01 6.363636e-01 3.683070e-01 3.693701e-01 1.063162e-03
3.939394e-01 6.363636e-01 3.646054e-01 3.656212e-01 1.015784e-03
4.040404e-01 6.363636e-01 3.609411e-01 3.620323e-01 1.091185e-03
4.141414e-01 6.363636e-01 3.573136e-01 3.585543e-01 1.240742e-03
4.242424e-01 6.363636e-01 3.537225e-01 3.547814e-01 1.058918e-03
4.343434e-01 6.363636e-01 3.501675e-01 3.515342e-01 1.366657e-03
4.444444e-01 6.363636e-01 3.466483e-01 3.477179e-01 1.069622e-03
4.545455e-01 6.363636e-01 3.431644e-01 3.443093e-01 1.144854e-03
4.646465e-01 6.363636e-01 3.397156e-01 3.410158e-01 1.300259e-03
4.747475e-01 6.363636e-01 3.363014e-01 3.375810e-01 1.279679e-03
4.848485e-01 6.363636e-01 3.329215e-01 3.343692e-01 1.447768e-03
4.949495e-01 6.363636e-01 3.295756e-01 3.308966e-01 1.320998e-03
5.050505e-01 6.363636e-01 3.262633e-01 3.275611e-01 1.297811e-03
5.151515e-01 6.363636e-01 3.229843e-01 3.244513e-01 1.467058e-03
5.252525e-01 6.363636e-01 3.197382e-01 3.211082e-01 1.369969e-03
5.353535e-01 6.363636e-01 3.165248e-01 3.179750e-01 1.450183e-03
5.454545e-01 6.363636e-01 3.133437e-01 3.148675e-01 1.523852e-03
5.555556e-01 6.363636e-01 3.101945e-01 3.118183e-01 1.623783e-03
5.656566e-01 6.363636e-01 3.070770e-01 3.085879e-01 1.510927e-03
5.757576e-01 6.363636e-01 3.039908e-01 3.054864e-01 1.495604e-03
5.858586e-01 6.363636e-01 3.009357e-01 3.023557e-01 1.420028e-03
5.959596e-01 6.363636e-01 2.979112e-01 2.994916e-01 1.580359e-03
6.060606e-01 6.363636e-01 2.949172e-01 2.963977e-01 1.480489e-03
6.161616e-01 6.363636e-01 2.919532e-01 2.936386e-01 1.685386e-03
6.262626e-01 6.363636e-01 2.890190e-01 2.906520e-01 1.633014e-03
6.363636e-01 6.363636e-01 2.861143e-01 2.876432e-01 1.528890e-03
6.464646e-01 6.363636e-01 2.832388e-01 2.847376e-01 1.498750e-03
6.565657e-01 6.363636e-01 2.803922e-01 2.819550e-01 1.562764e-03
6.666667e-01 6.363636e-01 2.775743e-01 2.788543e-01 1.280000e-03
6.767677e-01 6.363636e-01 2.747846e-01 2.761864e-01 1.401793e-03
6.868687e-01 6.363636e-01 2.720230e-01 2.735739e-01 1.550923e-03
6.969697e-01 6.363636e-01 2.692891e-01 2.707733e-01 1.484215e-03
7.070707e-01 6.363636e-01 2.665827e-01 2.679332e-01 1.350483e-03
7.171717e-01 6.363636e-01 2.639035e-01 2.654887e-01 1.585267e-03
7.272727e-01 6.363636e-01 2.612512e-01 2.627572e-01 1.505949e-03
7.373737e-01 6.363636e-01 2.586256e-01 2.601008e-01 1.475167e-03
7.474747e-01 6.363636e-01 2.560264e-01 2.575283e-01 1.501980e-03
7.575758e-01 6.363636e-01 2.534532e-01 2.548022e-01 1.348920e-03
7.676768e-01 6.363636e-01 2.509060e-01 2.523783e-01 1.472285e-03
7.777778e-01 6.363636e-01 2.483844e-01 2.494073e-01 1.022938e-03
7.878788e-01 6.363636e-01 2.458880e-01 2.471834e-01 1.295304e-03
7.979798e-01 6.363636e-01 2.434168e-01 2.446217e-01 1.204861e-03
8.080808e-01 6.363636e-01 2.409705e-01 2.424178e-01 1.447299e-03
8.181818e-01 6.363636e-01 2.385487e-01 2.399970e-01 1.448339e-03
8.282828e-01 6.363636e-01 2.361512e-01 2.375909e-01 1.439672e-03
8.383838e-01 6.363636e-01 2.337778e-01 2.351522e-01 1.374307e-03
8.484848e-01 6.363636e-01 2.314283e-01 2.327805e-01 1.352174e-03
8.585859e-01 6.363636e-01 2.291024e-01 2.304700e-01 1.367583e-03
8.686869e-01 6.363636e-01 2.267999e-01 2.280959e-01 1.295988e-03
8.787879e-01 6.363636e-01 2.245206e-01 2.259442e-01 1.423608e-03
8.888889e-01 6.363636e-01 2.222641e-01 2.236715e-01 1.407411e-03
8.989899e-01 6.363636e-01 2.200303e-01 2.214333e-01 1.403018e-03
9.090909e-01 6.363636e-01 2.178190e-01 2.193903e-01 1.571350e-03
9.191919e-01 6.363636e-01 2.156298e-01 2.172807e-01 1.650909e-03
9.292929e-01 6.363636e-01 2.134627e-01 2.149853e-01 1.522591e-03
9.393939e-01 6.363636e-01 2.113174e-01 2.129865e-01 1.669085e-03
9.494949e-01 6.363636e-01 2.091936e-01 2.110120e-01 1.818366e-03
9.595960e-01 6.363636e-01 2.070912e-01 2.087799e-01 1.688752e-03
9.696970e-01 6.363636e-01 2.050099e-01 2.067615e-01 1.751661e-03
9.797980e-01 6.363636e-01 2.029495e-01 2.045170e-01 1.567512e-03
9.898990e-01 6.363636e-01 2.009098e-01 2.023462e-01 1.436387e-03
1.000000e+00 6.363636e-01 1.988906e-01 2.000847e-01 1.194044e-03
0.000000e+00 6.464646e-01 -6.667690e-01 -6.675531e-01 7.840667e-04
1.010101e-02 6.464646e-01 -6.600679e-01 -6.608044e-01 7.365297e-04
2.020202e-02 6.464646e-01 -6.534341e-01 -6.541704e-01 7.363245e-04
3.030303e-02 6.464646e-01 -6.468669e-01 -6.477156e-01 8.486201e-04
4.040404e-02 6.464646e-01 -6.403658e-01 -6.411412e-01 7.753481e-04
5.050505e-02 6.464646e-01 -6.339300e-01 -6.346593e-01 7.292452e-04
6.060606e-02 6.464646e-01 -6.275589e-01 -6.284081e-01 8.491316e-04
7.070707e-02 6.464646e-01 -6.212519e-01 -6.219755e-01 7.236701e-04
8.080808e-02 6.464646e-01 -6.150082e-01 -6.157906e-01 7.824191e-04
9.090909e-02 6.464646e-01 -6.088273e-01 -6.094826e-01 6.553940e-04
1.010101e-01 6.464646e-01 -6.027084e-01 -6.034981e-01 7.896644e-04
1.111111e-01 6.464646e-01 -5.966511e-01 -5.974633e-01 8.121333e-04
1.212121e-01 6.464646e-01 -5.906547e-01 -5.913358e-01 6.810995e-04
1.313131e-01 6.464646e-01 -5.847185e-01 -5.853941e-01 6.756477e-04
1.414141e-01 6.464646e-01 -5.788420e-01 -5.795485e-01 7.064999e-04
1.515152e-01 6.464646e-01 -5.730245e-01 -5.737081e-01 6.835373e-04
1.616162e-01 6.464646e-01 -5.672655e-01 -5.679510e-01 6.854355e-04
1.717172e-01 6.464646e-01 -5.615644e-01 -5.620506e-01 4.861654e-04
1.818182e-01 6.464646e-01 -5.559206e-01 -5.566769e-01 7.562648e-04
1.919192e-01 6.464646e-01 -5.503335e-01 -5.510730e-01 7.394497e-04
2.020202e-01 6.464646e-01 -5.448026e-01 -5.453972e-01 5.946002e-04
2.121212e-01 6.464646e-01 -5.393272e-01 -5.400649e-01 7.377250e-04
2.222222e-01 6.464646e-01 -5.339069e-01 -5.344385e-01 5.316130e-04
2.323232e-01 6.464646e-01 -5.285410e-01 -5.292841e-01 7.430947e-04
2.424242e-01 6.464646e-01 -5.232291e-01 -5.240709e-01 8.417592e-04
2.525253e-01 6.464646e-01 -5.179706e-01 -5.187056e-01 7.350461e-04
2.626263e-01 6.464646e-01 -5.127649e-01 -5.134755e-01 7.106672e-04
2.727273e-01 6.464646e-01 -5.076115e-01 -5.083002e-01 6.886873e-04
2.828283e-01 6.464646e-01 -5.025099e-01 -5.030926e-01 5.827286e-04
2.929293e-01 6.464646e-01 -4.974596e-01 -4.981116e-01 6.519959e-04
3.030303e-01 6.464646e-01 -4.924601e-01 -4.931079e-01 6.478569e-04
3.131313e-01 6.464646e-01 -4.875108e-01 -4.880515e-01 5.407811e-04
3.232323e-01 6.464646e-01 -4.826112e-01 -4.832165e-01 6.053357e-04
3.333333e-01 6.464646e-01 -4.777609e-01 -4.783238e-01 5.629515e-04
3.434343e-01 6.464646e-01 -4.729593e-01 -4.733964e-01 4.371308e-04
3.535354e-01 6.464646e-01 -4.682060e-01 -4.687651e-01 5.591694e-04
3.636364e-01 6.464646e-01 -4.635004e-01 -4.638584e-01 3.579437e-04
3.737374e-01 6.464646e-01 -4.588422e-01 -4.593215e-01 4.793328e-04
3.838384e-01 6.464646e-01 -4.542307e-01 -4.547303e-01 4.995463e-04
3.939394e-01 6.464646e-01 -4.496656e-01 -4.501652e-01 4.995208e-04
4.040404e-01 6.464646e-01 -4.451464e-01 -4.455857e-01 4.393103e-04
4.141414e-01 6.464646e-01 -4.406726e-01 -4.410214e-01 3.488205e-04
4.242424e-01 6.464646e-01 -4.362438e-01 -4.368341e-01 5.903081e-04
4.343434e-01 6.464646e-01 -4.318595e-01 -4.321580e-01 2.985271e-04
4.444444e-01 6.464646e-01 -4.275192e-01 -4.280721e-01 5.528882e-04
4.545455e-01 6.464646e-01 -4.232226e-01 -4.239172e-01 6.946067e-04
4.646465e-01 6.464646e-01 -4.189691e-01 -4.194337e-01 4.646025e-04
4.747475e-01 6.464646e-01 -4.147584e-01 -4.153843e-01 6.258913e-04
4.848485e-01 6.464646e-01 -4.105900e-01 -4.112431e-01 6.530707e-04
4.949495e-01 6.464646e-01 -4.064635e-01 -4.072074e-01 7.438573e-04
5.050505e-01 6.464646e-01 -4.023785e-01 -4.031407e-01 7.621774e-04
5.151515e-01 6.464646e-01 -3.983345e-01 -3.990175e-01 6.829372e-04
5.252525e-01 6.464646e-01 -3.943312e-01 -3.952034e-01 8.721641e-04
5.353535e-01 6.464646e-01 -3.903681e-01 -3.911636e-01 7.954937e-04
5.454545e-01 6.464646e-01 -3.864448e-01 -3.871818e-01 7.369292e-04
5.555556e-01 6.464646e-01 -3.825610e-01 -3.831273e-01 5.663368e-04
5.656566e-01 6.464646e-01 -3.787162e-01 -3.793826e-01 6.664170e-04
5.757576e-01 6.464646e-01 -3.749100e-01 -3.756040e-01 6.940009e-04
5.858586e-01 6.464646e-01 -3.711421e-01 -3.717593e-01 6.171710e-04
5.959596e-01 6.464646e-01 -3.674121e-01 -3.679959e-01 5.837738e-04
6.060606e-01 6.464646e-01 -3.637195e-01 -3.642887e-01 5.691558e-04
6.161616e-01 6.464646e-01 -3.600641e-01 -3.604053e-01 3.412358e-04
6.262626e-01 6.464646e-01 -3.564454e-01 -3.568352e-01 3.898599e-04
6.363636e-01 6.464646e-01 -3.528631e-01 -3.533012e-01 4.381167e-04
6.464646e-01 6.464646e-01 -3.493167e-01 -3.497795e-01 4.627682e-04
6.565657e-01 6.464646e-01 -3.458060e-01 -3.461477e-01 3.416291e-04
6.666667e-01 6.464646e-01 -3.423306e-01 -3.429227e-01 5.920682e-04
6.767677e-01 6.464646e-01 -3.388901e-01 -3.393536e-01 4.634217e-04
6.868687e-01 6.464646e-01 -3.354842e-01 -3.359222e-01 4.380038e-04
6.969697e-01 6.464646e-01 -3.321126e-01 -3.324237e-01 3.111219e-04
7.070707e-01 6.464646e-01 -3.287748e-01 -3.291894e-01 4.146412e-04
7.171717e-01 6.464646e-01 -3.254705e-01 -3.257102e-01 2.396400e-04
7.272727e-01 6.464646e-01 -3.221995e-01 -3.226041e-01 4.045558e-04
7.373737e-01 6.464646e-01 -3.189613e-01 -3.194498e-01 4.884365e-04
7.474747e-01 6.464646e-01 -3.157557e-01 -3.160200e-01 2.642806e-04
7.575758e-01 6.464646e-01 -3.125823e-01 -3.130752e-01 4.928511e-04
7.676768e-01 6.464646e-01 -3.094408e-01 -3.099413e-01 5.004625e-04
7.777778e-01 6.464646e-01 -3.063309e-01 -3.071357e-01 8.048037e-04
7.878788e-01 6.464646e-01 -3.032522e-01 -3.037400e-01 4.878035e-04
7.979798e-01 6.464646e-01 -3.002045e-01 -3.007904e-01 5.859433e-04
8.080808e-01 6.464646e-01 -2.971874e-01 -2.974318e-01 2.444457e-04
8.181818e-01 6.464646e-01 -2.942006e-01 -2.947065e-01 5.058656e-04
8.282828e-01 6.464646e-01 -2.912438e-01 -2.917683e-01 5.244791e-04
8.383838e-01 6.464646e-01 -2.883168e-01 -2.888089e-01 4.921574e-04
8.484848e-01 6.464646e-01 -2.854192e-01 -2.858855e-01 4.663004e-04
8.585859e-01 6.464646e-01 -2.825506e-01 -2.830290e-01 4.783770e-04
8.686869e-01 6.464646e-01 -2.797110e-01 -2.802390e-01 5.280837e-04
8.787879e-01 6.464646e-01 -2.768998e-01 -2.774546e-01 5.547944e-04
8.888889e-01 6.464646e-01 -2.741169e-01 -2.745631e-01 4.461431e-04
8.989899e-01 6.464646e-01 -2.713620e-01 -2.718541e-01 4.920923e-04
9.090909e-01 6.464646e-01 -2.686348e-01 -2.689282e-01 2.933932e-04
9.191919e-01 6.464646e-01 -2.659350e-01 -2.664178e-01 4.828485e-04
9.292929e-01 6.464646e-01 -2.632623e-01 -2.636184e-01 3.561473e-04
9.393939e-01 6.464646e-01 -2.606164e-01 -2.609711e-01 3.546961e-04
9.494949e-01 6.464646e-01 -2.579972e-01 -2.579892e-01 8.026215e-06
9.595960e-01 6.464646e-01 -2.554043e-01 -2.556044e-01 2.001662e-04
9.696970e-01 6.464646e-01 -2.528374e-01 -2.529877e-01 1.503182e-04
9.797980e-01 6.464646e-01 -2.502964e-01 -2.504373e-01 1.409532e-04
9.898990e-01 6.464646e-01 -2.477808e-01 -2.478986e-01 1.177923e-04
1.000000e+00 6.464646e-01 -2.452906e-01 -2.456512e-01 3.605782e-04
0.000000e+00 6.565657e-01 7.761465e-01 7.751402e-01 1.006298e-03
1.010101e-02 6.565657e-01 7.683461e-01 7.672573e-01 1.088731e-03
2.020202e-02 6.565657e-01 7.606241e-01 7.595654e-01 1.058704e-03
3.030303e-02 6.565657e-01 7.529797e-01 7.519448e-01 1.034879e-03
4.040404e-02 6.565657e-01 7.454121e-01 7.442968e-01 1.115300e-03
5.050505e-02 6.565657e-01 7.379206e-01 7.367194e-01 1.201203e-03
6.060606e-02 6.565657e-01 7.305043e-01 7.293473e-01 1.157060e-03
7.070707e-02 6.565657e-01 7.231627e-01 7.219324e-01 1.230248e-03
8.080808e-02 6.565657e-01 7.158948e-01 7.146977e-01 1.197035e-03
9.090909e-02 6.565657e-01 7.086999e-01 7.073857e-01 1.314233e-03
1.010101e-01 6.565657e-01 7.015773e-01 7.003761e-01 1.201247e-03
1.111111e-01 6.565657e-01 6.945264e-01 6.932594e-01 1.267013e-03
1.212121e-01 6.565657e-01 6.875463e-01 6.861957e-01 1.350595e-03
1.313131e-01 6.565657e-01 6.806363e-01 6.792923e-01 1.343991e-03
1.414141e-01 6.565657e-01 6.737958e-01 6.725066e-01 1.289233e-03
1.515152e-01 6.565657e-01 6.670240e-01 6.656793e-01 1.344709e-03
1.616162e-01 6.565657e-01 6.603203e-01 6.588329e-01 1.487434e-03
1.717172e-01 6.565657e-01 6.536840e-01 6.522673e-01 1.416735e-03
1.818182e-01 6.565657e-01 6.471144e-01 6.456602e-01 1.454217e-03
1.919192e-01 6.565657e-01 6.406108e-01 6.392131e-01 1.397628e-03
2.020202e-01 6.565657e-01 6.341725e-01 6.327351e-01 1.437394e-03
2.121212e-01 6.565657e-01 6.277990e-01 6.264272e-01 1.371815e-03
2.222222e-01 6.565657e-01 6.214895e-01 6.201252e-01 1.364330e-03
2.323232e-01 6.565657e-01 6.152434e-01 6.138389e-01 1.404520e-03
2.424242e-01 6.565657e-01 6.090601e-01 6.077532e-01 1.306975e-03
2.525253e-01 6.565657e-01 6.029390e-01 6.016144e-01 1.324621e-03
2.626263e-01 6.565657e-01 5.968793e-01 5.954468e-01 1.432515e-03
2.727273e-01 6.565657e-01 5.908806e-01 5.896019e-01 1.278669e-03
2.828283e-01 6.565657e-01 5.849422e-01 5.837314e-01 1.210802e-03
2.929293e-01 6.565657e-01 5.790634e-01 5.778275e-01 1.235936e-03
3.030303e-01 6.565657e-01 5.732437e-01 5.720955e-01 1.148252e-03
3.131313e-01 6.565657e-01 5.674825e-01 5.663550e-01 1.127462e-03
3.232323e-01 6.565657e-01 5.617792e-01 5.607263e-01 1.052933e-03
3.333333e-01 6.565657e-01 5.561332e-01 5.549978e-01 1.135441e-03
3.434343e-01 6.565657e-01 5.505440e-01 5.494852e-01 1.058805e-03
3.535354e-01 6.565657e-01 5.450110e-01 5.440647e-01 9.462523e-04
3.636364e-01 6.565657e-01 5.395335e-01 5.385095e-01 1.023954e-03
3.737374e-01 6.565657e-01 5.341111e-01 5.329541e-01 1.157004e-03
3.838384e-01 6.565657e-01 5.287432e-01 5.278350e-01 9.081840e-04
3.939394e-01 6.565657e-01 5.234292e-01 5.224854e-01 9.438034e-04
4.040404e-01 6.565657e-01 5.181687e-01 5.171154e-01 1.053273e-03
4.141414e-01 6.565657e-01 5.129610e-01 5.118758e-01 1.085198e-03
4.242424e-01 6.565657e-01 5.078057e-01 5.068661e-01 9.395653e-04
4.343434e-01 6.565657e-01 5.027021e-01 5.016915e-01 1.010611e-03
4.444444e-01 6.565657e-01 4.976499e-01 4.967331e-01 9.168220e-04
4.545455e-01 6.565657e-01 4.926484e-01 4.916270e-01 1.021449e-03
4.646465e-01 6.565657e-01 4.876972e-01 4.867997e-01 8.975714e-04
4.747475e-01 6.565657e-01 4.827958e-01 4.819017e-01 8.940852e-04
4.848485e-01 6.565657e-01 4.779436e-01 4.770600e-01 8.835628e-04
4.949495e-01 6.565657e-01 4.731402e-01 4.721943e-01 9.458858e-04
5.050505e-01 6.565657e-01 4.683851e-01 4.675013e-01 8.837794e-04
5.151515e-01 6.565657e-01 4.636777e-01 4.628859e-01 7.918578e-04
5.252525e-01 6.565657e-01 4.590177e-01 4.581418e-01 8.758726e-04
5.353535e-01 6.565657e-01 4.544045e-01 4.535771e-01 8.273711e-04
5.454545e-01 6.565657e-01 4.498376e-01 4.489019e-01 9.357402e-04
5.555556e-01 6.565657e-01 4.453167e-01 4.444402e-01 8.764731e-04
5.656566e-01 6.565657e-01 4.408412e-01 4.400311e-01 8.100709e-04
5.757576e-01 6.565657e-01 4.364107e-01 4.356292e-01 7.814958e-04
5.858586e-01 6.565657e-01 4.320247e-01 4.311058e-01 9.188330e-04
5.959596e-01 6.565657e-01 4.276827e-01 4.268500e-01 8.327745e-04
6.060606e-01 6.565657e-01 4.233845e-01 4.226190e-01 7.654680e-04
6.161616e-01 6.565657e-01 4.191294e-01 4.182507e-01 8.786890e-04
6.262626e-01 6.565657e-01 4.149170e-01 4.141974e-01 7.196639e-04
6.363636e-01 6.565657e-01 4.107471e-01 4.100771e-01 6.699390e-04
6.464646e-01 6.565657e-01 4.066190e-01 4.058888e-01 7.301917e-04
6.565657e-01 6.565657e-01 4.025324e-01 4.016841e-01 8.482640e-04
6.666667e-01 6.565657e-01 3.984869e-01 3.977714e-01 7.155232e-04
6.767677e-01 6.565657e-01 3.944820e-01 3.938047e-01 6.772933e-04
6.868687e-01 6.565657e-01 3.905174e-01 3.898862e-01 6.312119e-04
6.969697e-01 6.565657e-01 3.865926e-01 3.858421e-01 7.505029e-04
7.070707e-01 6.565657e-01 3.827073e-01 3.820630e-01 6.442959e-04
7.171717e-01 6.565657e-01 3.788611e-01 3.782126e-01 6.484241e-04
7.272727e-01 6.565657e-01 3.750534e-01 3.744613e-01 5.921152e-04
7.373737e-01 6.565657e-01 3.712841e-01 3.707629e-01 5.211446e-04
7.474747e-01 6.565657e-01 3.675526e-01 3.669642e-01 5.884308e-04
7.575758e-01 6.565657e-01 3.638587e-01 3.631467e-01 7.119347e-04
7.676768e-01 6.565657e-01 3.602018e-01 3.596626e-01 5.392247e-04
7.777778e-01 6.565657e-01 3.565817e-01 3.560312e-01 5.504899e-04
7.878788e-01 6.565657e-01 3.529980e-01 3.523721e-01 6.259134e-04
7.979798e-01 6.565657e-01 3.494503e-01 3.490318e-01 4.185285e-04
8.080808e-01 6.565657e-01 3.459383e-01 3.451952e-01 7.431263e-04
8.181818e-01 6.565657e-01 3.424616e-01 3.418622e-01 5.993912e-04
8.282828e-01 6.565657e-01 3.390198e-01 3.384234e-01 5.963365e-04
8.383838e-01 6.565657e-01 3.356126e-01 3.349057e-01 7.068188e-04
8.484848e-01 6.565657e-01 3.322396e-01 3.314179e-01 8.217418e-04
8.585859e-01 6.565657e-01 3.289005e-01 3.281627e-01 7.378074e-04
8.686869e-01 6.565657e-01 3.255950e-01 3.247108e-01 8.842160e-04
8.787879e-01 6.565657e-01 3.223227e-01 3.215349e-01 7.878162e-04
8.888889e-01 6.565657e-01 3.190834e-01 3.182688e-01 8.145748e-04
8.989899e-01 6.565657e-01 3.158765e-01 3.149270e-01 9.495281e-04
9.090909e-01 6.565657e-01 3.127019e-01 3.119358e-01 7.661161e-04
9.191919e-01 6.565657e-01 3.095592e-01 3.088361e-01 7.231198e-04
9.292929e-01 6.565657e-01 3.064481e-01 3.057792e-01 6.688227e-04
9.393939e-01 6.565657e-01 3.033682e-01 3.025451e-01 8.230868e-04
9.494949e-01 6.565657e-01 3.003193e-01 2.994232e-01 8.960983e-04
9.595960e-01 6.565657e-01 2.973011e-01 2.964270e-01 8.741051e-04
9.696970e-01 6.565657e-01 2.943131e-01 2.934349e-01 8.782737e-04
9.797980e-01 6.565657e-01 2.913552e-01 2.905776e-01 7.776754e-04
9.898990e-01 6.565657e-01 2.884271e-01 2.875939e-01 8.331366e-04
1.000000e+00 6.565657e-01 2.855283e-01 2.846235e-01 9.047941e-04
0.000000e+00 6.666667e-01 -8.660254e-01 -8.654327e-01 5.926645e-04
1.010101e-02 6.666667e-01 -8.573217e-01 -8.565973e-01 7.244002e-04
2.020202e-02 6.666667e-01 -8.487055e-01 -8.480150e-01 6.905281e-04
3.030303e-02 6.666667e-01 -8.401758e-01 -8.394907e-01 6.851956e-04
4.040404e-02 6.666667e-01 -8.317319e-01 -8.309711e-01 7.608190e-04
5.050505e-02 6.666667e-01 -8.233729e-01 -8.225664e-01 8.065065e-04
6.060606e-02 6.666667e-01 -8.150979e-01 -8.143991e-01 6.987388e-04
7.070707e-02 6.666667e-01 -8.069060e-01 -8.061378e-01 7.681928e-04
8.080808e-02 6.666667e-01 -7.987965e-01 -7.980906e-01 7.058765e-04
9.090909e-02 6.666667e-01 -7.907684e-01 -7.899133e-01 8.551198e-04
1.010101e-01 6.666667e-01 -7.828211e-01 -7.820729e-01 7.481607e-04
1.111111e-01 6.666667e-01 -7.749536e-01 -7.742028e-01 7.507570e-04
1.212121e-01 6.666667e-01 -7.671652e-01 -7.663003e-01 8.648477e-04
1.313131e-01 6.666667e-01 -7.594550e-01 -7.585899e-01 8.651671e-04
1.414141e-01 6.666667e-01 -7.518224e-01 -7.509884e-01 8.340174e-04
1.515152e-01 6.666667e-01 -7.442664e-01 -7.432667e-01 9.997400e-04
1.616162e-01 6.666667e-01 -7.367864e-01 -7.357423e-01 1.044110e-03
1.717172e-01 6.666667e-01 -7.293816e-01 -7.282442e-01 1.137429e-03
1.818182e-01 6.666667e-01 -7.220512e-01 -7.209996e-01 1.051609e-03
1.919192e-01 6.666667e-01 -7.147945e-01 -7.137016e-01 1.092867e-03
2.020202e-01 6.666667e-01 -7.076107e-01 -7.064373e-01 1.173320e-03
2.121212e-01 6.666667e-01 -7.004991e-01 -6.993904e-01 1.108653e-03
2.222222e-01 6.666667e-01 -6.934589e-01 -6.922865e-01 1.172441e-03
2.323232e-01 6.666667e-01 -6.864896e-01 -6.854268e-01 1.062724e-03
2.424242e-01 6.666667e-01 -6.795902e-01 -6.785656e-01 1.024600e-03
2.525253e-01 6.666667e-01 -6.727602e-01 -6.716570e-01 1.103260e-03
2.626263e-01 6.666667e-01 -6.659989e-01 -6.649760e-01 1.022873e-03
2.727273e-01 6.666667e-01 -6.593055e-01 -6.582907e-01 1.014731e-03
2.828283e-01 6.666667e-01 -6.526793e-01 -6.516416e-01 1.037738e-03
2.929293e-01 6.666667e-01 -6.461198e-01 -6.451508e-01 9.690286e-04
3.030303e-01 6.666667e-01 -6.396262e-01 -6.386377e-01 9.885358e-04
3.131313e-01 6.666667e-01 -6.331978e-01 -6.322244e-01 9.734076e-04
3.232323e-01 6.666667e-01 -6.268341e-01 -6.259795e-01 8.545618e-04
3.333333e-01 6.666667e-01 -6.205343e-01 -6.196569e-01 8.773971e-04
3.434343e-01 6.666667e-01 -6.142978e-01 -6.134015e-01 8.963123e-04
3.535354e-01 6.666667e-01 -6.081240e-01 -6.073662e-01 7.578448e-04
3.636364e-01 6.666667e-01 -6.020123e-01 -6.010818e-01 9.304531e-04
3.737374e-01 6.666667e-01 -5.959620e-01 -5.951625e-01 7.994667e-04
3.838384e-01 6.666667e-01 -5.899725e-01 -5.891571e-01 8.153561e-04
3.939394e-01 6.666667e-01 -5.840431e-01 -5.832032e-01 8.399428e-04
4.040404e-01 6.666667e-01 -5.781734e-01 -5.772485e-01 9.249546e-04
4.141414e-01 6.666667e-01 -5.723627e-01 -5.714693e-01 8.933629e-04
4.242424e-01 6.666667e-01 -5.666103e-01 -5.658244e-01 7.859404e-04
4.343434e-01 6.666667e-01 -5.609158e-01 -5.599197e-01 9.960869e-04
4.444444e-01 6.666667e-01 -5.552785e-01 -5.544895e-01 7.890114e-04
4.545455e-01 6.666667e-01 -5.496979e-01 -5.489354e-01 7.624501e-04
4.646465e-01 6.666667e-01 -5.441733e-01 -5.431939e-01 9.793723e-04
4.747475e-01 6.666667e-01 -5.387043e-01 -5.378982e-01 8.060935e-04
4.848485e-01 6.666667e-01 -5.332902e-01 -5.325249e-01 7.652655e-04
4.949495e-01 6.666667e-01 -5.279306e-01 -5.271306e-01 7.999498e-04
5.050505e-01 6.666667e-01 -5.226248e-01 -5.218365e-01 7.882445e-04
5.151515e-01 6.666667e-01 -5.173723e-01 -5.164863e-01 8.860109e-04
5.252525e-01 6.666667e-01 -5.121726e-01 -5.114268e-01 7.458140e-04
5.353535e-01 6.666667e-01 -5.070252e-01 -5.062411e-01 7.841173e-04
5.454545e-01 6.666667e-01 -5.019295e-01 -5.012623e-01 6.672057e-04
5.555556e-01 6.666667e-01 -4.968850e-01 -4.961301e-01 7.549290e-04
5.656566e-01 6.666667e-01 -4.918913e-01 -4.912111e-01 6.802039e-04
5.757576e-01 6.666667e-01 -4.869477e-01 -4.861900e-01 7.577103e-04
5.858586e-01 6.666667e-01 -4.820538e-01 -4.813095e-01 7.442335e-04
5.959596e-01 6.666667e-01 -4.772090e-01 -4.764866e-01 7.224825e-04
6.060606e-01 6.666667e-01 -4.724130e-01 -4.718078e-01 6.051784e-04
6.161616e-01 6.666667e-01 -4.676652e-01 -4.668980e-01 7.672221e-04
6.262626e-01 6.666667e-01 -4.629651e-01 -4.621946e-01 7.705118e-04
6.363636e-01 6.666667e-01 -4.583122e-01 -4.575244e-01 7.877789e-04
6.464646e-01 6.666667e-01 -4.537061e-01 -4.531461e-01 5.599839e-04
6.565657e-01 6.666667e-01 -4.491463e-01 -4.484612e-01 6.850875e-04
6.666667e-01 6.666667e-01 -4.446323e-01 -4.441389e-01 4.933833e-04
6.767677e-01 6.666667e-01 -4.401636e-01 -4.396762e-01 4.874740e-04
6.868687e-01 6.666667e-01 -4.357399e-01 -4.351870e-01 5.529397e-04
6.969697e-01 6.666667e-01 -4.313607e-01 -4.307880e-01 5.726231e-04
7.070707e-01 6.666667e-01 -4.270254e-01 -4.265119e-01 5.135331e-04
7.171717e-01 6.666667e-01 -4.227337e-01 -4.221443e-01 5.894466e-04
7.272727e-01 6.666667e-01 -4.184852e-01 -4.179527e-01 5.325393e-04
7.373737e-01 6.666667e-01 -4.142794e-01 -4.139124e-01 3.669348e-04
7.474747e-01 6.666667e-01 -4.101158e-01 -4.095595e-01 5.562856e-04
7.575758e-01 6.666667e-01 -4.059940e-01 -4.054033e-01 5.907858e-04
7.676768e-01 6.666667e-01 -4.019137e-01 -4.014984e-01 4.152977e-04
7.777778e-01 6.666667e-01 -3.978744e-01 -3.975278e-01 3.466209e-04
7.878788e-01 6.666667e-01 -3.938757e-01 -3.933980e-01 4.776841e-04
7.979798e-01 6.666667e-01 -3.899172e-01 -3.893981e-01 5.191160e-04
8.080808e-01 6.666667e-01 -3.859985e-01 -3.852936e-01 7.048782e-04
8.181818e-01 6.666667e-01 -3.821191e-01 -3.816000e-01 5.191100e-04
8.282828e-01 6.666667e-01 -3.782788e-01 -3.777956e-01 4.831944e-04
8.383838e-01 6.666667e-01 -3.744770e-01 -3.738779e-01 5.991240e-04
8.484848e-01 6.666667e-01 -3.707135e-01 -3.701943e-01 5.191349e-04
8.585859e-01 6.666667e-01 -3.669877e-01 -3.665069e-01 4.807848e-04
8.686869e-01 6.666667e-01 -3.632994e-01 -3.628875e-01 4.119297e-04
8.787879e-01 6.666667e-01 -3.596482e-01 -3.593074e-01 3.408034e-04
8.888889e-01 6.666667e-01 -3.560337e-01 -3.556330e-01 4.006670e-04
8.989899e-01 6.666667e-01 -3.524555e-01 -3.520811e-01 3.744292e-04
9.090909e-01 6.666667e-01 -3.489133e-01 -3.483480e-01 5.652319e-04
9.191919e-01 6.666667e-01 -3.454066e-01 -3.449289e-01 4.777565e-04
9.292929e-01 6.666667e-01 -3.419352e-01 -3.413869e-01 5.483090e-04
9.393939e-01 6.666667e-01 -3.384987e-01 -3.379749e-01 5.238115e-04
9.494949e-01 6.666667e-01 -3.350967e-01 -3.343931e-01 7.036054e-04
9.595960e-01 6.666667e-01 -3.317290e-01 -3.310128e-01 7.161260e-04
9.696970e-01 6.666667e-01 -3.283950e-01 -3.277671e-01 6.279060e-04
9.797980e-01 6.666667e-01 -3.250946e-01 -3.244325e-01 6.621227e-04
9.898990e-01 6.666667e-01 -3.218274e-01 -3.211182e-01 7.091245e-04
1.000000e+00 6.666667e-01 -3.185929e-01 -3.179610e-01 6.319640e-04
0.000000e+00 6.767677e-01 9.341479e-01 9.336376e-01 5.103009e-04
1.010101e-02 6.767677e-01 9.247595e-01 9.241978e-01 5.617260e-04
2.020202e-02 6.767677e-01 9.154655e-01 9.149842e-01 4.813059e-04
3.030303e-02 6.767677e-01 9.062650e-01 9.056537e-01 6.112362e-04
4.040404e-02 6.767677e-01 8.971568e-01 8.965502e-01 6.065998e-04
5.050505e-02 6.767677e-01 8.881403e-01 8.875483e-01 5.919351e-04
6.060606e-02 6.767677e-01 8.792143e-01 8.786521e-01 5.622095e-04
7.070707e-02 6.767677e-01 8.703781e-01 8.697464e-01 6.316683e-04
8.080808e-02 6.767677e-01 8.616306e-01 8.610117e-01 6.188677e-04
9.090909e-02 6.767677e-01 8.529711e-01 8.523206e-01 6.505284e-04
1.010101e-01 6.767677e-01 8.443986e-01 8.437250e-01 6.736131e-04
1.111111e-01 6.767677e-01 8.359122e-01 8.352146e-01 6.976778e-04
1.212121e-01 6.767677e-01 8.275112e-01 8.268369e-01 6.742326e-04
1.313131e-01 6.767677e-01 8.191946e-01 8.185011e-01 6.934365e-04
1.414141e-01 6.767677e-01 8.109615e-01 8.103907e-01 5.707991e-04
1.515152e-01 6.767677e-01 8.028112e-01 8.020799e-01 7.312959e-04
1.616162e-01 6.767677e-01 7.947428e-01 7.939503e-01 7.925661e-04
1.717172e-01 6.767677e-01 7.867555e-01 7.862366e-01 5.188845e-04
1.818182e-01 6.767677e-01 7.788485e-01 7.782645e-01 5.839819e-04
1.919192e-01 6.767677e-01 7.710209e-01 7.703973e-01 6.236420e-04
2.020202e-01 6.767677e-01 7.632721e-01 7.627997e-01 4.723189e-04
2.121212e-01 6.767677e-01 7.556010e-01 7.551452e-01 4.558556e-04
2.222222e-01 6.767677e-01 7.480071e-01 7.476720e-01 3.351698e-04
2.323232e-01 6.767677e-01 7.404895e-01 7.400310e-01 4.585316e-04
2.424242e-01 6.767677e-01 7.330475e-01 7.326012e-01 4.463269e-04
2.525253e-01 6.767677e-01 7.256802e-01 7.251660e-01 5.142803e-04
2.626263e-01 6.767677e-01 7.183870e-01 7.178942e-01 4.928399e-04
2.727273e-01 6.767677e-01 7.111671e-01 7.107782e-01 3.888909e-04
2.828283e-01 6.767677e-01 7.040198e-01 7.036601e-01 3.597085e-04
2.929293e-01 6.767677e-01 6.969443e-01 6.965195e-01 4.247695e-04
3.030303e-01 6.767677e-01 6.899399e-01 6.894787e-01 4.611625e-04
3.131313e-01 6.767677e-01 6.830058e-01 6.825675e-01 4.383704e-04
3.232323e-01 6.767677e-01 6.761415e-01 6.757173e-01 4.242311e-04
3.333333e-01 6.767677e-01 6.693462e-01 6.687984e-01 5.477439e-04
3.434343e-01 6.767677e-01 6.626192e-01 6.622815e-01 3.376369e-04
3.535354e-01 6.767677e-01 6.559597e-01 6.557293e-01 2.304237e-04
3.636364e-01 6.767677e-01 6.493672e-01 6.490864e-01 2.808571e-04
3.737374e-01 6.767677e-01 6.428410e-01 6.424564e-01 3.845525e-04
3.838384e-01 6.767677e-01 6.363803e-01 6.360663e-01 3.139887e-04
3.939394e-01 6.767677e-01 6.299846e-01 6.296484e-01 3.361314e-04
4.040404e-01 6.767677e-01 6.236531e-01 6.233393e-01 3.138333e-04
4.141414e-01 6.767677e-01 6.173853e-01 6.172047e-01 1.805853e-04
4.242424e-01 6.767677e-01 6.111805e-01 6.109454e-01 2.350825e-04
4.343434e-01 6.767677e-01 6.050380e-01 6.049669e-01 7.114169e-05
4.444444e-01 6.767677e-01 5.989573e-01 5.987849e-01 1.723643e-04
4.545455e-01 6.767677e-01 5.929377e-01 5.927171e-01 2.206161e-04
4.646465e-01 6.767677e-01 5.869785e-01 5.869187e-01 5.983380e-05
4.747475e-01 6.767677e-01 5.810793e-01 5.810425e-01 3.678535e-05
4.848485e-01 6.767677e-01 5.752394e-01 5.752694e-01 3.003127e-05
4.949495e-01 6.767677e-01 5.694581e-01 5.693431e-01 1.150285e-04
5.050505e-01 6.767677e-01 5.637350e-01 5.635568e-01 1.781794e-04
5.151515e-01 6.767677e-01 5.580693e-01 5.580602e-01 9.170383e-06
5.252525e-01 6.767677e-01 5.524606e-01 5.523331e-01 1.275334e-04
5.353535e-01 6.767677e-01 5.469083e-01 5.467834e-01 1.249409e-04
5.454545e-01 6.767677e-01 5.414118e-01 5.413997e-01 1.209165e-05
5.555556e-01 6.767677e-01 5.359705e-01 5.359756e-01 5.045145e-06
5.656566e-01 6.767677e-01 5.305839e-01 5.305682e-01 1.569530e-05
5.757576e-01 6.767677e-01 5.252515e-01 5.251924e-01 5.910065e-05
5.858586e-01 6.767677e-01 5.199726e-01 5.198203e-01 1.522834e-04
5.959596e-01 6.767677e-01 5.147468e-01 5.147699e-01 2.310708e-05
6.060606e-01 6.767677e-01 5.095735e-01 5.095964e-01 2.289369e-05
6.161616e-01 6.767677e-01 5.044522e-01 5.045189e-01 6.665133e-05
6.262626e-01 6.767677e-01 4.993824e-01 4.995121e-01 1.297494e-04
6.363636e-01 6.767677e-01 4.943635e-01 4.944109e-01 4.742148e-05
6.464646e-01 6.767677e-01 4.893951e-01 4.894917e-01 9.665580e-05
6.565657e-01 6.767677e-01 4.844766e-01 4.846247e-01 1.481106e-04
6.666667e-01 6.767677e-01 4.796075e-01 4.795543e-01 5.323743e-05
6.767677e-01 6.767677e-01 4.747874e-01 4.749478e-01 1.603825e-04
6.868687e-01 6.767677e-01 4.700157e-01 4.702626e-01 2.469110e-04
6.969697e-01 6.767677e-01 4.652919e-01 4.654996e-01 2.076395e-04
7.070707e-01 6.767677e-01 4.606157e-01 4.607590e-01 1.433349e-04
7.171717e-01 6.767677e-01 4.559864e-01 4.562819e-01 2.954855e-04
7.272727e-01 6.767677e-01 4.514037e-01 4.516287e-01 2.250392e-04
7.373737e-01 6.767677e-01 4.468670e-01 4.472338e-01 3.668323e-04
7.474747e-01 6.767677e-01 4.423759e-01 4.426406e-01 2.646667e-04
7.575758e-01 6.767677e-01 4.379300e-01 4.380288e-01 9.885773e-05
7.676768e-01 6.767677e-01 4.335287e-01 4.337999e-01 2.712366e-04
7.777778e-01 6.767677e-01 4.291717e-01 4.291273e-01 4.431493e-05
7.878788e-01 6.767677e-01 4.248584e-01 4.249752e-01 1.168123e-04
7.979798e-01 6.767677e-01 4.205885e-01 4.206777e-01 8.921504e-05
8.080808e-01 6.767677e-01 4.163615e-01 4.164454e-01 8.385244e-05
8.181818e-01 6.767677e-01 4.121770e-01 4.123822e-01 2.051659e-04
8.282828e-01 6.767677e-01 4.080346e-01 4.082905e-01 2.559334e-04
8.383838e-01 6.767677e-01 4.039338e-01 4.040083e-01 7.451261e-05
8.484848e-01 6.767677e-01 3.998742e-01 3.999351e-01 6.097101e-05
8.585859e-01 6.767677e-01 3.958554e-01 3.959699e-01 1.145737e-04
8.686869e-01 6.767677e-01 3.918769e-01 3.918549e-01 2.208902e-05
8.787879e-01 6.767677e-01 3.879385e-01 3.880600e-01 1.215203e-04
8.888889e-01 6.767677e-01 3.840397e-01 3.841292e-01 8.955970e-05
8.989899e-01 6.767677e-01 3.801800e-01 3.802764e-01 9.634815e-05
9.090909e-01 6.767677e-01 3.763591e-01 3.765311e-01 1.719923e-04
9.191919e-01 6.767677e-01 3.725767e-01 3.727692e-01 1.925766e-04
9.292929e-01 6.767677e-01 3.688322e-01 3.689707e-01 1.384598e-04
9.393939e-01 6.767677e-01 3.651254e-01 3.653316e-01 2.062126e-04
9.494949e-01 6.767677e-01 3.614558e-01 3.616348e-01 1.789840e-04
9.595960e-01 6.767677e-01 3.578231e-01 3.579971e-01 1.740333e-04
9.696970e-01 6.767677e-01 3.542269e-01 3.544829e-01 2.559550e-04
9.797980e-01 6.767677e-01 3.506669e-01 3.507975e-01 1.305798e-04
9.898990e-01 6.767677e-01 3.471426e-01 3.472177e-01 7.504504e-05
1.000000e+00 6.767677e-01 3.436538e-01 3.436042e-01 4.958577e-05
0.000000e+00 6.868687e-01 -9.788024e-01 -9.781271e-01 6.753243e-04
1.010101e-02 6.868687e-01 -9.689653e-01 -9.683893e-01 5.760462e-04
2.020202e-02 6.868687e-01 -9.592271e-01 -9.586893e-01 5.377244e-04
3.030303e-02 6.868687e-01 -9.495867e-01 -9.491085e-01 4.781836e-04
4.040404e-02 6.868687e-01 -9.400432e-01 -9.395086e-01 5.346039e-04
5.050505e-02 6.868687e-01 -9.305956e-01 -9.300030e-01 5.925242e-04
6.060606e-02 6.868687e-01 -9.212429e-01 -9.207089e-01 5.340362e-04
7.070707e-02 6.868687e-01 -9.119843e-01 -9.113816e-01 6.026841e-04
8.080808e-02 6.868687e-01 -9.028187e-01 -9.022186e-01 6.001124e-04
9.090909e-02 6.868687e-01 -8.937452e-01 -8.930842e-01 6.610463e-04
1.010101e-01 6.868687e-01 -8.847629e-01 -8.841429e-01 6.200511e-04
1.111111e-01 6.868687e-01 -8.758709e-01 -8.752370e-01 6.339242e-04
1.212121e-01 6.868687e-01 -8.670683e-01 -8.663340e-01 7.343025e-04
1.313131e-01 6.868687e-01 -8.583541e-01 -8.577627e-01 5.913895e-04
1.414141e-01 6.868687e-01 -8.497275e-01 -8.491417e-01 5.857656e-04
1.515152e-01 6.868687e-01 -8.411876e-01 -8.405966e-01 5.910235e-04
1.616162e-01 6.868687e-01 -8.327335e-01 -8.321432e-01 5.903176e-04
1.717172e-01 6.868687e-01 -8.243644e-01 -8.237551e-01 6.092499e-04
1.818182e-01 6.868687e-01 -8.160794e-01 -8.155893e-01 4.900870e-04
1.919192e-01 6.868687e-01 -8.078777e-01 -8.074657e-01 4.119897e-04
2.020202e-01 6.868687e-01 -7.997584e-01 -7.993308e-01 4.275268e-04
2.121212e-01 6.868687e-01 -7.917207e-01 -7.913598e-01 3.608707e-04
2.222222e-01 6.868687e-01 -7.837637e-01 -7.833362e-01 4.275662e-04
2.323232e-01 6.868687e-01 -7.758868e-01 -7.755880e-01 2.987374e-04
2.424242e-01 6.868687e-01 -7.680890e-01 -7.678092e-01 2.798293e-04
2.525253e-01 6.868687e-01 -7.603696e-01 -7.600307e-01 3.388135e-04
2.626263e-01 6.868687e-01 -7.527277e-01 -7.524620e-01 2.656901e-04
2.727273e-01 6.868687e-01 -7.451627e-01 -7.447804e-01 3.822595e-04
2.828283e-01 6.868687e-01 -7.376737e-01 -7.373453e-01 3.283341e-04
2.929293e-01 6.868687e-01 -7.302599e-01 -7.299198e-01 3.401377e-04
3.030303e-01 6.868687e-01 -7.229207e-01 -7.225980e-01 3.227386e-04
3.131313e-01 6.868687e-01 -7.156552e-01 -7.152812e-01 3.739740e-04
3.232323e-01 6.868687e-01 -7.084628e-01 -7.081259e-01 3.368193e-04
3.333333e-01 6.868687e-01 -7.013426e-01 -7.009537e-01 3.888776e-04
3.434343e-01 6.868687e-01 -6.942940e-01 -6.938295e-01 4.644534e-04
3.535354e-01 6.868687e-01 -6.873162e-01 -6.869830e-01 3.332305e-04
3.636364e-01 6.868687e-01 -6.804086e-01 -6.799129e-01 4.956528e-04
3.737374e-01 6.868687e-01 -6.735704e-01 -6.731969e-01 3.734465e-04
3.838384e-01 6.868687e-01 -6.668009e-01 -6.664327e-01 3.681259e-04
3.939394e-01 6.868687e-01 -6.600994e-01 -6.596953e-01 4.041370e-04
4.040404e-01 6.868687e-01 -6.534653e-01 -6.531796e-01 2.856504e-04
4.141414e-01 6.868687e-01 -6.468979e-01 -6.464881e-01 4.097906e-04
4.242424e-01 6.868687e-01 -6.403964e-01 -6.400653e-01 3.311176e-04
4.343434e-01 6.868687e-01 -6.339603e-01 -6.334733e-01 4.870624e-04
4.444444e-01 6.868687e-01 -6.275889e-01 -6.272545e-01 3.344466e-04
4.545455e-01 6.868687e-01 -6.212816e-01 -6.210427e-01 2.388311e-04
4.646465e-01 6.868687e-01 -6.150376e-01 -6.146411e-01 3.965062e-04
4.747475e-01 6.868687e-01 -6.088563e-01 -6.085702e-01 2.861286e-04
4.848485e-01 6.868687e-01 -6.027372e-01 -6.025144e-01 2.228530e-04
4.949495e-01 6.868687e-01 -5.966796e-01 -5.963824e-01 2.972502e-04
5.050505e-01 6.868687e-01 -5.906829e-01 -5.904235e-01 2.594355e-04
5.151515e-01 6.868687e-01 -5.847464e-01 -5.844367e-01 3.097839e-04
5.252525e-01 6.868687e-01 -5.788696e-01 -5.786440e-01 2.256028e-04
5.353535e-01 6.868687e-01 -5.730519e-01 -5.727119e-01 3.399594e-04
5.454545e-01 6.868687e-01 -5.672926e-01 -5.669793e-01 3.133480e-04
5.555556e-01 6.868687e-01 -5.615913e-01 -5.613173e-01 2.739271e-04
5.656566e-01 6.868687e-01 -5.559472e-01 -5.556360e-01 3.111180e-04
5.757576e-01 6.868687e-01 -5.503598e-01 -5.499995e-01 3.603294e-04
5.858586e-01 6.868687e-01 -5.448286e-01 -5.445161e-01 3.125108e-04
5.959596e-01 6.868687e-01 -5.393530e-01 -5.390133e-01 3.397128e-04
6.060606e-01 6.868687e-01 -5.339324e-01 -5.335859e-01 3.464862e-04
6.161616e-01 6.868687e-01 -5.285663e-01 -5.282270e-01 3.393113e-04
6.262626e-01 6.868687e-01 -5.232541e-01 -5.228072e-01 4.468635e-04
6.363636e-01 6.868687e-01 -5.179953e-01 -5.174661e-01 5.292450e-04
6.464646e-01 6.868687e-01 -5.127894e-01 -5.122954e-01 4.940089e-04
6.565657e-01 6.868687e-01 -5.076358e-01 -5.071504e-01 4.853442e-04
6.666667e-01 6.868687e-01 -5.025339e-01 -5.021740e-01 3.599122e-04
6.767677e-01 6.868687e-01 -4.974834e-01 -4.971004e-01 3.830292e-04
6.868687e-01 6.868687e-01 -4.924836e-01 -4.921516e-01 3.319738e-04
6.969697e-01 6.868687e-01 -4.875340e-01 -4.871018e-01 4.322565e-04
7.070707e-01 6.868687e-01 -4.826343e-01 -4.822663e-01 3.679447e-04
7.171717e-01 6.868687e-01 -4.777837e-01 -4.772826e-01 5.010538e-04
7.272727e-01 6.868687e-01 -4.729819e-01 -4.726025e-01 3.794049e-04
7.373737e-01 6.868687e-01 -4.682283e-01 -4.678670e-01 3.613281e-04
7.474747e-01 6.868687e-01 -4.635226e-01 -4.631038e-01 4.188010e-04
7.575758e-01 6.868687e-01 -4.588641e-01 -4.584975e-01 3.665690e-04
7.676768e-01 6.868687e-01 -4.542524e-01 -4.538966e-01 3.557912e-04
7.777778e-01 6.868687e-01 -4.496871e-01 -4.494450e-01 2.421112e-04
7.878788e-01 6.868687e-01 -4.451677e-01 -4.448085e-01 3.592070e-04
7.979798e-01 6.868687e-01 -4.406937e-01 -4.403220e-01 3.716393e-04
8.080808e-01 6.868687e-01 -4.362646e-01 -4.357232e-01 5.414505e-04
8.181818e-01 6.868687e-01 -4.318801e-01 -4.312884e-01 5.917424e-04
8.282828e-01 6.868687e-01 -4.275396e-01 -4.270779e-01 4.617477e-04
8.383838e-01 6.868687e-01 -4.232428e-01 -4.227688e-01 4.739614e-04
8.484848e-01 6.868687e-01 -4.189891e-01 -4.184142e-01 5.748972e-04
8.585859e-01 6.868687e-01 -4.147782e-01 -4.141935e-01 5.847108e-04
8.686869e-01 6.868687e-01 -4.106096e-01 -4.102632e-01 3.464510e-04
8.787879e-01 6.868687e-01 -4.064829e-01 -4.060186e-01 4.643219e-04
8.888889e-01 6.868687e-01 -4.023977e-01 -4.019634e-01 4.343625e-04
8.989899e-01 6.868687e-01 -3.983536e-01 -3.979853e-01 3.682125e-04
9.090909e-01 6.868687e-01 -3.943500e-01 -3.938421e-01 5.079312e-04
9.191919e-01 6.868687e-01 -3.903867e-01 -3.899142e-01 4.725939e-04
9.292929e-01 6.868687e-01 -3.864633e-01 -3.859447e-01 5.185731e-04
9.393939e-01 6.868687e-01 -3.825793e-01 -3.821770e-01 4.022815e-04
9.494949e-01 6.868687e-01 -3.787343e-01 -3.782687e-01 4.655727e-04
9.595960e-01 6.868687e-01 -3.749279e-01 -3.744310e-01 4.969348e-04
9.696970e-01 6.868687e-01 -3.711599e-01 -3.706435e-01 5.163641e-04
9.797980e-01 6.868687e-01 -3.674296e-01 -3.670197e-01 4.099890e-04
9.898990e-01 6.868687e-01 -3.637369e-01 -3.631805e-01 5.563952e-04
1.000000e+00 6.868687e-01 -3.600813e-01 -3.598007e-01 2.806006e-04
0.000000e+00 6.969697e-01 9.988673e-01 9.983749e-01 4.924598e-04
1.010101e-02 6.969697e-01 9.888286e-01 9.882152e-01 6.133483e-04
2.020202e-02 6.969697e-01 9.788907e-01 9.784342e-01 4.564600e-04
3.030303e-02 6.969697e-01 9.690527e-01 9.685531e-01 4.995252e-04
4.040404e-02 6.969697e-01 9.593135e-01 9.589121e-01 4.013767e-04
5.050505e-02 6.969697e-01 9.496723e-01 9.493051e-01 3.671335e-04
6.060606e-02 6.969697e-01 9.401279e-01 9.398125e-01 3.153456e-04
7.070707e-02 6.969697e-01 9.306794e-01 9.303145e-01 3.649042e-04
8.080808e-02 6.969697e-01 9.213260e-01 9.209946e-01 3.313226e-04
9.090909e-02 6.969697e-01 9.120665e-01 9.117024e-01 3.640884e-04
1.010101e-01 6.969697e-01 9.029001e-01 9.025628e-01 3.372660e-04
1.111111e-01 6.969697e-01 8.938258e-01 8.932869e-01 5.388239e-04
1.212121e-01 6.969697e-01 8.848427e-01 8.843957e-01 4.469513e-04
1.313131e-01 6.969697e-01 8.759499e-01 8.755017e-01 4.481616e-04
1.414141e-01 6.969697e-01 8.671464e-01 8.666852e-01 4.612602e-04
1.515152e-01 6.969697e-01 8.584314e-01 8.579489e-01 4.825474e-04
1.616162e-01 6.969697e-01 8.498041e-01 8.491526e-01 6.515029e-04
1.717172e-01 6.969697e-01 8.412634e-01 8.408782e-01 3.851476e-04
1.818182e-01 6.969697e-01 8.328086e-01 8.322862e-01 5.223201e-04
1.919192e-01 6.969697e-01 8.244387e-01 8.240306e-01 4.081162e-04
2.020202e-01 6.969697e-01 8.161529e-01 8.158427e-01 3.102007e-04
2.121212e-01 6.969697e-01 8.079505e-01 8.076566e-01 2.938298e-04
2.222222e-01 6.969697e-01 7.998304e-01 7.996705e-01 1.599216e-04
2.323232e-01 6.969697e-01 7.917920e-01 7.915661e-01 2.258767e-04
2.424242e-01 6.969697e-01 7.838344e-01 7.837034e-01 1.309225e-04
2.525253e-01 6.969697e-01 7.759567e-01 7.756152e-01 3.415474e-04
2.626263e-01 6.969697e-01 7.681582e-01 7.680681e-01 9.007449e-05
2.727273e-01 6.969697e-01 7.604381e-01 7.604058e-01 3.225309e-05
2.828283e-01 6.969697e-01 7.527956e-01 7.528039e-01 8.299747e-06
2.929293e-01 6.969697e-01 7.452298e-01 7.452110e-01 1.883660e-05
3.030303e-01 6.969697e-01 7.377402e-01 7.377498e-01 9.656974e-06
3.131313e-01 6.969697e-01 7.303257e-01 7.303330e-01 7.283436e-06
3.232323e-01 6.969697e-01 7.229859e-01 7.229556e-01 3.020750e-05
3.333333e-01 6.969697e-01 7.157197e-01 7.155592e-01 1.604795e-04
3.434343e-01 6.969697e-01 7.085266e-01 7.085148e-01 1.181183e-05
3.535354e-01 6.969697e-01 7.014058e-01 7.014230e-01 1.723786e-05
3.636364e-01 6.969697e-01 6.943566e-01 6.943952e-01 3.861841e-05
3.737374e-01 6.969697e-01 6.873782e-01 6.872604e-01 1.177779e-04
3.838384e-01 6.969697e-01 6.804699e-01 6.803659e-01 1.039823e-04
3.939394e-01 6.969697e-01 6.736311e-01 6.735182e-01 1.128859e-04
4.040404e-01 6.969697e-01 6.668610e-01 6.665574e-01 3.035313e-04
4.141414e-01 6.969697e-01 6.601589e-01 6.599240e-01 2.348687e-04
4.242424e-01 6.969697e-01 6.535242e-01 6.533114e-01 2.128205e-04
4.343434e-01 6.969697e-01 6.469562e-01 6.468149e-01 1.412232e-04
4.444444e-01 6.969697e-01 6.404541e-01 6.403524e-01 1.017802e-04
4.545455e-01 6.969697e-01 6.340175e-01 6.337317e-01 2.857550e-04
4.646465e-01 6.969697e-01 6.276455e-01 6.276502e-01 4.704499e-06
4.747475e-01 6.969697e-01 6.213376e-01 6.213393e-01 1.765894e-06
4.848485e-01 6.969697e-01 6.150930e-01 6.150920e-01 9.704167e-07
4.949495e-01 6.969697e-01 6.089112e-01 6.088557e-01 5.555780e-05
5.050505e-01 6.969697e-01 6.027916e-01 6.027253e-01 6.629611e-05
5.151515e-01 6.969697e-01 5.967334e-01 5.967021e-01 3.130926e-05
5.252525e-01 6.969697e-01 5.907361e-01 5.907031e-01 3.300839e-05
5.353535e-01 6.969697e-01 5.847991e-01 5.847519e-01 4.723776e-05
5.454545e-01 6.969697e-01 5.789218e-01 5.788929e-01 2.892654e-05
5.555556e-01 6.969697e-01 5.731036e-01 5.731502e-01 4.660521e-05
5.656566e-01 6.969697e-01 5.673438e-01 5.674621e-01 1.183795e-04
5.757576e-01 6.969697e-01 5.616419e-01 5.617156e-01 7.373530e-05
5.858586e-01 6.969697e-01 5.559973e-01 5.559133e-01 8.394432e-05
5.959596e-01 6.969697e-01 5.504094e-01 5.504081e-01 1.283497e-06
6.060606e-01 6.969697e-01 5.448777e-01 5.449820e-01 1.043137e-04
6.161616e-01 6.969697e-01 5.394016e-01 5.394713e-01 6.973738e-05
6.262626e-01 6.969697e-01 5.339805e-01 5.341173e-01 1.368258e-04
6.363636e-01 6.969697e-01 5.286139e-01 5.286500e-01 3.606351e-05
6.464646e-01 6.969697e-01 5.233013e-01 5.234300e-01 1.287849e-04
6.565657e-01 6.969697e-01 5.180420e-01 5.180097e-01 3.227756e-05
6.666667e-01 6.969697e-01 5.128356e-01 5.127680e-01 6.762102e-05
6.767677e-01 6.969697e-01 5.076815e-01 5.078273e-01 1.457733e-04
6.868687e-01 6.969697e-01 5.025792e-01 5.025771e-01 2.158656e-06
6.969697e-01 6.969697e-01 4.975282e-01 4.975433e-01 1.505504e-05
7.070707e-01 6.969697e-01 4.925280e-01 4.925756e-01 4.763665e-05
7.171717e-01 6.969697e-01 4.875780e-01 4.877197e-01 1.416641e-04
7.272727e-01 6.969697e-01 4.826778e-01 4.826420e-01 3.578592e-05
7.373737e-01 6.969697e-01 4.778268e-01 4.779556e-01 1.288203e-04
7.474747e-01 6.969697e-01 4.730245e-01 4.731387e-01 1.142285e-04
7.575758e-01 6.969697e-01 4.682705e-01 4.681452e-01 1.253543e-04
7.676768e-01 6.969697e-01 4.635643e-01 4.635810e-01 1.661682e-05
7.777778e-01 6.969697e-01 4.589055e-01 4.587668e-01 1.386324e-04
7.878788e-01 6.969697e-01 4.542934e-01 4.542127e-01 8.070879e-05
7.979798e-01 6.969697e-01 4.497277e-01 4.496467e-01 8.090926e-05
8.080808e-01 6.969697e-01 4.452078e-01 4.451268e-01 8.104084e-05
8.181818e-01 6.969697e-01 4.407334e-01 4.405394e-01 1.940402e-04
8.282828e-01 6.969697e-01 4.363040e-01 4.362121e-01 9.189347e-05
8.383838e-01 6.969697e-01 4.319190e-01 4.316219e-01 2.971199e-04
8.484848e-01 6.969697e-01 4.275782e-01 4.273710e-01 2.071757e-04
8.585859e-01 6.969697e-01 4.232809e-01 4.230130e-01 2.679078e-04
8.686869e-01 6.969697e-01 4.190269e-01 4.184943e-01 5.325517e-04
8.787879e-01 6.969697e-01 4.148156e-01 4.146646e-01 1.509794e-04
8.888889e-01 6.969697e-01 4.106466e-01 4.103289e-01 3.177747e-04
8.989899e-01 6.969697e-01 4.065196e-01 4.059959e-01 5.236673e-04
9.090909e-01 6.969697e-01 4.024340e-01 4.020641e-01 3.698686e-04
9.191919e-01 6.969697e-01 3.983895e-01 3.979319e-01 4.575812e-04
9.292929e-01 6.969697e-01 3.943856e-01 3.940917e-01 2.938792e-04
9.393939e-01 6.969697e-01 3.904219e-01 3.901131e-01 3.088189e-04
9.494949e-01 6.969697e-01 3.864981e-01 3.861874e-01 3.107542e-04
9.595960e-01 6.969697e-01 3.826138e-01 3.822884e-01 3.253620e-04
9.696970e-01 6.969697e-01 3.787684e-01 3.785885e-01 1.799587e-04
9.797980e-01 6.969697e-01 3.749617e-01 3.746933e-01 2.684068e-04
9.898990e-01 6.969697e-01 3.711933e-01 3.709192e-01 2.740854e-04
1.000000e+00 6.969697e-01 3.674628e-01 3.668471e-01 6.156607e-04
0.000000e+00 7.070707e-01 -9.938385e-01 -9.940892e-01 2.507813e-04
1.010101e-02 7.070707e-01 -9.838502e-01 -9.840096e-01 1.594008e-04
2.020202e-02 7.070707e-01 -9.739624e-01 -9.740164e-01 5.406360e-05
3.030303e-02 7.070707e-01 -9.641739e-01 -9.642305e-01 5.665669e-05
4.040404e-02 7.070707e-01 -9.544838e-01 -9.544507e-01 3.304644e-05
5.050505e-02 7.070707e-01 -9.448911e-01 -9.447572e-01 1.338292e-04
6.060606e-02 7.070707e-01 -9.353947e-01 -9.353079e-01 8.687984e-05
7.070707e-02 7.070707e-01 -9.259939e-01 -9.258657e-01 1.282174e-04
8.080808e-02 7.070707e-01 -9.166875e-01 -9.165267e-01 1.608001e-04
9.090909e-02 7.070707e-01 -9.074746e-01 -9.072948e-01 1.798636e-04
1.010101e-01 7.070707e-01 -8.983543e-01 -8.981614e-01 1.929318e-04
1.111111e-01 7.070707e-01 -8.893257e-01 -8.891631e-01 1.625961e-04
1.212121e-01 7.070707e-01 -8.803879e-01 -8.800988e-01 2.890414e-04
1.313131e-01 7.070707e-01 -8.715398e-01 -8.713323e-01 2.075290e-04
1.414141e-01 7.070707e-01 -8.627807e-01 -8.626462e-01 1.344746e-04
1.515152e-01 7.070707e-01 -8.541096e-01 -8.538690e-01 2.406460e-04
1.616162e-01 7.070707e-01 -8.455257e-01 -8.452035e-01 3.221449e-04
1.717172e-01 7.070707e-01 -8.370280e-01 -8.366733e-01 3.547305e-04
1.818182e-01 7.070707e-01 -8.286157e-01 -8.283801e-01 2.356120e-04
1.919192e-01 7.070707e-01 -8.202880e-01 -8.200587e-01 2.292907e-04
2.020202e-01 7.070707e-01 -8.120440e-01 -8.117849e-01 2.590999e-04
2.121212e-01 7.070707e-01 -8.038828e-01 -8.036567e-01 2.260893e-04
2.222222e-01 7.070707e-01 -7.958036e-01 -7.955315e-01 2.721196e-04
2.323232e-01 7.070707e-01 -7.878057e-01 -7.875489e-01 2.567725e-04
2.424242e-01 7.070707e-01 -7.798881e-01 -7.797228e-01 1.652844e-04
2.525253e-01 7.070707e-01 -7.720501e-01 -7.718636e-01 1.865095e-04
2.626263e-01 7.070707e-01 -7.642909e-01 -7.641234e-01 1.674177e-04
2.727273e-01 7.070707e-01 -7.566096e-01 -7.563139e-01 2.956873e-04
2.828283e-01 7.070707e-01 -7.490056e-01 -7.488462e-01 1.593817e-04
2.929293e-01 7.070707e-01 -7.414779e-01 -7.413429e-01 1.350225e-04
3.030303e-01 7.070707e-01 -7.340259e-01 -7.339237e-01 1.022746e-04
3.131313e-01 7.070707e-01 -7.266489e-01 -7.265551e-01 9.375642e-05
3.232323e-01 7.070707e-01 -7.193459e-01 -7.192503e-01 9.560216e-05
3.333333e-01 7.070707e-01 -7.121164e-01 -7.120556e-01 6.081351e-05
3.434343e-01 7.070707e-01 -7.049595e-01 -7.048413e-01 1.182333e-04
3.535354e-01 7.070707e-01 -6.978745e-01 -6.978948e-01 2.028222e-05
3.636364e-01 7.070707e-01 -6.908608e-01 -6.907277e-01 1.330637e-04
3.737374e-01 7.070707e-01 -6.839175e-01 -6.838714e-01 4.612032e-05
3.838384e-01 7.070707e-01 -6.770440e-01 -6.769532e-01 9.082757e-05
3.939394e-01 7.070707e-01 -6.702396e-01 -6.700495e-01 1.900710e-04
4.040404e-01 7.070707e-01 -6.635036e-01 -6.634640e-01 3.964936e-05
4.141414e-01 7.070707e-01 -6.568353e-01 -6.567565e-01 7.875778e-05
4.242424e-01 7.070707e-01 -6.502340e-01 -6.501651e-01 6.889329e-05
4.343434e-01 7.070707e-01 -6.436990e-01 -6.435721e-01 1.269227e-04
4.444444e-01 7.070707e-01 -6.372297e-01 -6.370205e-01 2.092640e-04
4.545455e-01 7.070707e-01 -6.308255e-01 -6.307906e-01 3.487670e-05
4.646465e-01 7.070707e-01 -6.244856e-01 -6.242857e-01 1.998692e-04
4.747475e-01 7.070707e-01 -6.182094e-01 -6.179645e-01 2.448772e-04
4.848485e-01 7.070707e-01 -6.119963e-01 -6.119977e-01 1.447290e-06
4.949495e-01 7.070707e-01 -6.058456e-01 -6.056687e-01 1.769480e-04
5.050505e-01 7.070707e-01 -5.997568e-01 -5.996755e-01 8.122671e-05
5.151515e-01 7.070707e-01 -5.937291e-01 -5.935429e-01 1.861742e-04
5.252525e-01 7.070707e-01 -5.877620e-01 -5.876256e-01 1.364087e-04
5.353535e-01 7.070707e-01 -5.818549e-01 -5.816959e-01 1.590111e-04
5.454545e-01 7.070707e-01 -5.760072e-01 -5.758488e-01 1.583688e-04
5.555556e-01 7.070707e-01 -5.702182e-01 -5.701305e-01 8.775123e-05
5.656566e-01 7.070707e-01 -5.644874e-01 -5.642952e-01 1.922581e-04
5.757576e-01 7.070707e-01 -5.588142e-01 -5.585709e-01 2.433764e-04
5.858586e-01 7.070707e-01 -5.531981e-01 -5.530359e-01 1.622070e-04
5.959596e-01 7.070707e-01 -5.476383e-01 -5.474730e-01 1.653760e-04
6.060606e-01 7.070707e-01 -5.421345e-01 -5.419524e-01 1.821019e-04
6.161616e-01 7.070707e-01 -5.366859e-01 -5.366079e-01 7.807042e-05
6.262626e-01 7.070707e-01 -5.312921e-01 -5.310826e-01 2.095189e-04
6.363636e-01 7.070707e-01 -5.259526e-01 -5.257028e-01 2.497406e-04
6.464646e-01 7.070707e-01 -5.206667e-01 -5.203978e-01 2.688816e-04
6.565657e-01 7.070707e-01 -5.154339e-01 -5.151411e-01 2.927479e-04
6.666667e-01 7.070707e-01 -5.102537e-01 -5.100787e-01 1.750126e-04
6.767677e-01 7.070707e-01 -5.051255e-01 -5.048207e-01 3.048424e-04
6.868687e-01 7.070707e-01 -5.000490e-01 -4.998466e-01 2.023735e-04
6.969697e-01 7.070707e-01 -4.950234e-01 -4.947766e-01 2.467695e-04
7.070707e-01 7.070707e-01 -4.900483e-01 -4.896650e-01 3.832774e-04
7.171717e-01 7.070707e-01 -4.851232e-01 -4.848181e-01 3.051410e-04
7.272727e-01 7.070707e-01 -4.802477e-01 -4.800156e-01 2.320372e-04
7.373737e-01 7.070707e-01 -4.754211e-01 -4.750704e-01 3.507464e-04
7.474747e-01 7.070707e-01 -4.706430e-01 -4.702688e-01 3.741971e-04
7.575758e-01 7.070707e-01 -4.659130e-01 -4.655484e-01 3.646057e-04
7.676768e-01 7.070707e-01 -4.612305e-01 -4.608294e-01 4.011215e-04
7.777778e-01 7.070707e-01 -4.565951e-01 -4.562417e-01 3.533286e-04
7.878788e-01 7.070707e-01 -4.520062e-01 -4.514638e-01 5.423807e-04
7.979798e-01 7.070707e-01 -4.474635e-01 -4.468483e-01 6.151886e-04
8.080808e-01 7.070707e-01 -4.429664e-01 -4.423829e-01 5.834480e-04
8.181818e-01 7.070707e-01 -4.385145e-01 -4.379073e-01 6.071558e-04
8.282828e-01 7.070707e-01 -4.341074e-01 -4.334718e-01 6.355515e-04
8.383838e-01 7.070707e-01 -4.297445e-01 -4.292201e-01 5.244189e-04
8.484848e-01 7.070707e-01 -4.254255e-01 -4.247167e-01 7.087846e-04
8.585859e-01 7.070707e-01 -4.211499e-01 -4.204926e-01 6.572496e-04
8.686869e-01 7.070707e-01 -4.169173e-01 -4.164137e-01 5.036074e-04
8.787879e-01 7.070707e-01 -4.127272e-01 -4.122080e-01 5.192232e-04
8.888889e-01 7.070707e-01 -4.085792e-01 -4.079918e-01 5.874406e-04
8.989899e-01 7.070707e-01 -4.044729e-01 -4.039310e-01 5.418969e-04
9.090909e-01 7.070707e-01 -4.004079e-01 -3.997942e-01 6.136776e-04
9.191919e-01 7.070707e-01 -3.963837e-01 -3.959534e-01 4.303157e-04
9.292929e-01 7.070707e-01 -3.924000e-01 -3.916627e-01 7.372933e-04
9.393939e-01 7.070707e-01 -3.884563e-01 -3.879751e-01 4.812281e-04
9.494949e-01 7.070707e-01 -3.845523e-01 -3.840954e-01 4.568438e-04
9.595960e-01 7.070707e-01 -3.806875e-01 -3.799673e-01 7.201280e-04
9.696970e-01 7.070707e-01 -3.768615e-01 -3.762451e-01 6.163466e-04
9.797980e-01 7.070707e-01 -3.730740e-01 -3.723905e-01 6.834584e-04
9.898990e-01 7.070707e-01 -3.693245e-01 -3.685819e-01 7.426206e-04
1.000000e+00 7.070707e-01 -3.656127e-01 -3.651347e-01 4.780229e-04
0.000000e+00 7.171717e-01 9.638422e-01 9.626024e-01 1.239722e-03
1.010101e-02 7.171717e-01 9.541554e-01 9.530065e-01 1.148879e-03
2.020202e-02 7.171717e-01 9.445660e-01 9.434817e-01 1.084281e-03
3.030303e-02 7.171717e-01 9.350729e-01 9.339539e-01 1.119038e-03
4.040404e-02 7.171717e-01 9.256753e-01 9.245863e-01 1.088985e-03
5.050505e-02 7.171717e-01 9.163721e-01 9.153670e-01 1.005083e-03
6.060606e-02 7.171717e-01 9.071624e-01 9.062384e-01 9.239622e-04
7.070707e-02 7.171717e-01 8.980453e-01 8.971015e-01 9.437445e-04
8.080808e-02 7.171717e-01 8.890198e-01 8.880872e-01 9.325487e-04
9.090909e-02 7.171717e-01 8.800850e-01 8.791928e-01 8.921362e-04
1.010101e-01 7.171717e-01 8.712400e-01 8.703519e-01 8.880546e-04
1.111111e-01 7.171717e-01 8.624839e-01 8.615494e-01 9.344216e-04
1.212121e-01 7.171717e-01 8.538158e-01 8.529062e-01 9.095254e-04
1.313131e-01 7.171717e-01 8.452348e-01 8.443723e-01 8.624898e-04
1.414141e-01 7.171717e-01 8.367400e-01 8.359205e-01 8.194997e-04
1.515152e-01 7.171717e-01 8.283306e-01 8.274928e-01 8.378031e-04
1.616162e-01 7.171717e-01 8.200058e-01 8.191133e-01 8.925211e-04
1.717172e-01 7.171717e-01 8.117646e-01 8.110200e-01 7.445646e-04
1.818182e-01 7.171717e-01 8.036062e-01 8.028225e-01 7.837416e-04
1.919192e-01 7.171717e-01 7.955298e-01 7.948096e-01 7.202564e-04
2.020202e-01 7.171717e-01 7.875346e-01 7.869071e-01 6.275523e-04
2.121212e-01 7.171717e-01 7.796198e-01 7.790192e-01 6.005982e-04
2.222222e-01 7.171717e-01 7.717845e-01 7.712747e-01 5.097214e-04
2.323232e-01 7.171717e-01 7.640279e-01 7.634903e-01 5.376450e-04
2.424242e-01 7.171717e-01 7.563493e-01 7.558154e-01 5.339105e-04
2.525253e-01 7.171717e-01 7.487479e-01 7.481498e-01 5.981084e-04
2.626263e-01 7.171717e-01 7.412228e-01 7.406791e-01 5.437353e-04
2.727273e-01 7.171717e-01 7.337734e-01 7.332469e-01 5.264855e-04
2.828283e-01 7.171717e-01 7.263989e-01 7.259887e-01 4.101176e-04
2.929293e-01 7.171717e-01 7.190984e-01 7.185850e-01 5.134196e-04
3.030303e-01 7.171717e-01 7.118714e-01 7.113897e-01 4.816547e-04
3.131313e-01 7.171717e-01 7.047169e-01 7.042782e-01 4.387188e-04
3.232323e-01 7.171717e-01 6.976344e-01 6.971548e-01 4.796071e-04
3.333333e-01 7.171717e-01 6.906231e-01 6.900609e-01 5.621715e-04
3.434343e-01 7.171717e-01 6.836822e-01 6.832377e-01 4.445364e-04
3.535354e-01 7.171717e-01 6.768111e-01 6.764330e-01 3.781212e-04
3.636364e-01 7.171717e-01 6.700090e-01 6.696376e-01 3.714636e-04
3.737374e-01 7.171717e-01 6.632753e-01 6.628422e-01 4.331679e-04
3.838384e-01 7.171717e-01 6.566093e-01 6.562892e-01 3.200753e-04
3.939394e-01 7.171717e-01 6.500103e-01 6.496570e-01 3.532515e-04
4.040404e-01 7.171717e-01 6.434776e-01 6.432646e-01 2.129597e-04
4.141414e-01 7.171717e-01 6.370105e-01 6.367744e-01 2.361339e-04
4.242424e-01 7.171717e-01 6.306084e-01 6.304246e-01 1.838149e-04
4.343434e-01 7.171717e-01 6.242707e-01 6.242540e-01 1.672580e-05
4.444444e-01 7.171717e-01 6.179967e-01 6.178949e-01 1.018017e-04
4.545455e-01 7.171717e-01 6.117857e-01 6.117023e-01 8.339719e-05
4.646465e-01 7.171717e-01 6.056372e-01 6.057845e-01 1.473038e-04
4.747475e-01 7.171717e-01 5.995504e-01 5.996936e-01 1.431787e-04
4.848485e-01 7.171717e-01 5.935248e-01 5.937940e-01 2.691519e-04
4.949495e-01 7.171717e-01 5.875598e-01 5.876890e-01 1.292290e-04
5.050505e-01 7.171717e-01 5.816547e-01 5.818235e-01 1.687289e-04
5.151515e-01 7.171717e-01 5.758090e-01 5.760391e-01 2.300634e-04
5.252525e-01 7.171717e-01 5.700220e-01 5.701867e-01 1.646980e-04
5.353535e-01 7.171717e-01 5.642932e-01 5.644460e-01 1.528121e-04
5.454545e-01 7.171717e-01 5.586220e-01 5.587700e-01 1.480217e-04
5.555556e-01 7.171717e-01 5.530077e-01 5.532610e-01 2.533061e-04
5.656566e-01 7.171717e-01 5.474499e-01 5.475831e-01 1.331873e-04
5.757576e-01 7.171717e-01 5.419480e-01 5.421295e-01 1.815634e-04
5.858586e-01 7.171717e-01 5.365013e-01 5.366012e-01 9.995923e-05
5.959596e-01 7.171717e-01 5.311094e-01 5.312811e-01 1.716950e-04
6.060606e-01 7.171717e-01 5.257716e-01 5.258985e-01 1.268349e-04
6.161616e-01 7.171717e-01 5.204875e-01 5.207093e-01 2.217467e-04
6.262626e-01 7.171717e-01 5.152565e-01 5.154317e-01 1.751588e-04
6.363636e-01 7.171717e-01 5.100781e-01 5.102218e-01 1.437095e-04
6.464646e-01 7.171717e-01 5.049518e-01 5.050260e-01 7.428304e-05
6.565657e-01 7.171717e-01 4.998769e-01 4.999839e-01 1.070263e-04
6.666667e-01 7.171717e-01 4.948531e-01 4.949028e-01 4.978495e-05
6.767677e-01 7.171717e-01 4.898797e-01 4.900296e-01 1.499244e-04
6.868687e-01 7.171717e-01 4.849563e-01 4.851819e-01 2.255617e-04
6.969697e-01 7.171717e-01 4.800824e-01 4.801408e-01 5.839066e-05
7.070707e-01 7.171717e-01 4.752575e-01 4.753673e-01 1.097716e-04
7.171717e-01 7.171717e-01 4.704811e-01 4.706362e-01 1.550404e-04
7.272727e-01 7.171717e-01 4.657527e-01 4.659276e-01 1.748955e-04
7.373737e-01 7.171717e-01 4.610718e-01 4.611637e-01 9.188642e-05
7.474747e-01 7.171717e-01 4.564380e-01 4.565243e-01 8.628805e-05
7.575758e-01 7.171717e-01 4.518507e-01 4.519416e-01 9.092196e-05
7.676768e-01 7.171717e-01 4.473095e-01 4.473954e-01 8.584161e-05
7.777778e-01 7.171717e-01 4.428140e-01 4.427526e-01 6.137822e-05
7.878788e-01 7.171717e-01 4.383636e-01 4.384219e-01 5.828119e-05
7.979798e-01 7.171717e-01 4.339580e-01 4.340652e-01 1.071666e-04
8.080808e-01 7.171717e-01 4.295966e-01 4.297179e-01 1.212816e-04
8.181818e-01 7.171717e-01 4.252791e-01 4.253025e-01 2.334685e-05
8.282828e-01 7.171717e-01 4.210050e-01 4.211378e-01 1.328069e-04
8.383838e-01 7.171717e-01 4.167738e-01 4.168747e-01 1.009039e-04
8.484848e-01 7.171717e-01 4.125852e-01 4.125796e-01 5.620097e-06
8.585859e-01 7.171717e-01 4.084386e-01 4.084273e-01 1.133856e-05
8.686869e-01 7.171717e-01 4.043338e-01 4.044012e-01 6.745250e-05
8.787879e-01 7.171717e-01 4.002701e-01 4.003821e-01 1.119626e-04
8.888889e-01 7.171717e-01 3.962474e-01 3.962714e-01 2.402031e-05
8.989899e-01 7.171717e-01 3.922650e-01 3.923277e-01 6.266060e-05
9.090909e-01 7.171717e-01 3.883227e-01 3.884563e-01 1.336078e-04
9.191919e-01 7.171717e-01 3.844200e-01 3.846303e-01 2.103527e-04
9.292929e-01 7.171717e-01 3.805565e-01 3.807032e-01 1.466959e-04
9.393939e-01 7.171717e-01 3.767318e-01 3.769511e-01 2.192991e-04
9.494949e-01 7.171717e-01 3.729456e-01 3.732276e-01 2.819846e-04
9.595960e-01 7.171717e-01 3.691974e-01 3.694197e-01 2.222775e-04
9.696970e-01 7.171717e-01 3.654870e-01 3.656726e-01 1.856378e-04
9.797980e-01 7.171717e-01 3.618137e-01 3.619865e-01 1.727422e-04
9.898990e-01 7.171717e-01 3.581775e-01 3.582968e-01 1.193837e-04
1.000000e+00 7.171717e-01 3.545777e-01 3.546605e-01 8.273674e-05
0.000000e+00 7.272727e-01 -9.096320e-01 -9.096717e-01 3.966888e-05
1.010101e-02 7.272727e-01 -9.004900e-01 -9.006118e-01 1.217156e-04
2.020202e-02 7.272727e-01 -8.914400e-01 -8.915211e-01 8.112826e-05
3.030303e-02 7.272727e-01 -8.824808e-01 -8.826512e-01 1.703617e-04
4.040404e-02 7.272727e-01 -8.736118e-01 -8.737508e-01 1.390370e-04
5.050505e-02 7.272727e-01 -8.648318e-01 -8.649100e-01 7.818114e-05
6.060606e-02 7.272727e-01 -8.561401e-01 -8.562759e-01 1.357943e-04
7.070707e-02 7.272727e-01 -8.475358e-01 -8.477529e-01 2.171575e-04
8.080808e-02 7.272727e-01 -8.390179e-01 -8.391453e-01 1.274069e-04
9.090909e-02 7.272727e-01 -8.305856e-01 -8.307942e-01 2.085887e-04
1.010101e-01 7.272727e-01 -8.222381e-01 -8.223928e-01 1.547184e-04
1.111111e-01 7.272727e-01 -8.139745e-01 -8.141124e-01 1.379516e-04
1.212121e-01 7.272727e-01 -8.057939e-01 -8.057488e-01 4.507420e-05
1.313131e-01 7.272727e-01 -7.976955e-01 -7.978534e-01 1.578187e-04
1.414141e-01 7.272727e-01 -7.896786e-01 -7.897437e-01 6.510266e-05
1.515152e-01 7.272727e-01 -7.817422e-01 -7.817730e-01 3.081273e-05
1.616162e-01 7.272727e-01 -7.738855e-01 -7.738706e-01 1.493243e-05
1.717172e-01 7.272727e-01 -7.661078e-01 -7.659689e-01 1.389229e-04
1.818182e-01 7.272727e-01 -7.584083e-01 -7.582811e-01 1.272188e-04
1.919192e-01 7.272727e-01 -7.507862e-01 -7.507875e-01 1.295860e-06
2.020202e-01 7.272727e-01 -7.432407e-01 -7.431520e-01 8.865222e-05
2.121212e-01 7.272727e-01 -7.357710e-01 -7.356465e-01 1.244960e-04
2.222222e-01 7.272727e-01 -7.283764e-01 -7.282486e-01 1.277654e-04
2.323232e-01 7.272727e-01 -7.210561e-01 -7.208347e-01 2.213260e-04
2.424242e-01 7.272727e-01 -7.138093e-01 -7.137038e-01 1.055732e-04
2.525253e-01 7.272727e-01 -7.066354e-01 -7.065688e-01 6.658527e-05
2.626263e-01 7.272727e-01 -6.995336e-01 -6.994613e-01 7.227807e-05
2.727273e-01 7.272727e-01 -6.925032e-01 -6.922402e-01 2.629516e-04
2.828283e-01 7.272727e-01 -6.855434e-01 -6.854881e-01 5.531282e-05
2.929293e-01 7.272727e-01 -6.786536e-01 -6.785772e-01 7.640766e-05
3.030303e-01 7.272727e-01 -6.718330e-01 -6.718398e-01 6.822346e-06
3.131313e-01 7.272727e-01 -6.650810e-01 -6.650327e-01 4.823307e-05
3.232323e-01 7.272727e-01 -6.583968e-01 -6.583971e-01 2.754239e-07
3.333333e-01 7.272727e-01 -6.517798e-01 -6.518555e-01 7.566298e-05
3.434343e-01 7.272727e-01 -6.452293e-01 -6.452185e-01 1.081882e-05
3.535354e-01 7.272727e-01 -6.387446e-01 -6.387895e-01 4.488602e-05
3.636364e-01 7.272727e-01 -6.323252e-01 -6.323212e-01 3.920130e-06
3.737374e-01 7.272727e-01 -6.259702e-01 -6.260195e-01 4.929215e-05
3.838384e-01 7.272727e-01 -6.196791e-01 -6.197375e-01 5.842465e-05
3.939394e-01 7.272727e-01 -6.134512e-01 -6.134412e-01 9.974621e-06
4.040404e-01 7.272727e-01 -6.072859e-01 -6.075003e-01 2.143978e-04
4.141414e-01 7.272727e-01 -6.011826e-01 -6.011999e-01 1.727284e-05
4.242424e-01 7.272727e-01 -5.951406e-01 -5.951328e-01 7.779749e-06
4.343434e-01 7.272727e-01 -5.891593e-01 -5.891445e-01 1.487716e-05
4.444444e-01 7.272727e-01 -5.832382e-01 -5.832115e-01 2.665493e-05
4.545455e-01 7.272727e-01 -5.773766e-01 -5.773635e-01 1.306423e-05
4.646465e-01 7.272727e-01 -5.715738e-01 -5.716270e-01 5.319591e-05
4.747475e-01 7.272727e-01 -5.658294e-01 -5.658475e-01 1.810309e-05
4.848485e-01 7.272727e-01 -5.601427e-01 -5.602802e-01 1.374705e-04
4.949495e-01 7.272727e-01 -5.545132e-01 -5.544518e-01 6.138249e-05
5.050505e-01 7.272727e-01 -5.489403e-01 -5.490365e-01 9.624701e-05
5.151515e-01 7.272727e-01 -5.434233e-01 -5.435117e-01 8.843331e-05
5.252525e-01 7.272727e-01 -5.379618e-01 -5.380245e-01 6.272436e-05
5.353535e-01 7.272727e-01 -5.325552e-01 -5.325930e-01 3.779723e-05
5.454545e-01 7.272727e-01 -5.272029e-01 -5.271581e-01 4.480506e-05
5.555556e-01 7.272727e-01 -5.219045e-01 -5.220481e-01 1.436468e-04
5.656566e-01 7.272727e-01 -5.166592e-01 -5.165616e-01 9.761489e-05
5.757576e-01 7.272727e-01 -5.114667e-01 -5.114310e-01 3.575223e-05
5.858586e-01 7.272727e-01 -5.063264e-01 -5.063859e-01 5.951710e-05
5.959596e-01 7.272727e-01 -5.012377e-01 -5.011708e-01 6.698636e-05
6.060606e-01 7.272727e-01 -4.962002e-01 -4.960028e-01 1.974249e-04
6.161616e-01 7.272727e-01 -4.912133e-01 -4.911283e-01 8.499803e-05
6.262626e-01 7.272727e-01 -4.862765e-01 -4.860681e-01 2.084184e-04
6.363636e-01 7.272727e-01 -4.813894e-01 -4.811813e-01 2.081239e-04
6.464646e-01 7.272727e-01 -4.765513e-01 -4.761032e-01 4.481578e-04
6.565657e-01 7.272727e-01 -4.717619e-01 -4.713410e-01 4.209103e-04
6.666667e-01 7.272727e-01 -4.670206e-01 -4.666873e-01 3.333168e-04
6.767677e-01 7.272727e-01 -4.623270e-01 -4.619080e-01 4.190206e-04
6.868687e-01 7.272727e-01 -4.576805e-01 -4.573787e-01 3.017951e-04
6.969697e-01 7.272727e-01 -4.530808e-01 -4.525967e-01 4.841102e-04
7.070707e-01 7.272727e-01 -4.485272e-01 -4.479694e-01 5.578009e-04
7.171717e-01 7.272727e-01 -4.440195e-01 -4.434845e-01 5.349195e-04
7.272727e-01 7.272727e-01 -4.395570e-01 -4.391326e-01 4.244236e-04
7.373737e-01 7.272727e-01 -4.351394e-01 -4.344441e-01 6.953041e-04
7.474747e-01 7.272727e-01 -4.307662e-01 -4.302293e-01 5.368447e-04
7.575758e-01 7.272727e-01 -4.264369e-01 -4.259816e-01 4.552387e-04
7.676768e-01 7.272727e-01 -4.221511e-01 -4.216107e-01 5.404049e-04
7.777778e-01 7.272727e-01 -4.179084e-01 -4.173862e-01 5.222548e-04
7.878788e-01 7.272727e-01 -4.137084e-01 -4.131234e-01 5.850106e-04
7.979798e-01 7.272727e-01 -4.095505e-01 -4.090034e-01 5.471649e-04
8.080808e-01 7.272727e-01 -4.054345e-01 -4.048544e-01 5.800740e-04
8.181818e-01 7.272727e-01 -4.013598e-01 -4.006084e-01 7.513864e-04
8.282828e-01 7.272727e-01 -3.973261e-01 -3.965560e-01 7.700542e-04
8.383838e-01 7.272727e-01 -3.933329e-01 -3.928339e-01 4.989328e-04
8.484848e-01 7.272727e-01 -3.893798e-01 -3.886427e-01 7.371514e-04
8.585859e-01 7.272727e-01 -3.854665e-01 -3.847140e-01 7.524808e-04
8.686869e-01 7.272727e-01 -3.815925e-01 -3.811042e-01 4.882550e-04
8.787879e-01 7.272727e-01 -3.777574e-01 -3.771971e-01 5.602716e-04
8.888889e-01 7.272727e-01 -3.739609e-01 -3.733109e-01 6.499696e-04
8.989899e-01 7.272727e-01 -3.702025e-01 -3.695513e-01 6.512230e-04
9.090909e-01 7.272727e-01 -3.664819e-01 -3.657541e-01 7.277996e-04
9.191919e-01 7.272727e-01 -3.627987e-01 -3.621489e-01 6.498418e-04
9.292929e-01 7.272727e-01 -3.591525e-01 -3.583559e-01 7.966555e-04
9.393939e-01 7.272727e-01 -3.555430e-01 -3.548706e-01 6.724349e-04
9.494949e-01 7.272727e-01 -3.519697e-01 -3.514524e-01 5.173758e-04
9.595960e-01 7.272727e-01 -3.484324e-01 -3.475717e-01 8.606416e-04
9.696970e-01 7.272727e-01 -3.449306e-01 -3.440975e-01 8.330739e-04
9.797980e-01 7.272727e-01 -3.414640e-01 -3.408018e-01 6.621243e-04
9.898990e-01 7.272727e-01 -3.380322e-01 -3.372904e-01 7.417836e-04
1.000000e+00 7.272727e-01 -3.346349e-01 -3.341640e-01 4.708867e-04
0.000000e+00 7.373737e-01 8.325699e-01 8.313367e-01 1.233118e-03
1.010101e-02 7.373737e-01 8.242024e-01 8.230138e-01 1.188607e-03
2.020202e-02 7.373737e-01 8.159190e-01 8.147507e-01 1.168287e-03
3.030303e-02 7.373737e-01 8.077189e-01 8.064518e-01 1.267099e-03
4.040404e-02 7.373737e-01 7.996012e-01 7.983299e-01 1.271238e-03
5.050505e-02 7.373737e-01 7.915651e-01 7.902823e-01 1.282753e-03
6.060606e-02 7.373737e-01 7.836097e-01 7.823109e-01 1.298799e-03
7.070707e-02 7.373737e-01 7.757343e-01 7.744393e-01 1.295019e-03
8.080808e-02 7.373737e-01 7.679380e-01 7.666204e-01 1.317638e-03
9.090909e-02 7.373737e-01 7.602201e-01 7.589413e-01 1.278838e-03
1.010101e-01 7.373737e-01 7.525798e-01 7.512108e-01 1.368983e-03
1.111111e-01 7.373737e-01 7.450162e-01 7.435585e-01 1.457714e-03
1.212121e-01 7.373737e-01 7.375287e-01 7.361020e-01 1.426718e-03
1.313131e-01 7.373737e-01 7.301164e-01 7.287310e-01 1.385381e-03
1.414141e-01 7.373737e-01 7.227786e-01 7.213681e-01 1.410491e-03
1.515152e-01 7.373737e-01 7.155146e-01 7.140177e-01 1.496891e-03
1.616162e-01 7.373737e-01 7.083235e-01 7.068143e-01 1.509191e-03
1.717172e-01 7.373737e-01 7.012048e-01 6.999009e-01 1.303905e-03
1.818182e-01 7.373737e-01 6.941575e-01 6.927258e-01 1.431768e-03
1.919192e-01 7.373737e-01 6.871811e-01 6.857570e-01 1.424106e-03
2.020202e-01 7.373737e-01 6.802749e-01 6.790385e-01 1.236397e-03
2.121212e-01 7.373737e-01 6.734380e-01 6.721321e-01 1.305912e-03
2.222222e-01 7.373737e-01 6.666698e-01 6.654890e-01 1.180805e-03
2.323232e-01 7.373737e-01 6.599697e-01 6.587746e-01 1.195066e-03
2.424242e-01 7.373737e-01 6.533369e-01 6.521015e-01 1.235418e-03
2.525253e-01 7.373737e-01 6.467707e-01 6.455255e-01 1.245216e-03
2.626263e-01 7.373737e-01 6.402706e-01 6.391386e-01 1.131999e-03
2.727273e-01 7.373737e-01 6.338358e-01 6.327711e-01 1.064618e-03
2.828283e-01 7.373737e-01 6.274656e-01 6.265153e-01 9.502687e-04
2.929293e-01 7.373737e-01 6.211595e-01 6.201382e-01 1.021296e-03
3.030303e-01 7.373737e-01 6.149167e-01 6.139878e-01 9.289047e-04
3.131313e-01 7.373737e-01 6.087367e-01 6.077870e-01 9.496800e-04
3.232323e-01 7.373737e-01 6.026188e-01 6.016911e-01 9.276613e-04
3.333333e-01 7.373737e-01 5.965624e-01 5.955486e-01 1.013739e-03
3.434343e-01 7.373737e-01 5.905668e-01 5.897256e-01 8.412045e-04
3.535354e-01 7.373737e-01 5.846315e-01 5.838520e-01 7.795303e-04
3.636364e-01 7.373737e-01 5.787559e-01 5.780074e-01 7.484794e-04
3.737374e-01 7.373737e-01 5.729393e-01 5.720513e-01 8.879999e-04
3.838384e-01 7.373737e-01 5.671812e-01 5.662559e-01 9.252245e-04
3.939394e-01 7.373737e-01 5.614809e-01 5.605764e-01 9.044478e-04
4.040404e-01 7.373737e-01 5.558379e-01 5.550520e-01 7.859280e-04
4.141414e-01 7.373737e-01 5.502516e-01 5.493564e-01 8.952461e-04
4.242424e-01 7.373737e-01 5.447215e-01 5.437686e-01 9.528822e-04
4.343434e-01 7.373737e-01 5.392470e-01 5.383924e-01 8.545600e-04
4.444444e-01 7.373737e-01 5.338275e-01 5.328003e-01 1.027146e-03
4.545455e-01 7.373737e-01 5.284624e-01 5.273948e-01 1.067577e-03
4.646465e-01 7.373737e-01 5.231513e-01 5.222785e-01 8.727853e-04
4.747475e-01 7.373737e-01 5.178935e-01 5.169163e-01 9.772407e-04
4.848485e-01 7.373737e-01 5.126886e-01 5.118400e-01 8.486140e-04
4.949495e-01 7.373737e-01 5.075360e-01 5.065100e-01 1.025975e-03
5.050505e-01 7.373737e-01 5.024352e-01 5.014274e-01 1.007761e-03
5.151515e-01 7.373737e-01 4.973856e-01 4.964803e-01 9.052703e-04
5.252525e-01 7.373737e-01 4.923868e-01 4.914028e-01 9.840329e-04
5.353535e-01 7.373737e-01 4.874382e-01 4.864190e-01 1.019217e-03
5.454545e-01 7.373737e-01 4.825394e-01 4.816879e-01 8.514999e-04
5.555556e-01 7.373737e-01 4.776898e-01 4.770457e-01 6.440574e-04
5.656566e-01 7.373737e-01 4.728889e-01 4.721634e-01 7.255014e-04
5.757576e-01 7.373737e-01 4.681363e-01 4.674283e-01 7.080011e-04
5.858586e-01 7.373737e-01 4.634315e-01 4.628285e-01 6.029628e-04
5.959596e-01 7.373737e-01 4.587739e-01 4.581783e-01 5.956346e-04
6.060606e-01 7.373737e-01 4.541632e-01 4.535829e-01 5.802198e-04
6.161616e-01 7.373737e-01 4.495987e-01 4.492023e-01 3.964479e-04
6.262626e-01 7.373737e-01 4.450802e-01 4.445931e-01 4.871329e-04
6.363636e-01 7.373737e-01 4.406071e-01 4.400386e-01 5.684534e-04
6.464646e-01 7.373737e-01 4.361789e-01 4.356446e-01 5.342738e-04
6.565657e-01 7.373737e-01 4.317952e-01 4.312879e-01 5.073453e-04
6.666667e-01 7.373737e-01 4.274556e-01 4.267262e-01 7.294537e-04
6.767677e-01 7.373737e-01 4.231596e-01 4.225560e-01 6.035735e-04
6.868687e-01 7.373737e-01 4.189068e-01 4.183558e-01 5.510287e-04
6.969697e-01 7.373737e-01 4.146967e-01 4.140695e-01 6.271754e-04
7.070707e-01 7.373737e-01 4.105289e-01 4.098461e-01 6.828109e-04
7.171717e-01 7.373737e-01 4.064031e-01 4.057764e-01 6.266128e-04
7.272727e-01 7.373737e-01 4.023186e-01 4.016087e-01 7.099301e-04
7.373737e-01 7.373737e-01 3.982753e-01 3.975003e-01 7.749303e-04
7.474747e-01 7.373737e-01 3.942725e-01 3.935239e-01 7.486023e-04
7.575758e-01 7.373737e-01 3.903100e-01 3.894798e-01 8.302133e-04
7.676768e-01 7.373737e-01 3.863873e-01 3.856001e-01 7.872586e-04
7.777778e-01 7.373737e-01 3.825041e-01 3.815189e-01 9.851911e-04
7.878788e-01 7.373737e-01 3.786599e-01 3.778360e-01 8.238132e-04
7.979798e-01 7.373737e-01 3.748543e-01 3.739890e-01 8.653111e-04
8.080808e-01 7.373737e-01 3.710869e-01 3.703415e-01 7.454398e-04
8.181818e-01 7.373737e-01 3.673574e-01 3.664746e-01 8.828655e-04
8.282828e-01 7.373737e-01 3.636654e-01 3.629605e-01 7.049137e-04
8.383838e-01 7.373737e-01 3.600105e-01 3.592815e-01 7.289931e-04
8.484848e-01 7.373737e-01 3.563924e-01 3.555984e-01 7.939772e-04
8.585859e-01 7.373737e-01 3.528106e-01 3.520700e-01 7.405312e-04
8.686869e-01 7.373737e-01 3.492648e-01 3.485854e-01 6.793332e-04
8.787879e-01 7.373737e-01 3.457546e-01 3.450588e-01 6.957625e-04
8.888889e-01 7.373737e-01 3.422797e-01 3.416124e-01 6.673013e-04
8.989899e-01 7.373737e-01 3.388397e-01 3.381656e-01 6.741210e-04
9.090909e-01 7.373737e-01 3.354343e-01 3.348892e-01 5.451331e-04
9.191919e-01 7.373737e-01 3.320632e-01 3.313844e-01 6.787452e-04
9.292929e-01 7.373737e-01 3.287259e-01 3.281119e-01 6.139588e-04
9.393939e-01 7.373737e-01 3.254221e-01 3.248428e-01 5.793152e-04
9.494949e-01 7.373737e-01 3.221516e-01 3.216635e-01 4.880507e-04
9.595960e-01 7.373737e-01 3.189139e-01 3.183740e-01 5.398647e-04
9.696970e-01 7.373737e-01 3.157088e-01 3.150636e-01 6.451392e-04
9.797980e-01 7.373737e-01 3.125358e-01 3.119081e-01 6.277133e-04
9.898990e-01 7.373737e-01 3.093948e-01 3.086964e-01 6.983532e-04
1.000000e+00 7.373737e-01 3.062853e-01 3.055767e-01 7.086210e-04
0.000000e+00 7.474747e-01 -7.345917e-01 -7.346313e-01 3.959131e-05
1.010101e-02 7.474747e-01 -7.272089e-01 -7.273629e-01 1.539313e-04
2.020202e-02 7.474747e-01 -7.199004e-01 -7.199434e-01 4.303506e-05
3.030303e-02 7.474747e-01 -7.126653e-01 -7.127211e-01 5.585863e-05
4.040404e-02 7.474747e-01 -7.055028e-01 -7.055191e-01 1.623364e-05
5.050505e-02 7.474747e-01 -6.984124e-01 -6.984117e-01 7.225222e-07
6.060606e-02 7.474747e-01 -6.913933e-01 -6.914195e-01 2.621758e-05
7.070707e-02 7.474747e-01 -6.844446e-01 -6.845464e-01 1.017040e-04
8.080808e-02 7.474747e-01 -6.775659e-01 -6.775993e-01 3.344595e-05
9.090909e-02 7.474747e-01 -6.707562e-01 -6.709020e-01 1.457984e-04
1.010101e-01 7.474747e-01 -6.640150e-01 -6.640549e-01 3.986672e-05
1.111111e-01 7.474747e-01 -6.573415e-01 -6.574601e-01 1.185508e-04
1.212121e-01 7.474747e-01 -6.507352e-01 -6.506971e-01 3.803885e-05
1.313131e-01 7.474747e-01 -6.441952e-01 -6.443143e-01 1.191346e-04
1.414141e-01 7.474747e-01 -6.377209e-01 -6.377459e-01 2.497113e-05
1.515152e-01 7.474747e-01 -6.313117e-01 -6.312693e-01 4.234944e-05
1.616162e-01 7.474747e-01 -6.249669e-01 -6.249489e-01 1.803859e-05
1.717172e-01 7.474747e-01 -6.186859e-01 -6.185580e-01 1.278274e-04
1.818182e-01 7.474747e-01 -6.124680e-01 -6.123637e-01 1.042846e-04
1.919192e-01 7.474747e-01 -6.063126e-01 -6.061958e-01 1.167682e-04
2.020202e-01 7.474747e-01 -6.002190e-01 -6.000766e-01 1.424773e-04
2.121212e-01 7.474747e-01 -5.941867e-01 -5.939252e-01 2.614948e-04
2.222222e-01 7.474747e-01 -5.882151e-01 -5.879101e-01 3.050009e-04
2.323232e-01 7.474747e-01 -5.823034e-01 -5.820466e-01 2.567699e-04
2.424242e-01 7.474747e-01 -5.764512e-01 -5.761405e-01 3.106290e-04
2.525253e-01 7.474747e-01 -5.706577e-01 -5.703775e-01 2.802530e-04
2.626263e-01 7.474747e-01 -5.649225e-01 -5.646294e-01 2.930815e-04
2.727273e-01 7.474747e-01 -5.592450e-01 -5.587653e-01 4.796597e-04
2.828283e-01 7.474747e-01 -5.536244e-01 -5.532886e-01 3.358681e-04
2.929293e-01 7.474747e-01 -5.480604e-01 -5.476454e-01 4.149798e-04
3.030303e-01 7.474747e-01 -5.425523e-01 -5.422274e-01 3.249436e-04
3.131313e-01 7.474747e-01 -5.370996e-01 -5.366946e-01 4.049440e-04
3.232323e-01 7.474747e-01 -5.317016e-01 -5.313336e-01 3.680840e-04
3.333333e-01 7.474747e-01 -5.263580e-01 -5.260310e-01 3.269424e-04
3.434343e-01 7.474747e-01 -5.210680e-01 -5.207103e-01 3.576257e-04
3.535354e-01 7.474747e-01 -5.158312e-01 -5.154939e-01 3.372852e-04
3.636364e-01 7.474747e-01 -5.106470e-01 -5.102234e-01 4.235775e-04
3.737374e-01 7.474747e-01 -5.055149e-01 -5.051758e-01 3.390503e-04
3.838384e-01 7.474747e-01 -5.004344e-01 -5.000088e-01 4.255492e-04
3.939394e-01 7.474747e-01 -4.954049e-01 -4.949483e-01 4.566541e-04
4.040404e-01 7.474747e-01 -4.904260e-01 -4.903390e-01 8.697947e-05
4.141414e-01 7.474747e-01 -4.854972e-01 -4.851145e-01 3.827020e-04
4.242424e-01 7.474747e-01 -4.806178e-01 -4.802042e-01 4.136055e-04
4.343434e-01 7.474747e-01 -4.757875e-01 -4.753852e-01 4.023519e-04
4.444444e-01 7.474747e-01 -4.710058e-01 -4.704444e-01 5.613563e-04
4.545455e-01 7.474747e-01 -4.662721e-01 -4.659473e-01 3.248401e-04
4.646465e-01 7.474747e-01 -4.615860e-01 -4.611297e-01 4.563329e-04
4.747475e-01 7.474747e-01 -4.569470e-01 -4.564707e-01 4.762544e-04
4.848485e-01 7.474747e-01 -4.523546e-01 -4.520591e-01 2.954394e-04
4.949495e-01 7.474747e-01 -4.478084e-01 -4.473460e-01 4.623783e-04
5.050505e-01 7.474747e-01 -4.433078e-01 -4.429642e-01 3.436058e-04
5.151515e-01 7.474747e-01 -4.388525e-01 -4.384623e-01 3.902275e-04
5.252525e-01 7.474747e-01 -4.344419e-01 -4.341108e-01 3.311838e-04
5.353535e-01 7.474747e-01 -4.300757e-01 -4.296483e-01 4.274506e-04
5.454545e-01 7.474747e-01 -4.257534e-01 -4.254856e-01 2.677872e-04
5.555556e-01 7.474747e-01 -4.214745e-01 -4.214036e-01 7.085922e-05
5.656566e-01 7.474747e-01 -4.172386e-01 -4.169511e-01 2.875565e-04
5.757576e-01 7.474747e-01 -4.130453e-01 -4.128240e-01 2.212647e-04
5.858586e-01 7.474747e-01 -4.088941e-01 -4.088916e-01 2.566816e-06
5.959596e-01 7.474747e-01 -4.047847e-01 -4.047168e-01 6.782220e-05
6.060606e-01 7.474747e-01 -4.007165e-01 -4.005133e-01 2.032269e-04
6.161616e-01 7.474747e-01 -3.966893e-01 -3.967394e-01 5.011300e-05
6.262626e-01 7.474747e-01 -3.927025e-01 -3.925620e-01 1.404260e-04
6.363636e-01 7.474747e-01 -3.887557e-01 -3.885800e-01 1.757681e-04
6.464646e-01 7.474747e-01 -3.848487e-01 -3.845963e-01 2.523252e-04
6.565657e-01 7.474747e-01 -3.809809e-01 -3.808457e-01 1.352140e-04
6.666667e-01 7.474747e-01 -3.771520e-01 -3.769308e-01 2.211259e-04
6.767677e-01 7.474747e-01 -3.733615e-01 -3.730887e-01 2.728014e-04
6.868687e-01 7.474747e-01 -3.696092e-01 -3.695087e-01 1.004302e-04
6.969697e-01 7.474747e-01 -3.658945e-01 -3.656545e-01 2.400713e-04
7.070707e-01 7.474747e-01 -3.622172e-01 -3.618670e-01 3.502879e-04
7.171717e-01 7.474747e-01 -3.585769e-01 -3.582488e-01 3.280656e-04
7.272727e-01 7.474747e-01 -3.549731e-01 -3.547360e-01 2.371676e-04
7.373737e-01 7.474747e-01 -3.514056e-01 -3.508836e-01 5.219959e-04
7.474747e-01 7.474747e-01 -3.478739e-01 -3.474234e-01 4.504801e-04
7.575758e-01 7.474747e-01 -3.443777e-01 -3.441001e-01 2.776060e-04
7.676768e-01 7.474747e-01 -3.409167e-01 -3.404619e-01 4.548201e-04
7.777778e-01 7.474747e-01 -3.374904e-01 -3.369828e-01 5.075548e-04
7.878788e-01 7.474747e-01 -3.340986e-01 -3.335761e-01 5.224833e-04
7.979798e-01 7.474747e-01 -3.307408e-01 -3.301024e-01 6.383766e-04
8.080808e-01 7.474747e-01 -3.274168e-01 -3.268577e-01 5.591340e-04
8.181818e-01 7.474747e-01 -3.241262e-01 -3.233830e-01 7.432530e-04
8.282828e-01 7.474747e-01 -3.208687e-01 -3.201145e-01 7.542108e-04
8.383838e-01 7.474747e-01 -3.176439e-01 -3.171302e-01 5.137123e-04
8.484848e-01 7.474747e-01 -3.144515e-01 -3.137218e-01 7.297701e-04
8.585859e-01 7.474747e-01 -3.112913e-01 -3.105147e-01 7.765673e-04
8.686869e-01 7.474747e-01 -3.081627e-01 -3.076724e-01 4.903456e-04
8.787879e-01 7.474747e-01 -3.050656e-01 -3.043832e-01 6.824816e-04
8.888889e-01 7.474747e-01 -3.019997e-01 -3.013520e-01 6.476559e-04
8.989899e-01 7.474747e-01 -2.989645e-01 -2.983937e-01 5.708066e-04
9.090909e-01 7.474747e-01 -2.959599e-01 -2.953057e-01 6.541608e-04
9.191919e-01 7.474747e-01 -2.929854e-01 -2.923790e-01 6.064220e-04
9.292929e-01 7.474747e-01 -2.900409e-01 -2.892379e-01 8.030343e-04
9.393939e-01 7.474747e-01 -2.871259e-01 -2.865490e-01 5.769599e-04
9.494949e-01 7.474747e-01 -2.842403e-01 -2.837707e-01 4.695882e-04
9.595960e-01 7.474747e-01 -2.813836e-01 -2.807058e-01 6.777971e-04
9.696970e-01 7.474747e-01 -2.785557e-01 -2.778395e-01 7.161133e-04
9.797980e-01 7.474747e-01 -2.757561e-01 -2.751656e-01 5.905662e-04
9.898990e-01 7.474747e-01 -2.729847e-01 -2.723490e-01 6.357292e-04
1.000000e+00 7.474747e-01 -2.702412e-01 -2.700182e-01 2.229673e-04
0.000000e+00 7.575758e-01 6.181590e-01 6.199382e-01 1.779209e-03
1.010101e-02 7.575758e-01 6.119464e-01 6.138422e-01 1.895863e-03
2.020202e-02 7.575758e-01 6.057962e-01 6.077363e-01 1.940067e-03
3.030303e-02 7.575758e-01 5.997079e-01 6.016238e-01 1.915904e-03
4.040404e-02 7.575758e-01 5.936807e-01 5.955456e-01 1.864943e-03
5.050505e-02 7.575758e-01 5.877141e-01 5.895623e-01 1.848180e-03
6.060606e-02 7.575758e-01 5.818075e-01 5.836203e-01 1.812758e-03
7.070707e-02 7.575758e-01 5.759602e-01 5.777357e-01 1.775433e-03
8.080808e-02 7.575758e-01 5.701717e-01 5.719454e-01 1.773695e-03
9.090909e-02 7.575758e-01 5.644414e-01 5.661646e-01 1.723200e-03
1.010101e-01 7.575758e-01 5.587687e-01 5.605084e-01 1.739687e-03
1.111111e-01 7.575758e-01 5.531530e-01 5.547792e-01 1.626207e-03
1.212121e-01 7.575758e-01 5.475937e-01 5.492254e-01 1.631764e-03
1.313131e-01 7.575758e-01 5.420903e-01 5.437356e-01 1.645345e-03
1.414141e-01 7.575758e-01 5.366422e-01 5.382246e-01 1.582457e-03
1.515152e-01 7.575758e-01 5.312488e-01 5.328091e-01 1.560301e-03
1.616162e-01 7.575758e-01 5.259097e-01 5.274978e-01 1.588070e-03
1.717172e-01 7.575758e-01 5.206242e-01 5.222067e-01 1.582505e-03
1.818182e-01 7.575758e-01 5.153919e-01 5.169024e-01 1.510529e-03
1.919192e-01 7.575758e-01 5.102121e-01 5.117623e-01 1.550236e-03
2.020202e-01 7.575758e-01 5.050844e-01 5.066692e-01 1.584855e-03
2.121212e-01 7.575758e-01 5.000082e-01 5.015708e-01 1.562634e-03
2.222222e-01 7.575758e-01 4.949830e-01 4.965665e-01 1.583453e-03
2.323232e-01 7.575758e-01 4.900084e-01 4.916660e-01 1.657689e-03
2.424242e-01 7.575758e-01 4.850837e-01 4.866951e-01 1.611447e-03
2.525253e-01 7.575758e-01 4.802085e-01 4.817647e-01 1.556152e-03
2.626263e-01 7.575758e-01 4.753823e-01 4.770065e-01 1.624148e-03
2.727273e-01 7.575758e-01 4.706047e-01 4.722601e-01 1.655383e-03
2.828283e-01 7.575758e-01 4.658750e-01 4.675739e-01 1.698861e-03
2.929293e-01 7.575758e-01 4.611929e-01 4.628301e-01 1.637168e-03
3.030303e-01 7.575758e-01 4.565578e-01 4.582922e-01 1.734323e-03
3.131313e-01 7.575758e-01 4.519694e-01 4.536684e-01 1.699035e-03
3.232323e-01 7.575758e-01 4.474270e-01 4.491669e-01 1.739880e-03
3.333333e-01 7.575758e-01 4.429303e-01 4.446157e-01 1.685453e-03
3.434343e-01 7.575758e-01 4.384787e-01 4.402177e-01 1.738928e-03
3.535354e-01 7.575758e-01 4.340720e-01 4.358333e-01 1.761314e-03
3.636364e-01 7.575758e-01 4.297095e-01 4.315106e-01 1.801102e-03
3.737374e-01 7.575758e-01 4.253908e-01 4.271348e-01 1.743938e-03
3.838384e-01 7.575758e-01 4.211156e-01 4.228990e-01 1.783442e-03
3.939394e-01 7.575758e-01 4.168833e-01 4.186620e-01 1.778757e-03
4.040404e-01 7.575758e-01 4.126935e-01 4.144698e-01 1.776300e-03
4.141414e-01 7.575758e-01 4.085459e-01 4.101602e-01 1.614344e-03
4.242424e-01 7.575758e-01 4.044399e-01 4.061958e-01 1.755874e-03
4.343434e-01 7.575758e-01 4.003753e-01 4.021220e-01 1.746704e-03
4.444444e-01 7.575758e-01 3.963514e-01 3.980685e-01 1.717128e-03
4.545455e-01 7.575758e-01 3.923680e-01 3.940437e-01 1.675633e-03
4.646465e-01 7.575758e-01 3.884247e-01 3.902363e-01 1.811601e-03
4.747475e-01 7.575758e-01 3.845209e-01 3.862813e-01 1.760327e-03
4.848485e-01 7.575758e-01 3.806564e-01 3.824353e-01 1.778866e-03
4.949495e-01 7.575758e-01 3.768308e-01 3.785113e-01 1.680514e-03
5.050505e-01 7.575758e-01 3.730436e-01 3.747834e-01 1.739873e-03
5.151515e-01 7.575758e-01 3.692944e-01 3.710184e-01 1.723976e-03
5.252525e-01 7.575758e-01 3.655829e-01 3.672603e-01 1.677403e-03
5.353535e-01 7.575758e-01 3.619088e-01 3.635201e-01 1.611381e-03
5.454545e-01 7.575758e-01 3.582715e-01 3.599094e-01 1.637924e-03
5.555556e-01 7.575758e-01 3.546708e-01 3.563182e-01 1.647402e-03
5.656566e-01 7.575758e-01 3.511063e-01 3.527528e-01 1.646502e-03
5.757576e-01 7.575758e-01 3.475777e-01 3.492772e-01 1.699573e-03
5.858586e-01 7.575758e-01 3.440844e-01 3.457179e-01 1.633465e-03
5.959596e-01 7.575758e-01 3.406263e-01 3.422376e-01 1.611256e-03
6.060606e-01 7.575758e-01 3.372030e-01 3.388005e-01 1.597505e-03
6.161616e-01 7.575758e-01 3.338140e-01 3.354325e-01 1.618431e-03
6.262626e-01 7.575758e-01 3.304592e-01 3.320484e-01 1.589294e-03
6.363636e-01 7.575758e-01 3.271380e-01 3.287746e-01 1.636619e-03
6.464646e-01 7.575758e-01 3.238502e-01 3.254733e-01 1.623117e-03
6.565657e-01 7.575758e-01 3.205954e-01 3.221430e-01 1.547515e-03
6.666667e-01 7.575758e-01 3.173734e-01 3.189326e-01 1.559217e-03
6.767677e-01 7.575758e-01 3.141838e-01 3.157873e-01 1.603505e-03
6.868687e-01 7.575758e-01 3.110262e-01 3.126455e-01 1.619314e-03
6.969697e-01 7.575758e-01 3.079003e-01 3.093955e-01 1.495205e-03
7.070707e-01 7.575758e-01 3.048058e-01 3.064957e-01 1.689888e-03
7.171717e-01 7.575758e-01 3.017425e-01 3.033718e-01 1.629299e-03
7.272727e-01 7.575758e-01 2.987099e-01 3.003558e-01 1.645866e-03
7.373737e-01 7.575758e-01 2.957078e-01 2.972629e-01 1.555095e-03
7.474747e-01 7.575758e-01 2.927359e-01 2.943203e-01 1.584416e-03
7.575758e-01 7.575758e-01 2.897939e-01 2.914553e-01 1.661385e-03
7.676768e-01 7.575758e-01 2.868814e-01 2.885331e-01 1.651684e-03
7.777778e-01 7.575758e-01 2.839982e-01 2.856365e-01 1.638343e-03
7.878788e-01 7.575758e-01 2.811440e-01 2.828251e-01 1.681140e-03
7.979798e-01 7.575758e-01 2.783184e-01 2.800401e-01 1.721627e-03
8.080808e-01 7.575758e-01 2.755213e-01 2.771007e-01 1.579460e-03
8.181818e-01 7.575758e-01 2.727522e-01 2.742971e-01 1.544811e-03
8.282828e-01 7.575758e-01 2.700110e-01 2.716532e-01 1.642133e-03
8.383838e-01 7.575758e-01 2.672974e-01 2.688369e-01 1.539529e-03
8.484848e-01 7.575758e-01 2.646110e-01 2.661690e-01 1.558008e-03
8.585859e-01 7.575758e-01 2.619516e-01 2.634305e-01 1.478858e-03
8.686869e-01 7.575758e-01 2.593190e-01 2.607968e-01 1.477824e-03
8.787879e-01 7.575758e-01 2.567128e-01 2.581850e-01 1.472207e-03
8.888889e-01 7.575758e-01 2.541328e-01 2.555262e-01 1.393488e-03
8.989899e-01 7.575758e-01 2.515787e-01 2.529379e-01 1.359233e-03
9.090909e-01 7.575758e-01 2.490503e-01 2.504499e-01 1.399653e-03
9.191919e-01 7.575758e-01 2.465473e-01 2.479656e-01 1.418328e-03
9.292929e-01 7.575758e-01 2.440694e-01 2.455871e-01 1.517616e-03
9.393939e-01 7.575758e-01 2.416165e-01 2.429669e-01 1.350394e-03
9.494949e-01 7.575758e-01 2.391882e-01 2.406232e-01 1.434995e-03
9.595960e-01 7.575758e-01 2.367843e-01 2.382795e-01 1.495192e-03
9.696970e-01 7.575758e-01 2.344046e-01 2.357656e-01 1.360969e-03
9.797980e-01 7.575758e-01 2.320488e-01 2.335060e-01 1.457192e-03
9.898990e-01 7.575758e-01 2.297167e-01 2.312052e-01 1.488492e-03
1.000000e+00 7.575758e-01 2.274080e-01 2.288208e-01 1.412848e-03
0.000000e+00 7.676768e-01 -4.861967e-01 -4.869517e-01 7.549727e-04
1.010101e-02 7.676768e-01 -4.813104e-01 -4.821022e-01 7.917776e-04
2.020202e-02 7.676768e-01 -4.764731e-01 -4.771448e-01 6.717086e-04
3.030303e-02 7.676768e-01 -4.716845e-01 -4.724244e-01 7.398933e-04
4.040404e-02 7.676768e-01 -4.669440e-01 -4.675719e-01 6.278676e-04
5.050505e-02 7.676768e-01 -4.622511e-01 -4.627571e-01 5.059882e-04
6.060606e-02 7.676768e-01 -4.576054e-01 -4.581336e-01 5.281566e-04
7.070707e-02 7.676768e-01 -4.530064e-01 -4.535464e-01 5.399937e-04
8.080808e-02 7.676768e-01 -4.484536e-01 -4.489282e-01 4.746155e-04
9.090909e-02 7.676768e-01 -4.439466e-01 -4.444271e-01 4.805446e-04
1.010101e-01 7.676768e-01 -4.394849e-01 -4.399601e-01 4.752711e-04
1.111111e-01 7.676768e-01 -4.350680e-01 -4.355766e-01 5.086029e-04
1.212121e-01 7.676768e-01 -4.306954e-01 -4.310641e-01 3.686790e-04
1.313131e-01 7.676768e-01 -4.263669e-01 -4.268981e-01 5.312328e-04
1.414141e-01 7.676768e-01 -4.220818e-01 -4.225696e-01 4.878016e-04
1.515152e-01 7.676768e-01 -4.178398e-01 -4.183031e-01 4.632937e-04
1.616162e-01 7.676768e-01 -4.136405e-01 -4.141446e-01 5.041567e-04
1.717172e-01 7.676768e-01 -4.094833e-01 -4.098006e-01 3.173257e-04
1.818182e-01 7.676768e-01 -4.053679e-01 -4.057719e-01 4.039041e-04
1.919192e-01 7.676768e-01 -4.012939e-01 -4.018050e-01 5.111110e-04
2.020202e-01 7.676768e-01 -3.972609e-01 -3.975869e-01 3.260802e-04
2.121212e-01 7.676768e-01 -3.932683e-01 -3.936235e-01 3.551475e-04
2.222222e-01 7.676768e-01 -3.893159e-01 -3.895653e-01 2.494369e-04
2.323232e-01 7.676768e-01 -3.854032e-01 -3.857014e-01 2.981958e-04
2.424242e-01 7.676768e-01 -3.815299e-01 -3.818265e-01 2.966643e-04
2.525253e-01 7.676768e-01 -3.776954e-01 -3.780663e-01 3.708841e-04
2.626263e-01 7.676768e-01 -3.738995e-01 -3.741487e-01 2.492110e-04
2.727273e-01 7.676768e-01 -3.701418e-01 -3.702600e-01 1.182370e-04
2.828283e-01 7.676768e-01 -3.664218e-01 -3.666757e-01 2.539576e-04
2.929293e-01 7.676768e-01 -3.627392e-01 -3.629483e-01 2.091213e-04
3.030303e-01 7.676768e-01 -3.590936e-01 -3.593836e-01 2.899949e-04
3.131313e-01 7.676768e-01 -3.554846e-01 -3.557807e-01 2.960828e-04
3.232323e-01 7.676768e-01 -3.519120e-01 -3.522202e-01 3.082195e-04
3.333333e-01 7.676768e-01 -3.483752e-01 -3.487242e-01 3.490615e-04
3.434343e-01 7.676768e-01 -3.448740e-01 -3.451172e-01 2.432553e-04
3.535354e-01 7.676768e-01 -3.414079e-01 -3.417078e-01 2.999102e-04
3.636364e-01 7.676768e-01 -3.379767e-01 -3.382522e-01 2.754777e-04
3.737374e-01 7.676768e-01 -3.345800e-01 -3.350171e-01 4.370981e-04
3.838384e-01 7.676768e-01 -3.312174e-01 -3.316674e-01 4.500207e-04
3.939394e-01 7.676768e-01 -3.278886e-01 -3.282914e-01 4.028036e-04
4.040404e-01 7.676768e-01 -3.245933e-01 -3.252422e-01 6.488843e-04
4.141414e-01 7.676768e-01 -3.213311e-01 -3.217140e-01 3.829825e-04
4.242424e-01 7.676768e-01 -3.181016e-01 -3.185884e-01 4.867455e-04
4.343434e-01 7.676768e-01 -3.149047e-01 -3.153210e-01 4.163124e-04
4.444444e-01 7.676768e-01 -3.117398e-01 -3.121723e-01 4.324816e-04
4.545455e-01 7.676768e-01 -3.086068e-01 -3.091522e-01 5.454703e-04
4.646465e-01 7.676768e-01 -3.055052e-01 -3.059922e-01 4.870199e-04
4.747475e-01 7.676768e-01 -3.024348e-01 -3.028646e-01 4.297041e-04
4.848485e-01 7.676768e-01 -2.993953e-01 -2.999457e-01 5.503851e-04
4.949495e-01 7.676768e-01 -2.963864e-01 -2.968866e-01 5.002091e-04
5.050505e-01 7.676768e-01 -2.934076e-01 -2.940651e-01 6.574958e-04
5.151515e-01 7.676768e-01 -2.904588e-01 -2.909653e-01 5.064920e-04
5.252525e-01 7.676768e-01 -2.875397e-01 -2.880709e-01 5.311903e-04
5.353535e-01 7.676768e-01 -2.846498e-01 -2.851501e-01 5.002054e-04
5.454545e-01 7.676768e-01 -2.817891e-01 -2.821618e-01 3.727048e-04
5.555556e-01 7.676768e-01 -2.789570e-01 -2.794985e-01 5.414174e-04
5.656566e-01 7.676768e-01 -2.761535e-01 -2.764559e-01 3.024034e-04
5.757576e-01 7.676768e-01 -2.733781e-01 -2.737924e-01 4.142985e-04
5.858586e-01 7.676768e-01 -2.706306e-01 -2.710650e-01 4.344044e-04
5.959596e-01 7.676768e-01 -2.679107e-01 -2.682367e-01 3.259869e-04
6.060606e-01 7.676768e-01 -2.652182e-01 -2.654685e-01 2.503155e-04
6.161616e-01 7.676768e-01 -2.625527e-01 -2.628674e-01 3.147150e-04
6.262626e-01 7.676768e-01 -2.599140e-01 -2.601093e-01 1.953274e-04
6.363636e-01 7.676768e-01 -2.573018e-01 -2.575766e-01 2.747855e-04
6.464646e-01 7.676768e-01 -2.547159e-01 -2.547483e-01 3.247094e-05
6.565657e-01 7.676768e-01 -2.521559e-01 -2.522503e-01 9.437715e-05
6.666667e-01 7.676768e-01 -2.496217e-01 -2.498178e-01 1.961207e-04
6.767677e-01 7.676768e-01 -2.471130e-01 -2.471501e-01 3.707584e-05
6.868687e-01 7.676768e-01 -2.446295e-01 -2.448073e-01 1.778419e-04
6.969697e-01 7.676768e-01 -2.421709e-01 -2.422425e-01 7.156116e-05
7.070707e-01 7.676768e-01 -2.397370e-01 -2.397779e-01 4.088605e-05
7.171717e-01 7.676768e-01 -2.373276e-01 -2.373392e-01 1.155908e-05
7.272727e-01 7.676768e-01 -2.349425e-01 -2.350512e-01 1.086978e-04
7.373737e-01 7.676768e-01 -2.325812e-01 -2.325535e-01 2.770487e-05
7.474747e-01 7.676768e-01 -2.302438e-01 -2.302399e-01 3.838566e-06
7.575758e-01 7.676768e-01 -2.279298e-01 -2.280593e-01 1.295136e-04
7.676768e-01 7.676768e-01 -2.256390e-01 -2.257468e-01 1.077048e-04
7.777778e-01 7.676768e-01 -2.233713e-01 -2.235822e-01 2.108720e-04
7.878788e-01 7.676768e-01 -2.211264e-01 -2.212602e-01 1.337729e-04
7.979798e-01 7.676768e-01 -2.189041e-01 -2.190713e-01 1.672092e-04
8.080808e-01 7.676768e-01 -2.167040e-01 -2.168806e-01 1.765819e-04
8.181818e-01 7.676768e-01 -2.145261e-01 -2.145711e-01 4.499233e-05
8.282828e-01 7.676768e-01 -2.123701e-01 -2.124782e-01 1.080581e-04
8.383838e-01 7.676768e-01 -2.102357e-01 -2.105257e-01 2.899435e-04
8.484848e-01 7.676768e-01 -2.081228e-01 -2.082847e-01 1.618919e-04
8.585859e-01 7.676768e-01 -2.060312e-01 -2.060721e-01 4.091749e-05
8.686869e-01 7.676768e-01 -2.039605e-01 -2.043139e-01 3.533472e-04
8.787879e-01 7.676768e-01 -2.019107e-01 -2.021883e-01 2.776232e-04
8.888889e-01 7.676768e-01 -1.998815e-01 -2.000632e-01 1.817748e-04
8.989899e-01 7.676768e-01 -1.978726e-01 -1.980668e-01 1.941591e-04
9.090909e-01 7.676768e-01 -1.958840e-01 -1.959559e-01 7.197281e-05
9.191919e-01 7.676768e-01 -1.939153e-01 -1.941058e-01 1.905110e-04
9.292929e-01 7.676768e-01 -1.919664e-01 -1.919659e-01 4.744359e-07
9.393939e-01 7.676768e-01 -1.900371e-01 -1.901238e-01 8.667877e-05
9.494949e-01 7.676768e-01 -1.881272e-01 -1.882960e-01 1.687474e-04
9.595960e-01 7.676768e-01 -1.862365e-01 -1.861219e-01 1.146223e-04
9.696970e-01 7.676768e-01 -1.843648e-01 -1.842211e-01 1.436470e-04
9.797980e-01 7.676768e-01 -1.825119e-01 -1.825359e-01 2.398811e-05
9.898990e-01 7.676768e-01 -1.806776e-01 -1.805860e-01 9.158371e-05
1.000000e+00 7.676768e-01 -1.788618e-01 -1.791302e-01 2.684130e-04
0.000000e+00 7.777778e-01 3.420201e-01 3.433087e-01 1.288574e-03
1.010101e-02 7.777778e-01 3.385828e-01 3.398973e-01 1.314551e-03
2.020202e-02 7.777778e-01 3.351800e-01 3.364089e-01 1.228972e-03
3.030303e-02 7.777778e-01 3.318114e-01 3.330023e-01 1.190913e-03
4.040404e-02 7.777778e-01 3.284766e-01 3.295425e-01 1.065950e-03
5.050505e-02 7.777778e-01 3.251754e-01 3.261500e-01 9.746474e-04
6.060606e-02 7.777778e-01 3.219073e-01 3.227661e-01 8.588389e-04
7.070707e-02 7.777778e-01 3.186721e-01 3.194885e-01 8.164012e-04
8.080808e-02 7.777778e-01 3.154694e-01 3.162566e-01 7.872850e-04
9.090909e-02 7.777778e-01 3.122988e-01 3.130490e-01 7.501805e-04
1.010101e-01 7.777778e-01 3.091602e-01 3.099248e-01 7.646583e-04
1.111111e-01 7.777778e-01 3.060531e-01 3.067631e-01 7.099815e-04
1.212121e-01 7.777778e-01 3.029772e-01 3.036911e-01 7.139616e-04
1.313131e-01 7.777778e-01 2.999322e-01 3.006436e-01 7.114068e-04
1.414141e-01 7.777778e-01 2.969178e-01 2.976135e-01 6.956541e-04
1.515152e-01 7.777778e-01 2.939338e-01 2.945840e-01 6.502026e-04
1.616162e-01 7.777778e-01 2.909797e-01 2.917023e-01 7.225801e-04
1.717172e-01 7.777778e-01 2.880553e-01 2.887379e-01 6.826268e-04
1.818182e-01 7.777778e-01 2.851603e-01 2.858200e-01 6.597446e-04
1.919192e-01 7.777778e-01 2.822944e-01 2.829475e-01 6.531561e-04
2.020202e-01 7.777778e-01 2.794573e-01 2.800822e-01 6.248875e-04
2.121212e-01 7.777778e-01 2.766487e-01 2.772359e-01 5.871790e-04
2.222222e-01 7.777778e-01 2.738683e-01 2.744376e-01 5.692850e-04
2.323232e-01 7.777778e-01 2.711159e-01 2.716858e-01 5.698799e-04
2.424242e-01 7.777778e-01 2.683911e-01 2.688605e-01 4.694094e-04
2.525253e-01 7.777778e-01 2.656938e-01 2.661578e-01 4.640124e-04
2.626263e-01 7.777778e-01 2.630235e-01 2.634062e-01 3.827497e-04
2.727273e-01 7.777778e-01 2.603801e-01 2.607731e-01 3.929953e-04
2.828283e-01 7.777778e-01 2.577632e-01 2.581474e-01 3.842141e-04
2.929293e-01 7.777778e-01 2.551726e-01 2.555012e-01 3.285693e-04
3.030303e-01 7.777778e-01 2.526081e-01 2.529892e-01 3.810590e-04
3.131313e-01 7.777778e-01 2.500694e-01 2.504050e-01 3.355936e-04
3.232323e-01 7.777778e-01 2.475561e-01 2.479076e-01 3.515168e-04
3.333333e-01 7.777778e-01 2.450681e-01 2.453761e-01 3.079983e-04
3.434343e-01 7.777778e-01 2.426052e-01 2.429860e-01 3.807978e-04
3.535354e-01 7.777778e-01 2.401669e-01 2.405483e-01 3.813689e-04
3.636364e-01 7.777778e-01 2.377532e-01 2.381656e-01 4.123314e-04
3.737374e-01 7.777778e-01 2.353638e-01 2.357737e-01 4.099756e-04
3.838384e-01 7.777778e-01 2.329983e-01 2.333643e-01 3.660220e-04
3.939394e-01 7.777778e-01 2.306566e-01 2.310883e-01 4.316607e-04
4.040404e-01 7.777778e-01 2.283385e-01 2.287254e-01 3.869213e-04
4.141414e-01 7.777778e-01 2.260437e-01 2.263554e-01 3.117614e-04
4.242424e-01 7.777778e-01 2.237719e-01 2.241189e-01 3.470524e-04
4.343434e-01 7.777778e-01 2.215230e-01 2.218630e-01 3.400806e-04
4.444444e-01 7.777778e-01 2.192966e-01 2.196116e-01 3.150364e-04
4.545455e-01 7.777778e-01 2.170926e-01 2.173585e-01 2.658290e-04
4.646465e-01 7.777778e-01 2.149108e-01 2.152595e-01 3.486387e-04
4.747475e-01 7.777778e-01 2.127509e-01 2.129970e-01 2.460253e-04
4.848485e-01 7.777778e-01 2.106128e-01 2.108931e-01 2.803126e-04
4.949495e-01 7.777778e-01 2.084961e-01 2.087223e-01 2.262345e-04
5.050505e-01 7.777778e-01 2.064006e-01 2.067232e-01 3.225743e-04
5.151515e-01 7.777778e-01 2.043263e-01 2.046467e-01 3.204284e-04
5.252525e-01 7.777778e-01 2.022728e-01 2.025691e-01 2.963024e-04
5.353535e-01 7.777778e-01 2.002399e-01 2.004524e-01 2.124972e-04
5.454545e-01 7.777778e-01 1.982274e-01 1.985246e-01 2.971483e-04
5.555556e-01 7.777778e-01 1.962352e-01 1.965974e-01 3.621701e-04
5.656566e-01 7.777778e-01 1.942630e-01 1.945748e-01 3.118024e-04
5.757576e-01 7.777778e-01 1.923107e-01 1.926515e-01 3.408554e-04
5.858586e-01 7.777778e-01 1.903779e-01 1.907645e-01 3.866457e-04
5.959596e-01 7.777778e-01 1.884646e-01 1.888093e-01 3.447044e-04
6.060606e-01 7.777778e-01 1.865705e-01 1.868988e-01 3.283566e-04
6.161616e-01 7.777778e-01 1.846954e-01 1.850742e-01 3.788035e-04
6.262626e-01 7.777778e-01 1.828392e-01 1.832583e-01 4.191079e-04
6.363636e-01 7.777778e-01 1.810016e-01 1.814166e-01 4.150078e-04
6.464646e-01 7.777778e-01 1.791825e-01 1.795108e-01 3.283053e-04
6.565657e-01 7.777778e-01 1.773817e-01 1.777096e-01 3.279267e-04
6.666667e-01 7.777778e-01 1.755990e-01 1.758471e-01 2.480569e-04
6.767677e-01 7.777778e-01 1.738342e-01 1.740652e-01 2.310347e-04
6.868687e-01 7.777778e-01 1.720871e-01 1.724014e-01 3.142933e-04
6.969697e-01 7.777778e-01 1.703576e-01 1.705527e-01 1.950403e-04
7.070707e-01 7.777778e-01 1.686455e-01 1.688998e-01 2.543260e-04
7.171717e-01 7.777778e-01 1.669506e-01 1.671969e-01 2.463367e-04
7.272727e-01 7.777778e-01 1.652727e-01 1.654599e-01 1.872194e-04
7.373737e-01 7.777778e-01 1.636117e-01 1.637569e-01 1.452137e-04
7.474747e-01 7.777778e-01 1.619674e-01 1.621327e-01 1.653714e-04
7.575758e-01 7.777778e-01 1.603396e-01 1.605057e-01 1.661424e-04
7.676768e-01 7.777778e-01 1.587281e-01 1.590059e-01 2.777501e-04
7.777778e-01 7.777778e-01 1.571329e-01 1.572816e-01 1.486914e-04
7.878788e-01 7.777778e-01 1.555537e-01 1.557499e-01 1.962425e-04
7.979798e-01 7.777778e-01 1.539903e-01 1.542246e-01 2.342403e-04
8.080808e-01 7.777778e-01 1.524427e-01 1.526126e-01 1.699207e-04
8.181818e-01 7.777778e-01 1.509106e-01 1.511187e-01 2.080645e-04
8.282828e-01 7.777778e-01 1.493940e-01 1.497200e-01 3.259992e-04
8.383838e-01 7.777778e-01 1.478925e-01 1.481511e-01 2.585794e-04
8.484848e-01 7.777778e-01 1.464062e-01 1.466131e-01 2.068856e-04
8.585859e-01 7.777778e-01 1.449348e-01 1.451638e-01 2.290050e-04
8.686869e-01 7.777778e-01 1.434782e-01 1.436694e-01 1.912159e-04
8.787879e-01 7.777778e-01 1.420362e-01 1.422374e-01 2.011936e-04
8.888889e-01 7.777778e-01 1.406087e-01 1.407484e-01 1.396971e-04
8.989899e-01 7.777778e-01 1.391955e-01 1.392911e-01 9.556379e-05
9.090909e-01 7.777778e-01 1.377966e-01 1.378829e-01 8.634241e-05
9.191919e-01 7.777778e-01 1.364117e-01 1.363972e-01 1.448418e-05
9.292929e-01 7.777778e-01 1.350408e-01 1.350876e-01 4.684310e-05
9.393939e-01 7.777778e-01 1.336836e-01 1.335802e-01 1.033762e-04
9.494949e-01 7.777778e-01 1.323400e-01 1.322379e-01 1.021902e-04
9.595960e-01 7.777778e-01 1.310100e-01 1.309178e-01 9.221483e-05
9.696970e-01 7.777778e-01 1.296933e-01 1.295065e-01 1.868613e-04
9.797980e-01 7.777778e-01 1.283899e-01 1.283705e-01 1.942670e-05
9.898990e-01 7.777778e-01 1.270996e-01 1.270748e-01 2.471313e-05
1.000000e+00 7.777778e-01 1.258222e-01 1.258902e-01 6.801617e-05
0.000000e+00 7.878788e-01 -1.892512e-01 -1.887061e-01 5.451444e-04
1.010101e-02 7.878788e-01 -1.873492e-01 -1.868911e-01 4.581589e-04
2.020202e-02 7.878788e-01 -1.854663e-01 -1.849223e-01 5.440094e-04
3.030303e-02 7.878788e-01 -1.836024e-01 -1.830936e-01 5.087719e-04
4.040404e-02 7.878788e-01 -1.817571e-01 -1.811643e-01 5.928802e-04
5.050505e-02 7.878788e-01 -1.799305e-01 -1.792405e-01 6.899902e-04
6.060606e-02 7.878788e-01 -1.781221e-01 -1.774316e-01 6.905409e-04
7.070707e-02 7.878788e-01 -1.763320e-01 -1.756110e-01 7.210079e-04
8.080808e-02 7.878788e-01 -1.745598e-01 -1.737671e-01 7.926524e-04
9.090909e-02 7.878788e-01 -1.728054e-01 -1.719552e-01 8.502189e-04
1.010101e-01 7.878788e-01 -1.710687e-01 -1.701977e-01 8.709980e-04
1.111111e-01 7.878788e-01 -1.693495e-01 -1.685248e-01 8.246525e-04
1.212121e-01 7.878788e-01 -1.676475e-01 -1.666672e-01 9.802411e-04
1.313131e-01 7.878788e-01 -1.659626e-01 -1.650411e-01 9.214901e-04
1.414141e-01 7.878788e-01 -1.642946e-01 -1.633737e-01 9.209189e-04
1.515152e-01 7.878788e-01 -1.626434e-01 -1.616664e-01 9.770461e-04
1.616162e-01 7.878788e-01 -1.610088e-01 -1.600745e-01 9.343733e-04
1.717172e-01 7.878788e-01 -1.593907e-01 -1.582949e-01 1.095764e-03
1.818182e-01 7.878788e-01 -1.577888e-01 -1.567658e-01 1.023018e-03
1.919192e-01 7.878788e-01 -1.562030e-01 -1.551775e-01 1.025440e-03
2.020202e-01 7.878788e-01 -1.546331e-01 -1.535715e-01 1.061562e-03
2.121212e-01 7.878788e-01 -1.530790e-01 -1.519955e-01 1.083480e-03
2.222222e-01 7.878788e-01 -1.515405e-01 -1.503077e-01 1.232895e-03
2.323232e-01 7.878788e-01 -1.500175e-01 -1.488614e-01 1.156134e-03
2.424242e-01 7.878788e-01 -1.485098e-01 -1.474348e-01 1.075010e-03
2.525253e-01 7.878788e-01 -1.470173e-01 -1.460238e-01 9.935421e-04
2.626263e-01 7.878788e-01 -1.455397e-01 -1.444358e-01 1.103981e-03
2.727273e-01 7.878788e-01 -1.440770e-01 -1.429311e-01 1.145942e-03
2.828283e-01 7.878788e-01 -1.426290e-01 -1.415399e-01 1.089176e-03
2.929293e-01 7.878788e-01 -1.411956e-01 -1.400884e-01 1.107163e-03
3.030303e-01 7.878788e-01 -1.397766e-01 -1.387604e-01 1.016115e-03
3.131313e-01 7.878788e-01 -1.383718e-01 -1.372791e-01 1.092691e-03
3.232323e-01 7.878788e-01 -1.369811e-01 -1.359050e-01 1.076098e-03
3.333333e-01 7.878788e-01 -1.356044e-01 -1.347044e-01 9.000907e-04
3.434343e-01 7.878788e-01 -1.342416e-01 -1.331567e-01 1.084878e-03
3.535354e-01 7.878788e-01 -1.328924e-01 -1.319047e-01 9.877830e-04
3.636364e-01 7.878788e-01 -1.315569e-01 -1.305112e-01 1.045689e-03
3.737374e-01 7.878788e-01 -1.302347e-01 -1.293067e-01 9.279516e-04
3.838384e-01 7.878788e-01 -1.289258e-01 -1.280414e-01 8.844184e-04
3.939394e-01 7.878788e-01 -1.276301e-01 -1.267312e-01 8.989219e-04
4.040404e-01 7.878788e-01 -1.263474e-01 -1.256325e-01 7.148512e-04
4.141414e-01 7.878788e-01 -1.250776e-01 -1.242414e-01 8.362115e-04
4.242424e-01 7.878788e-01 -1.238205e-01 -1.230390e-01 7.815061e-04
4.343434e-01 7.878788e-01 -1.225761e-01 -1.217000e-01 8.760481e-04
4.444444e-01 7.878788e-01 -1.213442e-01 -1.204209e-01 9.233132e-04
4.545455e-01 7.878788e-01 -1.201247e-01 -1.193532e-01 7.714820e-04
4.646465e-01 7.878788e-01 -1.189174e-01 -1.179831e-01 9.342816e-04
4.747475e-01 7.878788e-01 -1.177222e-01 -1.167610e-01 9.612757e-04
4.848485e-01 7.878788e-01 -1.165391e-01 -1.156173e-01 9.218415e-04
4.949495e-01 7.878788e-01 -1.153679e-01 -1.145315e-01 8.363622e-04
5.050505e-01 7.878788e-01 -1.142084e-01 -1.133282e-01 8.801944e-04
5.151515e-01 7.878788e-01 -1.130606e-01 -1.121470e-01 9.136257e-04
5.252525e-01 7.878788e-01 -1.119243e-01 -1.110415e-01 8.827757e-04
5.353535e-01 7.878788e-01 -1.107995e-01 -1.099595e-01 8.399803e-04
5.454545e-01 7.878788e-01 -1.096859e-01 -1.087693e-01 9.166129e-04
5.555556e-01 7.878788e-01 -1.085835e-01 -1.077015e-01 8.820088e-04
5.656566e-01 7.878788e-01 -1.074923e-01 -1.066258e-01 8.664708e-04
5.757576e-01 7.878788e-01 -1.064120e-01 -1.055486e-01 8.633307e-04
5.858586e-01 7.878788e-01 -1.053425e-01 -1.045985e-01 7.439710e-04
5.959596e-01 7.878788e-01 -1.042838e-01 -1.035336e-01 7.501580e-04
6.060606e-01 7.878788e-01 -1.032357e-01 -1.023465e-01 8.891747e-04
6.161616e-01 7.878788e-01 -1.021982e-01 -1.014180e-01 7.801598e-04
6.262626e-01 7.878788e-01 -1.011711e-01 -1.003236e-01 8.474520e-04
6.363636e-01 7.878788e-01 -1.001543e-01 -9.945828e-02 6.960062e-04
6.464646e-01 7.878788e-01 -9.914772e-02 -9.829259e-02 8.551270e-04
6.565657e-01 7.878788e-01 -9.815127e-02 -9.740865e-02 7.426129e-04
6.666667e-01 7.878788e-01 -9.716483e-02 -9.652460e-02 6.402324e-04
6.767677e-01 7.878788e-01 -9.618831e-02 -9.541428e-02 7.740251e-04
6.868687e-01 7.878788e-01 -9.522160e-02 -9.455091e-02 6.706899e-04
6.969697e-01 7.878788e-01 -9.426460e-02 -9.358954e-02 6.750603e-04
7.070707e-01 7.878788e-01 -9.331723e-02 -9.251571e-02 8.015227e-04
7.171717e-01 7.878788e-01 -9.237938e-02 -9.145218e-02 9.271947e-04
7.272727e-01 7.878788e-01 -9.145095e-02 -9.069920e-02 7.517521e-04
7.373737e-01 7.878788e-01 -9.053185e-02 -8.972102e-02 8.108267e-04
7.474747e-01 7.878788e-01 -8.962199e-02 -8.878785e-02 8.341368e-04
7.575758e-01 7.878788e-01 -8.872127e-02 -8.797431e-02 7.469647e-04
7.676768e-01 7.878788e-01 -8.782961e-02 -8.702558e-02 8.040283e-04
7.777778e-01 7.878788e-01 -8.694691e-02 -8.628088e-02 6.660265e-04
7.878788e-01 7.878788e-01 -8.607308e-02 -8.532619e-02 7.468832e-04
7.979798e-01 7.878788e-01 -8.520803e-02 -8.447349e-02 7.345385e-04
8.080808e-01 7.878788e-01 -8.435167e-02 -8.352160e-02 8.300699e-04
8.181818e-01 7.878788e-01 -8.350393e-02 -8.278656e-02 7.173660e-04
8.282828e-01 7.878788e-01 -8.266470e-02 -8.193803e-02 7.266694e-04
8.383838e-01 7.878788e-01 -8.183390e-02 -8.121192e-02 6.219792e-04
8.484848e-01 7.878788e-01 -8.101146e-02 -8.029747e-02 7.139893e-04
8.585859e-01 7.878788e-01 -8.019728e-02 -7.952648e-02 6.707968e-04
8.686869e-01 7.878788e-01 -7.939128e-02 -7.892346e-02 4.678210e-04
8.787879e-01 7.878788e-01 -7.859339e-02 -7.793969e-02 6.537000e-04
8.888889e-01 7.878788e-01 -7.780351e-02 -7.723314e-02 5.703769e-04
8.989899e-01 7.878788e-01 -7.702157e-02 -7.658339e-02 4.381888e-04
9.090909e-01 7.878788e-01 -7.624749e-02 -7.569736e-02 5.501323e-04
9.191919e-01 7.878788e-01 -7.548119e-02 -7.502872e-02 4.524772e-04
9.292929e-01 7.878788e-01 -7.472260e-02 -7.410890e-02 6.136975e-04
9.393939e-01 7.878788e-01 -7.397162e-02 -7.344842e-02 5.232021e-04
9.494949e-01 7.878788e-01 -7.322819e-02 -7.271141e-02 5.167864e-04
9.595960e-01 7.878788e-01 -7.249224e-02 -7.184762e-02 6.446214e-04
9.696970e-01 7.878788e-01 -7.176368e-02 -7.109839e-02 6.652927e-04
9.797980e-01 7.878788e-01 -7.104244e-02 -7.035625e-02 6.861932e-04
9.898990e-01 7.878788e-01 -7.032845e-02 -6.964582e-02 6.826326e-04
1.000000e+00 7.878788e-01 -6.962164e-02 -6.936002e-02 2.616242e-04
0.000000e+00 7.979798e-01 3.172793e-02 3.157973e-02 1.482006e-04
1.010101e-02 7.979798e-01 3.140906e-02 3.128034e-02 1.287237e-04
2.020202e-02 7.979798e-01 3.109340e-02 3.100920e-02 8.419896e-05
3.030303e-02 7.979798e-01 3.078090e-02 3.063583e-02 1.450687e-04
4.040404e-02 7.979798e-01 3.047155e-02 3.028077e-02 1.907803e-04
5.050505e-02 7.979798e-01 3.016531e-02 2.995455e-02 2.107524e-04
6.060606e-02 7.979798e-01 2.986214e-02 2.956343e-02 2.987118e-04
7.070707e-02 7.979798e-01 2.956202e-02 2.918005e-02 3.819694e-04
8.080808e-02 7.979798e-01 2.926492e-02 2.885085e-02 4.140626e-04
9.090909e-02 7.979798e-01 2.897080e-02 2.848279e-02 4.880040e-04
1.010101e-01 7.979798e-01 2.867964e-02 2.816355e-02 5.160852e-04
1.111111e-01 7.979798e-01 2.839140e-02 2.772897e-02 6.624275e-04
1.212121e-01 7.979798e-01 2.810606e-02 2.752280e-02 5.832617e-04
1.313131e-01 7.979798e-01 2.782359e-02 2.714753e-02 6.760619e-04
1.414141e-01 7.979798e-01 2.754396e-02 2.684283e-02 7.011291e-04
1.515152e-01 7.979798e-01 2.726714e-02 2.655303e-02 7.141055e-04
1.616162e-01 7.979798e-01 2.699310e-02 2.625406e-02 7.390431e-04
1.717172e-01 7.979798e-01 2.672182e-02 2.610290e-02 6.189153e-04
1.818182e-01 7.979798e-01 2.645326e-02 2.570111e-02 7.521515e-04
1.919192e-01 7.979798e-01 2.618740e-02 2.543151e-02 7.558837e-04
2.020202e-01 7.979798e-01 2.592421e-02 2.525234e-02 6.718676e-04
2.121212e-01 7.979798e-01 2.566367e-02 2.497345e-02 6.902151e-04
2.222222e-01 7.979798e-01 2.540574e-02 2.478516e-02 6.205821e-04
2.323232e-01 7.979798e-01 2.515041e-02 2.450001e-02 6.503987e-04
2.424242e-01 7.979798e-01 2.489765e-02 2.428150e-02 6.161435e-04
2.525253e-01 7.979798e-01 2.464742e-02 2.390766e-02 7.397584e-04
2.626263e-01 7.979798e-01 2.439971e-02 2.371967e-02 6.800408e-04
2.727273e-01 7.979798e-01 2.415449e-02 2.360815e-02 5.463399e-04
2.828283e-01 7.979798e-01 2.391173e-02 2.331489e-02 5.968382e-04
2.929293e-01 7.979798e-01 2.367141e-02 2.301145e-02 6.599685e-04
3.030303e-01 7.979798e-01 2.343351e-02 2.278960e-02 6.439154e-04
3.131313e-01 7.979798e-01 2.319800e-02 2.251786e-02 6.801423e-04
3.232323e-01 7.979798e-01 2.296486e-02 2.226514e-02 6.997222e-04
3.333333e-01 7.979798e-01 2.273406e-02 2.199841e-02 7.356523e-04
3.434343e-01 7.979798e-01 2.250558e-02 2.179897e-02 7.066084e-04
3.535354e-01 7.979798e-01 2.227939e-02 2.156776e-02 7.116300e-04
3.636364e-01 7.979798e-01 2.205548e-02 2.138603e-02 6.694530e-04
3.737374e-01 7.979798e-01 2.183382e-02 2.104783e-02 7.859885e-04
3.838384e-01 7.979798e-01 2.161439e-02 2.084970e-02 7.646808e-04
3.939394e-01 7.979798e-01 2.139716e-02 2.067184e-02 7.253129e-04
4.040404e-01 7.979798e-01 2.118211e-02 2.031660e-02 8.655116e-04
4.141414e-01 7.979798e-01 2.096923e-02 2.014065e-02 8.285808e-04
4.242424e-01 7.979798e-01 2.075848e-02 1.995772e-02 8.007632e-04
4.343434e-01 7.979798e-01 2.054986e-02 1.976216e-02 7.876998e-04
4.444444e-01 7.979798e-01 2.034333e-02 1.956451e-02 7.788193e-04
4.545455e-01 7.979798e-01 2.013887e-02 1.926535e-02 8.735212e-04
4.646465e-01 7.979798e-01 1.993648e-02 1.923192e-02 7.045604e-04
4.747475e-01 7.979798e-01 1.973611e-02 1.900584e-02 7.302759e-04
4.848485e-01 7.979798e-01 1.953776e-02 1.872474e-02 8.130202e-04
4.949495e-01 7.979798e-01 1.934140e-02 1.866019e-02 6.812143e-04
5.050505e-01 7.979798e-01 1.914702e-02 1.838142e-02 7.656009e-04
5.151515e-01 7.979798e-01 1.895459e-02 1.828837e-02 6.662131e-04
5.252525e-01 7.979798e-01 1.876409e-02 1.804072e-02 7.233736e-04
5.353535e-01 7.979798e-01 1.857551e-02 1.792109e-02 6.544179e-04
5.454545e-01 7.979798e-01 1.838882e-02 1.781082e-02 5.779996e-04
5.555556e-01 7.979798e-01 1.820401e-02 1.760459e-02 5.994209e-04
5.656566e-01 7.979798e-01 1.802106e-02 1.756656e-02 4.544953e-04
5.757576e-01 7.979798e-01 1.783994e-02 1.739216e-02 4.477839e-04
5.858586e-01 7.979798e-01 1.766065e-02 1.716280e-02 4.978482e-04
5.959596e-01 7.979798e-01 1.748316e-02 1.698953e-02 4.936265e-04
6.060606e-01 7.979798e-01 1.730745e-02 1.686424e-02 4.432068e-04
6.161616e-01 7.979798e-01 1.713350e-02 1.667142e-02 4.620851e-04
6.262626e-01 7.979798e-01 1.696131e-02 1.655793e-02 4.033778e-04
6.363636e-01 7.979798e-01 1.679085e-02 1.639962e-02 3.912237e-04
6.464646e-01 7.979798e-01 1.662209e-02 1.629138e-02 3.307150e-04
6.565657e-01 7.979798e-01 1.645504e-02 1.607293e-02 3.821112e-04
6.666667e-01 7.979798e-01 1.628966e-02 1.582187e-02 4.677901e-04
6.767677e-01 7.979798e-01 1.612595e-02 1.581347e-02 3.124805e-04
6.868687e-01 7.979798e-01 1.596388e-02 1.553071e-02 4.331764e-04
6.969697e-01 7.979798e-01 1.580344e-02 1.539564e-02 4.078009e-04
7.070707e-01 7.979798e-01 1.564462e-02 1.527786e-02 3.667525e-04
7.171717e-01 7.979798e-01 1.548738e-02 1.511317e-02 3.742091e-04
7.272727e-01 7.979798e-01 1.533173e-02 1.490110e-02 4.306317e-04
7.373737e-01 7.979798e-01 1.517765e-02 1.488328e-02 2.943670e-04
7.474747e-01 7.979798e-01 1.502511e-02 1.470095e-02 3.241597e-04
7.575758e-01 7.979798e-01 1.487410e-02 1.448095e-02 3.931556e-04
7.676768e-01 7.979798e-01 1.472462e-02 1.448613e-02 2.384828e-04
7.777778e-01 7.979798e-01 1.457663e-02 1.416910e-02 4.075350e-04
7.878788e-01 7.979798e-01 1.443013e-02 1.414746e-02 2.826740e-04
7.979798e-01 7.979798e-01 1.428511e-02 1.406032e-02 2.247907e-04
8.080808e-01 7.979798e-01 1.414154e-02 1.385379e-02 2.877531e-04
8.181818e-01 7.979798e-01 1.399942e-02 1.373255e-02 2.668641e-04
8.282828e-01 7.979798e-01 1.385872e-02 1.366997e-02 1.887525e-04
8.383838e-01 7.979798e-01 1.371944e-02 1.336098e-02 3.584605e-04
8.484848e-01 7.979798e-01 1.358156e-02 1.327276e-02 3.087928e-04
8.585859e-01 7.979798e-01 1.344506e-02 1.313984e-02 3.052142e-04
8.686869e-01 7.979798e-01 1.330993e-02 1.283312e-02 4.768147e-04
8.787879e-01 7.979798e-01 1.317617e-02 1.270020e-02 4.759660e-04
8.888889e-01 7.979798e-01 1.304374e-02 1.257551e-02 4.682362e-04
8.989899e-01 7.979798e-01 1.291265e-02 1.243174e-02 4.809109e-04
9.090909e-01 7.979798e-01 1.278288e-02 1.238918e-02 3.936943e-04
9.191919e-01 7.979798e-01 1.265441e-02 1.212716e-02 5.272463e-04
9.292929e-01 7.979798e-01 1.252723e-02 1.226097e-02 2.662549e-04
9.393939e-01 7.979798e-01 1.240133e-02 1.197398e-02 4.273506e-04
9.494949e-01 7.979798e-01 1.227669e-02 1.186299e-02 4.136990e-04
9.595960e-01 7.979798e-01 1.215331e-02 1.191437e-02 2.389370e-04
9.696970e-01 7.979798e-01 1.203117e-02 1.177031e-02 2.608587e-04
9.797980e-01 7.979798e-01 1.191025e-02 1.161134e-02 2.989090e-04
9.898990e-01 7.979798e-01 1.179055e-02 1.152539e-02 2.651589e-04
1.000000e+00 7.979798e-01 1.167205e-02 1.122606e-02 4.459964e-04
0.000000e+00 8.080808e-01 1.265925e-01 1.259118e-01 6.806813e-04
1.010101e-02 8.080808e-01 1.253202e-01 1.246436e-01 6.766141e-04
2.020202e-02 8.080808e-01 1.240607e-01 1.234432e-01 6.175035e-04
3.030303e-02 8.080808e-01 1.228139e-01 1.221004e-01 7.135060e-04
4.040404e-02 8.080808e-01 1.215796e-01 1.209643e-01 6.152708e-04
5.050505e-02 8.080808e-01 1.203577e-01 1.198260e-01 5.317055e-04
6.060606e-02 8.080808e-01 1.191481e-01 1.185859e-01 5.621060e-04
7.070707e-02 8.080808e-01 1.179506e-01 1.174775e-01 4.730563e-04
8.080808e-02 8.080808e-01 1.167652e-01 1.162718e-01 4.933756e-04
9.090909e-02 8.080808e-01 1.155917e-01 1.152310e-01 3.606825e-04
1.010101e-01 8.080808e-01 1.144299e-01 1.139739e-01 4.560291e-04
1.111111e-01 8.080808e-01 1.132799e-01 1.127563e-01 5.236524e-04
1.212121e-01 8.080808e-01 1.121414e-01 1.117536e-01 3.877802e-04
1.313131e-01 8.080808e-01 1.110144e-01 1.106101e-01 4.042554e-04
1.414141e-01 8.080808e-01 1.098987e-01 1.095036e-01 3.950430e-04
1.515152e-01 8.080808e-01 1.087942e-01 1.083760e-01 4.181438e-04
1.616162e-01 8.080808e-01 1.077008e-01 1.072706e-01 4.301720e-04
1.717172e-01 8.080808e-01 1.066184e-01 1.064231e-01 1.952202e-04
1.818182e-01 8.080808e-01 1.055468e-01 1.052020e-01 3.448680e-04
1.919192e-01 8.080808e-01 1.044861e-01 1.041126e-01 3.734393e-04
2.020202e-01 8.080808e-01 1.034360e-01 1.032620e-01 1.739549e-04
2.121212e-01 8.080808e-01 1.023964e-01 1.021472e-01 2.492515e-04
2.222222e-01 8.080808e-01 1.013673e-01 1.013548e-01 1.247509e-05
2.323232e-01 8.080808e-01 1.003486e-01 1.001103e-01 2.382617e-04
2.424242e-01 8.080808e-01 9.934003e-02 9.907472e-02 2.653132e-04
2.525253e-01 8.080808e-01 9.834165e-02 9.807336e-02 2.682873e-04
2.626263e-01 8.080808e-01 9.735330e-02 9.719694e-02 1.563641e-04
2.727273e-01 8.080808e-01 9.637488e-02 9.621799e-02 1.568939e-04
2.828283e-01 8.080808e-01 9.540630e-02 9.529370e-02 1.125996e-04
2.929293e-01 8.080808e-01 9.444745e-02 9.432799e-02 1.194648e-04
3.030303e-01 8.080808e-01 9.349824e-02 9.330577e-02 1.924719e-04
3.131313e-01 8.080808e-01 9.255857e-02 9.246433e-02 9.423784e-05
3.232323e-01 8.080808e-01 9.162834e-02 9.147578e-02 1.525519e-04
3.333333e-01 8.080808e-01 9.070746e-02 9.049094e-02 2.165194e-04
3.434343e-01 8.080808e-01 8.979583e-02 8.976573e-02 3.010413e-05
3.535354e-01 8.080808e-01 8.889337e-02 8.887172e-02 2.165116e-05
3.636364e-01 8.080808e-01 8.799998e-02 8.805430e-02 5.432387e-05
3.737374e-01 8.080808e-01 8.711556e-02 8.706242e-02 5.314264e-05
3.838384e-01 8.080808e-01 8.624004e-02 8.608186e-02 1.581728e-04
3.939394e-01 8.080808e-01 8.537331e-02 8.523798e-02 1.353287e-04
4.040404e-01 8.080808e-01 8.451529e-02 8.440912e-02 1.061749e-04
4.141414e-01 8.080808e-01 8.366590e-02 8.374226e-02 7.636108e-05
4.242424e-01 8.080808e-01 8.282504e-02 8.270264e-02 1.224069e-04
4.343434e-01 8.080808e-01 8.199264e-02 8.213258e-02 1.399397e-04
4.444444e-01 8.080808e-01 8.116860e-02 8.111274e-02 5.585613e-05
4.545455e-01 8.080808e-01 8.035284e-02 8.020705e-02 1.457908e-04
4.646465e-01 8.080808e-01 7.954528e-02 7.967651e-02 1.312277e-04
4.747475e-01 8.080808e-01 7.874584e-02 7.879543e-02 4.959510e-05
4.848485e-01 8.080808e-01 7.795443e-02 7.806641e-02 1.119795e-04
4.949495e-01 8.080808e-01 7.717097e-02 7.710540e-02 6.557126e-05
5.050505e-01 8.080808e-01 7.639539e-02 7.630026e-02 9.512968e-05
5.151515e-01 8.080808e-01 7.562761e-02 7.568753e-02 5.992097e-05
5.252525e-01 8.080808e-01 7.486754e-02 7.476985e-02 9.768212e-05
5.353535e-01 8.080808e-01 7.411511e-02 7.402384e-02 9.126267e-05
5.454545e-01 8.080808e-01 7.337024e-02 7.338446e-02 1.422744e-05
5.555556e-01 8.080808e-01 7.263285e-02 7.275701e-02 1.241524e-04
5.656566e-01 8.080808e-01 7.190288e-02 7.183319e-02 6.968773e-05
5.757576e-01 8.080808e-01 7.118025e-02 7.111281e-02 6.743356e-05
5.858586e-01 8.080808e-01 7.046487e-02 7.042277e-02 4.210323e-05
5.959596e-01 8.080808e-01 6.975669e-02 6.969279e-02 6.389764e-05
6.060606e-01 8.080808e-01 6.905562e-02 6.899303e-02 6.258986e-05
6.161616e-01 8.080808e-01 6.836160e-02 6.844574e-02 8.414077e-05
6.262626e-01 8.080808e-01 6.767456e-02 6.772178e-02 4.722821e-05
6.363636e-01 8.080808e-01 6.699442e-02 6.686443e-02 1.299845e-04
6.464646e-01 8.080808e-01 6.632111e-02 6.628692e-02 3.418885e-05
6.565657e-01 8.080808e-01 6.565457e-02 6.563985e-02 1.471869e-05
6.666667e-01 8.080808e-01 6.499473e-02 6.469113e-02 3.036065e-04
6.767677e-01 8.080808e-01 6.434152e-02 6.428474e-02 5.678306e-05
6.868687e-01 8.080808e-01 6.369488e-02 6.368732e-02 7.557391e-06
6.969697e-01 8.080808e-01 6.305474e-02 6.304675e-02 7.984357e-06
7.070707e-01 8.080808e-01 6.242103e-02 6.233716e-02 8.386706e-05
7.171717e-01 8.080808e-01 6.179369e-02 6.202602e-02 2.323384e-04
7.272727e-01 8.080808e-01 6.117265e-02 6.124425e-02 7.160069e-05
7.373737e-01 8.080808e-01 6.055785e-02 6.057626e-02 1.840672e-05
7.474747e-01 8.080808e-01 5.994924e-02 6.014955e-02 2.003136e-04
7.575758e-01 8.080808e-01 5.934674e-02 5.945534e-02 1.085981e-04
7.676768e-01 8.080808e-01 5.875029e-02 5.896091e-02 2.106221e-04
7.777778e-01 8.080808e-01 5.815984e-02 5.798215e-02 1.776956e-04
7.878788e-01 8.080808e-01 5.757533e-02 5.769819e-02 1.228640e-04
7.979798e-01 8.080808e-01 5.699668e-02 5.702513e-02 2.844995e-05
8.080808e-01 8.080808e-01 5.642386e-02 5.676913e-02 3.452742e-04
8.181818e-01 8.080808e-01 5.585679e-02 5.599821e-02 1.414168e-04
8.282828e-01 8.080808e-01 5.529542e-02 5.547571e-02 1.802925e-04
8.383838e-01 8.080808e-01 5.473969e-02 5.489039e-02 1.507031e-04
8.484848e-01 8.080808e-01 5.418955e-02 5.432850e-02 1.389531e-04
8.585859e-01 8.080808e-01 5.364493e-02 5.379844e-02 1.535029e-04
8.686869e-01 8.080808e-01 5.310579e-02 5.315280e-02 4.700594e-05
8.787879e-01 8.080808e-01 5.257207e-02 5.267572e-02 1.036524e-04
8.888889e-01 8.080808e-01 5.204371e-02 5.202687e-02 1.684568e-05
8.989899e-01 8.080808e-01 5.152067e-02 5.150181e-02 1.885503e-05
9.090909e-01 8.080808e-01 5.100287e-02 5.106652e-02 6.364351e-05
9.191919e-01 8.080808e-01 5.049029e-02 5.038702e-02 1.032621e-04
9.292929e-01 8.080808e-01 4.998285e-02 4.996145e-02 2.140347e-05
9.393939e-01 8.080808e-01 4.948052e-02 4.946196e-02 1.855443e-05
9.494949e-01 8.080808e-01 4.898323e-02 4.915446e-02 1.712326e-04
9.595960e-01 8.080808e-01 4.849094e-02 4.861844e-02 1.274976e-04
9.696970e-01 8.080808e-01 4.800360e-02 4.813612e-02 1.325188e-04
9.797980e-01 8.080808e-01 4.752115e-02 4.765171e-02 1.305560e-04
9.898990e-01 8.080808e-01 4.704356e-02 4.720336e-02 1.598053e-04
1.000000e+00 8.080808e-01 4.657076e-02 4.655021e-02 2.054679e-05
0.000000e+00 8.181818e-01 -2.817326e-01 -2.803530e-01 1.379607e-03
1.010101e-02 8.181818e-01 -2.789011e-01 -2.775614e-01 1.339731e-03
2.020202e-02 8.181818e-01 -2.760981e-01 -2.746391e-01 1.458966e-03
3.030303e-02 8.181818e-01 -2.733233e-01 -2.719485e-01 1.374807e-03
4.040404e-02 8.181818e-01 -2.705763e-01 -2.690610e-01 1.515350e-03
5.050505e-02 8.181818e-01 -2.678570e-01 -2.661861e-01 1.670864e-03
6.060606e-02 8.181818e-01 -2.651650e-01 -2.635167e-01 1.648251e-03
7.070707e-02 8.181818e-01 -2.625000e-01 -2.608337e-01 1.666343e-03
8.080808e-02 8.181818e-01 -2.598619e-01 -2.581413e-01 1.720575e-03
9.090909e-02 8.181818e-01 -2.572502e-01 -2.554862e-01 1.764009e-03
1.010101e-01 8.181818e-01 -2.546648e-01 -2.529028e-01 1.761986e-03
1.111111e-01 8.181818e-01 -2.521054e-01 -2.503341e-01 1.771225e-03
1.212121e-01 8.181818e-01 -2.495717e-01 -2.476473e-01 1.924382e-03
1.313131e-01 8.181818e-01 -2.470634e-01 -2.452943e-01 1.769158e-03
1.414141e-01 8.181818e-01 -2.445804e-01 -2.427275e-01 1.852944e-03
1.515152e-01 8.181818e-01 -2.421223e-01 -2.403108e-01 1.811541e-03
1.616162e-01 8.181818e-01 -2.396890e-01 -2.379278e-01 1.761165e-03
1.717172e-01 8.181818e-01 -2.372800e-01 -2.353053e-01 1.974736e-03
1.818182e-01 8.181818e-01 -2.348953e-01 -2.330509e-01 1.844399e-03
1.919192e-01 8.181818e-01 -2.325346e-01 -2.308179e-01 1.716690e-03
2.020202e-01 8.181818e-01 -2.301976e-01 -2.283291e-01 1.868530e-03
2.121212e-01 8.181818e-01 -2.278841e-01 -2.260681e-01 1.815989e-03
2.222222e-01 8.181818e-01 -2.255938e-01 -2.236058e-01 1.988044e-03
2.323232e-01 8.181818e-01 -2.233265e-01 -2.214738e-01 1.852728e-03
2.424242e-01 8.181818e-01 -2.210821e-01 -2.192790e-01 1.803081e-03
2.525253e-01 8.181818e-01 -2.188602e-01 -2.171383e-01 1.721870e-03
2.626263e-01 8.181818e-01 -2.166606e-01 -2.148370e-01 1.823565e-03
2.727273e-01 8.181818e-01 -2.144831e-01 -2.125505e-01 1.932584e-03
2.828283e-01 8.181818e-01 -2.123275e-01 -2.104986e-01 1.828942e-03
2.929293e-01 8.181818e-01 -2.101936e-01 -2.083137e-01 1.879883e-03
3.030303e-01 8.181818e-01 -2.080811e-01 -2.063079e-01 1.773218e-03
3.131313e-01 8.181818e-01 -2.059899e-01 -2.040844e-01 1.905460e-03
3.232323e-01 8.181818e-01 -2.039196e-01 -2.021033e-01 1.816308e-03
3.333333e-01 8.181818e-01 -2.018702e-01 -2.000657e-01 1.804466e-03
3.434343e-01 8.181818e-01 -1.998414e-01 -1.978830e-01 1.958359e-03
3.535354e-01 8.181818e-01 -1.978329e-01 -1.958712e-01 1.961696e-03
3.636364e-01 8.181818e-01 -1.958447e-01 -1.938530e-01 1.991656e-03
3.737374e-01 8.181818e-01 -1.938764e-01 -1.919845e-01 1.891871e-03
3.838384e-01 8.181818e-01 -1.919279e-01 -1.901186e-01 1.809304e-03
3.939394e-01 8.181818e-01 -1.899990e-01 -1.881639e-01 1.835131e-03
4.040404e-01 8.181818e-01 -1.880895e-01 -1.863858e-01 1.703675e-03
4.141414e-01 8.181818e-01 -1.861992e-01 -1.841614e-01 2.037790e-03
4.242424e-01 8.181818e-01 -1.843278e-01 -1.824725e-01 1.855355e-03
4.343434e-01 8.181818e-01 -1.824753e-01 -1.804034e-01 2.071946e-03
4.444444e-01 8.181818e-01 -1.806414e-01 -1.787479e-01 1.893498e-03
4.545455e-01 8.181818e-01 -1.788259e-01 -1.769547e-01 1.871168e-03
4.646465e-01 8.181818e-01 -1.770287e-01 -1.751710e-01 1.857666e-03
4.747475e-01 8.181818e-01 -1.752495e-01 -1.733948e-01 1.854717e-03
4.848485e-01 8.181818e-01 -1.734882e-01 -1.716422e-01 1.846045e-03
4.949495e-01 8.181818e-01 -1.717446e-01 -1.699393e-01 1.805305e-03
5.050505e-01 8.181818e-01 -1.700186e-01 -1.682898e-01 1.728742e-03
5.151515e-01 8.181818e-01 -1.683099e-01 -1.666065e-01 1.703381e-03
5.252525e-01 8.181818e-01 -1.666183e-01 -1.649655e-01 1.652874e-03
5.353535e-01 8.181818e-01 -1.649438e-01 -1.632772e-01 1.666574e-03
5.454545e-01 8.181818e-01 -1.632861e-01 -1.614572e-01 1.828830e-03
5.555556e-01 8.181818e-01 -1.616450e-01 -1.598979e-01 1.747095e-03
5.656566e-01 8.181818e-01 -1.600205e-01 -1.582614e-01 1.759100e-03
5.757576e-01 8.181818e-01 -1.584122e-01 -1.568284e-01 1.583823e-03
5.858586e-01 8.181818e-01 -1.568202e-01 -1.552789e-01 1.541236e-03
5.959596e-01 8.181818e-01 -1.552441e-01 -1.535996e-01 1.644469e-03
6.060606e-01 8.181818e-01 -1.536839e-01 -1.519689e-01 1.714964e-03
6.161616e-01 8.181818e-01 -1.521393e-01 -1.503979e-01 1.741415e-03
6.262626e-01 8.181818e-01 -1.506103e-01 -1.488996e-01 1.710731e-03
6.363636e-01 8.181818e-01 -1.490966e-01 -1.475307e-01 1.565953e-03
6.464646e-01 8.181818e-01 -1.475982e-01 -1.457610e-01 1.837169e-03
6.565657e-01 8.181818e-01 -1.461148e-01 -1.443998e-01 1.715034e-03
6.666667e-01 8.181818e-01 -1.446463e-01 -1.431345e-01 1.511843e-03
6.767677e-01 8.181818e-01 -1.431926e-01 -1.415156e-01 1.676986e-03
6.868687e-01 8.181818e-01 -1.417535e-01 -1.401664e-01 1.587087e-03
6.969697e-01 8.181818e-01 -1.403288e-01 -1.386156e-01 1.713234e-03
7.070707e-01 8.181818e-01 -1.389185e-01 -1.373017e-01 1.616771e-03
7.171717e-01 8.181818e-01 -1.375224e-01 -1.356205e-01 1.901885e-03
7.272727e-01 8.181818e-01 -1.361402e-01 -1.344694e-01 1.670848e-03
7.373737e-01 8.181818e-01 -1.347720e-01 -1.330125e-01 1.759472e-03
7.474747e-01 8.181818e-01 -1.334175e-01 -1.316309e-01 1.786627e-03
7.575758e-01 8.181818e-01 -1.320767e-01 -1.304911e-01 1.585578e-03
7.676768e-01 8.181818e-01 -1.307493e-01 -1.289886e-01 1.760700e-03
7.777778e-01 8.181818e-01 -1.294352e-01 -1.280559e-01 1.379282e-03
7.878788e-01 8.181818e-01 -1.281344e-01 -1.265253e-01 1.609084e-03
7.979798e-01 8.181818e-01 -1.268466e-01 -1.254144e-01 1.432164e-03
8.080808e-01 8.181818e-01 -1.255718e-01 -1.238644e-01 1.707413e-03
8.181818e-01 8.181818e-01 -1.243097e-01 -1.225824e-01 1.727373e-03
8.282828e-01 8.181818e-01 -1.230604e-01 -1.213470e-01 1.713405e-03
8.383838e-01 8.181818e-01 -1.218236e-01 -1.203023e-01 1.521318e-03
8.484848e-01 8.181818e-01 -1.205993e-01 -1.189540e-01 1.645287e-03
8.585859e-01 8.181818e-01 -1.193872e-01 -1.176519e-01 1.735307e-03
8.686869e-01 8.181818e-01 -1.181874e-01 -1.167939e-01 1.393514e-03
8.787879e-01 8.181818e-01 -1.169996e-01 -1.154294e-01 1.570181e-03
8.888889e-01 8.181818e-01 -1.158237e-01 -1.142687e-01 1.555056e-03
8.989899e-01 8.181818e-01 -1.146597e-01 -1.131612e-01 1.498463e-03
9.090909e-01 8.181818e-01 -1.135073e-01 -1.119230e-01 1.584341e-03
9.191919e-01 8.181818e-01 -1.123666e-01 -1.108519e-01 1.514669e-03
9.292929e-01 8.181818e-01 -1.112373e-01 -1.096717e-01 1.565598e-03
9.393939e-01 8.181818e-01 -1.101193e-01 -1.085482e-01 1.571133e-03
9.494949e-01 8.181818e-01 -1.090126e-01 -1.073911e-01 1.621461e-03
9.595960e-01 8.181818e-01 -1.079170e-01 -1.062562e-01 1.660799e-03
9.696970e-01 8.181818e-01 -1.068324e-01 -1.050389e-01 1.793521e-03
9.797980e-01 8.181818e-01 -1.057587e-01 -1.041926e-01 1.566164e-03
9.898990e-01 8.181818e-01 -1.046958e-01 -1.030978e-01 1.598030e-03
1.000000e+00 8.181818e-01 -1.036436e-01 -1.024919e-01 1.151760e-03
0.000000e+00 8.282828e-01 4.297949e-01 4.299150e-01 1.200690e-04
1.010101e-02 8.282828e-01 4.254754e-01 4.257470e-01 2.715756e-04
2.020202e-02 8.282828e-01 4.211993e-01 4.215360e-01 3.367251e-04
3.030303e-02 8.282828e-01 4.169662e-01 4.173259e-01 3.596741e-04
4.040404e-02 8.282828e-01 4.127756e-01 4.131256e-01 3.500036e-04
5.050505e-02 8.282828e-01 4.086271e-01 4.090598e-01 4.326851e-04
6.060606e-02 8.282828e-01 4.045204e-01 4.049725e-01 4.521567e-04
7.070707e-02 8.282828e-01 4.004549e-01 4.009385e-01 4.836709e-04
8.080808e-02 8.282828e-01 3.964302e-01 3.968805e-01 4.503055e-04
9.090909e-02 8.282828e-01 3.924460e-01 3.929328e-01 4.867306e-04
1.010101e-01 8.282828e-01 3.885019e-01 3.889050e-01 4.030648e-04
1.111111e-01 8.282828e-01 3.845974e-01 3.849207e-01 3.232712e-04
1.212121e-01 8.282828e-01 3.807321e-01 3.810607e-01 3.285420e-04
1.313131e-01 8.282828e-01 3.769057e-01 3.772539e-01 3.482231e-04
1.414141e-01 8.282828e-01 3.731177e-01 3.733526e-01 2.348256e-04
1.515152e-01 8.282828e-01 3.693678e-01 3.695921e-01 2.242339e-04
1.616162e-01 8.282828e-01 3.656556e-01 3.658647e-01 2.090656e-04
1.717172e-01 8.282828e-01 3.619807e-01 3.622267e-01 2.459960e-04
1.818182e-01 8.282828e-01 3.583428e-01 3.584488e-01 1.060413e-04
1.919192e-01 8.282828e-01 3.547414e-01 3.549144e-01 1.730094e-04
2.020202e-01 8.282828e-01 3.511761e-01 3.514013e-01 2.251511e-04
2.121212e-01 8.282828e-01 3.476468e-01 3.478428e-01 1.960132e-04
2.222222e-01 8.282828e-01 3.441529e-01 3.445425e-01 3.896119e-04
2.323232e-01 8.282828e-01 3.406941e-01 3.410354e-01 3.413574e-04
2.424242e-01 8.282828e-01 3.372700e-01 3.375443e-01 2.742262e-04
2.525253e-01 8.282828e-01 3.338804e-01 3.342076e-01 3.272079e-04
2.626263e-01 8.282828e-01 3.305249e-01 3.309834e-01 4.585378e-04
2.727273e-01 8.282828e-01 3.272030e-01 3.275887e-01 3.856744e-04
2.828283e-01 8.282828e-01 3.239146e-01 3.245187e-01 6.040629e-04
2.929293e-01 8.282828e-01 3.206592e-01 3.211626e-01 5.034188e-04
3.030303e-01 8.282828e-01 3.174365e-01 3.179660e-01 5.295297e-04
3.131313e-01 8.282828e-01 3.142462e-01 3.149106e-01 6.643661e-04
3.232323e-01 8.282828e-01 3.110880e-01 3.117206e-01 6.326119e-04
3.333333e-01 8.282828e-01 3.079615e-01 3.085915e-01 6.299734e-04
3.434343e-01 8.282828e-01 3.048664e-01 3.055817e-01 7.152416e-04
3.535354e-01 8.282828e-01 3.018025e-01 3.024009e-01 5.983982e-04
3.636364e-01 8.282828e-01 2.987693e-01 2.994737e-01 7.043793e-04
3.737374e-01 8.282828e-01 2.957666e-01 2.964945e-01 7.278417e-04
3.838384e-01 8.282828e-01 2.927941e-01 2.934380e-01 6.438195e-04
3.939394e-01 8.282828e-01 2.898515e-01 2.904497e-01 5.982300e-04
4.040404e-01 8.282828e-01 2.869385e-01 2.875438e-01 6.053210e-04
4.141414e-01 8.282828e-01 2.840547e-01 2.846010e-01 5.462996e-04
4.242424e-01 8.282828e-01 2.811999e-01 2.816545e-01 4.546599e-04
4.343434e-01 8.282828e-01 2.783738e-01 2.790047e-01 6.309217e-04
4.444444e-01 8.282828e-01 2.755761e-01 2.760776e-01 5.014999e-04
4.545455e-01 8.282828e-01 2.728065e-01 2.732502e-01 4.436792e-04
4.646465e-01 8.282828e-01 2.700647e-01 2.706972e-01 6.324436e-04
4.747475e-01 8.282828e-01 2.673505e-01 2.679008e-01 5.502275e-04
4.848485e-01 8.282828e-01 2.646636e-01 2.652889e-01 6.253289e-04
4.949495e-01 8.282828e-01 2.620037e-01 2.624672e-01 4.634988e-04
5.050505e-01 8.282828e-01 2.593705e-01 2.599589e-01 5.883970e-04
5.151515e-01 8.282828e-01 2.567638e-01 2.573358e-01 5.720327e-04
5.252525e-01 8.282828e-01 2.541833e-01 2.547019e-01 5.186522e-04
5.353535e-01 8.282828e-01 2.516287e-01 2.521150e-01 4.862757e-04
5.454545e-01 8.282828e-01 2.490998e-01 2.496707e-01 5.708592e-04
5.555556e-01 8.282828e-01 2.465963e-01 2.472757e-01 6.793793e-04
5.656566e-01 8.282828e-01 2.441180e-01 2.446558e-01 5.378207e-04
5.757576e-01 8.282828e-01 2.416645e-01 2.422691e-01 6.045577e-04
5.858586e-01 8.282828e-01 2.392358e-01 2.398419e-01 6.061658e-04
5.959596e-01 8.282828e-01 2.368314e-01 2.374453e-01 6.138819e-04
6.060606e-01 8.282828e-01 2.344512e-01 2.350558e-01 6.046162e-04
6.161616e-01 8.282828e-01 2.320949e-01 2.328566e-01 7.616871e-04
6.262626e-01 8.282828e-01 2.297624e-01 2.304118e-01 6.494165e-04
6.363636e-01 8.282828e-01 2.274532e-01 2.280962e-01 6.430451e-04
6.464646e-01 8.282828e-01 2.251673e-01 2.257763e-01 6.090854e-04
6.565657e-01 8.282828e-01 2.229043e-01 2.235660e-01 6.617050e-04
6.666667e-01 8.282828e-01 2.206641e-01 2.213140e-01 6.499475e-04
6.767677e-01 8.282828e-01 2.184464e-01 2.191510e-01 7.046651e-04
6.868687e-01 8.282828e-01 2.162509e-01 2.170312e-01 7.802778e-04
6.969697e-01 8.282828e-01 2.140776e-01 2.147002e-01 6.226470e-04
7.070707e-01 8.282828e-01 2.119261e-01 2.126769e-01 7.508230e-04
7.171717e-01 8.282828e-01 2.097962e-01 2.106467e-01 8.505809e-04
7.272727e-01 8.282828e-01 2.076877e-01 2.085052e-01 8.174724e-04
7.373737e-01 8.282828e-01 2.056004e-01 2.062472e-01 6.467653e-04
7.474747e-01 8.282828e-01 2.035341e-01 2.043300e-01 7.959596e-04
7.575758e-01 8.282828e-01 2.014885e-01 2.023050e-01 8.165026e-04
7.676768e-01 8.282828e-01 1.994635e-01 2.002504e-01 7.868640e-04
7.777778e-01 8.282828e-01 1.974589e-01 1.979967e-01 5.378539e-04
7.878788e-01 8.282828e-01 1.954744e-01 1.962190e-01 7.446400e-04
7.979798e-01 8.282828e-01 1.935098e-01 1.942061e-01 6.962220e-04
8.080808e-01 8.282828e-01 1.915650e-01 1.923611e-01 7.960855e-04
8.181818e-01 8.282828e-01 1.896398e-01 1.902668e-01 6.270771e-04
8.282828e-01 8.282828e-01 1.877339e-01 1.883272e-01 5.933339e-04
8.383838e-01 8.282828e-01 1.858471e-01 1.864608e-01 6.136902e-04
8.484848e-01 8.282828e-01 1.839793e-01 1.845632e-01 5.838514e-04
8.585859e-01 8.282828e-01 1.821303e-01 1.826045e-01 4.742058e-04
8.686869e-01 8.282828e-01 1.802998e-01 1.808451e-01 5.452951e-04
8.787879e-01 8.282828e-01 1.784878e-01 1.790485e-01 5.607354e-04
8.888889e-01 8.282828e-01 1.766940e-01 1.771324e-01 4.383973e-04
8.989899e-01 8.282828e-01 1.749182e-01 1.753243e-01 4.061538e-04
9.090909e-01 8.282828e-01 1.731602e-01 1.735548e-01 3.945678e-04
9.191919e-01 8.282828e-01 1.714199e-01 1.717902e-01 3.702612e-04
9.292929e-01 8.282828e-01 1.696971e-01 1.701170e-01 4.198383e-04
9.393939e-01 8.282828e-01 1.679916e-01 1.683384e-01 3.467796e-04
9.494949e-01 8.282828e-01 1.663033e-01 1.668679e-01 5.645577e-04
9.595960e-01 8.282828e-01 1.646319e-01 1.650778e-01 4.458867e-04
9.696970e-01 8.282828e-01 1.629773e-01 1.634263e-01 4.489990e-04
9.797980e-01 8.282828e-01 1.613394e-01 1.619400e-01 6.005873e-04
9.898990e-01 8.282828e-01 1.597179e-01 1.603026e-01 5.847354e-04
1.000000e+00 8.282828e-01 1.581127e-01 1.585853e-01 4.725383e-04
0.000000e+00 8.383838e-01 -5.670599e-01 -5.691003e-01 2.040397e-03
1.010101e-02 8.383838e-01 -5.613608e-01 -5.635046e-01 2.143759e-03
2.020202e-02 8.383838e-01 -5.557190e-01 -5.578481e-01 2.129047e-03
3.030303e-02 8.383838e-01 -5.501340e-01 -5.523002e-01 2.166235e-03
4.040404e-02 8.383838e-01 -5.446050e-01 -5.467356e-01 2.130603e-03
5.050505e-02 8.383838e-01 -5.391317e-01 -5.411860e-01 2.054305e-03
6.060606e-02 8.383838e-01 -5.337133e-01 -5.357937e-01 2.080355e-03
7.070707e-02 8.383838e-01 -5.283494e-01 -5.303845e-01 2.035140e-03
8.080808e-02 8.383838e-01 -5.230394e-01 -5.249963e-01 1.956880e-03
9.090909e-02 8.383838e-01 -5.177828e-01 -5.196813e-01 1.898567e-03
1.010101e-01 8.383838e-01 -5.125790e-01 -5.144099e-01 1.830935e-03
1.111111e-01 8.383838e-01 -5.074275e-01 -5.093209e-01 1.893394e-03
1.212121e-01 8.383838e-01 -5.023277e-01 -5.040171e-01 1.689384e-03
1.313131e-01 8.383838e-01 -4.972793e-01 -4.990197e-01 1.740488e-03
1.414141e-01 8.383838e-01 -4.922815e-01 -4.940542e-01 1.772684e-03
1.515152e-01 8.383838e-01 -4.873340e-01 -4.890009e-01 1.666913e-03
1.616162e-01 8.383838e-01 -4.824362e-01 -4.840945e-01 1.658285e-03
1.717172e-01 8.383838e-01 -4.775877e-01 -4.791518e-01 1.564193e-03
1.818182e-01 8.383838e-01 -4.727878e-01 -4.744092e-01 1.621406e-03
1.919192e-01 8.383838e-01 -4.680362e-01 -4.696561e-01 1.619890e-03
2.020202e-01 8.383838e-01 -4.633324e-01 -4.649396e-01 1.607216e-03
2.121212e-01 8.383838e-01 -4.586758e-01 -4.602656e-01 1.589826e-03
2.222222e-01 8.383838e-01 -4.540660e-01 -4.555897e-01 1.523609e-03
2.323232e-01 8.383838e-01 -4.495026e-01 -4.510521e-01 1.549466e-03
2.424242e-01 8.383838e-01 -4.449850e-01 -4.465896e-01 1.604562e-03
2.525253e-01 8.383838e-01 -4.405129e-01 -4.421781e-01 1.665276e-03
2.626263e-01 8.383838e-01 -4.360856e-01 -4.376674e-01 1.581743e-03
2.727273e-01 8.383838e-01 -4.317029e-01 -4.331352e-01 1.432258e-03
2.828283e-01 8.383838e-01 -4.273642e-01 -4.288852e-01 1.521014e-03
2.929293e-01 8.383838e-01 -4.230691e-01 -4.245405e-01 1.471393e-03
3.030303e-01 8.383838e-01 -4.188172e-01 -4.202676e-01 1.450371e-03
3.131313e-01 8.383838e-01 -4.146080e-01 -4.160105e-01 1.402470e-03
3.232323e-01 8.383838e-01 -4.104411e-01 -4.117662e-01 1.325022e-03
3.333333e-01 8.383838e-01 -4.063161e-01 -4.077252e-01 1.409068e-03
3.434343e-01 8.383838e-01 -4.022326e-01 -4.034377e-01 1.205131e-03
3.535354e-01 8.383838e-01 -3.981901e-01 -3.994056e-01 1.215501e-03
3.636364e-01 8.383838e-01 -3.941882e-01 -3.952593e-01 1.071040e-03
3.737374e-01 8.383838e-01 -3.902266e-01 -3.913001e-01 1.073518e-03
3.838384e-01 8.383838e-01 -3.863047e-01 -3.873470e-01 1.042261e-03
3.939394e-01 8.383838e-01 -3.824223e-01 -3.833475e-01 9.252156e-04
4.040404e-01 8.383838e-01 -3.785789e-01 -3.796538e-01 1.074923e-03
4.141414e-01 8.383838e-01 -3.747741e-01 -3.756826e-01 9.084851e-04
4.242424e-01 8.383838e-01 -3.710076e-01 -3.719673e-01 9.597504e-04
4.343434e-01 8.383838e-01 -3.672789e-01 -3.682085e-01 9.296500e-04
4.444444e-01 8.383838e-01 -3.635877e-01 -3.643870e-01 7.993716e-04
4.545455e-01 8.383838e-01 -3.599335e-01 -3.609250e-01 9.914119e-04
4.646465e-01 8.383838e-01 -3.563162e-01 -3.571452e-01 8.290349e-04
4.747475e-01 8.383838e-01 -3.527351e-01 -3.535870e-01 8.519126e-04
4.848485e-01 8.383838e-01 -3.491901e-01 -3.502496e-01 1.059576e-03
4.949495e-01 8.383838e-01 -3.456807e-01 -3.466564e-01 9.757878e-04
5.050505e-01 8.383838e-01 -3.422065e-01 -3.432428e-01 1.036259e-03
5.151515e-01 8.383838e-01 -3.387673e-01 -3.397671e-01 9.998248e-04
5.252525e-01 8.383838e-01 -3.353626e-01 -3.364270e-01 1.064367e-03
5.353535e-01 8.383838e-01 -3.319922e-01 -3.331057e-01 1.113527e-03
5.454545e-01 8.383838e-01 -3.286556e-01 -3.297395e-01 1.083872e-03
5.555556e-01 8.383838e-01 -3.253525e-01 -3.265225e-01 1.169933e-03
5.656566e-01 8.383838e-01 -3.220827e-01 -3.231821e-01 1.099416e-03
5.757576e-01 8.383838e-01 -3.188457e-01 -3.199397e-01 1.094028e-03
5.858586e-01 8.383838e-01 -3.156413e-01 -3.168162e-01 1.174958e-03
5.959596e-01 8.383838e-01 -3.124690e-01 -3.136903e-01 1.221299e-03
6.060606e-01 8.383838e-01 -3.093286e-01 -3.104154e-01 1.086747e-03
6.161616e-01 8.383838e-01 -3.062198e-01 -3.074213e-01 1.201491e-03
6.262626e-01 8.383838e-01 -3.031423e-01 -3.042108e-01 1.068506e-03
6.363636e-01 8.383838e-01 -3.000956e-01 -3.012182e-01 1.122507e-03
6.464646e-01 8.383838e-01 -2.970796e-01 -2.981086e-01 1.028943e-03
6.565657e-01 8.383838e-01 -2.940939e-01 -2.951133e-01 1.019391e-03
6.666667e-01 8.383838e-01 -2.911382e-01 -2.922705e-01 1.132300e-03
6.767677e-01 8.383838e-01 -2.882123e-01 -2.891902e-01 9.779789e-04
6.868687e-01 8.383838e-01 -2.853157e-01 -2.864035e-01 1.087804e-03
6.969697e-01 8.383838e-01 -2.824482e-01 -2.834564e-01 1.008242e-03
7.070707e-01 8.383838e-01 -2.796096e-01 -2.804762e-01 8.666610e-04
7.171717e-01 8.383838e-01 -2.767994e-01 -2.776633e-01 8.638615e-04
7.272727e-01 8.383838e-01 -2.740175e-01 -2.749954e-01 9.778975e-04
7.373737e-01 8.383838e-01 -2.712636e-01 -2.720677e-01 8.040988e-04
7.474747e-01 8.383838e-01 -2.685374e-01 -2.693330e-01 7.956227e-04
7.575758e-01 8.383838e-01 -2.658385e-01 -2.666670e-01 8.284714e-04
7.676768e-01 8.383838e-01 -2.631668e-01 -2.638591e-01 6.922777e-04
7.777778e-01 8.383838e-01 -2.605219e-01 -2.612414e-01 7.194312e-04
7.878788e-01 8.383838e-01 -2.579037e-01 -2.584844e-01 5.807668e-04
7.979798e-01 8.383838e-01 -2.553117e-01 -2.558257e-01 5.140166e-04
8.080808e-01 8.383838e-01 -2.527458e-01 -2.531909e-01 4.451181e-04
8.181818e-01 8.383838e-01 -2.502056e-01 -2.506646e-01 4.589717e-04
8.282828e-01 8.383838e-01 -2.476910e-01 -2.480431e-01 3.520483e-04
8.383838e-01 8.383838e-01 -2.452017e-01 -2.456273e-01 4.256079e-04
8.484848e-01 8.383838e-01 -2.427374e-01 -2.430578e-01 3.204289e-04
8.585859e-01 8.383838e-01 -2.402978e-01 -2.406303e-01 3.324613e-04
8.686869e-01 8.383838e-01 -2.378828e-01 -2.383419e-01 4.591527e-04
8.787879e-01 8.383838e-01 -2.354920e-01 -2.358757e-01 3.837124e-04
8.888889e-01 8.383838e-01 -2.331253e-01 -2.335031e-01 3.778238e-04
8.989899e-01 8.383838e-01 -2.307823e-01 -2.312695e-01 4.871471e-04
9.090909e-01 8.383838e-01 -2.284629e-01 -2.288541e-01 3.911293e-04
9.191919e-01 8.383838e-01 -2.261668e-01 -2.267835e-01 6.166140e-04
9.292929e-01 8.383838e-01 -2.238938e-01 -2.242206e-01 3.267478e-04
9.393939e-01 8.383838e-01 -2.216437e-01 -2.221769e-01 5.332535e-04
9.494949e-01 8.383838e-01 -2.194161e-01 -2.200335e-01 6.173665e-04
9.595960e-01 8.383838e-01 -2.172109e-01 -2.176355e-01 4.245803e-04
9.696970e-01 8.383838e-01 -2.150279e-01 -2.154720e-01 4.440569e-04
9.797980e-01 8.383838e-01 -2.128669e-01 -2.132458e-01 3.789494e-04
9.898990e-01 8.383838e-01 -2.107275e-01 -2.111029e-01 3.753905e-04
1.000000e+00 8.383838e-01 -2.086097e-01 -2.092513e-01 6.416188e-04
0.000000e+00 8.484848e-01 6.900790e-01 6.900570e-01 2.197222e-05
1.010101e-02 8.484848e-01 6.831436e-01 6.831594e-01 1.574865e-05
2.020202e-02 8.484848e-01 6.762779e-01 6.762995e-01 2.155685e-05
3.030303e-02 8.484848e-01 6.694812e-01 6.695056e-01 2.440550e-05
4.040404e-02 8.484848e-01 6.627528e-01 6.627835e-01 3.071013e-05
5.050505e-02 8.484848e-01 6.560920e-01 6.561813e-01 8.925819e-05
6.060606e-02 8.484848e-01 6.494982e-01 6.496029e-01 1.047062e-04
7.070707e-02 8.484848e-01 6.429706e-01 6.431203e-01 1.496698e-04
8.080808e-02 8.484848e-01 6.365087e-01 6.366585e-01 1.498322e-04
9.090909e-02 8.484848e-01 6.301116e-01 6.303926e-01 2.809117e-04
1.010101e-01 8.484848e-01 6.237789e-01 6.239744e-01 1.955295e-04
1.111111e-01 8.484848e-01 6.175098e-01 6.176487e-01 1.388896e-04
1.212121e-01 8.484848e-01 6.113038e-01 6.115353e-01 2.315560e-04
1.313131e-01 8.484848e-01 6.051601e-01 6.053907e-01 2.306175e-04
1.414141e-01 8.484848e-01 5.990781e-01 5.993201e-01 2.420224e-04
1.515152e-01 8.484848e-01 5.930573e-01 5.931889e-01 1.316846e-04
1.616162e-01 8.484848e-01 5.870969e-01 5.872753e-01 1.783338e-04
1.717172e-01 8.484848e-01 5.811965e-01 5.814616e-01 2.650973e-04
1.818182e-01 8.484848e-01 5.753554e-01 5.755684e-01 2.130481e-04
1.919192e-01 8.484848e-01 5.695730e-01 5.698259e-01 2.529751e-04
2.020202e-01 8.484848e-01 5.638487e-01 5.641432e-01 2.945713e-04
2.121212e-01 8.484848e-01 5.581819e-01 5.585095e-01 3.275727e-04
2.222222e-01 8.484848e-01 5.525721e-01 5.530916e-01 5.195102e-04
2.323232e-01 8.484848e-01 5.470186e-01 5.474502e-01 4.316102e-04
2.424242e-01 8.484848e-01 5.415210e-01 5.419005e-01 3.794499e-04
2.525253e-01 8.484848e-01 5.360786e-01 5.365109e-01 4.322549e-04
2.626263e-01 8.484848e-01 5.306910e-01 5.312146e-01 5.236443e-04
2.727273e-01 8.484848e-01 5.253574e-01 5.258638e-01 5.063484e-04
2.828283e-01 8.484848e-01 5.200775e-01 5.207429e-01 6.654043e-04
2.929293e-01 8.484848e-01 5.148506e-01 5.155116e-01 6.609487e-04
3.030303e-01 8.484848e-01 5.096763e-01 5.103866e-01 7.102969e-04
3.131313e-01 8.484848e-01 5.045540e-01 5.053684e-01 8.143940e-04
3.232323e-01 8.484848e-01 4.994831e-01 5.002815e-01 7.984060e-04
3.333333e-01 8.484848e-01 4.944632e-01 4.951712e-01 7.079708e-04
3.434343e-01 8.484848e-01 4.894938e-01 4.903661e-01 8.722905e-04
3.535354e-01 8.484848e-01 4.845743e-01 4.854627e-01 8.884083e-04
3.636364e-01 8.484848e-01 4.797042e-01 4.806996e-01 9.953638e-04
3.737374e-01 8.484848e-01 4.748831e-01 4.758958e-01 1.012635e-03
3.838384e-01 8.484848e-01 4.701105e-01 4.709652e-01 8.547632e-04
3.939394e-01 8.484848e-01 4.653858e-01 4.661800e-01 7.942417e-04
4.040404e-01 8.484848e-01 4.607086e-01 4.615430e-01 8.344432e-04
4.141414e-01 8.484848e-01 4.560784e-01 4.569273e-01 8.489170e-04
4.242424e-01 8.484848e-01 4.514947e-01 4.522136e-01 7.188664e-04
4.343434e-01 8.484848e-01 4.469571e-01 4.478718e-01 9.147120e-04
4.444444e-01 8.484848e-01 4.424651e-01 4.431414e-01 6.762722e-04
4.545455e-01 8.484848e-01 4.380183e-01 4.386672e-01 6.489572e-04
4.646465e-01 8.484848e-01 4.336161e-01 4.344553e-01 8.391515e-04
4.747475e-01 8.484848e-01 4.292582e-01 4.299142e-01 6.559666e-04
4.848485e-01 8.484848e-01 4.249441e-01 4.258404e-01 8.963439e-04
4.949495e-01 8.484848e-01 4.206733e-01 4.212736e-01 6.003140e-04
5.050505e-01 8.484848e-01 4.164455e-01 4.171909e-01 7.453818e-04
5.151515e-01 8.484848e-01 4.122602e-01 4.130329e-01 7.727977e-04
5.252525e-01 8.484848e-01 4.081169e-01 4.088073e-01 6.904392e-04
5.353535e-01 8.484848e-01 4.040152e-01 4.047161e-01 7.009082e-04
5.454545e-01 8.484848e-01 3.999548e-01 4.007110e-01 7.561943e-04
5.555556e-01 8.484848e-01 3.959352e-01 3.968018e-01 8.665763e-04
5.656566e-01 8.484848e-01 3.919560e-01 3.925335e-01 5.775618e-04
5.757576e-01 8.484848e-01 3.880168e-01 3.887534e-01 7.365984e-04
5.858586e-01 8.484848e-01 3.841171e-01 3.847873e-01 6.701382e-04
5.959596e-01 8.484848e-01 3.802567e-01 3.809310e-01 6.743673e-04
6.060606e-01 8.484848e-01 3.764350e-01 3.770602e-01 6.251355e-04
6.161616e-01 8.484848e-01 3.726518e-01 3.734993e-01 8.475291e-04
6.262626e-01 8.484848e-01 3.689066e-01 3.697575e-01 8.509409e-04
6.363636e-01 8.484848e-01 3.651990e-01 3.659273e-01 7.282594e-04
6.464646e-01 8.484848e-01 3.615287e-01 3.621119e-01 5.831876e-04
6.565657e-01 8.484848e-01 3.578953e-01 3.585822e-01 6.869135e-04
6.666667e-01 8.484848e-01 3.542984e-01 3.547565e-01 4.580965e-04
6.767677e-01 8.484848e-01 3.507376e-01 3.512212e-01 4.836132e-04
6.868687e-01 8.484848e-01 3.472126e-01 3.478785e-01 6.658667e-04
6.969697e-01 8.484848e-01 3.437231e-01 3.442391e-01 5.159520e-04
7.070707e-01 8.484848e-01 3.402686e-01 3.407750e-01 5.063235e-04
7.171717e-01 8.484848e-01 3.368489e-01 3.375562e-01 7.072800e-04
7.272727e-01 8.484848e-01 3.334635e-01 3.340858e-01 6.223060e-04
7.373737e-01 8.484848e-01 3.301121e-01 3.305756e-01 4.634625e-04
7.474747e-01 8.484848e-01 3.267944e-01 3.273083e-01 5.138560e-04
7.575758e-01 8.484848e-01 3.235101e-01 3.240212e-01 5.110579e-04
7.676768e-01 8.484848e-01 3.202588e-01 3.208345e-01 5.756855e-04
7.777778e-01 8.484848e-01 3.170401e-01 3.172405e-01 2.003879e-04
7.878788e-01 8.484848e-01 3.138538e-01 3.142228e-01 3.690298e-04
7.979798e-01 8.484848e-01 3.106995e-01 3.110113e-01 3.117252e-04
8.080808e-01 8.484848e-01 3.075769e-01 3.081563e-01 5.793042e-04
8.181818e-01 8.484848e-01 3.044857e-01 3.048787e-01 3.929635e-04
8.282828e-01 8.484848e-01 3.014256e-01 3.019381e-01 5.125007e-04
8.383838e-01 8.484848e-01 2.983962e-01 2.989115e-01 5.152438e-04
8.484848e-01 8.484848e-01 2.953973e-01 2.957878e-01 3.905048e-04
8.585859e-01 8.484848e-01 2.924285e-01 2.927199e-01 2.913861e-04
8.686869e-01 8.484848e-01 2.894896e-01 2.899312e-01 4.416188e-04
8.787879e-01 8.484848e-01 2.865801e-01 2.871214e-01 5.412144e-04
8.888889e-01 8.484848e-01 2.837000e-01 2.840128e-01 3.128315e-04
8.989899e-01 8.484848e-01 2.808487e-01 2.812294e-01 3.806455e-04
9.090909e-01 8.484848e-01 2.780262e-01 2.784283e-01 4.021613e-04
9.191919e-01 8.484848e-01 2.752319e-01 2.757798e-01 5.478082e-04
9.292929e-01 8.484848e-01 2.724658e-01 2.728331e-01 3.673198e-04
9.393939e-01 8.484848e-01 2.697275e-01 2.702526e-01 5.251529e-04
9.494949e-01 8.484848e-01 2.670167e-01 2.677535e-01 7.368554e-04
9.595960e-01 8.484848e-01 2.643331e-01 2.648795e-01 5.463412e-04
9.696970e-01 8.484848e-01 2.616765e-01 2.621901e-01 5.135714e-04
9.797980e-01 8.484848e-01 2.590466e-01 2.595938e-01 5.472050e-04
9.898990e-01 8.484848e-01 2.564432e-01 2.568885e-01 4.453013e-04
1.000000e+00 8.484848e-01 2.538659e-01 2.541974e-01 3.315674e-04
0.000000e+00 8.585859e-01 -7.957618e-01 -7.958748e-01 1.129935e-04
1.010101e-02 8.585859e-01 -7.877643e-01 -7.878627e-01 9.835675e-05
2.020202e-02 8.585859e-01 -7.798471e-01 -7.798412e-01 5.954949e-06
3.030303e-02 8.585859e-01 -7.720095e-01 -7.721364e-01 1.269036e-04
4.040404e-02 8.585859e-01 -7.642507e-01 -7.643377e-01 8.693698e-05
5.050505e-02 8.585859e-01 -7.565699e-01 -7.566320e-01 6.209530e-05
6.060606e-02 8.585859e-01 -7.489662e-01 -7.491293e-01 1.630733e-04
7.070707e-02 8.585859e-01 -7.414390e-01 -7.416422e-01 2.032497e-04
8.080808e-02 8.585859e-01 -7.339874e-01 -7.342278e-01 2.403745e-04
9.090909e-02 8.585859e-01 -7.266107e-01 -7.268991e-01 2.884405e-04
1.010101e-01 8.585859e-01 -7.193081e-01 -7.196914e-01 3.832476e-04
1.111111e-01 8.585859e-01 -7.120790e-01 -7.124699e-01 3.909537e-04
1.212121e-01 8.585859e-01 -7.049225e-01 -7.052029e-01 2.804675e-04
1.313131e-01 8.585859e-01 -6.978379e-01 -6.982472e-01 4.093127e-04
1.414141e-01 8.585859e-01 -6.908245e-01 -6.911719e-01 3.473897e-04
1.515152e-01 8.585859e-01 -6.838816e-01 -6.842216e-01 3.400315e-04
1.616162e-01 8.585859e-01 -6.770085e-01 -6.774317e-01 4.232325e-04
1.717172e-01 8.585859e-01 -6.702044e-01 -6.703366e-01 1.321816e-04
1.818182e-01 8.585859e-01 -6.634688e-01 -6.637427e-01 2.739048e-04
1.919192e-01 8.585859e-01 -6.568008e-01 -6.571701e-01 3.692720e-04
2.020202e-01 8.585859e-01 -6.501998e-01 -6.503454e-01 1.456164e-04
2.121212e-01 8.585859e-01 -6.436652e-01 -6.438720e-01 2.068107e-04
2.222222e-01 8.585859e-01 -6.371963e-01 -6.371808e-01 1.546432e-05
2.323232e-01 8.585859e-01 -6.307923e-01 -6.309946e-01 2.022172e-04
2.424242e-01 8.585859e-01 -6.244528e-01 -6.246909e-01 2.381171e-04
2.525253e-01 8.585859e-01 -6.181769e-01 -6.184167e-01 2.397480e-04
2.626263e-01 8.585859e-01 -6.119641e-01 -6.121948e-01 2.306383e-04
2.727273e-01 8.585859e-01 -6.058138e-01 -6.059229e-01 1.091405e-04
2.828283e-01 8.585859e-01 -5.997253e-01 -5.999163e-01 1.910714e-04
2.929293e-01 8.585859e-01 -5.936979e-01 -5.939035e-01 2.056126e-04
3.030303e-01 8.585859e-01 -5.877312e-01 -5.881255e-01 3.943013e-04
3.131313e-01 8.585859e-01 -5.818244e-01 -5.820811e-01 2.567094e-04
3.232323e-01 8.585859e-01 -5.759769e-01 -5.763208e-01 3.438289e-04
3.333333e-01 8.585859e-01 -5.701883e-01 -5.705944e-01 4.061555e-04
3.434343e-01 8.585859e-01 -5.644578e-01 -5.647216e-01 2.637968e-04
3.535354e-01 8.585859e-01 -5.587849e-01 -5.591358e-01 3.509017e-04
3.636364e-01 8.585859e-01 -5.531690e-01 -5.535392e-01 3.701450e-04
3.737374e-01 8.585859e-01 -5.476096e-01 -5.481648e-01 5.552731e-04
3.838384e-01 8.585859e-01 -5.421060e-01 -5.426449e-01 5.388542e-04
3.939394e-01 8.585859e-01 -5.366577e-01 -5.372244e-01 5.666633e-04
4.040404e-01 8.585859e-01 -5.312642e-01 -5.319136e-01 6.493890e-04
4.141414e-01 8.585859e-01 -5.259250e-01 -5.262283e-01 3.033536e-04
4.242424e-01 8.585859e-01 -5.206393e-01 -5.211669e-01 5.275988e-04
4.343434e-01 8.585859e-01 -5.154068e-01 -5.157045e-01 2.977025e-04
4.444444e-01 8.585859e-01 -5.102269e-01 -5.105981e-01 3.711775e-04
4.545455e-01 8.585859e-01 -5.050990e-01 -5.055902e-01 4.911794e-04
4.646465e-01 8.585859e-01 -5.000227e-01 -5.004210e-01 3.983553e-04
4.747475e-01 8.585859e-01 -4.949974e-01 -4.953507e-01 3.533378e-04
4.848485e-01 8.585859e-01 -4.900226e-01 -4.903984e-01 3.758323e-04
4.949495e-01 8.585859e-01 -4.850978e-01 -4.855019e-01 4.041190e-04
5.050505e-01 8.585859e-01 -4.802225e-01 -4.807621e-01 5.396709e-04
5.151515e-01 8.585859e-01 -4.753961e-01 -4.757224e-01 3.262944e-04
5.252525e-01 8.585859e-01 -4.706183e-01 -4.711159e-01 4.976193e-04
5.353535e-01 8.585859e-01 -4.658885e-01 -4.662732e-01 3.846535e-04
5.454545e-01 8.585859e-01 -4.612063e-01 -4.614445e-01 2.382193e-04
5.555556e-01 8.585859e-01 -4.565711e-01 -4.568264e-01 2.553703e-04
5.656566e-01 8.585859e-01 -4.519825e-01 -4.521353e-01 1.528616e-04
5.757576e-01 8.585859e-01 -4.474400e-01 -4.477599e-01 3.199027e-04
5.858586e-01 8.585859e-01 -4.429431e-01 -4.432585e-01 3.154060e-04
5.959596e-01 8.585859e-01 -4.384915e-01 -4.386530e-01 1.615263e-04
6.060606e-01 8.585859e-01 -4.340846e-01 -4.340774e-01 7.171779e-06
6.161616e-01 8.585859e-01 -4.297219e-01 -4.297601e-01 3.816652e-05
6.262626e-01 8.585859e-01 -4.254032e-01 -4.254687e-01 6.552815e-05
6.363636e-01 8.585859e-01 -4.211278e-01 -4.212848e-01 1.570121e-04
6.464646e-01 8.585859e-01 -4.168954e-01 -4.167556e-01 1.398214e-04
6.565657e-01 8.585859e-01 -4.127055e-01 -4.126321e-01 7.340285e-05
6.666667e-01 8.585859e-01 -4.085578e-01 -4.087007e-01 1.429530e-04
6.767677e-01 8.585859e-01 -4.044517e-01 -4.043702e-01 8.148957e-05
6.868687e-01 8.585859e-01 -4.003869e-01 -4.004109e-01 2.401890e-05
6.969697e-01 8.585859e-01 -3.963629e-01 -3.962094e-01 1.535579e-04
7.070707e-01 8.585859e-01 -3.923794e-01 -3.922760e-01 1.033552e-04
7.171717e-01 8.585859e-01 -3.884359e-01 -3.881210e-01 3.149167e-04
7.272727e-01 8.585859e-01 -3.845321e-01 -3.843914e-01 1.406530e-04
7.373737e-01 8.585859e-01 -3.806675e-01 -3.804193e-01 2.482144e-04
7.474747e-01 8.585859e-01 -3.768417e-01 -3.765116e-01 3.301235e-04
7.575758e-01 8.585859e-01 -3.730544e-01 -3.730083e-01 4.612444e-05
7.676768e-01 8.585859e-01 -3.693051e-01 -3.691236e-01 1.815391e-04
7.777778e-01 8.585859e-01 -3.655935e-01 -3.657134e-01 1.198186e-04
7.878788e-01 8.585859e-01 -3.619193e-01 -3.617462e-01 1.730715e-04
7.979798e-01 8.585859e-01 -3.582819e-01 -3.582767e-01 5.189901e-06
8.080808e-01 8.585859e-01 -3.546811e-01 -3.544433e-01 2.378102e-04
8.181818e-01 8.585859e-01 -3.511165e-01 -3.508035e-01 3.130232e-04
8.282828e-01 8.585859e-01 -3.475877e-01 -3.474294e-01 1.583436e-04
8.383838e-01 8.585859e-01 -3.440944e-01 -3.440481e-01 4.628133e-05
8.484848e-01 8.585859e-01 -3.406362e-01 -3.403317e-01 3.045440e-04
8.585859e-01 8.585859e-01 -3.372128e-01 -3.368500e-01 3.627199e-04
8.686869e-01 8.585859e-01 -3.338237e-01 -3.337226e-01 1.011312e-04
8.787879e-01 8.585859e-01 -3.304687e-01 -3.303205e-01 1.482612e-04
8.888889e-01 8.585859e-01 -3.271475e-01 -3.269168e-01 2.306591e-04
8.989899e-01 8.585859e-01 -3.238596e-01 -3.236724e-01 1.871726e-04
9.090909e-01 8.585859e-01 -3.206047e-01 -3.202399e-01 3.648422e-04
9.191919e-01 8.585859e-01 -3.173826e-01 -3.172070e-01 1.756340e-04
9.292929e-01 8.585859e-01 -3.141929e-01 -3.138769e-01 3.159975e-04
9.393939e-01 8.585859e-01 -3.110352e-01 -3.108200e-01 2.151908e-04
9.494949e-01 8.585859e-01 -3.079092e-01 -3.076166e-01 2.926276e-04
9.595960e-01 8.585859e-01 -3.048147e-01 -3.044897e-01 3.249485e-04
9.696970e-01 8.585859e-01 -3.017512e-01 -3.012818e-01 4.694322e-04
9.797980e-01 8.585859e-01 -2.987186e-01 -2.984313e-01 2.873146e-04
9.898990e-01 8.585859e-01 -2.957164e-01 -2.954192e-01 2.972042e-04
1.000000e+00 8.585859e-01 -2.927444e-01 -2.928549e-01 1.104839e-04
0.000000e+00 8.686869e-01 8.814534e-01 8.821949e-01 7.415728e-04
1.010101e-02 8.686869e-01 8.725946e-01 8.732826e-01 6.879411e-04
2.020202e-02 8.686869e-01 8.638249e-01 8.644876e-01 6.627583e-04
3.030303e-02 8.686869e-01 8.551433e-01 8.557389e-01 5.955723e-04
4.040404e-02 8.686869e-01 8.465490e-01 8.471249e-01 5.759606e-04
5.050505e-02 8.686869e-01 8.380410e-01 8.386655e-01 6.245293e-04
6.060606e-02 8.686869e-01 8.296186e-01 8.302963e-01 6.777734e-04
7.070707e-02 8.686869e-01 8.212808e-01 8.219809e-01 7.001339e-04
8.080808e-02 8.686869e-01 8.130268e-01 8.137214e-01 6.946072e-04
9.090909e-02 8.686869e-01 8.048557e-01 8.056121e-01 7.563897e-04
1.010101e-01 8.686869e-01 7.967668e-01 7.974809e-01 7.141172e-04
1.111111e-01 8.686869e-01 7.887591e-01 7.894311e-01 6.719696e-04
1.212121e-01 8.686869e-01 7.808320e-01 7.815123e-01 6.802952e-04
1.313131e-01 8.686869e-01 7.729845e-01 7.736933e-01 7.087894e-04
1.414141e-01 8.686869e-01 7.652159e-01 7.659054e-01 6.895285e-04
1.515152e-01 8.686869e-01 7.575253e-01 7.581602e-01 6.348687e-04
1.616162e-01 8.686869e-01 7.499120e-01 7.504594e-01 5.473230e-04
1.717172e-01 8.686869e-01 7.423753e-01 7.430781e-01 7.028034e-04
1.818182e-01 8.686869e-01 7.349143e-01 7.355102e-01 5.958565e-04
1.919192e-01 8.686869e-01 7.275283e-01 7.281279e-01 5.995939e-04
2.020202e-01 8.686869e-01 7.202165e-01 7.209473e-01 7.308027e-04
2.121212e-01 8.686869e-01 7.129782e-01 7.136716e-01 6.933383e-04
2.222222e-01 8.686869e-01 7.058127e-01 7.066345e-01 8.218444e-04
2.323232e-01 8.686869e-01 6.987191e-01 6.994362e-01 7.170454e-04
2.424242e-01 8.686869e-01 6.916969e-01 6.924552e-01 7.582738e-04
2.525253e-01 8.686869e-01 6.847452e-01 6.854722e-01 7.270200e-04
2.626263e-01 8.686869e-01 6.778634e-01 6.786644e-01 8.010193e-04
2.727273e-01 8.686869e-01 6.710508e-01 6.718621e-01 8.112793e-04
2.828283e-01 8.686869e-01 6.643066e-01 6.652621e-01 9.554886e-04
2.929293e-01 8.686869e-01 6.576302e-01 6.584966e-01 8.663361e-04
3.030303e-01 8.686869e-01 6.510209e-01 6.519200e-01 8.990314e-04
3.131313e-01 8.686869e-01 6.444781e-01 6.454625e-01 9.843924e-04
3.232323e-01 8.686869e-01 6.380009e-01 6.388856e-01 8.846679e-04
3.333333e-01 8.686869e-01 6.315889e-01 6.324520e-01 8.630774e-04
3.434343e-01 8.686869e-01 6.252414e-01 6.262095e-01 9.681375e-04
3.535354e-01 8.686869e-01 6.189576e-01 6.199822e-01 1.024662e-03
3.636364e-01 8.686869e-01 6.127370e-01 6.137421e-01 1.005100e-03
3.737374e-01 8.686869e-01 6.065788e-01 6.075573e-01 9.784512e-04
3.838384e-01 8.686869e-01 6.004826e-01 6.013781e-01 8.954559e-04
3.939394e-01 8.686869e-01 5.944477e-01 5.952814e-01 8.336855e-04
4.040404e-01 8.686869e-01 5.884734e-01 5.893590e-01 8.856659e-04
4.141414e-01 8.686869e-01 5.825591e-01 5.834757e-01 9.165851e-04
4.242424e-01 8.686869e-01 5.767043e-01 5.775203e-01 8.160031e-04
4.343434e-01 8.686869e-01 5.709083e-01 5.719168e-01 1.008425e-03
4.444444e-01 8.686869e-01 5.651706e-01 5.659319e-01 7.612467e-04
4.545455e-01 8.686869e-01 5.594906e-01 5.602934e-01 8.028847e-04
4.646465e-01 8.686869e-01 5.538676e-01 5.548090e-01 9.414555e-04
4.747475e-01 8.686869e-01 5.483011e-01 5.491260e-01 8.249119e-04
4.848485e-01 8.686869e-01 5.427906e-01 5.437438e-01 9.532491e-04
4.949495e-01 8.686869e-01 5.373355e-01 5.381371e-01 8.016143e-04
5.050505e-01 8.686869e-01 5.319352e-01 5.327942e-01 8.590243e-04
5.151515e-01 8.686869e-01 5.265891e-01 5.274889e-01 8.998304e-04
5.252525e-01 8.686869e-01 5.212968e-01 5.221099e-01 8.130578e-04
5.353535e-01 8.686869e-01 5.160577e-01 5.168926e-01 8.348636e-04
5.454545e-01 8.686869e-01 5.108712e-01 5.117805e-01 9.092772e-04
5.555556e-01 8.686869e-01 5.057369e-01 5.067496e-01 1.012747e-03
5.656566e-01 8.686869e-01 5.006541e-01 5.015600e-01 9.058896e-04
5.757576e-01 8.686869e-01 4.956225e-01 4.965431e-01 9.205942e-04
5.858586e-01 8.686869e-01 4.906414e-01 4.915166e-01 8.751931e-04
5.959596e-01 8.686869e-01 4.857104e-01 4.866615e-01 9.511243e-04
6.060606e-01 8.686869e-01 4.808289e-01 4.817260e-01 8.970913e-04
6.161616e-01 8.686869e-01 4.759965e-01 4.770584e-01 1.061862e-03
6.262626e-01 8.686869e-01 4.712126e-01 4.722090e-01 9.963613e-04
6.363636e-01 8.686869e-01 4.664769e-01 4.674441e-01 9.672420e-04
6.464646e-01 8.686869e-01 4.617887e-01 4.627062e-01 9.174986e-04
6.565657e-01 8.686869e-01 4.571477e-01 4.580600e-01 9.123698e-04
6.666667e-01 8.686869e-01 4.525532e-01 4.532978e-01 7.445176e-04
6.767677e-01 8.686869e-01 4.480050e-01 4.488834e-01 8.783436e-04
6.868687e-01 8.686869e-01 4.435025e-01 4.444625e-01 9.599919e-04
6.969697e-01 8.686869e-01 4.390452e-01 4.398792e-01 8.339665e-04
7.070707e-01 8.686869e-01 4.346327e-01 4.354209e-01 7.881356e-04
7.171717e-01 8.686869e-01 4.302646e-01 4.312393e-01 9.747030e-04
7.272727e-01 8.686869e-01 4.259404e-01 4.267945e-01 8.540962e-04
7.373737e-01 8.686869e-01 4.216596e-01 4.224421e-01 7.824770e-04
7.474747e-01 8.686869e-01 4.174219e-01 4.182669e-01 8.450400e-04
7.575758e-01 8.686869e-01 4.132267e-01 4.139576e-01 7.309024e-04
7.676768e-01 8.686869e-01 4.090737e-01 4.099389e-01 8.652052e-04
7.777778e-01 8.686869e-01 4.049624e-01 4.054182e-01 4.557495e-04
7.878788e-01 8.686869e-01 4.008925e-01 4.015510e-01 6.585400e-04
7.979798e-01 8.686869e-01 3.968635e-01 3.974617e-01 5.981910e-04
8.080808e-01 8.686869e-01 3.928749e-01 3.935819e-01 7.069492e-04
8.181818e-01 8.686869e-01 3.889265e-01 3.895887e-01 6.622241e-04
8.282828e-01 8.686869e-01 3.850177e-01 3.857113e-01 6.935983e-04
8.383838e-01 8.686869e-01 3.811482e-01 3.817946e-01 6.463794e-04
8.484848e-01 8.686869e-01 3.773176e-01 3.778962e-01 5.785701e-04
8.585859e-01 8.686869e-01 3.735255e-01 3.741023e-01 5.767794e-04
8.686869e-01 8.686869e-01 3.697715e-01 3.702856e-01 5.141382e-04
8.787879e-01 8.686869e-01 3.660552e-01 3.667020e-01 6.467335e-04
8.888889e-01 8.686869e-01 3.623763e-01 3.629057e-01 5.294295e-04
8.989899e-01 8.686869e-01 3.587344e-01 3.592289e-01 4.945102e-04
9.090909e-01 8.686869e-01 3.551290e-01 3.557193e-01 5.902691e-04
9.191919e-01 8.686869e-01 3.515599e-01 3.522062e-01 6.463069e-04
9.292929e-01 8.686869e-01 3.480267e-01 3.486286e-01 6.019526e-04
9.393939e-01 8.686869e-01 3.445290e-01 3.451487e-01 6.196913e-04
9.494949e-01 8.686869e-01 3.410664e-01 3.418471e-01 7.807335e-04
9.595960e-01 8.686869e-01 3.376386e-01 3.382548e-01 6.162249e-04
9.696970e-01 8.686869e-01 3.342453e-01 3.349088e-01 6.634636e-04
9.797980e-01 8.686869e-01 3.308861e-01 3.314851e-01 5.990531e-04
9.898990e-01 8.686869e-01 3.275606e-01 3.280209e-01 4.602613e-04
1.000000e+00 8.686869e-01 3.242686e-01 3.246082e-01 3.396360e-04
0.000000e+00 8.787879e-01 -9.450008e-01 -9.451154e-01 1.146283e-04
1.010101e-02 8.787879e-01 -9.355034e-01 -9.356672e-01 1.637538e-04
2.020202e-02 8.787879e-01 -9.261014e-01 -9.263146e-01 2.131537e-04
3.030303e-02 8.787879e-01 -9.167940e-01 -9.170533e-01 2.593766e-04
4.040404e-02 8.787879e-01 -9.075800e-01 -9.078186e-01 2.385223e-04
5.050505e-02 8.787879e-01 -8.984587e-01 -8.986968e-01 2.380769e-04
6.060606e-02 8.787879e-01 -8.894290e-01 -8.897880e-01 3.589876e-04
7.070707e-02 8.787879e-01 -8.804901e-01 -8.807558e-01 2.656479e-04
8.080808e-02 8.787879e-01 -8.716411e-01 -8.719705e-01 3.294723e-04
9.090909e-02 8.787879e-01 -8.628809e-01 -8.630947e-01 2.137630e-04
1.010101e-01 8.787879e-01 -8.542088e-01 -8.544887e-01 2.799027e-04
1.111111e-01 8.787879e-01 -8.456239e-01 -8.459153e-01 2.914305e-04
1.212121e-01 8.787879e-01 -8.371252e-01 -8.373274e-01 2.021347e-04
1.313131e-01 8.787879e-01 -8.287120e-01 -8.288755e-01 1.635630e-04
1.414141e-01 8.787879e-01 -8.203833e-01 -8.207065e-01 3.232012e-04
1.515152e-01 8.787879e-01 -8.121383e-01 -8.122962e-01 1.578550e-04
1.616162e-01 8.787879e-01 -8.039762e-01 -8.041011e-01 1.249372e-04
1.717172e-01 8.787879e-01 -7.958961e-01 -7.959764e-01 8.032230e-05
1.818182e-01 8.787879e-01 -7.878972e-01 -7.880768e-01 1.795682e-04
1.919192e-01 8.787879e-01 -7.799787e-01 -7.801012e-01 1.224876e-04
2.020202e-01 8.787879e-01 -7.721398e-01 -7.722484e-01 1.086104e-04
2.121212e-01 8.787879e-01 -7.643796e-01 -7.645205e-01 1.408821e-04
2.222222e-01 8.787879e-01 -7.566975e-01 -7.567145e-01 1.696190e-05
2.323232e-01 8.787879e-01 -7.490926e-01 -7.492133e-01 1.207722e-04
2.424242e-01 8.787879e-01 -7.415641e-01 -7.418095e-01 2.454265e-04
2.525253e-01 8.787879e-01 -7.341112e-01 -7.342352e-01 1.239487e-04
2.626263e-01 8.787879e-01 -7.267333e-01 -7.268347e-01 1.013758e-04
2.727273e-01 8.787879e-01 -7.194295e-01 -7.195753e-01 1.457972e-04
2.828283e-01 8.787879e-01 -7.121991e-01 -7.123381e-01 1.389872e-04
2.929293e-01 8.787879e-01 -7.050414e-01 -7.051178e-01 7.643831e-05
3.030303e-01 8.787879e-01 -6.979556e-01 -6.980867e-01 1.311383e-04
3.131313e-01 8.787879e-01 -6.909410e-01 -6.909157e-01 2.532670e-05
3.232323e-01 8.787879e-01 -6.839970e-01 -6.840173e-01 2.034234e-05
3.333333e-01 8.787879e-01 -6.771227e-01 -6.771959e-01 7.323151e-05
3.434343e-01 8.787879e-01 -6.703175e-01 -6.702477e-01 6.980569e-05
3.535354e-01 8.787879e-01 -6.635807e-01 -6.636826e-01 1.019024e-04
3.636364e-01 8.787879e-01 -6.569116e-01 -6.568943e-01 1.725525e-05
3.737374e-01 8.787879e-01 -6.503095e-01 -6.502804e-01 2.915446e-05
3.838384e-01 8.787879e-01 -6.437738e-01 -6.438180e-01 4.422864e-05
3.939394e-01 8.787879e-01 -6.373038e-01 -6.372920e-01 1.173108e-05
4.040404e-01 8.787879e-01 -6.308987e-01 -6.309429e-01 4.419088e-05
4.141414e-01 8.787879e-01 -6.245581e-01 -6.245555e-01 2.643964e-06
4.242424e-01 8.787879e-01 -6.182812e-01 -6.184915e-01 2.103307e-04
4.343434e-01 8.787879e-01 -6.120674e-01 -6.121279e-01 6.052929e-05
4.444444e-01 8.787879e-01 -6.059160e-01 -6.059870e-01 7.096077e-05
4.545455e-01 8.787879e-01 -5.998264e-01 -6.000584e-01 2.320008e-04
4.646465e-01 8.787879e-01 -5.937981e-01 -5.939112e-01 1.130908e-04
4.747475e-01 8.787879e-01 -5.878303e-01 -5.879653e-01 1.349393e-04
4.848485e-01 8.787879e-01 -5.819225e-01 -5.821635e-01 2.409347e-04
4.949495e-01 8.787879e-01 -5.760741e-01 -5.763844e-01 3.103248e-04
5.050505e-01 8.787879e-01 -5.702845e-01 -5.705057e-01 2.212784e-04
5.151515e-01 8.787879e-01 -5.645530e-01 -5.647417e-01 1.887244e-04
5.252525e-01 8.787879e-01 -5.588792e-01 -5.591099e-01 2.307715e-04
5.353535e-01 8.787879e-01 -5.532623e-01 -5.535600e-01 2.976922e-04
5.454545e-01 8.787879e-01 -5.477019e-01 -5.479697e-01 2.677509e-04
5.555556e-01 8.787879e-01 -5.421975e-01 -5.423132e-01 1.157658e-04
5.656566e-01 8.787879e-01 -5.367483e-01 -5.370249e-01 2.765778e-04
5.757576e-01 8.787879e-01 -5.313539e-01 -5.315734e-01 2.195464e-04
5.858586e-01 8.787879e-01 -5.260137e-01 -5.261676e-01 1.539575e-04
5.959596e-01 8.787879e-01 -5.207271e-01 -5.209330e-01 2.058832e-04
6.060606e-01 8.787879e-01 -5.154938e-01 -5.156137e-01 1.199207e-04
6.161616e-01 8.787879e-01 -5.103130e-01 -5.103651e-01 5.217203e-05
6.262626e-01 8.787879e-01 -5.051842e-01 -5.051901e-01 5.907602e-06
6.363636e-01 8.787879e-01 -5.001070e-01 -5.002254e-01 1.183838e-04
6.464646e-01 8.787879e-01 -4.950809e-01 -4.952112e-01 1.303615e-04
6.565657e-01 8.787879e-01 -4.901052e-01 -4.901787e-01 7.346733e-05
6.666667e-01 8.787879e-01 -4.851796e-01 -4.854251e-01 2.455168e-04
6.767677e-01 8.787879e-01 -4.803035e-01 -4.804543e-01 1.508635e-04
6.868687e-01 8.787879e-01 -4.754763e-01 -4.755709e-01 9.458455e-05
6.969697e-01 8.787879e-01 -4.706977e-01 -4.708333e-01 1.355851e-04
7.070707e-01 8.787879e-01 -4.659671e-01 -4.660609e-01 9.375075e-05
7.171717e-01 8.787879e-01 -4.612841e-01 -4.611944e-01 8.968300e-05
7.272727e-01 8.787879e-01 -4.566481e-01 -4.567870e-01 1.388928e-04
7.373737e-01 8.787879e-01 -4.520587e-01 -4.523720e-01 3.132469e-04
7.474747e-01 8.787879e-01 -4.475154e-01 -4.476205e-01 1.050682e-04
7.575758e-01 8.787879e-01 -4.430178e-01 -4.432181e-01 2.002737e-04
7.676768e-01 8.787879e-01 -4.385654e-01 -4.387535e-01 1.880503e-04
7.777778e-01 8.787879e-01 -4.341578e-01 -4.345092e-01 3.513783e-04
7.878788e-01 8.787879e-01 -4.297944e-01 -4.299808e-01 1.863329e-04
7.979798e-01 8.787879e-01 -4.254749e-01 -4.257054e-01 2.305163e-04
8.080808e-01 8.787879e-01 -4.211988e-01 -4.212304e-01 3.161241e-05
8.181818e-01 8.787879e-01 -4.169657e-01 -4.172524e-01 2.867166e-04
8.282828e-01 8.787879e-01 -4.127751e-01 -4.130172e-01 2.420236e-04
8.383838e-01 8.787879e-01 -4.086267e-01 -4.087613e-01 1.345914e-04
8.484848e-01 8.787879e-01 -4.045199e-01 -4.045752e-01 5.532321e-05
8.585859e-01 8.787879e-01 -4.004544e-01 -4.005240e-01 6.960701e-05
8.686869e-01 8.787879e-01 -3.964298e-01 -3.965145e-01 8.475519e-05
8.787879e-01 8.787879e-01 -3.924456e-01 -3.923694e-01 7.620504e-05
8.888889e-01 8.787879e-01 -3.885015e-01 -3.883196e-01 1.818396e-04
8.989899e-01 8.787879e-01 -3.845969e-01 -3.845801e-01 1.681160e-05
9.090909e-01 8.787879e-01 -3.807317e-01 -3.805689e-01 1.628217e-04
9.191919e-01 8.787879e-01 -3.769053e-01 -3.769746e-01 6.931569e-05
9.292929e-01 8.787879e-01 -3.731173e-01 -3.729270e-01 1.903559e-04
9.393939e-01 8.787879e-01 -3.693674e-01 -3.692594e-01 1.080580e-04
9.494949e-01 8.787879e-01 -3.656552e-01 -3.654339e-01 2.212802e-04
9.595960e-01 8.787879e-01 -3.619803e-01 -3.618121e-01 1.682011e-04
9.696970e-01 8.787879e-01 -3.583424e-01 -3.582073e-01 1.350085e-04
9.797980e-01 8.787879e-01 -3.547410e-01 -3.543688e-01 3.721474e-04
9.898990e-01 8.787879e-01 -3.511757e-01 -3.509314e-01 2.443417e-04
1.000000e+00 8.787879e-01 -3.476464e-01 -3.476490e-01 2.605138e-06
0.000000e+00 8.888889e-01 9.848078e-01 9.841379e-01 6.698603e-04
1.010101e-02 8.888889e-01 9.749103e-01 9.742585e-01 6.517293e-04
2.020202e-02 8.888889e-01 9.651123e-01 9.645059e-01 6.063502e-04
3.030303e-02 8.888889e-01 9.554127e-01 9.547969e-01 6.158122e-04
4.040404e-02 8.888889e-01 9.458107e-01 9.451550e-01 6.556412e-04
5.050505e-02 8.888889e-01 9.363051e-01 9.357054e-01 5.997476e-04
6.060606e-02 8.888889e-01 9.268951e-01 9.264258e-01 4.692747e-04
7.070707e-02 8.888889e-01 9.175796e-01 9.170690e-01 5.106217e-04
8.080808e-02 8.888889e-01 9.083578e-01 9.078548e-01 5.030162e-04
9.090909e-02 8.888889e-01 8.992287e-01 8.987280e-01 5.006516e-04
1.010101e-01 8.888889e-01 8.901913e-01 8.896838e-01 5.074245e-04
1.111111e-01 8.888889e-01 8.812447e-01 8.807040e-01 5.406516e-04
1.212121e-01 8.888889e-01 8.723880e-01 8.718324e-01 5.556704e-04
1.313131e-01 8.888889e-01 8.636204e-01 8.630722e-01 5.481799e-04
1.414141e-01 8.888889e-01 8.549409e-01 8.544254e-01 5.154375e-04
1.515152e-01 8.888889e-01 8.463486e-01 8.457147e-01 6.338817e-04
1.616162e-01 8.888889e-01 8.378426e-01 8.371031e-01 7.395573e-04
1.717172e-01 8.888889e-01 8.294222e-01 8.288573e-01 5.648658e-04
1.818182e-01 8.888889e-01 8.210863e-01 8.204420e-01 6.443765e-04
1.919192e-01 8.888889e-01 8.128343e-01 8.122185e-01 6.157368e-04
2.020202e-01 8.888889e-01 8.046652e-01 8.041191e-01 5.460539e-04
2.121212e-01 8.888889e-01 7.965781e-01 7.960639e-01 5.142453e-04
2.222222e-01 8.888889e-01 7.885724e-01 7.881670e-01 4.054027e-04
2.323232e-01 8.888889e-01 7.806471e-01 7.801773e-01 4.698236e-04
2.424242e-01 8.888889e-01 7.728015e-01 7.723898e-01 4.117159e-04
2.525253e-01 8.888889e-01 7.650347e-01 7.645965e-01 4.382398e-04
2.626263e-01 8.888889e-01 7.573460e-01 7.568784e-01 4.675405e-04
2.727273e-01 8.888889e-01 7.497345e-01 7.493950e-01 3.395103e-04
2.828283e-01 8.888889e-01 7.421996e-01 7.419976e-01 2.019670e-04
2.929293e-01 8.888889e-01 7.347403e-01 7.344086e-01 3.317206e-04
3.030303e-01 8.888889e-01 7.273561e-01 7.270832e-01 2.728689e-04
3.131313e-01 8.888889e-01 7.200460e-01 7.198399e-01 2.060950e-04
3.232323e-01 8.888889e-01 7.128094e-01 7.125899e-01 2.195834e-04
3.333333e-01 8.888889e-01 7.056456e-01 7.053586e-01 2.869655e-04
3.434343e-01 8.888889e-01 6.985537e-01 6.983852e-01 1.685554e-04
3.535354e-01 8.888889e-01 6.915332e-01 6.914214e-01 1.117637e-04
3.636364e-01 8.888889e-01 6.845831e-01 6.844329e-01 1.502064e-04
3.737374e-01 8.888889e-01 6.777030e-01 6.774842e-01 2.188012e-04
3.838384e-01 8.888889e-01 6.708919e-01 6.708130e-01 7.896408e-05
3.939394e-01 8.888889e-01 6.641494e-01 6.639873e-01 1.620742e-04
4.040404e-01 8.888889e-01 6.574745e-01 6.574006e-01 7.393365e-05
4.141414e-01 8.888889e-01 6.508668e-01 6.507943e-01 7.248602e-05
4.242424e-01 8.888889e-01 6.443255e-01 6.442009e-01 1.245725e-04
4.343434e-01 8.888889e-01 6.378499e-01 6.379102e-01 6.027196e-05
4.444444e-01 8.888889e-01 6.314394e-01 6.314126e-01 2.679229e-05
4.545455e-01 8.888889e-01 6.250933e-01 6.250417e-01 5.162324e-05
4.646465e-01 8.888889e-01 6.188111e-01 6.189256e-01 1.145170e-04
4.747475e-01 8.888889e-01 6.125919e-01 6.127287e-01 1.367549e-04
4.848485e-01 8.888889e-01 6.064353e-01 6.066917e-01 2.564681e-04
4.949495e-01 8.888889e-01 6.003405e-01 6.004767e-01 1.362668e-04
5.050505e-01 8.888889e-01 5.943070e-01 5.944640e-01 1.570506e-04
5.151515e-01 8.888889e-01 5.883341e-01 5.886691e-01 3.349919e-04
5.252525e-01 8.888889e-01 5.824212e-01 5.826589e-01 2.377320e-04
5.353535e-01 8.888889e-01 5.765678e-01 5.768806e-01 3.127897e-04
5.454545e-01 8.888889e-01 5.707732e-01 5.711251e-01 3.519077e-04
5.555556e-01 8.888889e-01 5.650368e-01 5.654876e-01 4.507466e-04
5.656566e-01 8.888889e-01 5.593581e-01 5.597707e-01 4.126002e-04
5.757576e-01 8.888889e-01 5.537365e-01 5.542140e-01 4.775395e-04
5.858586e-01 8.888889e-01 5.481713e-01 5.485014e-01 3.300546e-04
5.959596e-01 8.888889e-01 5.426621e-01 5.431997e-01 5.375535e-04
6.060606e-01 8.888889e-01 5.372083e-01 5.377226e-01 5.143271e-04
6.161616e-01 8.888889e-01 5.318092e-01 5.324070e-01 5.978172e-04
6.262626e-01 8.888889e-01 5.264645e-01 5.271055e-01 6.410532e-04
6.363636e-01 8.888889e-01 5.211734e-01 5.218233e-01 6.498853e-04
6.464646e-01 8.888889e-01 5.159355e-01 5.165011e-01 5.656063e-04
6.565657e-01 8.888889e-01 5.107503e-01 5.113653e-01 6.150098e-04
6.666667e-01 8.888889e-01 5.056172e-01 5.061258e-01 5.086484e-04
6.767677e-01 8.888889e-01 5.005356e-01 5.011787e-01 6.430590e-04
6.868687e-01 8.888889e-01 4.955052e-01 4.962644e-01 7.592415e-04
6.969697e-01 8.888889e-01 4.905252e-01 4.911152e-01 5.899948e-04
7.070707e-01 8.888889e-01 4.855954e-01 4.862204e-01 6.250322e-04
7.171717e-01 8.888889e-01 4.807151e-01 4.813824e-01 6.673568e-04
7.272727e-01 8.888889e-01 4.758838e-01 4.766327e-01 7.489377e-04
7.373737e-01 8.888889e-01 4.711011e-01 4.718366e-01 7.354719e-04
7.474747e-01 8.888889e-01 4.663665e-01 4.670419e-01 6.754590e-04
7.575758e-01 8.888889e-01 4.616794e-01 4.622514e-01 5.719748e-04
7.676768e-01 8.888889e-01 4.570394e-01 4.577691e-01 7.296303e-04
7.777778e-01 8.888889e-01 4.524461e-01 4.528783e-01 4.321829e-04
7.878788e-01 8.888889e-01 4.478990e-01 4.485268e-01 6.278449e-04
7.979798e-01 8.888889e-01 4.433975e-01 4.440567e-01 6.592535e-04
8.080808e-01 8.888889e-01 4.389413e-01 4.395609e-01 6.196129e-04
8.181818e-01 8.888889e-01 4.345298e-01 4.352586e-01 7.287824e-04
8.282828e-01 8.888889e-01 4.301627e-01 4.308897e-01 7.269188e-04
8.383838e-01 8.888889e-01 4.258395e-01 4.265153e-01 6.757708e-04
8.484848e-01 8.888889e-01 4.215598e-01 4.221759e-01 6.161320e-04
8.585859e-01 8.888889e-01 4.173230e-01 4.179003e-01 5.772281e-04
8.686869e-01 8.888889e-01 4.131289e-01 4.137409e-01 6.120627e-04
8.787879e-01 8.888889e-01 4.089769e-01 4.096439e-01 6.670022e-04
8.888889e-01 8.888889e-01 4.048666e-01 4.054552e-01 5.886010e-04
8.989899e-01 8.888889e-01 4.007976e-01 4.013606e-01 5.630363e-04
9.090909e-01 8.888889e-01 3.967695e-01 3.974161e-01 6.465429e-04
9.191919e-01 8.888889e-01 3.927819e-01 3.935316e-01 7.497078e-04
9.292929e-01 8.888889e-01 3.888344e-01 3.894565e-01 6.220916e-04
9.393939e-01 8.888889e-01 3.849265e-01 3.855925e-01 6.659217e-04
9.494949e-01 8.888889e-01 3.810580e-01 3.817624e-01 7.044817e-04
9.595960e-01 8.888889e-01 3.772283e-01 3.778065e-01 5.782173e-04
9.696970e-01 8.888889e-01 3.734371e-01 3.740732e-01 6.361468e-04
9.797980e-01 8.888889e-01 3.696840e-01 3.703236e-01 6.396126e-04
9.898990e-01 8.888889e-01 3.659686e-01 3.665046e-01 5.360388e-04
1.000000e+00 8.888889e-01 3.622905e-01 3.628220e-01 5.315002e-04
0.000000e+00 8.989899e-01 -9.998741e-01 -1.000524e+00 6.495587e-04
1.010101e-02 8.989899e-01 -9.898252e-01 -9.903514e-01 5.262120e-04
2.020202e-02 8.989899e-01 -9.798773e-01 -9.803931e-01 5.157337e-04
3.030303e-02 8.989899e-01 -9.700294e-01 -9.704945e-01 4.651203e-04
4.040404e-02 8.989899e-01 -9.602804e-01 -9.606787e-01 3.982648e-04
5.050505e-02 8.989899e-01 -9.506295e-01 -9.510098e-01 3.802965e-04
6.060606e-02 8.989899e-01 -9.410755e-01 -9.414819e-01 4.064780e-04
7.070707e-02 8.989899e-01 -9.316175e-01 -9.319556e-01 3.380710e-04
8.080808e-02 8.989899e-01 -9.222546e-01 -9.226487e-01 3.940741e-04
9.090909e-02 8.989899e-01 -9.129858e-01 -9.132484e-01 2.626376e-04
1.010101e-01 8.989899e-01 -9.038101e-01 -9.041542e-01 3.440582e-04
1.111111e-01 8.989899e-01 -8.947267e-01 -8.951234e-01 3.966812e-04
1.212121e-01 8.989899e-01 -8.857345e-01 -8.860084e-01 2.738524e-04
1.313131e-01 8.989899e-01 -8.768328e-01 -8.770438e-01 2.110931e-04
1.414141e-01 8.989899e-01 -8.680204e-01 -8.683690e-01 3.485480e-04
1.515152e-01 8.989899e-01 -8.592967e-01 -8.593999e-01 1.032291e-04
1.616162e-01 8.989899e-01 -8.506606e-01 -8.507314e-01 7.076177e-05
1.717172e-01 8.989899e-01 -8.421113e-01 -8.421577e-01 4.639100e-05
1.818182e-01 8.989899e-01 -8.336480e-01 -8.337256e-01 7.759998e-05
1.919192e-01 8.989899e-01 -8.252697e-01 -8.252155e-01 5.421209e-05
2.020202e-01 8.989899e-01 -8.169756e-01 -8.168904e-01 8.521465e-05
2.121212e-01 8.989899e-01 -8.087648e-01 -8.086389e-01 1.259029e-04
2.222222e-01 8.989899e-01 -8.006366e-01 -8.004426e-01 1.940358e-04
2.323232e-01 8.989899e-01 -7.925901e-01 -7.924443e-01 1.457329e-04
2.424242e-01 8.989899e-01 -7.846244e-01 -7.845212e-01 1.031970e-04
2.525253e-01 8.989899e-01 -7.767388e-01 -7.765075e-01 2.313164e-04
2.626263e-01 8.989899e-01 -7.689325e-01 -7.687207e-01 2.117130e-04
2.727273e-01 8.989899e-01 -7.612046e-01 -7.610482e-01 1.563623e-04
2.828283e-01 8.989899e-01 -7.535543e-01 -7.533058e-01 2.485349e-04
2.929293e-01 8.989899e-01 -7.459810e-01 -7.457690e-01 2.119575e-04
3.030303e-01 8.989899e-01 -7.384837e-01 -7.383128e-01 1.709081e-04
3.131313e-01 8.989899e-01 -7.310619e-01 -7.307444e-01 3.175022e-04
3.232323e-01 8.989899e-01 -7.237146e-01 -7.235038e-01 2.107428e-04
3.333333e-01 8.989899e-01 -7.164411e-01 -7.163217e-01 1.194123e-04
3.434343e-01 8.989899e-01 -7.092408e-01 -7.090616e-01 1.791441e-04
3.535354e-01 8.989899e-01 -7.021128e-01 -7.021552e-01 4.245327e-05
3.636364e-01 8.989899e-01 -6.950564e-01 -6.949619e-01 9.452354e-05
3.737374e-01 8.989899e-01 -6.880710e-01 -6.880025e-01 6.852921e-05
3.838384e-01 8.989899e-01 -6.811558e-01 -6.810280e-01 1.277600e-04
3.939394e-01 8.989899e-01 -6.743100e-01 -6.742105e-01 9.949136e-05
4.040404e-01 8.989899e-01 -6.675331e-01 -6.674465e-01 8.661767e-05
4.141414e-01 8.989899e-01 -6.608243e-01 -6.608356e-01 1.133071e-05
4.242424e-01 8.989899e-01 -6.541829e-01 -6.542962e-01 1.132607e-04
4.343434e-01 8.989899e-01 -6.476083e-01 -6.475710e-01 3.728448e-05
4.444444e-01 8.989899e-01 -6.410997e-01 -6.411010e-01 1.321130e-06
4.545455e-01 8.989899e-01 -6.346565e-01 -6.347806e-01 1.241222e-04
4.646465e-01 8.989899e-01 -6.282781e-01 -6.281551e-01 1.230074e-04
4.747475e-01 8.989899e-01 -6.219638e-01 -6.219047e-01 5.908929e-05
4.848485e-01 8.989899e-01 -6.157130e-01 -6.157715e-01 5.855175e-05
4.949495e-01 8.989899e-01 -6.095250e-01 -6.096163e-01 9.131710e-05
5.050505e-01 8.989899e-01 -6.033991e-01 -6.034247e-01 2.553301e-05
5.151515e-01 8.989899e-01 -5.973349e-01 -5.972861e-01 4.876853e-05
5.252525e-01 8.989899e-01 -5.913316e-01 -5.913764e-01 4.486493e-05
5.353535e-01 8.989899e-01 -5.853886e-01 -5.854497e-01 6.111714e-05
5.454545e-01 8.989899e-01 -5.795053e-01 -5.797514e-01 2.460464e-04
5.555556e-01 8.989899e-01 -5.736812e-01 -5.738124e-01 1.311645e-04
5.656566e-01 8.989899e-01 -5.679156e-01 -5.681944e-01 2.787797e-04
5.757576e-01 8.989899e-01 -5.622080e-01 -5.623225e-01 1.145340e-04
5.858586e-01 8.989899e-01 -5.565577e-01 -5.567280e-01 1.703256e-04
5.959596e-01 8.989899e-01 -5.509642e-01 -5.512084e-01 2.441942e-04
6.060606e-01 8.989899e-01 -5.454269e-01 -5.456551e-01 2.282303e-04
6.161616e-01 8.989899e-01 -5.399453e-01 -5.401462e-01 2.009617e-04
6.262626e-01 8.989899e-01 -5.345187e-01 -5.346290e-01 1.102570e-04
6.363636e-01 8.989899e-01 -5.291467e-01 -5.292757e-01 1.289276e-04
6.464646e-01 8.989899e-01 -5.238287e-01 -5.241939e-01 3.651673e-04
6.565657e-01 8.989899e-01 -5.185641e-01 -5.187838e-01 2.196578e-04
6.666667e-01 8.989899e-01 -5.133525e-01 -5.135783e-01 2.258017e-04
6.767677e-01 8.989899e-01 -5.081932e-01 -5.084428e-01 2.495434e-04
6.868687e-01 8.989899e-01 -5.030858e-01 -5.032314e-01 1.456164e-04
6.969697e-01 8.989899e-01 -4.980297e-01 -4.982913e-01 2.615600e-04
7.070707e-01 8.989899e-01 -4.930244e-01 -4.931575e-01 1.330932e-04
7.171717e-01 8.989899e-01 -4.880694e-01 -4.881682e-01 9.880411e-05
7.272727e-01 8.989899e-01 -4.831643e-01 -4.833329e-01 1.686159e-04
7.373737e-01 8.989899e-01 -4.783084e-01 -4.787539e-01 4.455489e-04
7.474747e-01 8.989899e-01 -4.735013e-01 -4.737496e-01 2.483409e-04
7.575758e-01 8.989899e-01 -4.687425e-01 -4.689393e-01 1.967744e-04
7.676768e-01 8.989899e-01 -4.640316e-01 -4.644802e-01 4.485720e-04
7.777778e-01 8.989899e-01 -4.593680e-01 -4.597319e-01 3.639414e-04
7.878788e-01 8.989899e-01 -4.547513e-01 -4.550695e-01 3.182716e-04
7.979798e-01 8.989899e-01 -4.501809e-01 -4.504175e-01 2.365742e-04
8.080808e-01 8.989899e-01 -4.456566e-01 -4.458133e-01 1.567471e-04
8.181818e-01 8.989899e-01 -4.411776e-01 -4.416438e-01 4.662054e-04
8.282828e-01 8.989899e-01 -4.367437e-01 -4.372443e-01 5.005759e-04
8.383838e-01 8.989899e-01 -4.323544e-01 -4.326689e-01 3.145511e-04
8.484848e-01 8.989899e-01 -4.280091e-01 -4.283541e-01 3.450042e-04
8.585859e-01 8.989899e-01 -4.237076e-01 -4.241335e-01 4.259623e-04
8.686869e-01 8.989899e-01 -4.194492e-01 -4.197727e-01 3.234989e-04
8.787879e-01 8.989899e-01 -4.152337e-01 -4.155422e-01 3.085342e-04
8.888889e-01 8.989899e-01 -4.110605e-01 -4.112738e-01 2.132942e-04
8.989899e-01 8.989899e-01 -4.069293e-01 -4.072131e-01 2.837758e-04
9.090909e-01 8.989899e-01 -4.028396e-01 -4.029490e-01 1.093668e-04
9.191919e-01 8.989899e-01 -3.987910e-01 -3.990171e-01 2.260918e-04
9.292929e-01 8.989899e-01 -3.947831e-01 -3.948457e-01 6.263623e-05
9.393939e-01 8.989899e-01 -3.908155e-01 -3.909625e-01 1.470293e-04
9.494949e-01 8.989899e-01 -3.868877e-01 -3.869002e-01 1.249459e-05
9.595960e-01 8.989899e-01 -3.829994e-01 -3.830125e-01 1.312685e-05
9.696970e-01 8.989899e-01 -3.791502e-01 -3.793066e-01 1.563562e-04
9.797980e-01 8.989899e-01 -3.753397e-01 -3.752494e-01 9.029028e-05
9.898990e-01 8.989899e-01 -3.715674e-01 -3.714918e-01 7.566015e-05
1.000000e+00 8.989899e-01 -3.678331e-01 -3.677756e-01 5.757591e-05
0.000000e+00 9.090909e-01 9.898214e-01 9.885023e-01 1.319178e-03
1.010101e-02 9.090909e-01 9.798736e-01 9.785082e-01 1.365338e-03
2.020202e-02 9.090909e-01 9.700257e-01 9.687052e-01 1.320502e-03
3.030303e-02 9.090909e-01 9.602768e-01 9.588234e-01 1.453377e-03
4.040404e-02 9.090909e-01 9.506258e-01 9.491612e-01 1.464647e-03
5.050505e-02 9.090909e-01 9.410719e-01 9.396106e-01 1.461271e-03
6.060606e-02 9.090909e-01 9.316139e-01 9.301528e-01 1.461169e-03
7.070707e-02 9.090909e-01 9.222511e-01 9.207373e-01 1.513801e-03
8.080808e-02 9.090909e-01 9.129823e-01 9.114697e-01 1.512593e-03
9.090909e-02 9.090909e-01 9.038067e-01 9.022436e-01 1.563053e-03
1.010101e-01 9.090909e-01 8.947233e-01 8.931388e-01 1.584494e-03
1.111111e-01 9.090909e-01 8.857311e-01 8.841337e-01 1.597446e-03
1.212121e-01 9.090909e-01 8.768294e-01 8.751832e-01 1.646173e-03
1.313131e-01 9.090909e-01 8.680171e-01 8.663810e-01 1.636067e-03
1.414141e-01 9.090909e-01 8.592934e-01 8.577470e-01 1.546382e-03
1.515152e-01 9.090909e-01 8.506574e-01 8.489741e-01 1.683250e-03
1.616162e-01 9.090909e-01 8.421081e-01 8.403253e-01 1.782815e-03
1.717172e-01 9.090909e-01 8.336448e-01 8.321284e-01 1.516379e-03
1.818182e-01 9.090909e-01 8.252665e-01 8.236095e-01 1.657044e-03
1.919192e-01 9.090909e-01 8.169724e-01 8.152927e-01 1.679793e-03
2.020202e-01 9.090909e-01 8.087617e-01 8.072673e-01 1.494433e-03
2.121212e-01 9.090909e-01 8.006336e-01 7.990707e-01 1.562835e-03
2.222222e-01 9.090909e-01 7.925871e-01 7.911606e-01 1.426408e-03
2.323232e-01 9.090909e-01 7.846214e-01 7.830866e-01 1.534821e-03
2.424242e-01 9.090909e-01 7.767358e-01 7.752184e-01 1.517416e-03
2.525253e-01 9.090909e-01 7.689295e-01 7.673795e-01 1.550056e-03
2.626263e-01 9.090909e-01 7.612016e-01 7.596309e-01 1.570791e-03
2.727273e-01 9.090909e-01 7.535514e-01 7.521108e-01 1.440608e-03
2.828283e-01 9.090909e-01 7.459781e-01 7.445905e-01 1.387608e-03
2.929293e-01 9.090909e-01 7.384809e-01 7.370175e-01 1.463413e-03
3.030303e-01 9.090909e-01 7.310591e-01 7.296116e-01 1.447434e-03
3.131313e-01 9.090909e-01 7.237118e-01 7.222947e-01 1.417116e-03
3.232323e-01 9.090909e-01 7.164384e-01 7.149699e-01 1.468506e-03
3.333333e-01 9.090909e-01 7.092381e-01 7.077257e-01 1.512351e-03
3.434343e-01 9.090909e-01 7.021101e-01 7.007153e-01 1.394791e-03
3.535354e-01 9.090909e-01 6.950538e-01 6.938473e-01 1.206473e-03
3.636364e-01 9.090909e-01 6.880684e-01 6.867611e-01 1.307284e-03
3.737374e-01 9.090909e-01 6.811532e-01 6.796815e-01 1.471625e-03
3.838384e-01 9.090909e-01 6.743075e-01 6.728925e-01 1.414951e-03
3.939394e-01 9.090909e-01 6.675306e-01 6.661063e-01 1.424216e-03
4.040404e-01 9.090909e-01 6.608218e-01 6.595629e-01 1.258821e-03
4.141414e-01 9.090909e-01 6.541804e-01 6.529907e-01 1.189699e-03
4.242424e-01 9.090909e-01 6.476058e-01 6.463782e-01 1.227616e-03
4.343434e-01 9.090909e-01 6.410972e-01 6.400223e-01 1.074893e-03
4.444444e-01 9.090909e-01 6.346541e-01 6.334140e-01 1.240067e-03
4.545455e-01 9.090909e-01 6.282757e-01 6.270981e-01 1.177634e-03
4.646465e-01 9.090909e-01 6.219614e-01 6.208339e-01 1.127509e-03
4.747475e-01 9.090909e-01 6.157106e-01 6.145703e-01 1.140366e-03
4.848485e-01 9.090909e-01 6.095226e-01 6.085553e-01 9.673151e-04
4.949495e-01 9.090909e-01 6.033968e-01 6.023105e-01 1.086290e-03
5.050505e-01 9.090909e-01 5.973326e-01 5.961766e-01 1.156025e-03
5.151515e-01 9.090909e-01 5.913293e-01 5.902663e-01 1.063011e-03
5.252525e-01 9.090909e-01 5.853863e-01 5.841979e-01 1.188461e-03
5.353535e-01 9.090909e-01 5.795031e-01 5.783437e-01 1.159361e-03
5.454545e-01 9.090909e-01 5.736790e-01 5.726399e-01 1.039065e-03
5.555556e-01 9.090909e-01 5.679134e-01 5.670136e-01 8.998169e-04
5.656566e-01 9.090909e-01 5.622058e-01 5.612539e-01 9.519084e-04
5.757576e-01 9.090909e-01 5.565556e-01 5.554756e-01 1.079959e-03
5.858586e-01 9.090909e-01 5.509621e-01 5.498919e-01 1.070127e-03
5.959596e-01 9.090909e-01 5.454248e-01 5.444375e-01 9.872879e-04
6.060606e-01 9.090909e-01 5.399432e-01 5.389675e-01 9.756557e-04
6.161616e-01 9.090909e-01 5.345167e-01 5.337017e-01 8.149687e-04
6.262626e-01 9.090909e-01 5.291447e-01 5.281557e-01 9.890205e-04
6.363636e-01 9.090909e-01 5.238267e-01 5.227898e-01 1.036936e-03
6.464646e-01 9.090909e-01 5.185622e-01 5.176398e-01 9.224110e-04
6.565657e-01 9.090909e-01 5.133505e-01 5.123658e-01 9.847132e-04
6.666667e-01 9.090909e-01 5.081913e-01 5.069773e-01 1.213953e-03
6.767677e-01 9.090909e-01 5.030839e-01 5.020789e-01 1.004975e-03
6.868687e-01 9.090909e-01 4.980278e-01 4.971032e-01 9.245755e-04
6.969697e-01 9.090909e-01 4.930225e-01 4.921396e-01 8.829200e-04
7.070707e-01 9.090909e-01 4.880676e-01 4.870139e-01 1.053693e-03
7.171717e-01 9.090909e-01 4.831624e-01 4.823277e-01 8.347095e-04
7.272727e-01 9.090909e-01 4.783065e-01 4.773746e-01 9.319333e-04
7.373737e-01 9.090909e-01 4.734995e-01 4.727159e-01 7.835423e-04
7.474747e-01 9.090909e-01 4.687407e-01 4.679290e-01 8.117023e-04
7.575758e-01 9.090909e-01 4.640298e-01 4.630362e-01 9.936061e-04
7.676768e-01 9.090909e-01 4.593662e-01 4.586447e-01 7.214909e-04
7.777778e-01 9.090909e-01 4.547495e-01 4.536526e-01 1.096971e-03
7.878788e-01 9.090909e-01 4.501792e-01 4.493293e-01 8.498768e-04
7.979798e-01 9.090909e-01 4.456548e-01 4.447131e-01 9.417911e-04
8.080808e-01 9.090909e-01 4.411759e-01 4.403830e-01 7.928950e-04
8.181818e-01 9.090909e-01 4.367421e-01 4.359528e-01 7.892379e-04
8.282828e-01 9.090909e-01 4.323527e-01 4.316710e-01 6.816967e-04
8.383838e-01 9.090909e-01 4.280075e-01 4.271815e-01 8.259615e-04
8.484848e-01 9.090909e-01 4.237060e-01 4.228936e-01 8.123135e-04
8.585859e-01 9.090909e-01 4.194476e-01 4.186971e-01 7.504930e-04
8.686869e-01 9.090909e-01 4.152321e-01 4.143277e-01 9.044122e-04
8.787879e-01 9.090909e-01 4.110590e-01 4.101981e-01 8.608787e-04
8.888889e-01 9.090909e-01 4.069278e-01 4.060632e-01 8.645313e-04
8.989899e-01 9.090909e-01 4.028381e-01 4.019660e-01 8.720332e-04
9.090909e-01 9.090909e-01 3.987895e-01 3.980456e-01 7.439093e-04
9.191919e-01 9.090909e-01 3.947816e-01 3.940275e-01 7.541069e-04
9.292929e-01 9.090909e-01 3.908140e-01 3.900166e-01 7.973723e-04
9.393939e-01 9.090909e-01 3.868862e-01 3.861282e-01 7.580255e-04
9.494949e-01 9.090909e-01 3.829979e-01 3.823344e-01 6.635606e-04
9.595960e-01 9.090909e-01 3.791487e-01 3.784152e-01 7.335220e-04
9.696970e-01 9.090909e-01 3.753382e-01 3.746494e-01 6.888057e-04
9.797980e-01 9.090909e-01 3.715660e-01 3.707070e-01 8.590240e-04
9.898990e-01 9.090909e-01 3.678317e-01 3.668337e-01 9.980421e-04
1.000000e+00 9.090909e-01 3.641350e-01 3.629917e-01 1.143268e-03
0.000000e+00 9.191919e-01 -9.549022e-01 -9.561301e-01 1.227906e-03
1.010101e-02 9.191919e-01 -9.453053e-01 -9.463710e-01 1.065644e-03
2.020202e-02 9.191919e-01 -9.358048e-01 -9.367796e-01 9.747786e-04
3.030303e-02 9.191919e-01 -9.263998e-01 -9.274248e-01 1.024943e-03
4.040404e-02 9.191919e-01 -9.170894e-01 -9.179155e-01 8.260905e-04
5.050505e-02 9.191919e-01 -9.078725e-01 -9.085549e-01 6.824393e-04
6.060606e-02 9.191919e-01 -8.987482e-01 -8.994578e-01 7.096093e-04
7.070707e-02 9.191919e-01 -8.897156e-01 -8.902729e-01 5.572215e-04
8.080808e-02 9.191919e-01 -8.807738e-01 -8.813925e-01 6.186348e-04
9.090909e-02 9.191919e-01 -8.719219e-01 -8.723582e-01 4.362823e-04
1.010101e-01 9.191919e-01 -8.631590e-01 -8.637923e-01 6.333398e-04
1.111111e-01 9.191919e-01 -8.544841e-01 -8.550955e-01 6.114364e-04
1.212121e-01 9.191919e-01 -8.458964e-01 -8.463558e-01 4.594334e-04
1.313131e-01 9.191919e-01 -8.373950e-01 -8.379315e-01 5.365504e-04
1.414141e-01 9.191919e-01 -8.289790e-01 -8.295423e-01 5.632745e-04
1.515152e-01 9.191919e-01 -8.206476e-01 -8.211946e-01 5.470208e-04
1.616162e-01 9.191919e-01 -8.124000e-01 -8.129900e-01 5.899673e-04
1.717172e-01 9.191919e-01 -8.042352e-01 -8.045735e-01 3.383079e-04
1.818182e-01 9.191919e-01 -7.961525e-01 -7.967561e-01 6.036181e-04
1.919192e-01 9.191919e-01 -7.881511e-01 -7.888303e-01 6.792153e-04
2.020202e-01 9.191919e-01 -7.802300e-01 -7.806895e-01 4.594621e-04
2.121212e-01 9.191919e-01 -7.723886e-01 -7.729701e-01 5.815060e-04
2.222222e-01 9.191919e-01 -7.646259e-01 -7.649556e-01 3.296990e-04
2.323232e-01 9.191919e-01 -7.569413e-01 -7.575742e-01 6.328776e-04
2.424242e-01 9.191919e-01 -7.493339e-01 -7.499865e-01 6.525924e-04
2.525253e-01 9.191919e-01 -7.418030e-01 -7.423050e-01 5.020341e-04
2.626263e-01 9.191919e-01 -7.343478e-01 -7.348100e-01 4.622319e-04
2.727273e-01 9.191919e-01 -7.269674e-01 -7.274528e-01 4.853093e-04
2.828283e-01 9.191919e-01 -7.196613e-01 -7.199993e-01 3.380114e-04
2.929293e-01 9.191919e-01 -7.124286e-01 -7.127843e-01 3.557040e-04
3.030303e-01 9.191919e-01 -7.052686e-01 -7.057263e-01 4.577054e-04
3.131313e-01 9.191919e-01 -6.981805e-01 -6.984364e-01 2.558852e-04
3.232323e-01 9.191919e-01 -6.911637e-01 -6.915931e-01 4.293867e-04
3.333333e-01 9.191919e-01 -6.842174e-01 -6.845409e-01 3.235133e-04
3.434343e-01 9.191919e-01 -6.773409e-01 -6.775252e-01 1.843063e-04
3.535354e-01 9.191919e-01 -6.705335e-01 -6.708980e-01 3.644925e-04
3.636364e-01 9.191919e-01 -6.637945e-01 -6.639692e-01 1.746638e-04
3.737374e-01 9.191919e-01 -6.571233e-01 -6.574365e-01 3.132397e-04
3.838384e-01 9.191919e-01 -6.505191e-01 -6.508542e-01 3.351775e-04
3.939394e-01 9.191919e-01 -6.439812e-01 -6.443785e-01 3.973151e-04
4.040404e-01 9.191919e-01 -6.375091e-01 -6.378232e-01 3.141146e-04
4.141414e-01 9.191919e-01 -6.311020e-01 -6.311706e-01 6.859356e-05
4.242424e-01 9.191919e-01 -6.247594e-01 -6.251903e-01 4.309015e-04
4.343434e-01 9.191919e-01 -6.184804e-01 -6.184253e-01 5.517107e-05
4.444444e-01 9.191919e-01 -6.122646e-01 -6.126139e-01 3.493263e-04
4.545455e-01 9.191919e-01 -6.061112e-01 -6.065060e-01 3.947609e-04
4.646465e-01 9.191919e-01 -6.000197e-01 -6.001489e-01 1.292057e-04
4.747475e-01 9.191919e-01 -5.939894e-01 -5.942414e-01 2.519680e-04
4.848485e-01 9.191919e-01 -5.880197e-01 -5.882097e-01 1.900279e-04
4.949495e-01 9.191919e-01 -5.821100e-01 -5.823914e-01 2.813568e-04
5.050505e-01 9.191919e-01 -5.762597e-01 -5.765857e-01 3.259285e-04
5.151515e-01 9.191919e-01 -5.704682e-01 -5.705827e-01 1.145315e-04
5.252525e-01 9.191919e-01 -5.647349e-01 -5.650902e-01 3.552639e-04
5.353535e-01 9.191919e-01 -5.590592e-01 -5.592397e-01 1.805094e-04
5.454545e-01 9.191919e-01 -5.534406e-01 -5.535945e-01 1.538725e-04
5.555556e-01 9.191919e-01 -5.478784e-01 -5.478963e-01 1.783849e-05
5.656566e-01 9.191919e-01 -5.423722e-01 -5.425208e-01 1.486033e-04
5.757576e-01 9.191919e-01 -5.369212e-01 -5.370902e-01 1.689544e-04
5.858586e-01 9.191919e-01 -5.315251e-01 -5.317031e-01 1.780342e-04
5.959596e-01 9.191919e-01 -5.261832e-01 -5.262281e-01 4.490539e-05
6.060606e-01 9.191919e-01 -5.208949e-01 -5.210273e-01 1.323900e-04
6.161616e-01 9.191919e-01 -5.156599e-01 -5.155712e-01 8.861928e-05
6.262626e-01 9.191919e-01 -5.104774e-01 -5.104517e-01 2.571415e-05
6.363636e-01 9.191919e-01 -5.053470e-01 -5.054489e-01 1.019314e-04
6.464646e-01 9.191919e-01 -5.002682e-01 -5.004371e-01 1.689559e-04
6.565657e-01 9.191919e-01 -4.952404e-01 -4.952612e-01 2.078615e-05
6.666667e-01 9.191919e-01 -4.902632e-01 -4.906503e-01 3.871385e-04
6.767677e-01 9.191919e-01 -4.853359e-01 -4.855969e-01 2.609637e-04
6.868687e-01 9.191919e-01 -4.804582e-01 -4.806538e-01 1.955381e-04
6.969697e-01 9.191919e-01 -4.756295e-01 -4.757779e-01 1.483247e-04
7.070707e-01 9.191919e-01 -4.708494e-01 -4.711834e-01 3.340355e-04
7.171717e-01 9.191919e-01 -4.661173e-01 -4.661330e-01 1.572928e-05
7.272727e-01 9.191919e-01 -4.614327e-01 -4.616256e-01 1.928629e-04
7.373737e-01 9.191919e-01 -4.567952e-01 -4.571759e-01 3.806132e-04
7.474747e-01 9.191919e-01 -4.522044e-01 -4.523031e-01 9.868234e-05
7.575758e-01 9.191919e-01 -4.476596e-01 -4.479076e-01 2.479265e-04
7.676768e-01 9.191919e-01 -4.431606e-01 -4.434959e-01 3.352829e-04
7.777778e-01 9.191919e-01 -4.387067e-01 -4.394110e-01 7.042950e-04
7.878788e-01 9.191919e-01 -4.342977e-01 -4.345918e-01 2.940968e-04
7.979798e-01 9.191919e-01 -4.299329e-01 -4.303831e-01 4.501766e-04
8.080808e-01 9.191919e-01 -4.256120e-01 -4.255306e-01 8.145950e-05
8.181818e-01 9.191919e-01 -4.213345e-01 -4.213938e-01 5.921120e-05
8.282828e-01 9.191919e-01 -4.171001e-01 -4.173207e-01 2.206696e-04
8.383838e-01 9.191919e-01 -4.129081e-01 -4.130224e-01 1.142652e-04
8.484848e-01 9.191919e-01 -4.087583e-01 -4.087790e-01 2.068667e-05
8.585859e-01 9.191919e-01 -4.046502e-01 -4.046378e-01 1.243559e-05
8.686869e-01 9.191919e-01 -4.005834e-01 -4.006811e-01 9.769115e-05
8.787879e-01 9.191919e-01 -3.965575e-01 -3.965831e-01 2.556364e-05
8.888889e-01 9.191919e-01 -3.925720e-01 -3.925320e-01 4.005669e-05
8.989899e-01 9.191919e-01 -3.886266e-01 -3.885933e-01 3.331727e-05
9.090909e-01 9.191919e-01 -3.847209e-01 -3.844649e-01 2.560111e-04
9.191919e-01 9.191919e-01 -3.808544e-01 -3.807346e-01 1.197995e-04
9.292929e-01 9.191919e-01 -3.770267e-01 -3.769547e-01 7.203800e-05
9.393939e-01 9.191919e-01 -3.732375e-01 -3.730903e-01 1.472644e-04
9.494949e-01 9.191919e-01 -3.694864e-01 -3.689898e-01 4.966071e-04
9.595960e-01 9.191919e-01 -3.657730e-01 -3.655401e-01 2.328855e-04
9.696970e-01 9.191919e-01 -3.620970e-01 -3.617767e-01 3.202429e-04
9.797980e-01 9.191919e-01 -3.584578e-01 -3.582600e-01 1.977824e-04
9.898990e-01 9.191919e-01 -3.548553e-01 -3.546239e-01 2.313435e-04
1.000000e+00 9.191919e-01 -3.512889e-01 -3.512704e-01 1.846572e-05
0.000000e+00 9.292929e-01 8.959938e-01 8.961117e-01 1.179525e-04
1.010101e-02 9.292929e-01 8.869889e-01 8.870177e-01 2.883898e-05
2.020202e-02 9.292929e-01 8.780745e-01 8.781569e-01 8.239826e-05
3.030303e-02 9.292929e-01 8.692497e-01 8.693148e-01 6.508234e-05
4.040404e-02 9.292929e-01 8.605136e-01 8.606273e-01 1.136902e-04
5.050505e-02 9.292929e-01 8.518653e-01 8.520113e-01 1.460244e-04
6.060606e-02 9.292929e-01 8.433039e-01 8.435311e-01 2.271614e-04
7.070707e-02 9.292929e-01 8.348286e-01 8.351150e-01 2.864492e-04
8.080808e-02 9.292929e-01 8.264384e-01 8.267874e-01 3.489522e-04
9.090909e-02 9.292929e-01 8.181326e-01 8.185478e-01 4.152878e-04
1.010101e-01 9.292929e-01 8.099102e-01 8.103960e-01 4.857671e-04
1.111111e-01 9.292929e-01 8.017705e-01 8.022419e-01 4.714646e-04
1.212121e-01 9.292929e-01 7.937125e-01 7.942303e-01 5.178114e-04
1.313131e-01 9.292929e-01 7.857356e-01 7.863108e-01 5.752044e-04
1.414141e-01 9.292929e-01 7.778388e-01 7.784788e-01 6.399869e-04
1.515152e-01 9.292929e-01 7.700214e-01 7.706009e-01 5.795100e-04
1.616162e-01 9.292929e-01 7.622826e-01 7.627507e-01 4.681830e-04
1.717172e-01 9.292929e-01 7.546215e-01 7.553047e-01 6.831988e-04
1.818182e-01 9.292929e-01 7.470374e-01 7.475941e-01 5.566346e-04
1.919192e-01 9.292929e-01 7.395296e-01 7.401202e-01 5.905989e-04
2.020202e-01 9.292929e-01 7.320972e-01 7.327083e-01 6.110969e-04
2.121212e-01 9.292929e-01 7.247395e-01 7.253298e-01 5.902766e-04
2.222222e-01 9.292929e-01 7.174557e-01 7.181275e-01 6.718208e-04
2.323232e-01 9.292929e-01 7.102452e-01 7.107816e-01 5.364553e-04
2.424242e-01 9.292929e-01 7.031071e-01 7.036231e-01 5.159600e-04
2.525253e-01 9.292929e-01 6.960408e-01 6.964843e-01 4.435741e-04
2.626263e-01 9.292929e-01 6.890454e-01 6.894792e-01 4.338039e-04
2.727273e-01 9.292929e-01 6.821204e-01 6.825956e-01 4.752038e-04
2.828283e-01 9.292929e-01 6.752650e-01 6.758086e-01 5.436252e-04
2.929293e-01 9.292929e-01 6.684785e-01 6.689461e-01 4.676889e-04
3.030303e-01 9.292929e-01 6.617601e-01 6.622779e-01 5.177389e-04
3.131313e-01 9.292929e-01 6.551093e-01 6.556432e-01 5.338857e-04
3.232323e-01 9.292929e-01 6.485254e-01 6.490500e-01 5.246161e-04
3.333333e-01 9.292929e-01 6.420076e-01 6.424303e-01 4.227121e-04
3.434343e-01 9.292929e-01 6.355553e-01 6.361184e-01 5.631017e-04
3.535354e-01 9.292929e-01 6.291679e-01 6.298114e-01 6.435323e-04
3.636364e-01 9.292929e-01 6.228446e-01 6.234853e-01 6.406947e-04
3.737374e-01 9.292929e-01 6.165849e-01 6.171001e-01 5.151200e-04
3.838384e-01 9.292929e-01 6.103882e-01 6.110092e-01 6.210217e-04
3.939394e-01 9.292929e-01 6.042537e-01 6.048608e-01 6.071262e-04
4.040404e-01 9.292929e-01 5.981808e-01 5.988115e-01 6.307005e-04
4.141414e-01 9.292929e-01 5.921690e-01 5.928459e-01 6.769266e-04
4.242424e-01 9.292929e-01 5.862176e-01 5.868697e-01 6.520637e-04
4.343434e-01 9.292929e-01 5.803260e-01 5.811180e-01 7.919785e-04
4.444444e-01 9.292929e-01 5.744936e-01 5.752100e-01 7.163390e-04
4.545455e-01 9.292929e-01 5.687199e-01 5.693978e-01 6.779274e-04
4.646465e-01 9.292929e-01 5.630042e-01 5.638525e-01 8.483982e-04
4.747475e-01 9.292929e-01 5.573459e-01 5.581754e-01 8.295199e-04
4.848485e-01 9.292929e-01 5.517444e-01 5.526689e-01 9.244230e-04
4.949495e-01 9.292929e-01 5.461993e-01 5.469490e-01 7.496463e-04
5.050505e-01 9.292929e-01 5.407099e-01 5.415404e-01 8.305148e-04
5.151515e-01 9.292929e-01 5.352757e-01 5.361687e-01 8.929901e-04
5.252525e-01 9.292929e-01 5.298961e-01 5.306857e-01 7.895686e-04
5.353535e-01 9.292929e-01 5.245706e-01 5.253509e-01 7.803776e-04
5.454545e-01 9.292929e-01 5.192985e-01 5.200590e-01 7.604600e-04
5.555556e-01 9.292929e-01 5.140795e-01 5.149713e-01 8.918229e-04
5.656566e-01 9.292929e-01 5.089129e-01 5.096977e-01 7.847671e-04
5.757576e-01 9.292929e-01 5.037982e-01 5.045342e-01 7.359953e-04
5.858586e-01 9.292929e-01 4.987350e-01 4.993795e-01 6.445225e-04
5.959596e-01 9.292929e-01 4.937226e-01 4.944244e-01 7.018090e-04
6.060606e-01 9.292929e-01 4.887606e-01 4.894542e-01 6.935807e-04
6.161616e-01 9.292929e-01 4.838485e-01 4.846209e-01 7.724252e-04
6.262626e-01 9.292929e-01 4.789857e-01 4.797406e-01 7.548740e-04
6.363636e-01 9.292929e-01 4.741719e-01 4.748586e-01 6.867526e-04
6.464646e-01 9.292929e-01 4.694064e-01 4.700709e-01 6.645155e-04
6.565657e-01 9.292929e-01 4.646887e-01 4.652530e-01 5.642243e-04
6.666667e-01 9.292929e-01 4.600185e-01 4.604921e-01 4.735322e-04
6.767677e-01 9.292929e-01 4.553953e-01 4.559529e-01 5.576033e-04
6.868687e-01 9.292929e-01 4.508185e-01 4.514570e-01 6.384828e-04
6.969697e-01 9.292929e-01 4.462877e-01 4.468461e-01 5.583874e-04
7.070707e-01 9.292929e-01 4.418024e-01 4.423419e-01 5.394490e-04
7.171717e-01 9.292929e-01 4.373622e-01 4.380692e-01 7.069373e-04
7.272727e-01 9.292929e-01 4.329667e-01 4.336095e-01 6.428511e-04
7.373737e-01 9.292929e-01 4.286153e-01 4.291861e-01 5.708582e-04
7.474747e-01 9.292929e-01 4.243076e-01 4.249201e-01 6.124595e-04
7.575758e-01 9.292929e-01 4.200433e-01 4.204920e-01 4.487628e-04
7.676768e-01 9.292929e-01 4.158218e-01 4.164156e-01 5.938461e-04
7.777778e-01 9.292929e-01 4.116427e-01 4.120280e-01 3.853366e-04
7.878788e-01 9.292929e-01 4.075056e-01 4.079568e-01 4.512081e-04
7.979798e-01 9.292929e-01 4.034101e-01 4.038761e-01 4.660241e-04
8.080808e-01 9.292929e-01 3.993558e-01 3.997989e-01 4.431666e-04
8.181818e-01 9.292929e-01 3.953422e-01 3.957436e-01 4.014670e-04
8.282828e-01 9.292929e-01 3.913689e-01 3.918127e-01 4.438250e-04
8.383838e-01 9.292929e-01 3.874356e-01 3.877972e-01 3.616423e-04
8.484848e-01 9.292929e-01 3.835418e-01 3.838013e-01 2.595093e-04
8.585859e-01 9.292929e-01 3.796871e-01 3.799683e-01 2.811722e-04
8.686869e-01 9.292929e-01 3.758712e-01 3.760355e-01 1.642277e-04
8.787879e-01 9.292929e-01 3.720937e-01 3.724031e-01 3.094591e-04
8.888889e-01 9.292929e-01 3.683541e-01 3.686167e-01 2.626473e-04
8.989899e-01 9.292929e-01 3.646520e-01 3.647276e-01 7.552334e-05
9.090909e-01 9.292929e-01 3.609872e-01 3.612560e-01 2.687538e-04
9.191919e-01 9.292929e-01 3.573592e-01 3.576376e-01 2.783460e-04
9.292929e-01 9.292929e-01 3.537677e-01 3.540468e-01 2.790435e-04
9.393939e-01 9.292929e-01 3.502123e-01 3.504715e-01 2.592323e-04
9.494949e-01 9.292929e-01 3.466926e-01 3.470591e-01 3.664687e-04
9.595960e-01 9.292929e-01 3.432083e-01 3.434185e-01 2.102247e-04
9.696970e-01 9.292929e-01 3.397590e-01 3.400167e-01 2.576793e-04
9.797980e-01 9.292929e-01 3.363443e-01 3.366564e-01 3.120123e-04
9.898990e-01 9.292929e-01 3.329640e-01 3.331815e-01 2.174676e-04
1.000000e+00 9.292929e-01 3.296177e-01 3.296338e-01 1.608339e-05
0.000000e+00 9.393939e-01 -8.145760e-01 -8.171538e-01 2.577859e-03
1.010101e-02 9.393939e-01 -8.063893e-01 -8.090507e-01 2.661351e-03
2.020202e-02 9.393939e-01 -7.982850e-01 -8.009225e-01 2.637531e-03
3.030303e-02 9.393939e-01 -7.902621e-01 -7.929374e-01 2.675313e-03
4.040404e-02 9.393939e-01 -7.823198e-01 -7.848805e-01 2.560699e-03
5.050505e-02 9.393939e-01 -7.744574e-01 -7.769034e-01 2.446016e-03
6.060606e-02 9.393939e-01 -7.666739e-01 -7.691435e-01 2.469512e-03
7.070707e-02 9.393939e-01 -7.589687e-01 -7.613302e-01 2.361498e-03
8.080808e-02 9.393939e-01 -7.513410e-01 -7.536527e-01 2.311705e-03
9.090909e-02 9.393939e-01 -7.437899e-01 -7.459909e-01 2.200987e-03
1.010101e-01 9.393939e-01 -7.363147e-01 -7.385143e-01 2.199631e-03
1.111111e-01 9.393939e-01 -7.289146e-01 -7.311238e-01 2.209217e-03
1.212121e-01 9.393939e-01 -7.215889e-01 -7.235794e-01 1.990531e-03
1.313131e-01 9.393939e-01 -7.143368e-01 -7.163936e-01 2.056802e-03
1.414141e-01 9.393939e-01 -7.071576e-01 -7.091974e-01 2.039818e-03
1.515152e-01 9.393939e-01 -7.000505e-01 -7.019805e-01 1.929939e-03
1.616162e-01 9.393939e-01 -6.930149e-01 -6.948627e-01 1.847815e-03
1.717172e-01 9.393939e-01 -6.860500e-01 -6.877204e-01 1.670424e-03
1.818182e-01 9.393939e-01 -6.791551e-01 -6.809715e-01 1.816426e-03
1.919192e-01 9.393939e-01 -6.723295e-01 -6.740931e-01 1.763672e-03
2.020202e-01 9.393939e-01 -6.655724e-01 -6.672186e-01 1.646133e-03
2.121212e-01 9.393939e-01 -6.588833e-01 -6.605388e-01 1.655473e-03
2.222222e-01 9.393939e-01 -6.522614e-01 -6.537338e-01 1.472417e-03
2.323232e-01 9.393939e-01 -6.457061e-01 -6.472408e-01 1.534661e-03
2.424242e-01 9.393939e-01 -6.392166e-01 -6.407689e-01 1.552243e-03
2.525253e-01 9.393939e-01 -6.327924e-01 -6.342603e-01 1.467887e-03
2.626263e-01 9.393939e-01 -6.264327e-01 -6.278619e-01 1.429117e-03
2.727273e-01 9.393939e-01 -6.201370e-01 -6.214446e-01 1.307596e-03
2.828283e-01 9.393939e-01 -6.139045e-01 -6.152312e-01 1.326649e-03
2.929293e-01 9.393939e-01 -6.077347e-01 -6.090630e-01 1.328364e-03
3.030303e-01 9.393939e-01 -6.016268e-01 -6.029512e-01 1.324338e-03
3.131313e-01 9.393939e-01 -5.955804e-01 -5.968543e-01 1.273948e-03
3.232323e-01 9.393939e-01 -5.895947e-01 -5.909294e-01 1.334690e-03
3.333333e-01 9.393939e-01 -5.836692e-01 -5.850102e-01 1.340996e-03
3.434343e-01 9.393939e-01 -5.778032e-01 -5.790987e-01 1.295499e-03
3.535354e-01 9.393939e-01 -5.719962e-01 -5.734197e-01 1.423506e-03
3.636364e-01 9.393939e-01 -5.662475e-01 -5.674430e-01 1.195486e-03
3.737374e-01 9.393939e-01 -5.605566e-01 -5.618663e-01 1.309638e-03
3.838384e-01 9.393939e-01 -5.549230e-01 -5.562521e-01 1.329164e-03
3.939394e-01 9.393939e-01 -5.493459e-01 -5.506213e-01 1.275381e-03
4.040404e-01 9.393939e-01 -5.438249e-01 -5.452369e-01 1.412073e-03
4.141414e-01 9.393939e-01 -5.383593e-01 -5.396383e-01 1.278939e-03
4.242424e-01 9.393939e-01 -5.329487e-01 -5.343136e-01 1.364818e-03
4.343434e-01 9.393939e-01 -5.275925e-01 -5.287682e-01 1.175664e-03
4.444444e-01 9.393939e-01 -5.222901e-01 -5.235776e-01 1.287446e-03
4.545455e-01 9.393939e-01 -5.170410e-01 -5.184188e-01 1.377766e-03
4.646465e-01 9.393939e-01 -5.118447e-01 -5.129634e-01 1.118740e-03
4.747475e-01 9.393939e-01 -5.067006e-01 -5.078877e-01 1.187171e-03
4.848485e-01 9.393939e-01 -5.016081e-01 -5.028515e-01 1.243361e-03
4.949495e-01 9.393939e-01 -4.965669e-01 -4.976791e-01 1.112234e-03
5.050505e-01 9.393939e-01 -4.915763e-01 -4.927377e-01 1.161350e-03
5.151515e-01 9.393939e-01 -4.866359e-01 -4.876869e-01 1.050995e-03
5.252525e-01 9.393939e-01 -4.817451e-01 -4.828377e-01 1.092571e-03
5.353535e-01 9.393939e-01 -4.769035e-01 -4.778670e-01 9.635197e-04
5.454545e-01 9.393939e-01 -4.721105e-01 -4.731110e-01 1.000505e-03
5.555556e-01 9.393939e-01 -4.673657e-01 -4.683436e-01 9.778766e-04
5.656566e-01 9.393939e-01 -4.626686e-01 -4.635866e-01 9.179333e-04
5.757576e-01 9.393939e-01 -4.580187e-01 -4.588755e-01 8.567980e-04
5.858586e-01 9.393939e-01 -4.534156e-01 -4.543365e-01 9.209496e-04
5.959596e-01 9.393939e-01 -4.488587e-01 -4.497501e-01 8.913933e-04
6.060606e-01 9.393939e-01 -4.443476e-01 -4.452680e-01 9.204667e-04
6.161616e-01 9.393939e-01 -4.398818e-01 -4.406906e-01 8.088353e-04
6.262626e-01 9.393939e-01 -4.354609e-01 -4.361764e-01 7.155032e-04
6.363636e-01 9.393939e-01 -4.310845e-01 -4.317976e-01 7.131621e-04
6.464646e-01 9.393939e-01 -4.267520e-01 -4.275223e-01 7.703107e-04
6.565657e-01 9.393939e-01 -4.224631e-01 -4.231628e-01 6.997554e-04
6.666667e-01 9.393939e-01 -4.182172e-01 -4.190655e-01 8.482369e-04
6.767677e-01 9.393939e-01 -4.140141e-01 -4.147999e-01 7.858429e-04
6.868687e-01 9.393939e-01 -4.098532e-01 -4.106498e-01 7.966011e-04
6.969697e-01 9.393939e-01 -4.057341e-01 -4.064164e-01 6.823333e-04
7.070707e-01 9.393939e-01 -4.016564e-01 -4.023536e-01 6.972565e-04
7.171717e-01 9.393939e-01 -3.976197e-01 -3.982419e-01 6.222032e-04
7.272727e-01 9.393939e-01 -3.936235e-01 -3.943108e-01 6.873015e-04
7.373737e-01 9.393939e-01 -3.896675e-01 -3.902971e-01 6.295066e-04
7.474747e-01 9.393939e-01 -3.857513e-01 -3.862751e-01 5.237280e-04
7.575758e-01 9.393939e-01 -3.818745e-01 -3.824661e-01 5.916177e-04
7.676768e-01 9.393939e-01 -3.780366e-01 -3.785968e-01 5.602244e-04
7.777778e-01 9.393939e-01 -3.742372e-01 -3.749374e-01 7.001871e-04
7.878788e-01 9.393939e-01 -3.704761e-01 -3.709840e-01 5.078766e-04
7.979798e-01 9.393939e-01 -3.667527e-01 -3.671936e-01 4.408442e-04
8.080808e-01 9.393939e-01 -3.630668e-01 -3.633070e-01 2.401897e-04
8.181818e-01 9.393939e-01 -3.594179e-01 -3.597454e-01 3.274556e-04
8.282828e-01 9.393939e-01 -3.558057e-01 -3.561230e-01 3.172528e-04
8.383838e-01 9.393939e-01 -3.522298e-01 -3.526239e-01 3.941283e-04
8.484848e-01 9.393939e-01 -3.486898e-01 -3.489901e-01 3.002397e-04
8.585859e-01 9.393939e-01 -3.451855e-01 -3.455316e-01 3.461307e-04
8.686869e-01 9.393939e-01 -3.417163e-01 -3.422164e-01 5.000915e-04
8.787879e-01 9.393939e-01 -3.382820e-01 -3.387214e-01 4.394190e-04
8.888889e-01 9.393939e-01 -3.348822e-01 -3.353175e-01 4.353070e-04
8.989899e-01 9.393939e-01 -3.315166e-01 -3.319880e-01 4.714132e-04
9.090909e-01 9.393939e-01 -3.281848e-01 -3.284978e-01 3.130002e-04
9.191919e-01 9.393939e-01 -3.248865e-01 -3.252996e-01 4.131649e-04
9.292929e-01 9.393939e-01 -3.216213e-01 -3.218938e-01 2.725183e-04
9.393939e-01 9.393939e-01 -3.183889e-01 -3.187481e-01 3.591711e-04
9.494949e-01 9.393939e-01 -3.151891e-01 -3.154044e-01 2.153315e-04
9.595960e-01 9.393939e-01 -3.120214e-01 -3.121507e-01 1.293359e-04
9.696970e-01 9.393939e-01 -3.088855e-01 -3.090283e-01 1.427537e-04
9.797980e-01 9.393939e-01 -3.057812e-01 -3.059665e-01 1.853331e-04
9.898990e-01 9.393939e-01 -3.027080e-01 -3.027693e-01 6.129145e-05
1.000000e+00 9.393939e-01 -2.996657e-01 -2.999970e-01 3.312261e-04
0.000000e+00 9.494949e-01 7.126942e-01 7.135690e-01 8.748737e-04
1.010101e-02 9.494949e-01 7.055315e-01 7.064533e-01 9.217873e-04
2.020202e-02 9.494949e-01 6.984408e-01 6.993017e-01 8.609518e-04
3.030303e-02 9.494949e-01 6.914213e-01 6.922442e-01 8.228501e-04
4.040404e-02 9.494949e-01 6.844724e-01 6.851790e-01 7.065723e-04
5.050505e-02 9.494949e-01 6.775934e-01 6.782203e-01 6.269109e-04
6.060606e-02 9.494949e-01 6.707834e-01 6.713709e-01 5.874883e-04
7.070707e-02 9.494949e-01 6.640420e-01 6.645205e-01 4.785519e-04
8.080808e-02 9.494949e-01 6.573682e-01 6.577946e-01 4.263765e-04
9.090909e-02 9.494949e-01 6.507616e-01 6.511655e-01 4.039270e-04
1.010101e-01 9.494949e-01 6.442213e-01 6.446270e-01 4.056785e-04
1.111111e-01 9.494949e-01 6.377468e-01 6.380032e-01 2.564647e-04
1.212121e-01 9.494949e-01 6.313373e-01 6.315177e-01 1.804039e-04
1.313131e-01 9.494949e-01 6.249923e-01 6.252708e-01 2.785840e-04
1.414141e-01 9.494949e-01 6.187110e-01 6.189656e-01 2.545827e-04
1.515152e-01 9.494949e-01 6.124928e-01 6.127821e-01 2.892259e-04
1.616162e-01 9.494949e-01 6.063372e-01 6.065520e-01 2.148244e-04
1.717172e-01 9.494949e-01 6.002434e-01 6.003895e-01 1.460896e-04
1.818182e-01 9.494949e-01 5.942108e-01 5.944374e-01 2.265157e-04
1.919192e-01 9.494949e-01 5.882389e-01 5.885607e-01 3.217731e-04
2.020202e-01 9.494949e-01 5.823270e-01 5.826227e-01 2.956786e-04
2.121212e-01 9.494949e-01 5.764745e-01 5.768788e-01 4.042412e-04
2.222222e-01 9.494949e-01 5.706809e-01 5.710568e-01 3.759629e-04
2.323232e-01 9.494949e-01 5.649454e-01 5.652511e-01 3.056698e-04
2.424242e-01 9.494949e-01 5.592676e-01 5.596606e-01 3.929670e-04
2.525253e-01 9.494949e-01 5.536469e-01 5.540097e-01 3.628219e-04
2.626263e-01 9.494949e-01 5.480827e-01 5.483794e-01 2.967510e-04
2.727273e-01 9.494949e-01 5.425743e-01 5.428478e-01 2.734043e-04
2.828283e-01 9.494949e-01 5.371214e-01 5.375295e-01 4.081423e-04
2.929293e-01 9.494949e-01 5.317232e-01 5.320596e-01 3.363236e-04
3.030303e-01 9.494949e-01 5.263793e-01 5.267975e-01 4.182132e-04
3.131313e-01 9.494949e-01 5.210891e-01 5.215033e-01 4.142091e-04
3.232323e-01 9.494949e-01 5.158521e-01 5.162482e-01 3.961383e-04
3.333333e-01 9.494949e-01 5.106677e-01 5.110610e-01 3.932645e-04
3.434343e-01 9.494949e-01 5.055354e-01 5.059652e-01 4.298394e-04
3.535354e-01 9.494949e-01 5.004547e-01 5.009117e-01 4.569743e-04
3.636364e-01 9.494949e-01 4.954250e-01 4.958920e-01 4.669622e-04
3.737374e-01 9.494949e-01 4.904459e-01 4.908728e-01 4.269080e-04
3.838384e-01 9.494949e-01 4.855169e-01 4.861503e-01 6.334056e-04
3.939394e-01 9.494949e-01 4.806373e-01 4.811786e-01 5.412775e-04
4.040404e-01 9.494949e-01 4.758068e-01 4.763741e-01 5.673004e-04
4.141414e-01 9.494949e-01 4.710249e-01 4.715098e-01 4.849331e-04
4.242424e-01 9.494949e-01 4.662910e-01 4.668616e-01 5.705435e-04
4.343434e-01 9.494949e-01 4.616047e-01 4.622411e-01 6.363833e-04
4.444444e-01 9.494949e-01 4.569655e-01 4.576482e-01 6.826622e-04
4.545455e-01 9.494949e-01 4.523729e-01 4.528979e-01 5.249602e-04
4.646465e-01 9.494949e-01 4.478265e-01 4.486312e-01 8.046744e-04
4.747475e-01 9.494949e-01 4.433258e-01 4.440336e-01 7.078011e-04
4.848485e-01 9.494949e-01 4.388703e-01 4.395877e-01 7.174482e-04
4.949495e-01 9.494949e-01 4.344596e-01 4.349909e-01 5.312786e-04
5.050505e-01 9.494949e-01 4.300932e-01 4.307234e-01 6.302153e-04
5.151515e-01 9.494949e-01 4.257707e-01 4.264745e-01 7.038360e-04
5.252525e-01 9.494949e-01 4.214916e-01 4.220902e-01 5.985931e-04
5.353535e-01 9.494949e-01 4.172555e-01 4.178240e-01 5.684215e-04
5.454545e-01 9.494949e-01 4.130621e-01 4.134651e-01 4.030811e-04
5.555556e-01 9.494949e-01 4.089107e-01 4.093226e-01 4.119305e-04
5.656566e-01 9.494949e-01 4.048011e-01 4.050890e-01 2.879227e-04
5.757576e-01 9.494949e-01 4.007328e-01 4.012051e-01 4.723129e-04
5.858586e-01 9.494949e-01 3.967053e-01 3.969810e-01 2.756224e-04
5.959596e-01 9.494949e-01 3.927184e-01 3.930568e-01 3.384159e-04
6.060606e-01 9.494949e-01 3.887715e-01 3.890633e-01 2.917601e-04
6.161616e-01 9.494949e-01 3.848643e-01 3.851238e-01 2.594988e-04
6.262626e-01 9.494949e-01 3.809963e-01 3.814262e-01 4.298151e-04
6.363636e-01 9.494949e-01 3.771673e-01 3.776822e-01 5.149749e-04
6.464646e-01 9.494949e-01 3.733767e-01 3.736240e-01 2.472970e-04
6.565657e-01 9.494949e-01 3.696242e-01 3.699185e-01 2.942930e-04
6.666667e-01 9.494949e-01 3.659094e-01 3.663901e-01 4.807208e-04
6.767677e-01 9.494949e-01 3.622319e-01 3.627101e-01 4.782101e-04
6.868687e-01 9.494949e-01 3.585914e-01 3.592293e-01 6.378496e-04
6.969697e-01 9.494949e-01 3.549875e-01 3.553324e-01 3.448314e-04
7.070707e-01 9.494949e-01 3.514199e-01 3.519610e-01 5.411275e-04
7.171717e-01 9.494949e-01 3.478880e-01 3.483671e-01 4.790338e-04
7.272727e-01 9.494949e-01 3.443917e-01 3.450465e-01 6.547618e-04
7.373737e-01 9.494949e-01 3.409305e-01 3.413840e-01 4.534588e-04
7.474747e-01 9.494949e-01 3.375041e-01 3.379854e-01 4.812698e-04
7.575758e-01 9.494949e-01 3.341121e-01 3.346378e-01 5.256962e-04
7.676768e-01 9.494949e-01 3.307542e-01 3.312268e-01 4.725240e-04
7.777778e-01 9.494949e-01 3.274301e-01 3.279150e-01 4.848463e-04
7.878788e-01 9.494949e-01 3.241394e-01 3.245780e-01 4.386370e-04
7.979798e-01 9.494949e-01 3.208817e-01 3.214937e-01 6.119897e-04
8.080808e-01 9.494949e-01 3.176568e-01 3.180053e-01 3.484830e-04
8.181818e-01 9.494949e-01 3.144643e-01 3.148003e-01 3.360152e-04
8.282828e-01 9.494949e-01 3.113039e-01 3.116348e-01 3.308907e-04
8.383838e-01 9.494949e-01 3.081752e-01 3.086068e-01 4.315709e-04
8.484848e-01 9.494949e-01 3.050780e-01 3.053378e-01 2.597367e-04
8.585859e-01 9.494949e-01 3.020119e-01 3.022600e-01 2.480165e-04
8.686869e-01 9.494949e-01 2.989767e-01 2.993006e-01 3.238862e-04
8.787879e-01 9.494949e-01 2.959719e-01 2.964003e-01 4.284086e-04
8.888889e-01 9.494949e-01 2.929973e-01 2.932599e-01 2.626153e-04
8.989899e-01 9.494949e-01 2.900527e-01 2.903563e-01 3.036469e-04
9.090909e-01 9.494949e-01 2.871376e-01 2.874836e-01 3.460487e-04
9.191919e-01 9.494949e-01 2.842518e-01 2.847475e-01 4.957077e-04
9.292929e-01 9.494949e-01 2.813950e-01 2.818318e-01 4.367456e-04
9.393939e-01 9.494949e-01 2.785670e-01 2.789822e-01 4.152633e-04
9.494949e-01 9.494949e-01 2.757673e-01 2.761823e-01 4.149496e-04
9.595960e-01 9.494949e-01 2.729958e-01 2.733799e-01 3.840552e-04
9.696970e-01 9.494949e-01 2.702522e-01 2.705265e-01 2.743148e-04
9.797980e-01 9.494949e-01 2.675361e-01 2.679755e-01 4.394641e-04
9.898990e-01 9.494949e-01 2.648473e-01 2.652540e-01 4.067279e-04
1.000000e+00 9.494949e-01 2.621855e-01 2.625725e-01 3.869636e-04
0.000000e+00 9.595960e-01 -5.929079e-01 -5.949007e-01 1.992798e-03
1.010101e-02 9.595960e-01 -5.869491e-01 -5.889305e-01 1.981382e-03
2.020202e-02 9.595960e-01 -5.810502e-01 -5.829575e-01 1.907336e-03
3.030303e-02 9.595960e-01 -5.752105e-01 -5.771654e-01 1.954846e-03
4.040404e-02 9.595960e-01 -5.694296e-01 -5.713552e-01 1.925666e-03
5.050505e-02 9.595960e-01 -5.637067e-01 -5.655887e-01 1.882017e-03
6.060606e-02 9.595960e-01 -5.580413e-01 -5.599520e-01 1.910671e-03
7.070707e-02 9.595960e-01 -5.524329e-01 -5.544000e-01 1.967026e-03
8.080808e-02 9.595960e-01 -5.468809e-01 -5.488509e-01 1.969995e-03
9.090909e-02 9.595960e-01 -5.413847e-01 -5.434251e-01 2.040428e-03
1.010101e-01 9.595960e-01 -5.359436e-01 -5.380166e-01 2.072909e-03
1.111111e-01 9.595960e-01 -5.305573e-01 -5.326122e-01 2.054878e-03
1.212121e-01 9.595960e-01 -5.252251e-01 -5.272280e-01 2.002861e-03
1.313131e-01 9.595960e-01 -5.199465e-01 -5.220824e-01 2.135911e-03
1.414141e-01 9.595960e-01 -5.147210e-01 -5.168002e-01 2.079177e-03
1.515152e-01 9.595960e-01 -5.095480e-01 -5.116318e-01 2.083890e-03
1.616162e-01 9.595960e-01 -5.044269e-01 -5.065608e-01 2.133888e-03
1.717172e-01 9.595960e-01 -4.993573e-01 -5.013007e-01 1.943352e-03
1.818182e-01 9.595960e-01 -4.943387e-01 -4.963843e-01 2.045547e-03
1.919192e-01 9.595960e-01 -4.893705e-01 -4.914774e-01 2.106841e-03
2.020202e-01 9.595960e-01 -4.844523e-01 -4.864293e-01 1.977059e-03
2.121212e-01 9.595960e-01 -4.795834e-01 -4.815661e-01 1.982623e-03
2.222222e-01 9.595960e-01 -4.747636e-01 -4.766475e-01 1.883941e-03
2.323232e-01 9.595960e-01 -4.699921e-01 -4.718856e-01 1.893459e-03
2.424242e-01 9.595960e-01 -4.652686e-01 -4.671642e-01 1.895555e-03
2.525253e-01 9.595960e-01 -4.605926e-01 -4.624169e-01 1.824310e-03
2.626263e-01 9.595960e-01 -4.559635e-01 -4.578272e-01 1.863665e-03
2.727273e-01 9.595960e-01 -4.513810e-01 -4.530431e-01 1.662068e-03
2.828283e-01 9.595960e-01 -4.468446e-01 -4.485132e-01 1.668569e-03
2.929293e-01 9.595960e-01 -4.423537e-01 -4.440655e-01 1.711733e-03
3.030303e-01 9.595960e-01 -4.379080e-01 -4.396313e-01 1.723352e-03
3.131313e-01 9.595960e-01 -4.335069e-01 -4.351020e-01 1.595044e-03
3.232323e-01 9.595960e-01 -4.291501e-01 -4.308017e-01 1.651624e-03
3.333333e-01 9.595960e-01 -4.248371e-01 -4.264770e-01 1.639860e-03
3.434343e-01 9.595960e-01 -4.205674e-01 -4.220707e-01 1.503330e-03
3.535354e-01 9.595960e-01 -4.163406e-01 -4.178888e-01 1.548121e-03
3.636364e-01 9.595960e-01 -4.121563e-01 -4.136868e-01 1.530405e-03
3.737374e-01 9.595960e-01 -4.080141e-01 -4.096204e-01 1.606297e-03
3.838384e-01 9.595960e-01 -4.039135e-01 -4.054807e-01 1.567245e-03
3.939394e-01 9.595960e-01 -3.998541e-01 -4.014022e-01 1.548135e-03
4.040404e-01 9.595960e-01 -3.958355e-01 -3.974645e-01 1.629014e-03
4.141414e-01 9.595960e-01 -3.918573e-01 -3.933686e-01 1.511315e-03
4.242424e-01 9.595960e-01 -3.879191e-01 -3.894799e-01 1.560819e-03
4.343434e-01 9.595960e-01 -3.840204e-01 -3.854593e-01 1.438899e-03
4.444444e-01 9.595960e-01 -3.801609e-01 -3.817102e-01 1.549235e-03
4.545455e-01 9.595960e-01 -3.763403e-01 -3.779047e-01 1.564398e-03
4.646465e-01 9.595960e-01 -3.725580e-01 -3.741297e-01 1.571679e-03
4.747475e-01 9.595960e-01 -3.688137e-01 -3.703998e-01 1.586129e-03
4.848485e-01 9.595960e-01 -3.651071e-01 -3.667771e-01 1.669997e-03
4.949495e-01 9.595960e-01 -3.614377e-01 -3.629661e-01 1.528382e-03
5.050505e-01 9.595960e-01 -3.578052e-01 -3.594500e-01 1.644813e-03
5.151515e-01 9.595960e-01 -3.542092e-01 -3.557943e-01 1.585143e-03
5.252525e-01 9.595960e-01 -3.506493e-01 -3.522973e-01 1.647999e-03
5.353535e-01 9.595960e-01 -3.471252e-01 -3.487045e-01 1.579234e-03
5.454545e-01 9.595960e-01 -3.436366e-01 -3.451446e-01 1.508072e-03
5.555556e-01 9.595960e-01 -3.401830e-01 -3.416958e-01 1.512833e-03
5.656566e-01 9.595960e-01 -3.367641e-01 -3.381581e-01 1.394073e-03
5.757576e-01 9.595960e-01 -3.333795e-01 -3.347815e-01 1.402005e-03
5.858586e-01 9.595960e-01 -3.300290e-01 -3.314915e-01 1.462467e-03
5.959596e-01 9.595960e-01 -3.267122e-01 -3.280187e-01 1.306509e-03
6.060606e-01 9.595960e-01 -3.234286e-01 -3.246254e-01 1.196728e-03
6.161616e-01 9.595960e-01 -3.201781e-01 -3.214132e-01 1.235026e-03
6.262626e-01 9.595960e-01 -3.169603e-01 -3.180984e-01 1.138136e-03
6.363636e-01 9.595960e-01 -3.137748e-01 -3.148446e-01 1.069822e-03
6.464646e-01 9.595960e-01 -3.106213e-01 -3.115343e-01 9.129880e-04
6.565657e-01 9.595960e-01 -3.074995e-01 -3.084075e-01 9.080432e-04
6.666667e-01 9.595960e-01 -3.044091e-01 -3.054563e-01 1.047200e-03
6.767677e-01 9.595960e-01 -3.013497e-01 -3.022286e-01 8.788511e-04
6.868687e-01 9.595960e-01 -2.983211e-01 -2.992301e-01 9.089946e-04
6.969697e-01 9.595960e-01 -2.953229e-01 -2.960773e-01 7.543240e-04
7.070707e-01 9.595960e-01 -2.923549e-01 -2.931112e-01 7.563222e-04
7.171717e-01 9.595960e-01 -2.894167e-01 -2.900559e-01 6.392628e-04
7.272727e-01 9.595960e-01 -2.865080e-01 -2.872752e-01 7.672130e-04
7.373737e-01 9.595960e-01 -2.836285e-01 -2.841554e-01 5.268395e-04
7.474747e-01 9.595960e-01 -2.807780e-01 -2.813454e-01 5.673520e-04
7.575758e-01 9.595960e-01 -2.779561e-01 -2.786974e-01 7.412218e-04
7.676768e-01 9.595960e-01 -2.751626e-01 -2.757444e-01 5.817940e-04
7.777778e-01 9.595960e-01 -2.723972e-01 -2.731677e-01 7.705155e-04
7.878788e-01 9.595960e-01 -2.696596e-01 -2.702344e-01 5.748294e-04
7.979798e-01 9.595960e-01 -2.669495e-01 -2.675498e-01 6.003002e-04
8.080808e-01 9.595960e-01 -2.642666e-01 -2.647521e-01 4.855829e-04
8.181818e-01 9.595960e-01 -2.616106e-01 -2.619748e-01 3.641082e-04
8.282828e-01 9.595960e-01 -2.589814e-01 -2.594115e-01 4.300409e-04
8.383838e-01 9.595960e-01 -2.563786e-01 -2.569569e-01 5.782683e-04
8.484848e-01 9.595960e-01 -2.538020e-01 -2.542018e-01 3.998104e-04
8.585859e-01 9.595960e-01 -2.512512e-01 -2.516400e-01 3.887547e-04
8.686869e-01 9.595960e-01 -2.487261e-01 -2.493891e-01 6.629613e-04
8.787879e-01 9.595960e-01 -2.462264e-01 -2.467908e-01 5.644142e-04
8.888889e-01 9.595960e-01 -2.437517e-01 -2.442637e-01 5.119718e-04
8.989899e-01 9.595960e-01 -2.413020e-01 -2.418744e-01 5.724055e-04
9.090909e-01 9.595960e-01 -2.388769e-01 -2.392949e-01 4.180800e-04
9.191919e-01 9.595960e-01 -2.364761e-01 -2.369617e-01 4.856084e-04
9.292929e-01 9.595960e-01 -2.340995e-01 -2.344921e-01 3.925738e-04
9.393939e-01 9.595960e-01 -2.317468e-01 -2.322479e-01 5.011977e-04
9.494949e-01 9.595960e-01 -2.294177e-01 -2.299155e-01 4.978421e-04
9.595960e-01 9.595960e-01 -2.271120e-01 -2.274951e-01 3.831023e-04
9.696970e-01 9.595960e-01 -2.248295e-01 -2.251397e-01 3.102186e-04
9.797980e-01 9.595960e-01 -2.225699e-01 -2.230098e-01 4.398797e-04
9.898990e-01 9.595960e-01 -2.203330e-01 -2.207619e-01 4.288741e-04
1.000000e+00 9.595960e-01 -2.181186e-01 -2.187572e-01 6.385150e-04
0.000000e+00 9.696970e-01 4.582265e-01 4.582884e-01 6.190944e-05
1.010101e-02 9.696970e-01 4.536213e-01 4.536769e-01 5.564020e-05
2.020202e-02 9.696970e-01 4.490623e-01 4.491777e-01 1.153825e-04
3.030303e-02 9.696970e-01 4.445491e-01 4.446255e-01 7.634778e-05
4.040404e-02 9.696970e-01 4.400814e-01 4.401878e-01 1.063960e-04
5.050505e-02 9.696970e-01 4.356585e-01 4.357592e-01 1.006915e-04
6.060606e-02 9.696970e-01 4.312800e-01 4.313375e-01 5.750993e-05
7.070707e-02 9.696970e-01 4.269456e-01 4.270254e-01 7.981805e-05
8.080808e-02 9.696970e-01 4.226547e-01 4.227512e-01 9.647292e-05
9.090909e-02 9.696970e-01 4.184070e-01 4.185328e-01 1.258235e-04
1.010101e-01 9.696970e-01 4.142019e-01 4.143296e-01 1.277424e-04
1.111111e-01 9.696970e-01 4.100391e-01 4.100545e-01 1.536742e-05
1.212121e-01 9.696970e-01 4.059181e-01 4.060165e-01 9.832255e-05
1.313131e-01 9.696970e-01 4.018386e-01 4.019597e-01 1.210561e-04
1.414141e-01 9.696970e-01 3.978001e-01 3.979050e-01 1.049352e-04
1.515152e-01 9.696970e-01 3.938021e-01 3.938963e-01 9.424116e-05
1.616162e-01 9.696970e-01 3.898443e-01 3.899446e-01 1.002298e-04
1.717172e-01 9.696970e-01 3.859263e-01 3.861324e-01 2.060362e-04
1.818182e-01 9.696970e-01 3.820477e-01 3.822034e-01 1.557303e-04
1.919192e-01 9.696970e-01 3.782081e-01 3.784199e-01 2.118790e-04
2.020202e-01 9.696970e-01 3.744070e-01 3.746849e-01 2.779269e-04
2.121212e-01 9.696970e-01 3.706442e-01 3.708949e-01 2.507586e-04
2.222222e-01 9.696970e-01 3.669191e-01 3.672984e-01 3.793093e-04
2.323232e-01 9.696970e-01 3.632315e-01 3.636101e-01 3.785422e-04
2.424242e-01 9.696970e-01 3.595810e-01 3.599264e-01 3.453930e-04
2.525253e-01 9.696970e-01 3.559671e-01 3.562524e-01 2.852412e-04
2.626263e-01 9.696970e-01 3.523896e-01 3.527927e-01 4.031376e-04
2.727273e-01 9.696970e-01 3.488480e-01 3.493311e-01 4.831123e-04
2.828283e-01 9.696970e-01 3.453420e-01 3.458324e-01 4.903600e-04
2.929293e-01 9.696970e-01 3.418713e-01 3.423432e-01 4.718490e-04
3.030303e-01 9.696970e-01 3.384354e-01 3.389885e-01 5.531035e-04
3.131313e-01 9.696970e-01 3.350341e-01 3.355455e-01 5.113438e-04
3.232323e-01 9.696970e-01 3.316670e-01 3.322559e-01 5.889715e-04
3.333333e-01 9.696970e-01 3.283337e-01 3.287874e-01 4.537065e-04
3.434343e-01 9.696970e-01 3.250338e-01 3.256557e-01 6.218564e-04
3.535354e-01 9.696970e-01 3.217672e-01 3.224179e-01 6.506570e-04
3.636364e-01 9.696970e-01 3.185334e-01 3.192257e-01 6.922845e-04
3.737374e-01 9.696970e-01 3.153321e-01 3.159398e-01 6.077131e-04
3.838384e-01 9.696970e-01 3.121629e-01 3.126785e-01 5.155251e-04
3.939394e-01 9.696970e-01 3.090256e-01 3.096020e-01 5.763207e-04
4.040404e-01 9.696970e-01 3.059199e-01 3.064163e-01 4.963903e-04
4.141414e-01 9.696970e-01 3.028453e-01 3.032873e-01 4.419306e-04
4.242424e-01 9.696970e-01 2.998017e-01 3.002306e-01 4.288716e-04
4.343434e-01 9.696970e-01 2.967886e-01 2.972329e-01 4.442618e-04
4.444444e-01 9.696970e-01 2.938059e-01 2.942424e-01 4.365825e-04
4.545455e-01 9.696970e-01 2.908531e-01 2.911586e-01 3.055849e-04
4.646465e-01 9.696970e-01 2.879299e-01 2.884011e-01 4.711274e-04
4.747475e-01 9.696970e-01 2.850362e-01 2.854351e-01 3.988546e-04
4.848485e-01 9.696970e-01 2.821715e-01 2.825894e-01 4.178708e-04
4.949495e-01 9.696970e-01 2.793357e-01 2.795979e-01 2.622442e-04
5.050505e-01 9.696970e-01 2.765283e-01 2.768759e-01 3.476189e-04
5.151515e-01 9.696970e-01 2.737491e-01 2.740641e-01 3.149251e-04
5.252525e-01 9.696970e-01 2.709979e-01 2.713254e-01 3.274948e-04
5.353535e-01 9.696970e-01 2.682743e-01 2.684847e-01 2.103116e-04
5.454545e-01 9.696970e-01 2.655781e-01 2.659141e-01 3.359438e-04
5.555556e-01 9.696970e-01 2.629090e-01 2.633303e-01 4.212465e-04
5.656566e-01 9.696970e-01 2.602668e-01 2.606357e-01 3.689788e-04
5.757576e-01 9.696970e-01 2.576510e-01 2.580634e-01 4.123751e-04
5.858586e-01 9.696970e-01 2.550616e-01 2.554606e-01 3.989951e-04
5.959596e-01 9.696970e-01 2.524982e-01 2.528421e-01 3.439447e-04
6.060606e-01 9.696970e-01 2.499605e-01 2.503953e-01 4.347930e-04
6.161616e-01 9.696970e-01 2.474484e-01 2.479032e-01 4.547783e-04
6.262626e-01 9.696970e-01 2.449615e-01 2.454630e-01 5.015212e-04
6.363636e-01 9.696970e-01 2.424996e-01 2.428983e-01 3.986967e-04
6.464646e-01 9.696970e-01 2.400624e-01 2.405396e-01 4.772126e-04
6.565657e-01 9.696970e-01 2.376498e-01 2.380358e-01 3.860378e-04
6.666667e-01 9.696970e-01 2.352613e-01 2.355447e-01 2.834005e-04
6.767677e-01 9.696970e-01 2.328969e-01 2.332749e-01 3.779818e-04
6.868687e-01 9.696970e-01 2.305563e-01 2.309108e-01 3.545654e-04
6.969697e-01 9.696970e-01 2.282391e-01 2.285807e-01 3.415103e-04
7.070707e-01 9.696970e-01 2.259453e-01 2.263359e-01 3.905811e-04
7.171717e-01 9.696970e-01 2.236745e-01 2.241139e-01 4.393674e-04
7.272727e-01 9.696970e-01 2.214265e-01 2.217051e-01 2.785607e-04
7.373737e-01 9.696970e-01 2.192012e-01 2.195235e-01 3.223745e-04
7.474747e-01 9.696970e-01 2.169982e-01 2.173313e-01 3.331835e-04
7.575758e-01 9.696970e-01 2.148173e-01 2.150751e-01 2.578366e-04
7.676768e-01 9.696970e-01 2.126583e-01 2.130148e-01 3.564920e-04
7.777778e-01 9.696970e-01 2.105211e-01 2.107317e-01 2.105878e-04
7.878788e-01 9.696970e-01 2.084053e-01 2.086817e-01 2.763475e-04
7.979798e-01 9.696970e-01 2.063108e-01 2.065776e-01 2.667819e-04
8.080808e-01 9.696970e-01 2.042374e-01 2.045871e-01 3.497428e-04
8.181818e-01 9.696970e-01 2.021847e-01 2.024059e-01 2.211302e-04
8.282828e-01 9.696970e-01 2.001527e-01 2.005143e-01 3.615075e-04
8.383838e-01 9.696970e-01 1.981412e-01 1.984611e-01 3.199343e-04
8.484848e-01 9.696970e-01 1.961498e-01 1.964498e-01 2.999273e-04
8.585859e-01 9.696970e-01 1.941785e-01 1.944798e-01 3.013322e-04
8.686869e-01 9.696970e-01 1.922270e-01 1.924393e-01 2.123529e-04
8.787879e-01 9.696970e-01 1.902951e-01 1.906289e-01 3.338940e-04
8.888889e-01 9.696970e-01 1.883826e-01 1.886176e-01 2.350918e-04
8.989899e-01 9.696970e-01 1.864893e-01 1.866324e-01 1.431159e-04
9.090909e-01 9.696970e-01 1.846150e-01 1.848422e-01 2.271982e-04
9.191919e-01 9.696970e-01 1.827596e-01 1.828576e-01 9.795411e-05
9.292929e-01 9.696970e-01 1.809229e-01 1.811213e-01 1.984354e-04
9.393939e-01 9.696970e-01 1.791045e-01 1.792390e-01 1.344850e-04
9.494949e-01 9.696970e-01 1.773045e-01 1.774600e-01 1.554361e-04
9.595960e-01 9.696970e-01 1.755226e-01 1.756852e-01 1.626477e-04
9.696970e-01 9.696970e-01 1.737585e-01 1.738871e-01 1.285855e-04
9.797980e-01 9.696970e-01 1.720122e-01 1.722206e-01 2.084015e-04
9.898990e-01 9.696970e-01 1.702835e-01 1.705079e-01 2.244137e-04
1.000000e+00 9.696970e-01 1.685721e-01 1.686429e-01 7.082139e-05
0.000000e+00 9.797980e-01 -3.120334e-01 -3.132361e-01 1.202672e-03
1.010101e-02 9.797980e-01 -3.088975e-01 -3.101219e-01 1.224436e-03
2.020202e-02 9.797980e-01 -3.057930e-01 -3.068403e-01 1.047314e-03
3.030303e-02 9.797980e-01 -3.027197e-01 -3.038150e-01 1.095291e-03
4.040404e-02 9.797980e-01 -2.996773e-01 -3.005904e-01 9.130629e-04
5.050505e-02 9.797980e-01 -2.966655e-01 -2.974795e-01 8.139842e-04
6.060606e-02 9.797980e-01 -2.936840e-01 -2.944826e-01 7.986006e-04
7.070707e-02 9.797980e-01 -2.907324e-01 -2.914533e-01 7.208866e-04
8.080808e-02 9.797980e-01 -2.878105e-01 -2.884715e-01 6.610137e-04
9.090909e-02 9.797980e-01 -2.849180e-01 -2.855299e-01 6.118891e-04
1.010101e-01 9.797980e-01 -2.820545e-01 -2.826923e-01 6.377637e-04
1.111111e-01 9.797980e-01 -2.792198e-01 -2.798562e-01 6.364096e-04
1.212121e-01 9.797980e-01 -2.764136e-01 -2.768623e-01 4.486737e-04
1.313131e-01 9.797980e-01 -2.736356e-01 -2.741835e-01 5.479243e-04
1.414141e-01 9.797980e-01 -2.708855e-01 -2.713730e-01 4.874696e-04
1.515152e-01 9.797980e-01 -2.681631e-01 -2.687474e-01 5.843889e-04
1.616162e-01 9.797980e-01 -2.654680e-01 -2.660935e-01 6.255158e-04
1.717172e-01 9.797980e-01 -2.628000e-01 -2.631133e-01 3.133405e-04
1.818182e-01 9.797980e-01 -2.601588e-01 -2.607220e-01 5.632452e-04
1.919192e-01 9.797980e-01 -2.575442e-01 -2.581791e-01 6.349714e-04
2.020202e-01 9.797980e-01 -2.549558e-01 -2.554649e-01 5.091163e-04
2.121212e-01 9.797980e-01 -2.523934e-01 -2.529926e-01 5.991234e-04
2.222222e-01 9.797980e-01 -2.498569e-01 -2.503134e-01 4.565503e-04
2.323232e-01 9.797980e-01 -2.473457e-01 -2.480091e-01 6.633376e-04
2.424242e-01 9.797980e-01 -2.448599e-01 -2.455576e-01 6.977241e-04
2.525253e-01 9.797980e-01 -2.423990e-01 -2.431536e-01 7.546320e-04
2.626263e-01 9.797980e-01 -2.399628e-01 -2.406304e-01 6.675389e-04
2.727273e-01 9.797980e-01 -2.375512e-01 -2.380868e-01 5.356368e-04
2.828283e-01 9.797980e-01 -2.351638e-01 -2.357752e-01 6.114783e-04
2.929293e-01 9.797980e-01 -2.328003e-01 -2.333839e-01 5.835748e-04
3.030303e-01 9.797980e-01 -2.304606e-01 -2.311432e-01 6.825393e-04
3.131313e-01 9.797980e-01 -2.281445e-01 -2.287884e-01 6.439063e-04
3.232323e-01 9.797980e-01 -2.258516e-01 -2.265204e-01 6.688394e-04
3.333333e-01 9.797980e-01 -2.235817e-01 -2.242944e-01 7.126903e-04
3.434343e-01 9.797980e-01 -2.213347e-01 -2.218531e-01 5.184368e-04
3.535354e-01 9.797980e-01 -2.191102e-01 -2.196469e-01 5.366214e-04
3.636364e-01 9.797980e-01 -2.169082e-01 -2.173670e-01 4.588382e-04
3.737374e-01 9.797980e-01 -2.147282e-01 -2.153641e-01 6.359063e-04
3.838384e-01 9.797980e-01 -2.125701e-01 -2.131918e-01 6.216691e-04
3.939394e-01 9.797980e-01 -2.104338e-01 -2.109973e-01 5.635701e-04
4.040404e-01 9.797980e-01 -2.083189e-01 -2.090006e-01 6.817089e-04
4.141414e-01 9.797980e-01 -2.062252e-01 -2.066341e-01 4.088650e-04
4.242424e-01 9.797980e-01 -2.041526e-01 -2.047182e-01 5.655313e-04
4.343434e-01 9.797980e-01 -2.021009e-01 -2.024701e-01 3.691909e-04
4.444444e-01 9.797980e-01 -2.000697e-01 -2.005171e-01 4.473325e-04
4.545455e-01 9.797980e-01 -1.980590e-01 -1.986498e-01 5.907721e-04
4.646465e-01 9.797980e-01 -1.960685e-01 -1.965065e-01 4.380341e-04
4.747475e-01 9.797980e-01 -1.940979e-01 -1.945021e-01 4.041698e-04
4.848485e-01 9.797980e-01 -1.921472e-01 -1.925795e-01 4.322790e-04
4.949495e-01 9.797980e-01 -1.902161e-01 -1.906190e-01 4.028746e-04
5.050505e-01 9.797980e-01 -1.883044e-01 -1.888483e-01 5.438434e-04
5.151515e-01 9.797980e-01 -1.864119e-01 -1.867467e-01 3.347935e-04
5.252525e-01 9.797980e-01 -1.845385e-01 -1.850114e-01 4.729943e-04
5.353535e-01 9.797980e-01 -1.826838e-01 -1.829995e-01 3.156817e-04
5.454545e-01 9.797980e-01 -1.808478e-01 -1.810504e-01 2.025528e-04
5.555556e-01 9.797980e-01 -1.790303e-01 -1.791679e-01 1.376099e-04
5.656566e-01 9.797980e-01 -1.772310e-01 -1.773072e-01 7.627510e-05
5.757576e-01 9.797980e-01 -1.754498e-01 -1.756399e-01 1.900955e-04
5.858586e-01 9.797980e-01 -1.736865e-01 -1.738856e-01 1.991110e-04
5.959596e-01 9.797980e-01 -1.719409e-01 -1.720268e-01 8.585846e-05
6.060606e-01 9.797980e-01 -1.702129e-01 -1.702017e-01 1.114158e-05
6.161616e-01 9.797980e-01 -1.685022e-01 -1.685014e-01 8.157443e-07
6.262626e-01 9.797980e-01 -1.668087e-01 -1.667199e-01 8.880432e-05
6.363636e-01 9.797980e-01 -1.651323e-01 -1.651638e-01 3.149296e-05
6.464646e-01 9.797980e-01 -1.634727e-01 -1.633255e-01 1.471076e-04
6.565657e-01 9.797980e-01 -1.618297e-01 -1.617029e-01 1.268571e-04
6.666667e-01 9.797980e-01 -1.602033e-01 -1.604397e-01 2.364170e-04
6.767677e-01 9.797980e-01 -1.585932e-01 -1.585526e-01 4.065578e-05
6.868687e-01 9.797980e-01 -1.569994e-01 -1.571019e-01 1.025152e-04
6.969697e-01 9.797980e-01 -1.554215e-01 -1.552974e-01 1.240862e-04
7.070707e-01 9.797980e-01 -1.538595e-01 -1.538713e-01 1.182485e-05
7.171717e-01 9.797980e-01 -1.523132e-01 -1.521195e-01 1.936424e-04
7.272727e-01 9.797980e-01 -1.507824e-01 -1.508482e-01 6.582273e-05
7.373737e-01 9.797980e-01 -1.492670e-01 -1.491028e-01 1.641920e-04
7.474747e-01 9.797980e-01 -1.477668e-01 -1.475880e-01 1.788263e-04
7.575758e-01 9.797980e-01 -1.462818e-01 -1.463909e-01 1.091553e-04
7.676768e-01 9.797980e-01 -1.448116e-01 -1.447304e-01 8.115488e-05
7.777778e-01 9.797980e-01 -1.433562e-01 -1.435603e-01 2.040674e-04
7.878788e-01 9.797980e-01 -1.419155e-01 -1.418525e-01 6.297099e-05
7.979798e-01 9.797980e-01 -1.404892e-01 -1.405556e-01 6.642520e-05
8.080808e-01 9.797980e-01 -1.390773e-01 -1.389121e-01 1.651735e-04
8.181818e-01 9.797980e-01 -1.376795e-01 -1.374840e-01 1.954917e-04
8.282828e-01 9.797980e-01 -1.362958e-01 -1.360714e-01 2.243602e-04
8.383838e-01 9.797980e-01 -1.349260e-01 -1.349694e-01 4.334539e-05
8.484848e-01 9.797980e-01 -1.335700e-01 -1.334156e-01 1.543997e-04
8.585859e-01 9.797980e-01 -1.322276e-01 -1.320742e-01 1.533421e-04
8.686869e-01 9.797980e-01 -1.308987e-01 -1.310316e-01 1.329626e-04
8.787879e-01 9.797980e-01 -1.295831e-01 -1.295515e-01 3.158655e-05
8.888889e-01 9.797980e-01 -1.282808e-01 -1.282134e-01 6.737897e-05
8.989899e-01 9.797980e-01 -1.269915e-01 -1.270461e-01 5.456688e-05
9.090909e-01 9.797980e-01 -1.257153e-01 -1.255985e-01 1.167054e-04
9.191919e-01 9.797980e-01 -1.244518e-01 -1.245390e-01 8.716202e-05
9.292929e-01 9.797980e-01 -1.232010e-01 -1.231223e-01 7.870033e-05
9.393939e-01 9.797980e-01 -1.219628e-01 -1.219109e-01 5.197386e-05
9.494949e-01 9.797980e-01 -1.207371e-01 -1.205760e-01 1.610730e-04
9.595960e-01 9.797980e-01 -1.195237e-01 -1.193814e-01 1.422414e-04
9.696970e-01 9.797980e-01 -1.183224e-01 -1.180015e-01 3.209754e-04
9.797980e-01 9.797980e-01 -1.171333e-01 -1.169810e-01 1.523064e-04
9.898990e-01 9.797980e-01 -1.159561e-01 -1.157731e-01 1.829856e-04
1.000000e+00 9.797980e-01 -1.147907e-01 -1.149187e-01 1.280192e-04
0.000000e+00 9.898990e-01 1.580014e-01 1.597012e-01 1.699832e-03
1.010101e-02 9.898990e-01 1.564135e-01 1.580186e-01 1.605193e-03
2.020202e-02 9.898990e-01 1.548415e-01 1.564232e-01 1.581737e-03
3.030303e-02 9.898990e-01 1.532853e-01 1.547228e-01 1.437458e-03
4.040404e-02 9.898990e-01 1.517447e-01 1.532430e-01 1.498256e-03
5.050505e-02 9.898990e-01 1.502197e-01 1.517789e-01 1.559247e-03
6.060606e-02 9.898990e-01 1.487100e-01 1.502020e-01 1.492079e-03
7.070707e-02 9.898990e-01 1.472154e-01 1.487069e-01 1.491457e-03
8.080808e-02 9.898990e-01 1.457359e-01 1.471825e-01 1.446667e-03
9.090909e-02 9.898990e-01 1.442712e-01 1.458353e-01 1.564093e-03
1.010101e-01 9.898990e-01 1.428212e-01 1.442985e-01 1.477255e-03
1.111111e-01 9.898990e-01 1.413859e-01 1.427552e-01 1.369290e-03
1.212121e-01 9.898990e-01 1.399649e-01 1.414807e-01 1.515834e-03
1.313131e-01 9.898990e-01 1.385582e-01 1.400165e-01 1.458257e-03
1.414141e-01 9.898990e-01 1.371657e-01 1.385943e-01 1.428623e-03
1.515152e-01 9.898990e-01 1.357872e-01 1.372404e-01 1.453183e-03
1.616162e-01 9.898990e-01 1.344225e-01 1.358604e-01 1.437899e-03
1.717172e-01 9.898990e-01 1.330715e-01 1.346657e-01 1.594152e-03
1.818182e-01 9.898990e-01 1.317341e-01 1.332303e-01 1.496144e-03
1.919192e-01 9.898990e-01 1.304102e-01 1.319016e-01 1.491387e-03
2.020202e-01 9.898990e-01 1.290995e-01 1.306755e-01 1.575964e-03
2.121212e-01 9.898990e-01 1.278021e-01 1.293178e-01 1.515701e-03
2.222222e-01 9.898990e-01 1.265176e-01 1.281621e-01 1.644459e-03
2.323232e-01 9.898990e-01 1.252461e-01 1.267325e-01 1.486364e-03
2.424242e-01 9.898990e-01 1.239874e-01 1.254023e-01 1.414912e-03
2.525253e-01 9.898990e-01 1.227413e-01 1.240237e-01 1.282409e-03
2.626263e-01 9.898990e-01 1.215077e-01 1.228935e-01 1.385756e-03
2.727273e-01 9.898990e-01 1.202865e-01 1.216303e-01 1.343728e-03
2.828283e-01 9.898990e-01 1.190776e-01 1.203758e-01 1.298128e-03
2.929293e-01 9.898990e-01 1.178809e-01 1.191222e-01 1.241333e-03
3.030303e-01 9.898990e-01 1.166962e-01 1.178725e-01 1.176325e-03
3.131313e-01 9.898990e-01 1.155233e-01 1.166841e-01 1.160803e-03
3.232323e-01 9.898990e-01 1.143623e-01 1.154283e-01 1.066021e-03
3.333333e-01 9.898990e-01 1.132129e-01 1.141390e-01 9.260135e-04
3.434343e-01 9.898990e-01 1.120751e-01 1.131309e-01 1.055729e-03
3.535354e-01 9.898990e-01 1.109488e-01 1.119321e-01 9.833342e-04
3.636364e-01 9.898990e-01 1.098337e-01 1.109266e-01 1.092917e-03
3.737374e-01 9.898990e-01 1.087299e-01 1.096700e-01 9.401194e-04
3.838384e-01 9.898990e-01 1.076371e-01 1.085212e-01 8.841122e-04
3.939394e-01 9.898990e-01 1.065553e-01 1.074454e-01 8.900789e-04
4.040404e-01 9.898990e-01 1.054844e-01 1.063424e-01 8.579938e-04
4.141414e-01 9.898990e-01 1.044243e-01 1.053900e-01 9.657073e-04
4.242424e-01 9.898990e-01 1.033748e-01 1.042069e-01 8.320368e-04
4.343434e-01 9.898990e-01 1.023359e-01 1.034098e-01 1.073878e-03
4.444444e-01 9.898990e-01 1.013074e-01 1.022092e-01 9.018140e-04
4.545455e-01 9.898990e-01 1.002892e-01 1.011143e-01 8.250328e-04
4.646465e-01 9.898990e-01 9.928132e-02 1.004015e-01 1.120144e-03
4.747475e-01 9.898990e-01 9.828352e-02 9.934956e-02 1.066035e-03
4.848485e-01 9.898990e-01 9.729576e-02 9.838319e-02 1.087431e-03
4.949495e-01 9.898990e-01 9.631792e-02 9.725702e-02 9.390994e-04
5.050505e-01 9.898990e-01 9.534991e-02 9.628612e-02 9.362104e-04
5.151515e-01 9.898990e-01 9.439163e-02 9.543705e-02 1.045425e-03
5.252525e-01 9.898990e-01 9.344297e-02 9.440392e-02 9.609489e-04
5.353535e-01 9.898990e-01 9.250386e-02 9.342253e-02 9.186758e-04
5.454545e-01 9.898990e-01 9.157418e-02 9.248352e-02 9.093434e-04
5.555556e-01 9.898990e-01 9.065384e-02 9.159148e-02 9.376360e-04
5.656566e-01 9.898990e-01 8.974276e-02 9.056801e-02 8.252508e-04
5.757576e-01 9.898990e-01 8.884083e-02 8.967543e-02 8.346008e-04
5.858586e-01 9.898990e-01 8.794796e-02 8.868122e-02 7.332604e-04
5.959596e-01 9.898990e-01 8.706407e-02 8.780664e-02 7.425731e-04
6.060606e-01 9.898990e-01 8.618906e-02 8.686173e-02 6.726690e-04
6.161616e-01 9.898990e-01 8.532285e-02 8.610868e-02 7.858383e-04
6.262626e-01 9.898990e-01 8.446534e-02 8.525252e-02 7.871860e-04
6.363636e-01 9.898990e-01 8.361645e-02 8.427405e-02 6.576068e-04
6.464646e-01 9.898990e-01 8.277609e-02 8.338815e-02 6.120622e-04
6.565657e-01 9.898990e-01 8.194417e-02 8.256799e-02 6.238157e-04
6.666667e-01 9.898990e-01 8.112062e-02 8.154398e-02 4.233605e-04
6.767677e-01 9.898990e-01 8.030535e-02 8.083224e-02 5.268972e-04
6.868687e-01 9.898990e-01 7.949826e-02 8.005941e-02 5.611454e-04
6.969697e-01 9.898990e-01 7.869929e-02 7.919145e-02 4.921534e-04
7.070707e-01 9.898990e-01 7.790835e-02 7.840800e-02 4.996509e-04
7.171717e-01 9.898990e-01 7.712536e-02 7.779408e-02 6.687149e-04
7.272727e-01 9.898990e-01 7.635024e-02 7.691228e-02 5.620465e-04
7.373737e-01 9.898990e-01 7.558290e-02 7.596582e-02 3.829169e-04
7.474747e-01 9.898990e-01 7.482328e-02 7.533836e-02 5.150796e-04
7.575758e-01 9.898990e-01 7.407130e-02 7.459438e-02 5.230809e-04
7.676768e-01 9.898990e-01 7.332687e-02 7.373524e-02 4.083684e-04
7.777778e-01 9.898990e-01 7.258992e-02 7.279372e-02 2.038006e-04
7.878788e-01 9.898990e-01 7.186038e-02 7.219237e-02 3.319901e-04
7.979798e-01 9.898990e-01 7.113817e-02 7.141668e-02 2.785041e-04
8.080808e-01 9.898990e-01 7.042322e-02 7.088161e-02 4.583836e-04
8.181818e-01 9.898990e-01 6.971546e-02 6.997776e-02 2.623039e-04
8.282828e-01 9.898990e-01 6.901480e-02 6.929326e-02 2.784560e-04
8.383838e-01 9.898990e-01 6.832119e-02 6.855226e-02 2.310614e-04
8.484848e-01 9.898990e-01 6.763455e-02 6.784070e-02 2.061405e-04
8.585859e-01 9.898990e-01 6.695482e-02 6.709522e-02 1.404037e-04
8.686869e-01 9.898990e-01 6.628191e-02 6.628329e-02 1.376261e-06
8.787879e-01 9.898990e-01 6.561577e-02 6.572980e-02 1.140317e-04
8.888889e-01 9.898990e-01 6.495632e-02 6.496382e-02 7.501795e-06
8.989899e-01 9.898990e-01 6.430349e-02 6.425315e-02 5.034261e-05
9.090909e-01 9.898990e-01 6.365723e-02 6.371176e-02 5.452920e-05
9.191919e-01 9.898990e-01 6.301747e-02 6.303072e-02 1.325231e-05
9.292929e-01 9.898990e-01 6.238413e-02 6.240833e-02 2.419663e-05
9.393939e-01 9.898990e-01 6.175716e-02 6.181610e-02 5.893577e-05
9.494949e-01 9.898990e-01 6.113649e-02 6.130487e-02 1.683765e-04
9.595960e-01 9.898990e-01 6.052206e-02 6.069893e-02 1.768675e-04
9.696970e-01 9.898990e-01 5.991380e-02 6.006086e-02 1.470566e-04
9.797980e-01 9.898990e-01 5.931166e-02 5.942369e-02 1.120266e-04
9.898990e-01 9.898990e-01 5.871557e-02 5.889380e-02 1.782333e-04
1.000000e+00 9.898990e-01 5.812547e-02 5.803877e-02 8.669410e-05
0.000000e+00 1.000000e+00 -1.607083e-13 -3.267527e-04 3.267527e-04
1.010101e-02 1.000000e+00 -1.590932e-13 -2.872944e-04 2.872944e-04
2.020202e-02 1.000000e+00 -1.574943e-13 -2.428293e-04 2.428293e-04
3.030303e-02 1.000000e+00 -1.559114e-13 -2.637506e-04 2.637506e-04
4.040404e-02 1.000000e+00 -1.543445e-13 -2.880692e-04 2.880692e-04
5.050505e-02 1.000000e+00 -1.527933e-13 -2.740622e-04 2.740622e-04
6.060606e-02 1.000000e+00 -1.512577e-13 -2.753139e-04 2.753139e-04
7.070707e-02 1.000000e+00 -1.497375e-13 -3.924370e-04 3.924370e-04
8.080808e-02 1.000000e+00 -1.482326e-13 -3.694296e-04 3.694296e-04
9.090909e-02 1.000000e+00 -1.467429e-13 -4.612207e-04 4.612207e-04
1.010101e-01 1.000000e+00 -1.452681e-13 -3.988743e-04 3.988743e-04
1.111111e-01 1.000000e+00 -1.438081e-13 -4.858375e-04 4.858375e-04
1.212121e-01 1.000000e+00 -1.423628e-13 -4.860163e-04 4.860163e-04
1.313131e-01 1.000000e+00 -1.409321e-13 -5.327463e-04 5.327463e-04
1.414141e-01 1.000000e+00 -1.395157e-13 -5.602837e-04 5.602837e-04
1.515152e-01 1.000000e+00 -1.381135e-13 -4.850626e-04 4.850626e-04
1.616162e-01 1.000000e+00 -1.367255e-13 -5.267262e-04 5.267262e-04
1.717172e-01 1.000000e+00 -1.353513e-13 -5.282164e-04 5.282164e-04
1.818182e-01 1.000000e+00 -1.339910e-13 -5.020499e-04 5.020499e-04
1.919192e-01 1.000000e+00 -1.326444e-13 -5.030632e-04 5.030632e-04
2.020202e-01 1.000000e+00 -1.313113e-13 -4.518628e-04 4.518628e-04
2.121212e-01 1.000000e+00 -1.299916e-13 -3.796816e-04 3.796816e-04
2.222222e-01 1.000000e+00 -1.286852e-13 -4.618168e-04 4.618168e-04
2.323232e-01 1.000000e+00 -1.273919e-13 -3.098845e-04 3.098845e-04
2.424242e-01 1.000000e+00 -1.261115e-13 -2.623200e-04 2.623200e-04
2.525253e-01 1.000000e+00 -1.248441e-13 -3.355742e-04 3.355741e-04
2.626263e-01 1.000000e+00 -1.235894e-13 -3.516078e-04 3.516078e-04
2.727273e-01 1.000000e+00 -1.223473e-13 -2.018213e-04 2.018213e-04
2.828283e-01 1.000000e+00 -1.211177e-13 -2.569556e-04 2.569556e-04
2.929293e-01 1.000000e+00 -1.199004e-13 -3.055334e-04 3.055334e-04
3.030303e-01 1.000000e+00 -1.186954e-13 -2.418756e-04 2.418756e-04
3.131313e-01 1.000000e+00 -1.175025e-13 -2.579093e-04 2.579093e-04
3.232323e-01 1.000000e+00 -1.163216e-13 -2.986193e-04 2.986193e-04
3.333333e-01 1.000000e+00 -1.151525e-13 -3.035069e-04 3.035069e-04
3.434343e-01 1.000000e+00 -1.139952e-13 -3.228784e-04 3.228784e-04
3.535354e-01 1.000000e+00 -1.128496e-13 -3.222227e-04 3.222227e-04
3.636364e-01 1.000000e+00 -1.117154e-13 -3.624558e-04 3.624558e-04
3.737374e-01 1.000000e+00 -1.105927e-13 -4.080534e-04 4.080534e-04
3.838384e-01 1.000000e+00 -1.094812e-13 -2.463460e-04 2.463460e-04
3.939394e-01 1.000000e+00 -1.083809e-13 -2.619028e-04 2.619028e-04
4.040404e-01 1.000000e+00 -1.072916e-13 -3.846884e-04 3.846884e-04
4.141414e-01 1.000000e+00 -1.062133e-13 -4.577637e-04 4.577637e-04
4.242424e-01 1.000000e+00 -1.051459e-13 -2.977252e-04 2.977252e-04
4.343434e-01 1.000000e+00 -1.040891e-13 -3.554225e-04 3.554225e-04
4.444444e-01 1.000000e+00 -1.030430e-13 -2.965331e-04 2.965331e-04
4.545455e-01 1.000000e+00 -1.020074e-13 -3.082752e-04 3.082752e-04
4.646465e-01 1.000000e+00 -1.009822e-13 -2.756715e-04 2.756715e-04
4.747475e-01 1.000000e+00 -9.996735e-14 -2.211332e-04 2.211332e-04
4.848485e-01 1.000000e+00 -9.896266e-14 -3.640056e-04 3.640056e-04
4.949495e-01 1.000000e+00 -9.796807e-14 -2.120733e-04 2.120733e-04
5.050505e-01 1.000000e+00 -9.698347e-14 -2.555847e-04 2.555847e-04
5.151515e-01 1.000000e+00 -9.600877e-14 -2.436638e-04 2.436638e-04
5.252525e-01 1.000000e+00 -9.504387e-14 -1.835823e-04 1.835823e-04
5.353535e-01 1.000000e+00 -9.408866e-14 -1.845360e-04 1.845360e-04
5.454545e-01 1.000000e+00 -9.314305e-14 -2.121925e-04 2.121925e-04
5.555556e-01 1.000000e+00 -9.220695e-14 -3.076792e-04 3.076792e-04
5.656566e-01 1.000000e+00 -9.128025e-14 -1.145601e-04 1.145601e-04
5.757576e-01 1.000000e+00 -9.036287e-14 -3.415346e-05 3.415346e-05
5.858586e-01 1.000000e+00 -8.945471e-14 -2.055168e-04 2.055168e-04
5.959596e-01 1.000000e+00 -8.855568e-14 -7.003546e-05 7.003546e-05
6.060606e-01 1.000000e+00 -8.766568e-14 -3.790855e-05 3.790855e-05
6.161616e-01 1.000000e+00 -8.678462e-14 -1.544356e-04 1.544356e-04
6.262626e-01 1.000000e+00 -8.591242e-14 7.510185e-06 7.510185e-06
6.363636e-01 1.000000e+00 -8.504899e-14 1.021028e-04 1.021028e-04
6.464646e-01 1.000000e+00 -8.419423e-14 1.064539e-04 1.064539e-04
6.565657e-01 1.000000e+00 -8.334807e-14 6.234646e-05 6.234646e-05
6.666667e-01 1.000000e+00 -8.251040e-14 1.770258e-04 1.770258e-04
6.767677e-01 1.000000e+00 -8.168116e-14 2.051592e-04 2.051592e-04
6.868687e-01 1.000000e+00 -8.086025e-14 1.704097e-04 1.704097e-04
6.969697e-01 1.000000e+00 -8.004759e-14 5.888939e-05 5.888939e-05
7.070707e-01 1.000000e+00 -7.924310e-14 2.387762e-04 2.387762e-04
7.171717e-01 1.000000e+00 -7.844669e-14 6.175041e-05 6.175041e-05
7.272727e-01 1.000000e+00 -7.765829e-14 1.314878e-04 1.314878e-04
7.373737e-01 1.000000e+00 -7.687781e-14 1.802444e-04 1.802444e-04
7.474747e-01 1.000000e+00 -7.610518e-14 6.055832e-05 6.055832e-05
7.575758e-01 1.000000e+00 -7.534031e-14 5.596876e-05 5.596876e-05
7.676768e-01 1.000000e+00 -7.458313e-14 5.400181e-05 5.400181e-05
7.777778e-01 1.000000e+00 -7.383355e-14 1.466274e-04 1.466274e-04
7.878788e-01 1.000000e+00 -7.309151e-14 1.196861e-04 1.196861e-04
7.979798e-01 1.000000e+00 -7.235693e-14 2.366900e-04 2.366900e-04
8.080808e-01 1.000000e+00 -7.162973e-14 -6.043911e-05 6.043911e-05
8.181818e-01 1.000000e+00 -7.090984e-14 9.155273e-05 9.155273e-05
8.282828e-01 1.000000e+00 -7.019719e-14 1.369119e-04 1.369119e-04
8.383838e-01 1.000000e+00 -6.949169e-14 1.293421e-05 1.293421e-05
8.484848e-01 1.000000e+00 -6.879329e-14 6.461143e-05 6.461144e-05
8.585859e-01 1.000000e+00 -6.810191e-14 1.000166e-04 1.000166e-04
8.686869e-01 1.000000e+00 -6.741747e-14 -2.944469e-05 2.944469e-05
8.787879e-01 1.000000e+00 -6.673991e-14 6.002188e-05 6.002188e-05
8.888889e-01 1.000000e+00 -6.606917e-14 1.122355e-04 1.122355e-04
8.989899e-01 1.000000e+00 -6.540516e-14 7.736683e-05 7.736683e-05
9.090909e-01 1.000000e+00 -6.474783e-14 1.728535e-04 1.728535e-04
9.191919e-01 1.000000e+00 -6.409710e-14 1.974106e-04 1.974106e-04
9.292929e-01 1.000000e+00 -6.345291e-14 3.329515e-04 3.329515e-04
9.393939e-01 1.000000e+00 -6.281520e-14 1.935959e-04 1.935959e-04
9.494949e-01 1.000000e+00 -6.218390e-14 1.949072e-05 1.949072e-05
9.595960e-01 1.000000e+00 -6.155894e-14 2.731681e-04 2.731681e-04
9.696970e-01 1.000000e+00 -6.094026e-14 1.671314e-04 1.671314e-04
9.797980e-01 1.000000e+00 -6.032780e-14 2.000332e-04 2.000332e-04
9.898990e-01 1.000000e+00 -5.972150e-14 2.199411e-04 2.199411e-04
1.000000e+00 1.000000e+00 -5.912129e-14 1.444221e-04 1.444221e-04
