# epoch	total_loss	mse_cont	mse_mom_x	mse_mom_y	mse_bc	l2_u	l2_v	l2_p
1.00000000e+00	1.55092645e+00	2.29997542e-02	1.07885087e-02	3.85147496e-03	1.51328671e+00	6.73526883e-01	1.60793626e+00	8.76058280e-01
1.00000000e+02	4.54902053e-02	9.94459074e-03	1.27051421e-03	4.49496176e-04	3.38256061e-02	9.55091953e-01	9.64040279e-01	9.99252737e-01
2.00000000e+02	3.28051560e-02	1.28782485e-02	1.77615811e-03	3.43068852e-04	1.78076811e-02	9.67492282e-01	9.68946874e-01	1.01660025e+00
3.00000000e+02	2.83125043e-02	1.33303963e-02	1.13253319e-03	3.66230117e-04	1.34833455e-02	9.81332779e-01	9.71131861e-01	1.02001870e+00
4.00000000e+02	2.55542416e-02	1.39083434e-02	7.99905101e-04	3.33237753e-04	1.05127553e-02	9.79827106e-01	9.68251646e-01	1.02907836e+00
5.00000000e+02	2.26752162e-02	1.31560117e-02	6.56725781e-04	2.69715179e-04	8.59276392e-03	9.76694643e-01	9.58681583e-01	1.03454745e+00
6.00000000e+02	2.20414251e-02	1.35154137e-02	6.77815755e-04	2.41526126e-04	7.60666840e-03	9.69911754e-01	9.46511030e-01	1.03737962e+00
7.00000000e+02	2.10983660e-02	1.30355312e-02	7.02116638e-04	2.46306008e-04	7.11441180e-03	9.60744441e-01	9.34574485e-01	1.03777909e+00
8.00000000e+02	2.12376583e-02	1.33648887e-02	7.70146900e-04	2.82254128e-04	6.82036858e-03	9.59990859e-01	9.22917902e-01	1.03741491e+00
9.00000000e+02	2.04247478e-02	1.25674102e-02	7.62836717e-04	2.99168052e-04	6.79533230e-03	9.61918056e-01	9.13042665e-01	1.03642416e+00
1.00000000e+03	2.13116594e-02	1.35985017e-02	8.09826830e-04	3.20476131e-04	6.58285432e-03	9.46339130e-01	9.04085517e-01	1.03673053e+00
1.10000000e+03	2.01277286e-02	1.22139640e-02	8.16600572e-04	3.59989324e-04	6.73717353e-03	9.60957289e-01	8.94744575e-01	1.03511977e+00
1.20000000e+03	2.03421880e-02	1.24867670e-02	8.46532581e-04	3.93497117e-04	6.61539100e-03	9.56585765e-01	8.88668299e-01	1.03512228e+00
1.30000000e+03	2.02861819e-02	1.25348251e-02	8.83935310e-04	4.23912978e-04	6.44350937e-03	9.56400454e-01	8.80810797e-01	1.03668725e+00
1.40000000e+03	2.00452022e-02	1.24074686e-02	8.99817445e-04	4.55076981e-04	6.28283946e-03	9.52697456e-01	8.76606822e-01	1.03617585e+00
1.50000000e+03	2.06547603e-02	1.30157303e-02	8.94375611e-04	4.99933376e-04	6.24472089e-03	9.41887081e-01	8.73948038e-01	1.03715730e+00
1.60000000e+03	1.97257418e-02	1.21018048e-02	8.85430141e-04	4.82854550e-04	6.25565322e-03	9.36709285e-01	8.66890609e-01	1.03757763e+00
1.70000000e+03	1.94871128e-02	1.17736794e-02	9.44651314e-04	5.22649265e-04	6.24613324e-03	9.55104411e-01	8.62961888e-01	1.03631413e+00
1.80000000e+03	1.91500802e-02	1.13789961e-02	9.02939937e-04	5.00987342e-04	6.36715675e-03	9.46540713e-01	8.59476924e-01	1.03723669e+00
1.90000000e+03	1.93872619e-02	1.20162349e-02	9.14461969e-04	5.20850765e-04	5.93571458e-03	9.41959739e-01	8.57985020e-01	1.03603888e+00
2.00000000e+03	1.91841926e-02	1.15771815e-02	9.07204347e-04	5.16189553e-04	6.18361728e-03	9.45257902e-01	8.54691029e-01	1.03755724e+00
2.10000000e+03	1.98694356e-02	1.23275379e-02	9.68803070e-04	5.39175584e-04	6.03391882e-03	9.40785348e-01	8.51953268e-01	1.03747582e+00
2.20000000e+03	1.90563016e-02	1.15896519e-02	9.67642933e-04	5.45887859e-04	5.95311821e-03	9.49303329e-01	8.48087847e-01	1.03588450e+00
2.30000000e+03	1.86223667e-02	1.09913480e-02	1.00505794e-03	5.12132072e-04	6.11382956e-03	9.48495030e-01	8.43288720e-01	1.03444314e+00
2.40000000e+03	1.95226837e-02	1.17943110e-02	1.01019896e-03	5.61327441e-04	6.15684595e-03	9.46890593e-01	8.40636075e-01	1.03378296e+00
2.50000000e+03	1.96237527e-02	1.06061390e-02	1.07236416e-03	5.74852282e-04	7.37039698e-03	9.70023274e-01	8.34914625e-01	1.03168297e+00
2.60000000e+03	1.87487490e-02	1.12202577e-02	1.07769063e-03	5.36238367e-04	5.91456145e-03	9.42965508e-01	8.33003759e-01	1.03220749e+00
2.70000000e+03	1.89989451e-02	1.12425284e-02	1.05449895e-03	5.32520819e-04	6.16939738e-03	9.40401495e-01	8.30288887e-01	1.03060579e+00
2.80000000e+03	1.90863945e-02	1.18563641e-02	1.16248685e-03	5.28264616e-04	5.53928036e-03	9.34674442e-01	8.27469826e-01	1.03133893e+00
2.90000000e+03	1.93190034e-02	1.17491670e-02	1.14757044e-03	5.78970707e-04	5.84329525e-03	9.33975816e-01	8.23338389e-01	1.02989459e+00
3.00000000e+03	1.87927336e-02	1.11376280e-02	1.21931895e-03	5.66419854e-04	5.86936530e-03	9.47894871e-01	8.21390808e-01	1.02793312e+00
3.10000000e+03	1.86256748e-02	1.14924069e-02	1.21575547e-03	5.71535318e-04	5.34597691e-03	9.31589007e-01	8.19183648e-01	1.02679777e+00
3.20000000e+03	1.84481628e-02	1.10321175e-02	1.22068054e-03	5.48117794e-04	5.64724719e-03	9.29622889e-01	8.13535511e-01	1.02727926e+00
3.30000000e+03	1.86124463e-02	1.08202053e-02	1.33428909e-03	5.81670669e-04	5.87628176e-03	9.33904231e-01	8.11184704e-01	1.02498662e+00
3.40000000e+03	1.80371720e-02	1.02852266e-02	1.34182221e-03	6.29145827e-04	5.78097673e-03	9.27161336e-01	8.07573795e-01	1.02232206e+00
3.50000000e+03	1.85417999e-02	1.11616449e-02	1.48611772e-03	6.18565420e-04	5.27547160e-03	9.09409642e-01	8.00932109e-01	1.02059066e+00
3.60000000e+03	1.78860985e-02	1.06906649e-02	1.52310333e-03	5.97106118e-04	5.07522281e-03	9.07339334e-01	7.98866570e-01	1.01906168e+00
3.70000000e+03	1.82169862e-02	1.02404552e-02	1.67187920e-03	6.90011773e-04	5.61464112e-03	9.19720292e-01	7.92937577e-01	1.01759112e+00
3.80000000e+03	1.82498544e-02	1.06181856e-02	1.77319103e-03	6.79208373e-04	5.17926970e-03	9.05814826e-01	7.87338734e-01	1.01569951e+00
3.90000000e+03	1.78548228e-02	1.03861354e-02	1.90202019e-03	6.74372364e-04	4.89229476e-03	9.03830707e-01	7.84954369e-01	1.01357985e+00
4.00000000e+03	1.78636797e-02	1.05855623e-02	1.92696380e-03	6.66897395e-04	4.68425592e-03	8.94666970e-01	7.87231445e-01	1.01198459e+00
4.10000000e+03	1.80704668e-02	1.06419083e-02	2.09608418e-03	6.74605428e-04	4.65786923e-03	8.87306571e-01	7.86153853e-01	1.01138783e+00
4.20000000e+03	1.76074542e-02	1.01042753e-02	1.99373439e-03	6.35469449e-04	4.87397471e-03	8.92200351e-01	7.83930719e-01	1.01050568e+00
4.30000000e+03	1.72515307e-02	1.00772241e-02	2.03771424e-03	6.34993950e-04	4.50159842e-03	8.88102829e-01	7.82617986e-01	1.00725496e+00
4.40000000e+03	1.80378668e-02	9.94634721e-03	2.07194057e-03	7.21912540e-04	5.29766595e-03	8.96414816e-01	7.81237304e-01	1.01170635e+00
4.50000000e+03	1.75812282e-02	9.97161120e-03	1.96953234e-03	7.04712293e-04	4.93537355e-03	8.89296770e-01	7.83514857e-01	1.00791407e+00
4.60000000e+03	1.73661672e-02	1.00528020e-02	2.09014537e-03	6.52580988e-04	4.57063969e-03	8.86975348e-01	7.80955255e-01	1.00872958e+00
4.70000000e+03	1.74615216e-02	9.81737766e-03	2.11100653e-03	6.64425956e-04	4.86871181e-03	8.80299449e-01	7.81053245e-01	1.00857341e+00
4.80000000e+03	1.76810697e-02	1.00392625e-02	2.01769546e-03	6.82684185e-04	4.94142715e-03	8.80319595e-01	7.81366527e-01	1.00694263e+00
4.90000000e+03	1.81746650e-02	1.05765779e-02	2.04466539e-03	7.13265734e-04	4.84015560e-03	8.80196750e-01	7.83047974e-01	1.00781143e+00
5.00000000e+03	1.78908315e-02	1.04676951e-02	2.15573143e-03	6.45833439e-04	4.62157140e-03	8.69143307e-01	7.80084312e-01	1.00631845e+00
5.10000000e+03	1.70854125e-02	9.50769801e-03	2.06342223e-03	6.65219559e-04	4.84907301e-03	8.86239350e-01	7.84210861e-01	1.00744236e+00
5.20000000e+03	1.77669171e-02	9.84138623e-03	2.06517358e-03	7.23305100e-04	5.13705192e-03	8.86856794e-01	7.78850496e-01	1.00769484e+00
5.30000000e+03	1.85252596e-02	1.09952865e-02	2.14658258e-03	6.66399370e-04	4.71699098e-03	8.69999230e-01	7.82376289e-01	1.00765121e+00
5.40000000e+03	1.76898446e-02	1.01846345e-02	2.04061437e-03	6.43197331e-04	4.82139830e-03	8.74283671e-01	7.80854821e-01	1.00606263e+00
5.50000000e+03	1.72199234e-02	9.63272061e-03	2.05014204e-03	6.27969217e-04	4.90909209e-03	8.72287393e-01	7.78810322e-01	1.00546408e+00
5.60000000e+03	1.72069892e-02	9.70088784e-03	2.08271435e-03	6.31948875e-04	4.79143811e-03	8.83007169e-01	7.82422662e-01	1.00475407e+00
5.70000000e+03	1.69348568e-02	9.11964383e-03	1.99764175e-03	6.66347565e-04	5.15122432e-03	8.85637999e-01	7.79965162e-01	1.00793660e+00
5.80000000e+03	1.76554807e-02	9.77842789e-03	2.10727495e-03	6.97540527e-04	5.07223699e-03	8.87563944e-01	7.83093035e-01	1.00533056e+00
5.90000000e+03	1.74913984e-02	1.02458550e-02	2.04952597e-03	6.74019626e-04	4.52199718e-03	8.66996109e-01	7.81498253e-01	1.00554717e+00
6.00000000e+03	1.78862140e-02	9.56449751e-03	2.02604244e-03	6.79297606e-04	5.61637664e-03	8.81633878e-01	7.80090213e-01	1.00296652e+00
6.10000000e+03	1.73520930e-02	9.82286688e-03	2.07539252e-03	6.77739037e-04	4.77609411e-03	8.80719304e-01	7.80379713e-01	1.00596547e+00
6.20000000e+03	1.73511058e-02	9.63321049e-03	2.03621457e-03	6.73628005e-04	5.00805350e-03	8.77765656e-01	7.78371036e-01	1.00881374e+00
6.30000000e+03	1.68936197e-02	9.76399146e-03	1.96181168e-03	6.41748775e-04	4.52606706e-03	8.75911593e-01	7.80672252e-01	1.00450909e+00
6.40000000e+03	1.78866610e-02	1.05625484e-02	2.09344621e-03	6.69514819e-04	4.56115231e-03	8.78052950e-01	7.82620788e-01	1.00484765e+00
6.50000000e+03	1.78409852e-02	9.43010394e-03	2.05174438e-03	7.16667564e-04	5.64246904e-03	8.94918978e-01	7.79478371e-01	1.00674152e+00
6.60000000e+03	1.69800781e-02	9.76211578e-03	1.97638152e-03	6.51378592e-04	4.59020212e-03	8.78748477e-01	7.83139229e-01	1.00570095e+00
6.70000000e+03	1.69803221e-02	9.82305408e-03	2.05742638e-03	5.91053395e-04	4.50878730e-03	8.74686241e-01	7.82817900e-01	1.00591719e+00
6.80000000e+03	1.81443058e-02	1.02827931e-02	2.11525103e-03	6.91653404e-04	5.05460706e-03	8.84499788e-01	7.84569860e-01	1.00680399e+00
6.90000000e+03	1.75152998e-02	1.03947921e-02	2.08283542e-03	6.54470234e-04	4.38320264e-03	8.71555567e-01	7.80284703e-01	1.00494051e+00
7.00000000e+03	1.77101307e-02	1.04767289e-02	2.01985403e-03	6.60356716e-04	4.55319043e-03	8.71739626e-01	7.82189786e-01	1.00545585e+00
7.10000000e+03	1.63914710e-02	8.90546106e-03	1.90326630e-03	6.40258833e-04	4.94248467e-03	8.90452564e-01	7.76613832e-01	1.00811136e+00
7.20000000e+03	1.72654986e-02	1.01141566e-02	1.95652642e-03	5.82889188e-04	4.61192522e-03	8.70967686e-01	7.84352541e-01	1.00457895e+00
7.30000000e+03	1.67606026e-02	9.22946446e-03	1.94976002e-03	6.50812057e-04	4.93056560e-03	8.90343428e-01	7.77741373e-01	1.00498807e+00
7.40000000e+03	1.69547424e-02	9.80426092e-03	1.92110264e-03	6.13020908e-04	4.61635692e-03	8.74111056e-01	7.80223012e-01	1.00634801e+00
7.50000000e+03	1.70392506e-02	9.49115958e-03	1.94918260e-03	6.57585624e-04	4.94132191e-03	8.80715966e-01	7.78510749e-01	1.00509965e+00
7.60000000e+03	1.66385323e-02	9.37685091e-03	1.98300625e-03	5.86660346e-04	4.69201338e-03	8.79589915e-01	7.79696465e-01	1.00325942e+00
7.70000000e+03	1.75071172e-02	1.03328060e-02	2.00845976e-03	6.04062108e-04	4.56178887e-03	8.65495920e-01	7.78872550e-01	1.00428164e+00
7.80000000e+03	1.70025602e-02	9.54937935e-03	1.93024916e-03	6.49108202e-04	4.87382337e-03	8.73956203e-01	7.74162471e-01	1.00496376e+00
7.90000000e+03	1.71860829e-02	9.51137859e-03	1.91519526e-03	6.10529212e-04	5.14898030e-03	8.80048990e-01	7.76750624e-01	1.00410032e+00
8.00000000e+03	1.71942338e-02	9.79768950e-03	2.05726991e-03	6.45674474e-04	4.69359942e-03	8.80955756e-01	7.75307178e-01	1.00101840e+00
8.10000000e+03	1.70402210e-02	9.77733452e-03	2.01967778e-03	6.45825057e-04	4.59738402e-03	8.77257109e-01	7.74502397e-01	1.00113499e+00
8.20000000e+03	1.67474765e-02	9.67501942e-03	1.90552045e-03	6.26528810e-04	4.54040850e-03	8.80277216e-01	7.74220586e-01	9.98625696e-01
8.30000000e+03	1.65438727e-02	9.10972618e-03	1.87200692e-03	6.26791443e-04	4.93534748e-03	8.77106547e-01	7.68979549e-01	1.00356805e+00
8.40000000e+03	1.68472379e-02	9.87044722e-03	1.91347976e-03	5.85927046e-04	4.47738357e-03	8.80381286e-01	7.73456872e-01	1.00195813e+00
8.50000000e+03	1.59427039e-02	8.89538415e-03	1.85319991e-03	5.72474441e-04	4.62164544e-03	8.79132330e-01	7.69138515e-01	1.00181758e+00
8.60000000e+03	1.65467449e-02	9.94765572e-03	1.74209208e-03	6.03356399e-04	4.25364031e-03	8.69123876e-01	7.71019578e-01	9.98443127e-01
8.70000000e+03	1.67493243e-02	9.59652103e-03	1.81138166e-03	5.55460807e-04	4.78596054e-03	8.75052392e-01	7.69091785e-01	9.97853518e-01
8.80000000e+03	1.64253712e-02	9.38815158e-03	1.82303938e-03	5.92820172e-04	4.62136092e-03	8.83901179e-01	7.69192994e-01	9.99475837e-01
8.90000000e+03	1.67052969e-02	9.94804036e-03	1.89001311e-03	5.52399550e-04	4.31484357e-03	8.70559394e-01	7.68152654e-01	9.93643224e-01
9.00000000e+03	1.66941173e-02	9.80408117e-03	1.68883218e-03	5.93768491e-04	4.60743625e-03	8.72553229e-01	7.63296306e-01	9.96115863e-01
9.10000000e+03	1.63784139e-02	8.87172390e-03	1.71315914e-03	5.90536220e-04	5.20299515e-03	8.81503940e-01	7.59744704e-01	9.93458569e-01
9.20000000e+03	1.70068406e-02	1.02667101e-02	1.74226717e-03	5.72403485e-04	4.42546047e-03	8.68146002e-01	7.62212276e-01	9.93488133e-01
9.30000000e+03	1.62110701e-02	9.76447761e-03	1.74992997e-03	5.34201215e-04	4.16246057e-03	8.60434711e-01	7.55149722e-01	9.89739239e-01
9.40000000e+03	1.61488932e-02	9.86982603e-03	1.68003188e-03	4.78659524e-04	4.12037550e-03	8.58702898e-01	7.54540443e-01	9.86298382e-01
9.50000000e+03	1.55886356e-02	8.59058648e-03	1.55207876e-03	5.05334290e-04	4.94063692e-03	8.78300488e-01	7.44553328e-01	9.84154999e-01
9.60000000e+03	1.58427674e-02	9.39904153e-03	1.49458146e-03	5.16069704e-04	4.43307450e-03	8.59427929e-01	7.37414002e-01	9.80737567e-01
9.70000000e+03	1.56657770e-02	9.48188081e-03	1.37143070e-03	4.80002724e-04	4.33246279e-03	8.48114312e-01	7.34324157e-01	9.77022886e-01
9.80000000e+03	1.56449880e-02	9.62323043e-03	1.36409793e-03	4.86973644e-04	4.17068601e-03	8.48394275e-01	7.32103229e-01	9.72413301e-01
9.90000000e+03	1.52204372e-02	8.54415074e-03	1.21876132e-03	4.95832879e-04	4.96169226e-03	8.58192146e-01	7.20310211e-01	9.69303727e-01
1.00000000e+04	1.50476256e-02	9.25205834e-03	1.24403078e-03	4.98038251e-04	4.05349862e-03	8.50672007e-01	7.18731165e-01	9.61612582e-01
1.01000000e+04	1.54121146e-02	8.99723452e-03	1.12625654e-03	4.67452133e-04	4.82117152e-03	8.49409342e-01	7.16824174e-01	9.57168698e-01
1.02000000e+04	1.57725532e-02	9.66408662e-03	1.12324674e-03	4.95665648e-04	4.48955456e-03	8.35537076e-01	7.10331142e-01	9.52875316e-01
1.03000000e+04	1.52036054e-02	9.60469712e-03	1.02710631e-03	4.86300443e-04	4.08550166e-03	8.31972241e-01	7.01953769e-01	9.45405602e-01
1.04000000e+04	1.51281226e-02	9.10415221e-03	1.01771392e-03	4.73853055e-04	4.53240285e-03	8.37483644e-01	6.96712255e-01	9.40853596e-01
1.05000000e+04	1.46809332e-02	8.59538279e-03	9.39007907e-04	4.61936550e-04	4.68460610e-03	8.33784163e-01	6.93090141e-01	9.32307839e-01
1.06000000e+04	1.44515410e-02	8.66263825e-03	9.41940583e-04	4.16945695e-04	4.43001650e-03	8.16274941e-01	6.88355029e-01	9.25165594e-01
1.07000000e+04	1.44269932e-02	8.73615220e-03	8.83801316e-04	4.28431173e-04	4.37860889e-03	8.13385308e-01	6.77117407e-01	9.21169400e-01
1.08000000e+04	1.40878893e-02	8.49846005e-03	8.87592498e-04	4.11054614e-04	4.29078145e-03	8.04535210e-01	6.73782766e-01	9.10028994e-01
1.09000000e+04	1.38823204e-02	7.97142275e-03	7.89152400e-04	4.02164151e-04	4.71958145e-03	7.98518717e-01	6.66537762e-01	9.00921464e-01
1.10000000e+04	1.32120401e-02	7.77744828e-03	7.59055722e-04	3.93994851e-04	4.28154133e-03	7.94056952e-01	6.53201342e-01	8.95619392e-01
1.11000000e+04	1.31968725e-02	7.53785763e-03	7.85382756e-04	4.27136227e-04	4.44649672e-03	7.81465411e-01	6.46681607e-01	8.85058761e-01
1.12000000e+04	1.23641174e-02	7.13446876e-03	7.11346336e-04	4.16434079e-04	4.10186872e-03	7.76520550e-01	6.28494918e-01	8.73515725e-01
1.13000000e+04	1.20660178e-02	7.14284508e-03	7.95656641e-04	4.51423257e-04	3.67609365e-03	7.58460701e-01	6.19700253e-01	8.61019373e-01
1.14000000e+04	1.15813240e-02	7.07719335e-03	7.43150304e-04	4.76234040e-04	3.28474725e-03	7.33843744e-01	5.98002791e-01	8.47655237e-01
1.15000000e+04	1.07022468e-02	6.56862790e-03	6.80134632e-04	4.96442604e-04	2.95704184e-03	7.06513941e-01	5.81549883e-01	8.32997561e-01
1.16000000e+04	9.87987220e-03	5.77411614e-03	7.21552002e-04	5.15375112e-04	2.86882883e-03	7.03063786e-01	5.60218096e-01	8.13901484e-01
1.17000000e+04	9.44069959e-03	5.40363975e-03	7.82637449e-04	5.17236127e-04	2.73718685e-03	6.84811950e-01	5.31776130e-01	7.95924425e-01
1.18000000e+04	8.60524829e-03	4.61627729e-03	7.49406870e-04	5.13925566e-04	2.72563822e-03	6.69726372e-01	5.03488183e-01	7.74099112e-01
1.19000000e+04	7.97814503e-03	4.50954447e-03	7.16150156e-04	5.51483827e-04	2.20096624e-03	6.41662478e-01	4.80906427e-01	7.58969784e-01
1.20000000e+04	7.58798141e-03	4.12435224e-03	7.24421116e-04	5.51523175e-04	2.18768511e-03	6.20264947e-01	4.67138976e-01	7.40733683e-01
1.21000000e+04	7.07640033e-03	3.78654432e-03	7.26937025e-04	4.32096276e-04	2.13082274e-03	6.11826181e-01	4.37556326e-01	7.19874263e-01
1.22000000e+04	6.66958047e-03	3.92343197e-03	7.32063723e-04	4.32819535e-04	1.58126501e-03	5.82569599e-01	4.24220175e-01	7.01160491e-01
1.23000000e+04	6.05723821e-03	3.34152440e-03	7.65857578e-04	4.06709849e-04	1.54314656e-03	5.67552328e-01	4.05874372e-01	6.85694396e-01
1.24000000e+04	5.89624606e-03	3.00809625e-03	7.34403904e-04	4.38032701e-04	1.71571306e-03	5.54477751e-01	3.88067365e-01	6.66848540e-01
1.25000000e+04	5.59207611e-03	3.04397545e-03	7.44970283e-04	4.20735741e-04	1.38239458e-03	5.27392626e-01	3.70304853e-01	6.46581829e-01
1.26000000e+04	4.97070793e-03	2.64904206e-03	6.60924241e-04	3.41601408e-04	1.31914031e-03	5.08176804e-01	3.50747466e-01	6.26115918e-01
1.27000000e+04	4.77670645e-03	2.62237014e-03	6.99477387e-04	3.28631402e-04	1.12622755e-03	4.86027062e-01	3.42322290e-01	6.07901692e-01
1.28000000e+04	4.47805692e-03	2.28222297e-03	7.11748842e-04	3.25047411e-04	1.15903793e-03	4.69705224e-01	3.25745493e-01	5.87057650e-01
1.29000000e+04	4.16597491e-03	2.21995660e-03	6.40235492e-04	2.91732489e-04	1.01405033e-03	4.50861663e-01	3.16624492e-01	5.70217848e-01
1.30000000e+04	4.21104021e-03	2.18522386e-03	7.32398650e-04	3.13489902e-04	9.79927601e-04	4.26927626e-01	3.02753776e-01	5.50230324e-01
1.31000000e+04	3.71863972e-03	1.91061874e-03	6.82791579e-04	3.18185514e-04	8.07043805e-04	4.12274748e-01	2.83102810e-01	5.33179820e-01
1.32000000e+04	3.61727760e-03	1.82478118e-03	6.21921849e-04	2.91162869e-04	8.79411877e-04	3.95216018e-01	2.82232553e-01	5.14291167e-01
1.33000000e+04	3.36586637e-03	1.69541698e-03	6.48320944e-04	2.91332632e-04	7.30795669e-04	3.78199250e-01	2.64825523e-01	4.93320644e-01
1.34000000e+04	3.15947738e-03	1.51380303e-03	5.46298746e-04	2.58324435e-04	8.41051165e-04	3.75148147e-01	2.47323215e-01	4.79588240e-01
1.35000000e+04	3.03662429e-03	1.54671923e-03	6.11038879e-04	2.62778660e-04	6.16087520e-04	3.46876681e-01	2.41870403e-01	4.62723345e-01
1.36000000e+04	3.10555147e-03	1.25979492e-03	6.00586936e-04	2.78394728e-04	9.66774824e-04	3.42806131e-01	2.28641078e-01	4.48989093e-01
1.37000000e+04	2.68415455e-03	1.22040883e-03	5.46807772e-04	2.50984129e-04	6.65953790e-04	3.17885995e-01	2.20453680e-01	4.30554450e-01
1.38000000e+04	2.73258844e-03	1.25176914e-03	6.06822257e-04	2.54986953e-04	6.19010068e-04	3.05127323e-01	2.16316253e-01	4.18412775e-01
1.39000000e+04	3.15564405e-03	1.20316586e-03	5.91016375e-04	2.84203648e-04	1.07725803e-03	2.76562512e-01	2.09136412e-01	4.03700680e-01
1.40000000e+04	2.84123910e-03	9.86169209e-04	4.97356174e-04	2.76945531e-04	1.08076818e-03	2.84524947e-01	2.01096490e-01	3.93731475e-01
1.41000000e+04	2.14087334e-03	8.90531112e-04	4.74078261e-04	2.13014195e-04	5.63249749e-04	2.69205838e-01	1.88716754e-01	3.75005513e-01
1.42000000e+04	2.01256038e-03	8.37600091e-04	4.40014439e-04	2.11169041e-04	5.23776747e-04	2.59745270e-01	1.84787780e-01	3.62795532e-01
1.43000000e+04	1.94134202e-03	8.61929497e-04	4.40198230e-04	2.07249657e-04	4.31964669e-04	2.46793553e-01	1.73502237e-01	3.52718383e-01
1.44000000e+04	1.95250229e-03	8.98995670e-04	4.20978147e-04	2.19071881e-04	4.13456582e-04	2.35556096e-01	1.70502588e-01	3.39924484e-01
1.45000000e+04	1.75419997e-03	7.46456790e-04	4.31055378e-04	2.14404528e-04	3.62283230e-04	2.29014814e-01	1.67039797e-01	3.31811816e-01
1.46000000e+04	1.73339131e-03	6.39712031e-04	3.89514375e-04	1.92858235e-04	5.11306687e-04	2.23767176e-01	1.57904759e-01	3.18135411e-01
1.47000000e+04	1.84174895e-03	7.76029425e-04	4.15491901e-04	1.91142783e-04	4.59084869e-04	1.98760360e-01	1.52865186e-01	3.07887048e-01
1.48000000e+04	1.81327388e-03	6.66511594e-04	4.21649631e-04	1.96732406e-04	5.28380275e-04	1.96572989e-01	1.48341283e-01	3.00267845e-01
1.49000000e+04	1.54030835e-03	4.94116743e-04	3.35157994e-04	1.72737244e-04	5.38296299e-04	2.04527363e-01	1.47592112e-01	2.91169077e-01
1.50000000e+04	1.53444801e-03	4.78210539e-04	3.54632619e-04	1.82181873e-04	5.19422931e-04	1.99181318e-01	1.36255547e-01	2.80533135e-01
1.51000000e+04	1.31793832e-03	4.82157542e-04	3.17590981e-04	1.79254319e-04	3.38935526e-04	1.86152384e-01	1.35246545e-01	2.72438973e-01
1.52000000e+04	1.39647780e-03	5.89270378e-04	3.56292439e-04	1.79728915e-04	2.71186145e-04	1.69311911e-01	1.33550555e-01	2.63515681e-01
1.53000000e+04	1.34908012e-03	5.06909040e-04	3.39810649e-04	1.75856738e-04	3.26503738e-04	1.68235898e-01	1.32443592e-01	2.59906322e-01
1.54000000e+04	1.17975310e-03	4.19835094e-04	3.01781838e-04	1.68574566e-04	2.89561547e-04	1.63570508e-01	1.25072926e-01	2.47753650e-01
1.55000000e+04	1.18916307e-03	4.08972119e-04	3.25678877e-04	1.64099736e-04	2.90412339e-04	1.65171713e-01	1.27629817e-01	2.42829025e-01
1.56000000e+04	1.18906703e-03	3.78071301e-04	2.76277628e-04	1.48768406e-04	3.85949766e-04	1.56148851e-01	1.17929660e-01	2.39305586e-01
1.57000000e+04	1.50875491e-03	4.54647903e-04	3.49617418e-04	1.69442894e-04	5.35046682e-04	1.37588546e-01	1.17726386e-01	2.24327669e-01
1.58000000e+04	1.10479444e-03	3.64656094e-04	2.98924715e-04	1.47470782e-04	2.93742924e-04	1.43120438e-01	1.10468894e-01	2.27660462e-01
1.59000000e+04	1.11486099e-03	3.62215360e-04	2.70443852e-04	1.59298463e-04	3.22903245e-04	1.32187933e-01	1.08808421e-01	2.15184465e-01
1.60000000e+04	9.67768254e-04	3.44810134e-04	2.61326699e-04	1.41530589e-04	2.20100876e-04	1.38254404e-01	1.08496509e-01	2.22250804e-01
1.61000000e+04	8.22875067e-04	3.12233577e-04	2.25719588e-04	1.30959175e-04	1.53962741e-04	1.28580511e-01	1.08115315e-01	2.07282662e-01
1.62000000e+04	1.10690470e-03	3.20267922e-04	2.39247413e-04	1.34490110e-04	4.12899215e-04	1.21516474e-01	1.05485469e-01	1.98811531e-01
1.63000000e+04	9.67038271e-04	2.99335195e-04	2.22568953e-04	1.38681935e-04	3.06452217e-04	1.21325776e-01	1.01990633e-01	1.94152817e-01
1.64000000e+04	1.41994655e-03	3.21330444e-04	2.24699106e-04	1.39857570e-04	7.34059489e-04	1.09657556e-01	9.77571234e-02	1.86033487e-01
1.65000000e+04	9.39715886e-04	2.86230061e-04	2.28872770e-04	1.25761901e-04	2.98851170e-04	1.04888014e-01	9.72576067e-02	1.85916111e-01
1.66000000e+04	7.34542788e-04	2.69381155e-04	2.16295855e-04	1.22876663e-04	1.25989143e-04	1.08938612e-01	9.28839967e-02	1.82047874e-01
1.67000000e+04	6.64101331e-04	2.42850016e-04	1.78241593e-04	1.21179437e-04	1.21830264e-04	1.08250000e-01	9.76989269e-02	1.77502692e-01
1.68000000e+04	7.13505724e-04	2.34530104e-04	1.82732343e-04	1.19369281e-04	1.76873989e-04	1.04512289e-01	9.18753222e-02	1.77279666e-01
1.69000000e+04	7.97847752e-04	2.13009451e-04	2.07471487e-04	1.17372321e-04	2.59994558e-04	9.62129906e-02	8.88024271e-02	1.69243172e-01
1.70000000e+04	7.89456652e-04	2.06048484e-04	1.99734030e-04	1.17889474e-04	2.65784678e-04	1.02396108e-01	1.11505866e-01	1.68058306e-01
1.71000000e+04	8.06255965e-04	2.13825071e-04	1.91800602e-04	1.19829201e-04	2.80801090e-04	9.93612260e-02	8.69913772e-02	1.60968184e-01
1.72000000e+04	7.03081430e-04	1.98317037e-04	1.90871811e-04	1.13413676e-04	2.00478884e-04	9.72552449e-02	8.71922895e-02	1.57201514e-01
1.73000000e+04	7.03806756e-04	2.31215847e-04	1.67186328e-04	9.91535562e-05	2.06251047e-04	8.26541781e-02	8.37455243e-02	1.56267002e-01
1.74000000e+04	7.88206002e-04	2.48590572e-04	2.03347910e-04	1.09908484e-04	2.26358985e-04	8.18502754e-02	8.67621824e-02	1.53143257e-01
1.75000000e+04	6.92591944e-04	2.01098912e-04	1.67589154e-04	1.07074571e-04	2.16829299e-04	8.39516893e-02	7.92580843e-02	1.49263114e-01
1.76000000e+04	8.29091412e-04	1.90572333e-04	1.64150086e-04	9.84614671e-05	3.75907490e-04	8.35970491e-02	7.76166320e-02	1.50959447e-01
1.77000000e+04	6.25056389e-04	1.68092825e-04	1.55447706e-04	1.10526300e-04	1.90989580e-04	8.28663632e-02	7.92497918e-02	1.43677443e-01
1.78000000e+04	6.30496652e-04	1.88208214e-04	1.58844603e-04	1.05501458e-04	1.77942347e-04	8.31136927e-02	8.17300752e-02	1.48383766e-01
1.79000000e+04	6.76350202e-04	1.65007688e-04	1.51736022e-04	1.01441867e-04	2.58164626e-04	7.72028342e-02	7.73005560e-02	1.37434036e-01
1.80000000e+04	6.90144603e-04	1.98622583e-04	1.49387939e-04	9.05120833e-05	2.51621968e-04	7.41560310e-02	7.50688240e-02	1.40245512e-01
1.81000000e+04	8.42928886e-04	1.46682854e-04	1.73131863e-04	1.12152869e-04	4.10961278e-04	8.33340958e-02	8.48167911e-02	1.37287974e-01
1.82000000e+04	4.86302946e-04	1.49176543e-04	1.39828102e-04	1.01088161e-04	9.62101185e-05	7.57317096e-02	7.37182721e-02	1.34615913e-01
1.83000000e+04	7.95168453e-04	1.75604859e-04	1.81672527e-04	1.03433311e-04	3.34457756e-04	7.22453296e-02	8.43644813e-02	1.31641254e-01
1.84000000e+04	6.52341580e-04	1.28748536e-04	1.31225679e-04	9.26717985e-05	2.99695559e-04	8.01099986e-02	7.30031282e-02	1.32877111e-01
1.85000000e+04	6.13562239e-04	1.26940198e-04	1.46629885e-04	9.70232213e-05	2.42968934e-04	7.77888224e-02	7.54973292e-02	1.28802717e-01
1.86000000e+04	7.27422419e-04	1.61005897e-04	1.92459614e-04	1.01389545e-04	2.72567413e-04	6.40842840e-02	9.24464092e-02	1.28046140e-01
1.87000000e+04	6.20515319e-04	1.39087118e-04	1.69263410e-04	1.14465911e-04	1.97698871e-04	7.46491253e-02	7.63383731e-02	1.24383166e-01
1.88000000e+04	5.86486771e-04	1.19020660e-04	1.61014294e-04	9.10369999e-05	2.15414839e-04	7.26868808e-02	8.61737430e-02	1.25948593e-01
1.89000000e+04	4.93343221e-04	1.39959506e-04	1.27678883e-04	9.39376550e-05	1.31767156e-04	5.96084297e-02	7.08509833e-02	1.21601857e-01
1.90000000e+04	4.62865108e-04	1.16455813e-04	1.31109729e-04	8.55885010e-05	1.29711058e-04	6.39935881e-02	6.99357912e-02	1.20747797e-01
1.91000000e+04	1.28103525e-03	1.74216344e-04	1.39612152e-04	8.00513226e-05	8.87155416e-04	5.50952405e-02	6.97039589e-02	1.16175503e-01
1.92000000e+04	5.58149826e-04	1.07764638e-04	1.28882282e-04	8.09529956e-05	2.40549896e-04	6.84872046e-02	8.42328146e-02	1.19290538e-01
1.93000000e+04	3.88498185e-04	1.12501453e-04	1.20059747e-04	7.78267276e-05	7.81102426e-05	6.72758743e-02	7.34034330e-02	1.17830731e-01
1.94000000e+04	7.20435986e-04	1.04383835e-04	1.57561793e-04	7.64991710e-05	3.81991151e-04	6.29601032e-02	8.87976661e-02	1.15210429e-01
1.95000000e+04	4.08093561e-04	1.06095809e-04	1.18632131e-04	8.09502017e-05	1.02415412e-04	6.38635978e-02	7.35570490e-02	1.13376312e-01
1.96000000e+04	5.74106991e-04	1.12741967e-04	1.12068781e-04	7.68961036e-05	2.72400153e-04	5.88704906e-02	6.62855953e-02	1.08200356e-01
1.97000000e+04	6.73613918e-04	1.41660814e-04	1.17375312e-04	7.26535218e-05	3.41924257e-04	5.48569597e-02	6.59022555e-02	1.10889509e-01
1.98000000e+04	3.97973985e-04	1.15933202e-04	1.08237204e-04	7.57720918e-05	9.80314653e-05	6.33312538e-02	6.36170655e-02	1.09891027e-01
1.99000000e+04	6.13175915e-04	1.32200716e-04	1.33272246e-04	8.30011850e-05	2.64701754e-04	4.93301526e-02	6.19595312e-02	1.07511848e-01
2.00000000e+04	4.75102395e-04	1.08031076e-04	1.30759305e-04	8.29656201e-05	1.53346409e-04	6.40094057e-02	6.50831237e-02	1.09293573e-01
2.01000000e+04	5.24980540e-04	9.38224548e-05	1.28460699e-04	7.12914261e-05	2.31405953e-04	6.35895282e-02	7.86577910e-02	1.05587944e-01
2.02000000e+04	4.02774487e-04	1.02214930e-04	1.00306308e-04	7.31219843e-05	1.27131250e-04	5.45849688e-02	6.83718696e-02	1.07645914e-01
2.03000000e+04	4.33864305e-04	9.95184382e-05	1.14188952e-04	7.11497414e-05	1.49007174e-04	5.20849340e-02	7.54035562e-02	1.05759032e-01
2.04000000e+04	5.41344867e-04	9.35436256e-05	1.08788830e-04	7.21800898e-05	2.66832329e-04	6.27828762e-02	7.11055994e-02	1.06349640e-01
2.05000000e+04	3.91949608e-04	8.10891506e-05	9.43257692e-05	6.57040364e-05	1.50830660e-04	6.45185858e-02	6.49686232e-02	1.06680572e-01
2.06000000e+04	3.37553996e-04	9.21558385e-05	1.01005709e-04	6.51210648e-05	7.92713836e-05	5.82320653e-02	6.21888787e-02	1.06307767e-01
2.07000000e+04	5.21222479e-04	9.22248073e-05	9.03598702e-05	6.89016306e-05	2.69736192e-04	4.91270721e-02	6.11226372e-02	9.82406586e-02
2.08000000e+04	8.48769443e-04	1.20415687e-04	1.15322335e-04	7.04169142e-05	5.42614493e-04	4.38412130e-02	6.25620261e-02	1.00851573e-01
2.09000000e+04	1.16510468e-03	7.44297577e-05	1.13627990e-04	7.15966235e-05	9.05450317e-04	6.65283352e-02	6.00674786e-02	1.06329687e-01
2.10000000e+04	4.72406799e-04	1.03749109e-04	1.01762198e-04	6.14624878e-05	2.05432982e-04	4.90117334e-02	6.81711584e-02	1.00318037e-01
2.11000000e+04	7.47578160e-04	1.16188428e-04	1.04504295e-04	6.02376022e-05	4.66647849e-04	4.43366244e-02	6.03318512e-02	9.85208303e-02
2.12000000e+04	4.42805322e-04	1.03664774e-04	9.33530391e-05	6.21800355e-05	1.83607481e-04	5.03748134e-02	6.32852316e-02	1.00866884e-01
2.13000000e+04	6.64187130e-04	7.05127968e-05	9.79600445e-05	6.49539725e-05	4.30760352e-04	5.51198982e-02	6.53366148e-02	1.00883894e-01
2.14000000e+04	5.65589347e-04	1.16533673e-04	1.00075347e-04	6.67678323e-05	2.82212510e-04	4.38204855e-02	6.07511327e-02	1.04426838e-01
2.15000000e+04	5.07214747e-04	9.08729271e-05	9.77469899e-05	7.22339391e-05	2.46360898e-04	5.85355610e-02	6.17003962e-02	9.77683365e-02
2.16000000e+04	4.82463569e-04	8.66711925e-05	1.11585243e-04	6.58968929e-05	2.18310219e-04	4.71909493e-02	8.24554414e-02	9.80744511e-02
2.17000000e+04	4.92807594e-04	8.05121963e-05	9.04409026e-05	5.66769450e-05	2.65177514e-04	5.22577353e-02	6.00639433e-02	9.97051448e-02
2.18000000e+04	4.47028753e-04	7.02036705e-05	1.09254310e-04	6.24683089e-05	2.05102464e-04	4.93402109e-02	6.00794815e-02	1.00163057e-01
2.19000000e+04	3.64701147e-04	6.43976455e-05	8.34103121e-05	5.86248025e-05	1.58268391e-04	5.36440872e-02	6.30920082e-02	9.40584615e-02
2.20000000e+04	3.30951123e-04	8.09979028e-05	9.50995454e-05	6.33607633e-05	9.14928823e-05	4.68157232e-02	5.88179752e-02	9.34591964e-02
2.21000000e+04	3.74176336e-04	7.98114706e-05	8.62224333e-05	5.63596586e-05	1.51782762e-04	5.02085872e-02	6.53937832e-02	9.60134566e-02
2.22000000e+04	3.62938066e-04	7.46157457e-05	7.66495359e-05	5.49353390e-05	1.56737442e-04	5.58057725e-02	6.00746386e-02	9.43044722e-02
2.23000000e+04	3.19852494e-04	6.46412736e-05	9.63887796e-05	5.84173540e-05	1.00405086e-04	4.90744971e-02	6.53195083e-02	9.26027894e-02
2.24000000e+04	3.65508429e-04	8.21982903e-05	8.94347395e-05	4.50965199e-05	1.48778854e-04	4.61179763e-02	5.91781102e-02	9.12834182e-02
2.25000000e+04	3.84882675e-04	6.89845911e-05	8.08625264e-05	5.87943177e-05	1.76241243e-04	5.25026135e-02	5.74041456e-02	9.28824693e-02
2.26000000e+04	4.25046281e-04	6.83315156e-05	8.10908095e-05	5.01101822e-05	2.25513766e-04	5.06250001e-02	6.00020662e-02	9.58770886e-02
2.27000000e+04	3.90777044e-04	8.54733298e-05	9.17123762e-05	5.52107667e-05	1.58380572e-04	4.41463217e-02	5.75761087e-02	8.93540382e-02
2.28000000e+04	6.00815751e-04	6.45595428e-05	8.03209332e-05	6.45051914e-05	3.91430047e-04	5.51033132e-02	5.73198386e-02	8.98751915e-02
2.29000000e+04	5.24401315e-04	8.12510116e-05	9.84819126e-05	6.37187986e-05	2.80949607e-04	4.27023694e-02	5.68547435e-02	8.79587680e-02
2.30000000e+04	4.65756922e-04	6.70928712e-05	1.06279236e-04	5.56372870e-05	2.36747510e-04	4.98662479e-02	5.70745058e-02	8.70842487e-02
2.31000000e+04	2.76363688e-04	5.63832800e-05	7.28941450e-05	4.71357926e-05	9.99504700e-05	5.07142209e-02	5.96884154e-02	9.36122388e-02
2.32000000e+04	3.83043342e-04	6.81358797e-05	8.99121223e-05	5.11298822e-05	1.73865454e-04	3.73003893e-02	6.10257350e-02	8.75545964e-02
2.33000000e+04	4.18286101e-04	7.76898960e-05	9.17240468e-05	5.10975005e-05	1.97774658e-04	4.38275263e-02	5.36103211e-02	8.76386538e-02
2.34000000e+04	4.34988033e-04	7.31595137e-05	9.86484010e-05	6.17690166e-05	2.01411109e-04	3.93457226e-02	5.77773377e-02	8.81801099e-02
2.35000000e+04	6.91955327e-04	6.22423177e-05	8.26343385e-05	6.89044900e-05	4.78174217e-04	5.53450547e-02	5.55959940e-02	8.94730538e-02
2.36000000e+04	3.49467067e-04	5.39067732e-05	7.26493017e-05	4.75261841e-05	1.75384805e-04	4.68466990e-02	5.59527203e-02	8.65881145e-02
2.37000000e+04	7.04162230e-04	7.23484263e-05	1.05810817e-04	6.15826284e-05	4.64420358e-04	4.08246703e-02	5.84537163e-02	8.99889991e-02
2.38000000e+04	2.90135504e-04	6.01228348e-05	7.20264798e-05	5.13877567e-05	1.06598418e-04	4.16014753e-02	5.22075631e-02	9.01151076e-02
2.39000000e+04	3.06629110e-04	6.42587911e-05	7.68513200e-05	5.41990375e-05	1.11319961e-04	4.26648781e-02	5.39276712e-02	8.79645199e-02
2.40000000e+04	2.74394522e-04	6.61008016e-05	7.30447719e-05	4.29236170e-05	9.23253174e-05	4.59309109e-02	6.76466674e-02	8.76937881e-02
2.41000000e+04	2.84516689e-04	5.74457081e-05	7.28877858e-05	4.52116365e-05	1.08971559e-04	4.64149825e-02	6.07548989e-02	8.42893794e-02
2.42000000e+04	4.22412413e-04	5.90037453e-05	1.08579035e-04	5.76940947e-05	1.97135538e-04	4.82047014e-02	5.90149388e-02	8.54539201e-02
2.43000000e+04	3.02930799e-04	5.68446630e-05	6.34473399e-05	4.74284680e-05	1.35210328e-04	4.62540314e-02	5.31452857e-02	8.73564035e-02
2.44000000e+04	3.02259461e-04	6.93229158e-05	6.89792651e-05	4.18232594e-05	1.22134035e-04	3.44062522e-02	5.13317548e-02	8.24154392e-02
2.45000000e+04	4.73649154e-04	5.10861137e-05	6.48082860e-05	4.09063614e-05	3.16848396e-04	5.18856384e-02	5.06650172e-02	9.01077464e-02
2.46000000e+04	2.43235496e-04	5.60699445e-05	6.13655502e-05	4.27527302e-05	8.30472709e-05	5.11287712e-02	5.71199991e-02	8.57070014e-02
2.47000000e+04	1.06452859e-03	9.59051322e-05	9.62357590e-05	4.92016334e-05	8.23186070e-04	3.32100578e-02	5.61362468e-02	7.96595588e-02
2.48000000e+04	2.19476089e-04	5.28707787e-05	6.48213390e-05	4.21468540e-05	5.96371174e-05	3.96725908e-02	6.08496368e-02	8.42902586e-02
2.49000000e+04	5.93175180e-04	6.65037587e-05	9.22416875e-05	5.37784581e-05	3.80651269e-04	3.82990725e-02	6.93401620e-02	8.61825198e-02
2.50000000e+04	3.71231115e-04	5.25592659e-05	7.13925110e-05	5.15860665e-05	1.95693283e-04	4.90986742e-02	6.25381321e-02	8.59661251e-02
2.51000000e+04	5.66752336e-04	4.67514292e-05	8.78941501e-05	5.81268760e-05	3.73979885e-04	4.92841452e-02	7.31532499e-02	8.10587406e-02
2.52000000e+04	5.06627723e-04	5.84234658e-05	8.07764518e-05	5.64412476e-05	3.10986565e-04	4.49527614e-02	5.07101491e-02	8.05410221e-02
2.53000000e+04	2.90667580e-04	6.75940464e-05	7.86797536e-05	4.80826748e-05	9.63111088e-05	4.49168086e-02	5.67184947e-02	7.98346102e-02
2.54000000e+04	2.58625048e-04	5.15055399e-05	7.51620901e-05	4.43993631e-05	8.75580663e-05	3.83595936e-02	5.52585796e-02	8.33597630e-02
2.55000000e+04	4.90447739e-04	5.22344089e-05	8.00084599e-05	6.33312811e-05	2.94873607e-04	4.36793566e-02	5.73838614e-02	8.41287002e-02
2.56000000e+04	2.18425674e-04	4.73750515e-05	5.37577216e-05	4.31283224e-05	7.41645854e-05	4.34156172e-02	5.46070747e-02	8.16236660e-02
2.57000000e+04	5.25396608e-04	6.68095454e-05	8.32660444e-05	5.27483571e-05	3.22572654e-04	3.94732729e-02	5.20613156e-02	8.04542378e-02
2.58000000e+04	2.73534650e-04	5.13428568e-05	6.33595191e-05	4.07300213e-05	1.18102253e-04	3.85895073e-02	5.11423573e-02	7.48975724e-02
2.59000000e+04	5.07598277e-04	7.86335004e-05	1.00307392e-04	4.58651957e-05	2.82792200e-04	3.38968076e-02	5.98347709e-02	7.86935985e-02
2.60000000e+04	2.59755907e-04	4.45780788e-05	5.95502606e-05	4.06773142e-05	1.14950242e-04	4.15786915e-02	5.57750501e-02	8.01269040e-02
2.61000000e+04	4.95830784e-04	6.11847718e-05	9.72277994e-05	5.41997470e-05	2.83218455e-04	3.29559632e-02	7.91704953e-02	8.21525902e-02
2.62000000e+04	5.09262900e-04	4.70833511e-05	7.35229842e-05	4.75283487e-05	3.41128238e-04	4.73248884e-02	5.55534400e-02	8.29310119e-02
2.63000000e+04	4.97419620e-04	4.69145125e-05	7.24197162e-05	4.79013870e-05	3.30184033e-04	4.99458946e-02	5.14432527e-02	8.02800804e-02
2.64000000e+04	3.38286802e-04	4.71101339e-05	6.47461129e-05	5.48375938e-05	1.71592939e-04	3.78011689e-02	5.36465310e-02	7.69006535e-02
2.65000000e+04	2.77621322e-04	4.82624564e-05	6.69002038e-05	4.02968144e-05	1.22161829e-04	4.52341251e-02	6.59536198e-02	7.82959908e-02
2.66000000e+04	6.47004810e-04	8.23791925e-05	9.94805014e-05	4.77471367e-05	4.17397998e-04	3.21820006e-02	6.25010803e-02	7.69246593e-02
2.67000000e+04	2.61285575e-04	5.10165264e-05	5.38813983e-05	4.22538942e-05	1.14133742e-04	3.97078805e-02	4.95782308e-02	7.80586377e-02
2.68000000e+04	6.63208775e-04	5.00951392e-05	7.95704327e-05	5.87850991e-05	4.74758126e-04	4.27898392e-02	5.46084940e-02	7.39513189e-02
2.69000000e+04	5.58713626e-04	5.02801631e-05	6.90336165e-05	4.57781534e-05	3.93621682e-04	4.76987585e-02	4.88809980e-02	7.64849260e-02
2.70000000e+04	2.46723386e-04	4.81857787e-05	5.44425820e-05	3.82474936e-05	1.05847525e-04	3.49679068e-02	4.96873818e-02	7.75101557e-02
2.71000000e+04	4.86298668e-04	4.23985002e-05	6.58868012e-05	4.76474379e-05	3.30365932e-04	4.62437868e-02	4.95475419e-02	8.08782950e-02
2.72000000e+04	2.67099560e-04	4.69873485e-05	6.16698453e-05	3.42324529e-05	1.24209910e-04	4.13486585e-02	5.00739515e-02	7.68814087e-02
2.73000000e+04	1.89622762e-04	4.33469904e-05	5.36185325e-05	3.37161910e-05	5.89410520e-05	4.07455079e-02	4.98543382e-02	7.58455247e-02
2.74000000e+04	2.19249210e-04	3.51386007e-05	5.03076371e-05	3.29022441e-05	1.00900725e-04	3.97673026e-02	4.98977378e-02	7.96256885e-02
2.75000000e+04	4.17134899e-04	4.05202009e-05	7.00833043e-05	3.51111412e-05	2.71420256e-04	4.86666560e-02	5.40044606e-02	7.85580948e-02
2.76000000e+04	2.12867933e-04	5.04541676e-05	5.75242375e-05	3.58673024e-05	6.90222223e-05	3.26051973e-02	5.01856953e-02	7.24383816e-02
2.77000000e+04	2.70828721e-04	3.82838043e-05	6.06276481e-05	4.94048945e-05	1.22512371e-04	3.49439457e-02	5.06629832e-02	7.58615807e-02
2.78000000e+04	2.57645239e-04	4.38572570e-05	6.22079242e-05	3.75400305e-05	1.14040027e-04	3.63964736e-02	5.27869463e-02	7.71930441e-02
2.79000000e+04	2.12546394e-04	4.47975035e-05	6.31817820e-05	4.35558977e-05	6.10112183e-05	3.51795070e-02	5.11539802e-02	7.14214295e-02
2.80000000e+04	4.67084756e-04	4.36944429e-05	5.50229997e-05	4.07500811e-05	3.27617221e-04	3.55107710e-02	4.81783412e-02	6.93927258e-02
2.81000000e+04	4.27731633e-04	4.87809230e-05	5.73892212e-05	3.61840757e-05	2.85377406e-04	3.33643258e-02	7.12857768e-02	7.20667988e-02
2.82000000e+04	6.51599083e-04	5.89799201e-05	6.61229278e-05	4.35913353e-05	4.82904899e-04	2.96697002e-02	5.25688715e-02	7.25190490e-02
2.83000000e+04	3.17871716e-04	4.93044172e-05	6.74621770e-05	7.89288024e-05	1.22176309e-04	3.39378566e-02	5.10086529e-02	7.25949854e-02
2.84000000e+04	1.57684088e-03	5.07527984e-05	1.09442997e-04	5.86647002e-05	1.35798042e-03	5.44197522e-02	5.94967119e-02	7.47004002e-02
2.85000000e+04	2.16646615e-04	3.65024607e-05	4.74539484e-05	3.09337847e-05	1.01756421e-04	4.14472148e-02	4.71628159e-02	7.50533640e-02
2.86000000e+04	3.02046014e-04	3.80959682e-05	6.49504072e-05	4.27247978e-05	1.56274837e-04	4.25636433e-02	5.91946803e-02	7.32860118e-02
2.87000000e+04	4.21588542e-04	4.81311799e-05	6.65227490e-05	4.65029007e-05	2.60431698e-04	4.43370789e-02	5.28814048e-02	7.45868906e-02
2.88000000e+04	6.28250476e-04	4.35214824e-05	6.25685570e-05	3.39944236e-05	4.88165999e-04	4.01002057e-02	5.63525893e-02	7.41981566e-02
2.89000000e+04	3.40009225e-04	3.39373692e-05	6.94362752e-05	3.69863337e-05	1.99649236e-04	4.03124914e-02	9.00502428e-02	7.08920583e-02
2.90000000e+04	3.07251757e-04	4.22893827e-05	5.81921850e-05	3.98106495e-05	1.66959551e-04	4.01833877e-02	4.84048724e-02	7.70690739e-02
2.91000000e+04	4.02122852e-04	3.79251978e-05	4.99643866e-05	3.66066670e-05	2.77626619e-04	3.95613238e-02	5.00606336e-02	7.66308531e-02
2.92000000e+04	2.20155955e-04	3.50323098e-05	5.44507129e-05	3.37203601e-05	9.69525790e-05	4.13122103e-02	4.70134839e-02	7.20668510e-02
2.93000000e+04	2.28985329e-04	3.86966713e-05	6.28268317e-05	3.63179752e-05	9.11438547e-05	3.30624096e-02	5.24020977e-02	6.93364590e-02
2.94000000e+04	1.95488319e-04	4.01555299e-05	4.66351012e-05	3.19779501e-05	7.67197344e-05	3.57273035e-02	4.71416153e-02	7.18258396e-02
2.95000000e+04	3.85508407e-04	3.84224113e-05	5.58897846e-05	4.20426841e-05	2.49153527e-04	4.54526283e-02	5.36730736e-02	7.37216845e-02
2.96000000e+04	4.84105025e-04	6.00380044e-05	7.84212680e-05	3.23466229e-05	3.13299126e-04	3.01327705e-02	6.22712560e-02	6.84951767e-02
2.97000000e+04	2.69323995e-04	3.60946178e-05	5.39758912e-05	3.66895474e-05	1.42563935e-04	4.09742147e-02	5.09235337e-02	7.04069659e-02
2.98000000e+04	2.87162489e-04	4.60641240e-05	5.00522947e-05	3.06958063e-05	1.60350261e-04	3.59758660e-02	4.73894179e-02	7.40700141e-02
2.99000000e+04	3.08340474e-04	4.62058051e-05	5.89267365e-05	3.36099256e-05	1.69597988e-04	3.16769741e-02	5.45850433e-02	6.58793673e-02
3.00000000e+04	3.29776609e-04	4.01721336e-05	7.25000064e-05	5.24358838e-05	1.64668585e-04	4.39471789e-02	5.56006879e-02	8.39900672e-02
3.01000000e+04	2.16032175e-04	3.84265804e-05	4.95856766e-05	3.24118591e-05	9.56080621e-05	3.56041081e-02	5.41582704e-02	7.11166784e-02
3.02000000e+04	5.91509510e-04	5.06705401e-05	7.50071049e-05	3.62833889e-05	4.29548469e-04	2.84044426e-02	6.45932034e-02	6.70952871e-02
3.03000000e+04	6.49037363e-04	3.80015408e-05	5.72991339e-05	3.65751184e-05	5.17161563e-04	4.47870046e-02	4.82273772e-02	6.81132898e-02
3.04000000e+04	2.18647096e-04	4.14019742e-05	4.59508410e-05	3.80754536e-05	9.32188195e-05	3.12822200e-02	4.72312272e-02	6.61827549e-02
3.05000000e+04	9.75146017e-04	5.89270567e-05	7.01711033e-05	3.71407805e-05	8.08907091e-04	3.02230604e-02	6.05319515e-02	6.84840083e-02
3.06000000e+04	3.76297103e-04	4.43633289e-05	6.47875058e-05	3.06622387e-05	2.36484033e-04	3.23227867e-02	4.72415537e-02	7.22175390e-02
3.07000000e+04	2.22068498e-04	3.72867544e-05	4.40279946e-05	2.66432580e-05	1.14110488e-04	3.37586664e-02	4.64763269e-02	6.86915517e-02
3.08000000e+04	3.11540876e-04	4.80798772e-05	8.38970882e-05	3.69618501e-05	1.42602061e-04	3.22723761e-02	6.51180819e-02	6.74467906e-02
3.09000000e+04	2.18166126e-04	3.98624725e-05	4.34700050e-05	2.83117042e-05	1.06521948e-04	3.22148018e-02	4.66803275e-02	6.63523003e-02
3.10000000e+04	2.66084651e-04	5.12355000e-05	5.02871844e-05	3.31260962e-05	1.31435867e-04	2.94379406e-02	4.82360907e-02	6.82331026e-02
3.11000000e+04	6.13138196e-04	4.68816688e-05	5.84908594e-05	3.94969611e-05	4.68268670e-04	2.72164289e-02	4.97136302e-02	6.37248158e-02
3.12000000e+04	2.19144189e-04	4.02251026e-05	4.22744561e-05	2.99905896e-05	1.06654043e-04	3.49386260e-02	4.90607917e-02	6.94789514e-02
3.13000000e+04	4.02977981e-04	4.75940033e-05	1.25646067e-04	4.62059616e-05	1.83531942e-04	2.91186906e-02	6.35733604e-02	6.82455748e-02
3.14000000e+04	1.95547895e-04	3.07838964e-05	5.69003932e-05	3.60434642e-05	7.18201482e-05	3.46684568e-02	5.44837043e-02	6.85164854e-02
3.15000000e+04	5.43787202e-04	3.68721849e-05	9.04832559e-05	3.07050177e-05	3.85726744e-04	4.30698581e-02	7.04470575e-02	7.06098080e-02
3.16000000e+04	3.73829389e-04	4.33059176e-05	8.79943327e-05	3.33615026e-05	2.09167629e-04	3.11094820e-02	5.84852584e-02	6.89319074e-02
3.17000000e+04	2.29512734e-04	4.60264964e-05	4.96574321e-05	3.47676250e-05	9.90611734e-05	3.39036696e-02	4.81802672e-02	7.04725906e-02
3.18000000e+04	2.35892949e-04	3.29403229e-05	5.09419187e-05	2.97845654e-05	1.22226134e-04	3.68174650e-02	5.30220494e-02	6.76308572e-02
3.19000000e+04	5.57410473e-04	3.32225209e-05	4.53216780e-05	2.65502294e-05	4.52316046e-04	3.77336554e-02	4.64742817e-02	7.08235279e-02
3.20000000e+04	4.61842224e-04	6.40552898e-05	6.11571450e-05	3.21612351e-05	3.04468558e-04	2.75076907e-02	5.72031550e-02	6.80753663e-02
3.21000000e+04	2.62968417e-04	3.52601310e-05	5.67679854e-05	3.61665734e-05	1.34773712e-04	3.13465670e-02	4.83721308e-02	6.59804121e-02
3.22000000e+04	4.45926678e-04	3.67819957e-05	6.85151899e-05	3.94437120e-05	3.01185792e-04	3.68077010e-02	5.85329793e-02	6.60827532e-02
3.23000000e+04	6.27295696e-04	4.22503581e-05	8.58685598e-05	3.81672398e-05	4.61009506e-04	4.04770523e-02	6.74771667e-02	6.81744367e-02
3.24000000e+04	4.00108576e-04	4.44370125e-05	8.72999226e-05	5.80351589e-05	2.10336497e-04	3.98182496e-02	5.62295169e-02	6.57995865e-02
3.25000000e+04	2.38638604e-04	3.23827226e-05	5.95532401e-05	2.94759448e-05	1.17226686e-04	2.89797112e-02	7.19174445e-02	6.21137507e-02
3.26000000e+04	1.17511823e-04	2.95309601e-05	3.33970747e-05	2.58845503e-05	2.86992326e-05	3.64787392e-02	4.52713110e-02	7.22255111e-02
3.27000000e+04	2.57771055e-04	3.42695930e-05	5.66604649e-05	3.30358598e-05	1.33805152e-04	3.23771611e-02	6.79687485e-02	7.25895837e-02
3.28000000e+04	2.74431251e-04	4.59477815e-05	7.23620760e-05	3.34098331e-05	1.22711543e-04	2.95538902e-02	7.87418857e-02	6.56063557e-02
3.29000000e+04	4.14763170e-04	5.10595601e-05	4.74340995e-05	2.78308835e-05	2.88438634e-04	2.51032226e-02	5.11723645e-02	6.26431182e-02
3.30000000e+04	2.97258841e-04	2.88125320e-05	5.13714294e-05	3.04076548e-05	1.86667225e-04	3.84369157e-02	4.88152765e-02	6.52418137e-02
3.31000000e+04	2.76571518e-04	3.98463453e-05	7.56431764e-05	3.27742964e-05	1.28307700e-04	3.11142392e-02	5.45695089e-02	6.49204627e-02
3.32000000e+04	1.50028180e-04	3.99116398e-05	4.05776918e-05	3.11311014e-05	3.84077466e-05	3.51771414e-02	4.57642078e-02	6.96565807e-02
3.33000000e+04	2.78694730e-04	2.92202767e-05	3.91091089e-05	3.40754232e-05	1.76289919e-04	3.29017453e-02	4.64122966e-02	6.93578646e-02
3.34000000e+04	2.12298037e-04	3.48723188e-05	4.18967757e-05	2.72680991e-05	1.08260836e-04	2.78156139e-02	4.63549681e-02	6.49221241e-02
3.35000000e+04	1.62277662e-04	3.60404629e-05	3.51639028e-05	2.87312469e-05	6.23420565e-05	2.96361446e-02	5.15554957e-02	6.64325133e-02
3.36000000e+04	3.15828918e-04	3.21140869e-05	5.19868481e-05	3.03669949e-05	2.01360992e-04	2.75966190e-02	5.01740128e-02	6.92125559e-02
3.37000000e+04	3.24802648e-04	3.98612974e-05	7.91245766e-05	3.86320608e-05	1.67184713e-04	3.30036879e-02	8.32186341e-02	6.37736470e-02
3.38000000e+04	2.35170446e-04	3.56793716e-05	5.62533496e-05	3.46472698e-05	1.08590451e-04	3.03304233e-02	4.75477017e-02	6.29682541e-02
3.39000000e+04	1.92495805e-04	2.90621865e-05	5.88428848e-05	3.20510553e-05	7.25396822e-05	3.06295138e-02	4.79395874e-02	6.15444556e-02
3.40000000e+04	7.28286162e-04	3.55025259e-05	5.53005921e-05	4.31013759e-05	5.94381650e-04	4.75605763e-02	4.79664020e-02	7.07855821e-02
3.41000000e+04	5.39176632e-04	4.00039025e-05	7.33119086e-05	4.01533252e-05	3.85707477e-04	4.26084660e-02	5.32891601e-02	6.63917437e-02
3.42000000e+04	1.47513056e-04	3.71666065e-05	3.44804321e-05	2.62084595e-05	4.96575522e-05	2.75559835e-02	5.38402908e-02	6.53994605e-02
3.43000000e+04	2.76607083e-04	2.81519406e-05	4.03132617e-05	2.60420020e-05	1.82099888e-04	4.12173457e-02	4.70849052e-02	6.40658736e-02
3.44000000e+04	1.69935782e-04	3.07553637e-05	4.44750658e-05	2.77452818e-05	6.69600704e-05	3.06542795e-02	5.93651384e-02	6.39950782e-02
3.45000000e+04	3.51618219e-04	3.45705230e-05	5.87770046e-05	2.97114311e-05	2.28559249e-04	3.66985500e-02	4.96049337e-02	6.57845885e-02
3.46000000e+04	4.23921621e-04	4.19542703e-05	5.24315328e-05	2.39889887e-05	3.05546826e-04	2.81928740e-02	4.78475802e-02	6.32596388e-02
3.47000000e+04	5.26870135e-04	3.12307529e-05	6.62910679e-05	3.05997710e-05	3.98748554e-04	4.03005555e-02	7.12708533e-02	6.58243299e-02
3.48000000e+04	5.71297365e-04	3.07042756e-05	6.03470544e-05	4.03785452e-05	4.39867494e-04	3.38783748e-02	5.27285971e-02	6.80409968e-02
3.49000000e+04	4.02863661e-04	3.19927531e-05	6.45123582e-05	3.09663301e-05	2.75392231e-04	3.83928418e-02	5.45872152e-02	6.05438612e-02
3.50000000e+04	2.06500466e-04	2.66101888e-05	3.39152793e-05	2.25533186e-05	1.23421676e-04	3.41353230e-02	5.00447713e-02	5.90506978e-02
3.51000000e+04	1.88167265e-04	3.20942381e-05	4.43672689e-05	2.53792823e-05	8.63264795e-05	2.67199520e-02	4.61184867e-02	6.38584569e-02
3.52000000e+04	2.05674465e-03	7.49784813e-05	7.35869762e-05	4.00519784e-05	1.86812715e-03	2.37872116e-02	4.61676903e-02	5.89758903e-02
3.53000000e+04	1.46232051e-04	2.90875196e-05	3.63519284e-05	2.68808744e-05	5.39117318e-05	3.15481573e-02	4.75276299e-02	6.18095584e-02
3.54000000e+04	2.15854190e-04	3.30194162e-05	4.60380143e-05	2.33290757e-05	1.13467686e-04	3.17339636e-02	5.48962653e-02	6.61570504e-02
3.55000000e+04	4.22742218e-04	3.19426326e-05	4.26315346e-05	3.44158507e-05	3.13752185e-04	3.63010168e-02	6.97592199e-02	6.51464984e-02
3.56000000e+04	3.35085730e-04	3.32462296e-05	7.46962323e-05	4.17250194e-05	1.85418263e-04	3.20067815e-02	6.09399788e-02	6.36349767e-02
3.57000000e+04	2.87257892e-04	3.81216050e-05	4.74848021e-05	2.83130903e-05	1.73338383e-04	2.97161546e-02	4.82314937e-02	6.07824586e-02
3.58000000e+04	3.34146112e-04	3.20176296e-05	7.03297774e-05	4.61141426e-05	1.85684563e-04	3.36148329e-02	8.07931945e-02	6.60271123e-02
3.59000000e+04	3.03390523e-04	3.77106335e-05	5.14385210e-05	3.47554960e-05	1.79485869e-04	2.35864390e-02	4.87846024e-02	5.84417246e-02
3.60000000e+04	1.98638518e-04	2.96675880e-05	6.80941594e-05	3.52594798e-05	6.56172924e-05	2.89117098e-02	4.96386252e-02	6.21967129e-02
3.61000000e+04	3.22749256e-04	3.46768502e-05	4.57182250e-05	4.42804194e-05	1.98073772e-04	2.98540145e-02	5.18781208e-02	5.92439063e-02
3.62000000e+04	6.09105453e-04	3.02056815e-05	4.07402040e-05	2.68832446e-05	5.11276303e-04	3.53883170e-02	4.45268415e-02	6.50850460e-02
3.63000000e+04	7.72183412e-04	6.15193203e-05	1.03906059e-04	4.25724465e-05	5.64185611e-04	2.01798286e-02	5.08043729e-02	6.05907254e-02
3.64000000e+04	1.45171900e-04	2.45108276e-05	3.51959097e-05	2.10776088e-05	6.43875537e-05	3.22503857e-02	6.06936142e-02	6.24401011e-02
3.65000000e+04	4.48801264e-04	5.35315739e-05	7.61467527e-05	4.92427025e-05	2.69880227e-04	2.30651200e-02	5.79193644e-02	6.16182834e-02
3.66000000e+04	2.65437644e-04	3.51051895e-05	4.93940643e-05	4.93411026e-05	1.31597291e-04	3.35075855e-02	5.06120697e-02	6.30694628e-02
3.67000000e+04	3.40159051e-04	3.14643985e-05	5.89407719e-05	2.96409926e-05	2.20112881e-04	3.45129445e-02	5.21917082e-02	6.44161925e-02
3.68000000e+04	1.96235778e-04	2.96584603e-05	5.22169466e-05	4.01178368e-05	7.42425327e-05	3.18766236e-02	4.74549271e-02	6.44235462e-02
3.69000000e+04	3.19434272e-04	2.53655126e-05	4.39835785e-05	2.77951294e-05	2.22290051e-04	3.85258533e-02	4.39282730e-02	6.51698858e-02
3.70000000e+04	2.98124331e-04	4.52653221e-05	8.44562528e-05	3.85667190e-05	1.29836058e-04	2.74161510e-02	7.24469945e-02	6.14795461e-02
3.71000000e+04	2.05143209e-04	3.14147765e-05	3.75352429e-05	2.19356079e-05	1.14257571e-04	2.79960576e-02	4.56621908e-02	6.11359291e-02
3.72000000e+04	3.30628071e-04	4.12335539e-05	8.01080823e-05	2.98012728e-05	1.79485141e-04	3.30952741e-02	6.65630475e-02	6.31545037e-02
3.73000000e+04	2.62113434e-04	4.06103500e-05	5.69712975e-05	3.38383870e-05	1.30693399e-04	2.96443477e-02	7.24020153e-02	6.39515892e-02
3.74000000e+04	2.12563944e-04	3.81363207e-05	5.85181624e-05	2.91884498e-05	8.67210183e-05	2.83930600e-02	6.34236559e-02	6.12158775e-02
3.75000000e+04	1.27108957e-04	2.32541224e-05	3.17836166e-05	2.17903216e-05	5.02809016e-05	3.17851119e-02	4.55514975e-02	6.07188530e-02
3.76000000e+04	2.54581973e-04	2.73766273e-05	6.67765635e-05	5.11340113e-05	1.09294786e-04	2.88085826e-02	4.79058400e-02	5.59890456e-02
3.77000000e+04	2.98380590e-04	3.09385723e-05	4.41657430e-05	4.41056436e-05	1.79170631e-04	3.31340320e-02	4.90554497e-02	7.09664300e-02
3.78000000e+04	2.57417210e-04	2.67303694e-05	5.68709002e-05	3.84139094e-05	1.35402035e-04	2.96248309e-02	6.14478290e-02	6.06998764e-02
3.79000000e+04	3.29577510e-04	3.41131781e-05	4.01343714e-05	4.39630276e-05	2.11366932e-04	3.14745679e-02	4.90141101e-02	6.23556077e-02
3.80000000e+04	3.60130914e-04	3.16975456e-05	5.27373595e-05	4.60031479e-05	2.29692872e-04	3.62433791e-02	4.98151407e-02	5.96651398e-02
3.81000000e+04	2.37117114e-04	3.55193260e-05	3.74292249e-05	1.97041172e-05	1.44464444e-04	2.47283801e-02	5.29197454e-02	6.01029806e-02
3.82000000e+04	2.95930222e-04	3.50926675e-05	5.38188142e-05	3.17943086e-05	1.75224428e-04	2.59730015e-02	5.11318669e-02	5.63432723e-02
3.83000000e+04	2.23475596e-04	2.36925480e-05	2.96484341e-05	2.04153348e-05	1.49719272e-04	3.11419331e-02	4.49378863e-02	5.54750673e-02
3.84000000e+04	1.72523025e-04	2.82773344e-05	5.57430722e-05	2.47979151e-05	6.37047124e-05	2.94540040e-02	6.11960217e-02	6.02944307e-02
3.85000000e+04	2.32300663e-04	2.79078722e-05	5.11999169e-05	3.05688664e-05	1.22624013e-04	3.72644328e-02	5.46355844e-02	5.96333332e-02
3.86000000e+04	3.37338482e-04	2.57390948e-05	5.78651416e-05	2.44239654e-05	2.29310288e-04	3.90788913e-02	5.81083708e-02	5.92969880e-02
3.87000000e+04	1.88214501e-04	2.58317887e-05	4.84387019e-05	3.00315678e-05	8.39124332e-05	3.23712230e-02	5.21666035e-02	5.89518361e-02
3.88000000e+04	1.21865720e-04	2.11648967e-05	3.07286064e-05	2.14551383e-05	4.85170822e-05	3.02086677e-02	4.61658314e-02	5.74820638e-02
3.89000000e+04	3.20588617e-04	2.44659532e-05	5.18362795e-05	3.04319401e-05	2.13854451e-04	3.38428169e-02	6.98598102e-02	5.70669845e-02
3.90000000e+04	2.59265187e-04	2.90364496e-05	5.54027138e-05	2.20559505e-05	1.52770066e-04	3.55547890e-02	5.59647866e-02	6.05019964e-02
3.91000000e+04	4.51900181e-04	2.61071073e-05	4.83385666e-05	2.73385285e-05	3.50115995e-04	3.48701812e-02	5.01206256e-02	6.07419647e-02
3.92000000e+04	2.82459892e-04	4.37695016e-05	4.82944597e-05	3.18707571e-05	1.58525174e-04	2.65897643e-02	4.73424532e-02	5.83877601e-02
3.93000000e+04	2.18581583e-04	2.73388232e-05	7.67505844e-05	2.73438545e-05	8.71483280e-05	2.96128746e-02	6.28615394e-02	5.84946126e-02
3.94000000e+04	1.85315148e-04	3.08504641e-05	5.55990191e-05	2.74945378e-05	7.13711124e-05	2.89080087e-02	5.59823029e-02	5.92086054e-02
3.95000000e+04	2.09782913e-04	3.02403896e-05	4.40227341e-05	2.05902834e-05	1.14929499e-04	3.06411926e-02	4.78827208e-02	6.10912032e-02
3.96000000e+04	1.64790836e-04	2.64392729e-05	4.70900304e-05	2.60491634e-05	6.52123781e-05	2.71096360e-02	5.30949533e-02	5.82136139e-02
3.97000000e+04	2.02676543e-04	2.73920759e-05	5.87497088e-05	2.72325160e-05	8.93022443e-05	2.46683806e-02	6.54537156e-02	6.01827577e-02
3.98000000e+04	3.26951529e-04	2.73853948e-05	4.00933277e-05	2.72969028e-05	2.32175895e-04	3.69007662e-02	4.52977158e-02	6.14069402e-02
3.99000000e+04	3.66766530e-04	2.80762670e-05	6.82617901e-05	3.35749282e-05	2.36853550e-04	3.20228823e-02	5.03101461e-02	6.62619695e-02
4.00000000e+04	3.31229006e-04	2.46549935e-05	3.78815748e-05	2.38142657e-05	2.44878174e-04	3.04643027e-02	4.88444269e-02	6.17770590e-02
4.01000000e+04	2.48118275e-04	3.11863114e-05	3.98208540e-05	2.57139673e-05	1.51397137e-04	2.47895084e-02	4.85392921e-02	5.68292327e-02
4.02000000e+04	5.12656639e-04	6.11171781e-05	4.60012961e-05	2.95642549e-05	3.75973905e-04	2.44625844e-02	4.42942046e-02	5.77259734e-02
4.03000000e+04	5.49234916e-04	4.41641387e-05	5.79910193e-05	3.50854862e-05	4.11994261e-04	2.61730496e-02	5.95824681e-02	6.06455728e-02
4.04000000e+04	2.33917846e-04	2.95149439e-05	3.55014345e-05	1.94315253e-05	1.49469939e-04	2.50850748e-02	4.70135026e-02	5.67303970e-02
4.05000000e+04	4.22561250e-04	2.75463626e-05	4.34185094e-05	2.50783251e-05	3.26518057e-04	3.16552036e-02	4.71257456e-02	6.44292906e-02
4.06000000e+04	2.29596408e-04	3.09245188e-05	6.28731868e-05	2.59791541e-05	1.09819550e-04	2.60061715e-02	5.95836304e-02	5.81120178e-02
4.07000000e+04	2.29438388e-04	3.25799992e-05	4.74271474e-05	2.75953407e-05	1.21835896e-04	2.62522716e-02	5.08410633e-02	5.71048483e-02
4.08000000e+04	1.14502705e-04	2.34547006e-05	2.98928844e-05	2.09381869e-05	4.02169353e-05	2.79513877e-02	4.46409918e-02	5.64437434e-02
4.09000000e+04	2.33208033e-04	2.50016565e-05	3.38333193e-05	2.02573392e-05	1.54115725e-04	2.51367968e-02	4.43059616e-02	5.70800379e-02
4.10000000e+04	3.30825394e-04	2.88611700e-05	4.08213018e-05	3.69522604e-05	2.24190677e-04	2.22848896e-02	4.34579588e-02	5.42949103e-02
4.11000000e+04	1.40923454e-04	2.30643891e-05	3.17550694e-05	2.71932804e-05	5.89107112e-05	3.00955325e-02	4.60460186e-02	5.70366271e-02
4.12000000e+04	1.04989519e-03	4.92554573e-05	7.27708029e-05	5.37996275e-05	8.74069287e-04	2.75760442e-02	5.11009656e-02	5.65541573e-02
4.13000000e+04	4.97449422e-04	3.59175683e-05	8.79601066e-05	6.96250645e-05	3.03946726e-04	3.04574650e-02	6.17778525e-02	5.94180822e-02
4.14000000e+04	3.21669853e-04	2.76041737e-05	5.46857700e-05	2.11674142e-05	2.18212503e-04	3.13084461e-02	5.23720831e-02	6.00861423e-02
4.15000000e+04	4.22396522e-04	2.41801190e-05	5.44680224e-05	2.63668026e-05	3.17381578e-04	2.72348728e-02	6.42188266e-02	5.14635779e-02
4.16000000e+04	2.63666996e-04	3.13902674e-05	6.59237194e-05	3.30202165e-05	1.33332796e-04	2.49174275e-02	4.91885766e-02	5.90429902e-02
4.17000000e+04	1.93380460e-04	2.30470469e-05	3.76715216e-05	2.14467636e-05	1.11215122e-04	3.19748074e-02	4.52087782e-02	5.76121844e-02
4.18000000e+04	2.70759047e-04	2.37789609e-05	6.74654439e-05	2.48551059e-05	1.54659530e-04	3.11950147e-02	6.56484738e-02	5.72336577e-02
4.19000000e+04	3.21389845e-04	2.83114659e-05	5.07109944e-05	3.18252351e-05	2.10542159e-04	2.97544226e-02	4.99403477e-02	5.75342700e-02
4.20000000e+04	1.49339670e-04	2.57875854e-05	3.33943535e-05	2.88651099e-05	6.12926233e-05	2.20366195e-02	5.42779267e-02	5.70080057e-02
4.21000000e+04	2.40813009e-04	2.85164879e-05	4.81873903e-05	2.24601135e-05	1.41649012e-04	2.31357310e-02	5.03606200e-02	5.26900813e-02
4.22000000e+04	2.00943905e-04	2.44461971e-05	3.69519403e-05	3.27558373e-05	1.06789936e-04	3.52090821e-02	4.60393503e-02	6.61728233e-02
4.23000000e+04	2.79726810e-04	2.76653172e-05	5.58526335e-05	2.66462685e-05	1.69562598e-04	2.93736607e-02	4.90968041e-02	5.93778268e-02
4.24000000e+04	1.98426045e-04	2.08985075e-05	6.36042023e-05	2.60542020e-05	8.78691426e-05	2.62695756e-02	8.32091644e-02	5.65825142e-02
4.25000000e+04	5.02422918e-04	4.08395026e-05	4.55981790e-05	2.49187306e-05	3.91066482e-04	2.09458340e-02	4.73724119e-02	5.41338772e-02
4.26000000e+04	1.19318618e-04	1.92256684e-05	3.55840311e-05	2.34794315e-05	4.10294888e-05	2.64745317e-02	4.98911999e-02	5.53502999e-02
4.27000000e+04	1.91737316e-04	3.05124813e-05	3.63438485e-05	2.68908880e-05	9.79900942e-05	2.27603149e-02	5.01612946e-02	5.68961427e-02
4.28000000e+04	2.58181768e-04	2.46912623e-05	5.76823404e-05	2.19730573e-05	1.53835121e-04	2.56172456e-02	6.49700835e-02	5.77098429e-02
4.29000000e+04	4.25530510e-04	3.16551850e-05	5.38466484e-05	3.22632004e-05	3.07765469e-04	2.26718653e-02	4.50911485e-02	5.87298088e-02
4.30000000e+04	1.18989949e-04	2.24939286e-05	3.36350677e-05	1.76968897e-05	4.51640626e-05	2.86875926e-02	5.00337705e-02	5.58084771e-02
4.31000000e+04	2.73632293e-04	3.56909368e-05	4.69388178e-05	2.98824816e-05	1.61120057e-04	2.66892295e-02	4.64334041e-02	5.88347502e-02
4.32000000e+04	2.73697806e-04	2.51040219e-05	3.93581686e-05	2.43550621e-05	1.84880555e-04	2.82581914e-02	4.50180098e-02	5.55491075e-02
4.33000000e+04	1.82867749e-04	2.19929116e-05	4.09076783e-05	2.34344170e-05	9.65327490e-05	2.98608672e-02	6.24356568e-02	5.44691682e-02
4.34000000e+04	2.52925529e-04	3.03805737e-05	3.17042468e-05	2.56869989e-05	1.65153717e-04	2.50118021e-02	4.80118431e-02	5.44803105e-02
4.35000000e+04	1.94889057e-04	2.56853036e-05	3.32941127e-05	2.38917019e-05	1.12017937e-04	3.03273126e-02	4.68972772e-02	5.62714152e-02
4.36000000e+04	2.89057760e-04	3.12887350e-05	4.03174345e-05	3.86324828e-05	1.78819115e-04	2.55622286e-02	4.35962975e-02	5.29788509e-02
4.37000000e+04	1.54318637e-04	2.80077547e-05	4.71140920e-05	2.97292918e-05	4.94675114e-05	2.69254092e-02	5.85913770e-02	5.48253953e-02
4.38000000e+04	4.32925532e-04	4.17919327e-05	1.15001822e-04	4.58947761e-05	2.30236998e-04	2.12099496e-02	5.05033955e-02	5.69504388e-02
4.39000000e+04	2.56882340e-04	3.16343830e-05	5.60410845e-05	2.34053878e-05	1.45801474e-04	2.20320728e-02	5.36573976e-02	5.42502590e-02
4.40000000e+04	1.73038192e-04	2.04039843e-05	2.90225744e-05	2.31161357e-05	1.00495497e-04	2.50373259e-02	4.36226428e-02	5.67819700e-02
4.41000000e+04	1.71536172e-04	2.78988828e-05	3.63073596e-05	1.91670715e-05	8.81628657e-05	2.41558254e-02	4.44470048e-02	5.71711138e-02
4.42000000e+04	3.76806594e-04	3.08069357e-05	5.10022874e-05	2.64996761e-05	2.68497679e-04	3.02211065e-02	5.53069822e-02	5.52318171e-02
4.43000000e+04	1.78525719e-04	2.21651044e-05	3.73611256e-05	2.68503354e-05	9.21491519e-05	2.49941275e-02	5.31304143e-02	5.13981618e-02
4.44000000e+04	2.28367557e-04	2.14142165e-05	4.66496858e-05	2.69045904e-05	1.33399066e-04	2.65683457e-02	4.79626991e-02	5.83441295e-02
4.45000000e+04	2.34955834e-04	3.04805089e-05	4.25891849e-05	2.04558510e-05	1.41430297e-04	2.16141585e-02	4.58312333e-02	5.41452318e-02
4.46000000e+04	2.81285902e-04	2.90780918e-05	5.78249783e-05	2.43705199e-05	1.70012310e-04	2.37444565e-02	5.96569702e-02	5.09882346e-02
4.47000000e+04	2.20487302e-04	2.32101575e-05	4.85863020e-05	2.95874233e-05	1.19103410e-04	3.47524509e-02	7.14627728e-02	5.61521910e-02
4.48000000e+04	1.41583849e-04	2.30601745e-05	2.49478089e-05	1.74140878e-05	7.61617703e-05	2.43849326e-02	4.43874784e-02	5.72012775e-02
4.49000000e+04	1.35637310e-04	2.28549397e-05	2.88346728e-05	1.78091523e-05	6.61385420e-05	2.32357737e-02	4.22721691e-02	5.41699976e-02
4.50000000e+04	1.41666009e-04	1.96975761e-05	3.39313483e-05	1.83611828e-05	6.96758943e-05	3.09389271e-02	4.62420844e-02	5.68651743e-02
4.51000000e+04	2.21319351e-04	2.43077029e-05	3.96079849e-05	1.78807113e-05	1.39522963e-04	2.58244742e-02	5.96025698e-02	5.46615310e-02
4.52000000e+04	2.20325106e-04	3.23589120e-05	4.62010066e-05	2.31927988e-05	1.18572389e-04	2.26001348e-02	5.09436354e-02	5.82213067e-02
4.53000000e+04	2.17190129e-04	2.32796156e-05	3.63332510e-05	2.33067331e-05	1.34270522e-04	2.98171472e-02	5.04968278e-02	5.53198941e-02
4.54000000e+04	3.26099631e-04	2.16311273e-05	3.09188363e-05	1.99222031e-05	2.53627484e-04	3.01933214e-02	4.83358279e-02	5.80314547e-02
4.55000000e+04	1.69680774e-04	2.42054666e-05	3.39805956e-05	3.08567251e-05	8.06379830e-05	2.09415872e-02	4.20182273e-02	5.26587516e-02
4.56000000e+04	1.60457930e-04	2.69229859e-05	3.84829691e-05	3.40406732e-05	6.10112947e-05	2.43623499e-02	4.25113216e-02	5.37098199e-02
4.57000000e+04	4.30632150e-04	3.04934874e-05	5.21873444e-05	3.86378852e-05	3.09313444e-04	3.13619561e-02	4.25610617e-02	5.74213043e-02
4.58000000e+04	2.82750349e-04	3.19018400e-05	6.32276642e-05	2.56854801e-05	1.61935372e-04	2.59916466e-02	5.82460277e-02	5.11419624e-02
4.59000000e+04	1.70278957e-03	3.98082630e-05	6.40820363e-05	3.53663308e-05	1.56353298e-03	4.83035110e-02	5.63119426e-02	5.70966266e-02
4.60000000e+04	2.31023092e-04	2.51293241e-05	4.11651490e-05	3.11917283e-05	1.33536887e-04	2.91116368e-02	4.56012115e-02	5.36126159e-02
4.61000000e+04	1.58461058e-04	2.10258040e-05	3.95067909e-05	2.28801237e-05	7.50483450e-05	2.80334447e-02	4.28110734e-02	5.39199933e-02
4.62000000e+04	1.31083681e-04	2.32167349e-05	2.61998612e-05	2.43828508e-05	5.72842328e-05	2.48684958e-02	5.02043255e-02	5.66751510e-02
4.63000000e+04	2.48570723e-04	2.63190559e-05	3.17051599e-05	2.48019605e-05	1.65744554e-04	2.36943103e-02	4.38303761e-02	5.23472056e-02
4.64000000e+04	1.89956045e-04	1.93473297e-05	2.59636818e-05	1.97279023e-05	1.24917133e-04	2.91052591e-02	4.76818532e-02	5.57697415e-02
4.65000000e+04	1.00436431e-04	1.84846122e-05	2.32320417e-05	1.53165747e-05	4.34032008e-05	2.98136827e-02	4.33826223e-02	5.57139479e-02
4.66000000e+04	1.74289249e-04	2.42095175e-05	3.42099484e-05	1.95639404e-05	9.63058483e-05	2.51242220e-02	4.46392298e-02	5.48983254e-02
4.67000000e+04	3.70061985e-04	2.44767180e-05	4.44449070e-05	2.55644609e-05	2.75575905e-04	3.05553731e-02	5.47069311e-02	5.23175672e-02
4.68000000e+04	1.13616188e-04	2.37363329e-05	2.70349610e-05	1.71721549e-05	4.56727394e-05	2.44309157e-02	4.93701100e-02	5.36803938e-02
4.69000000e+04	2.86559574e-04	2.56965213e-05	4.81097668e-05	2.88731335e-05	1.83880155e-04	2.58040391e-02	4.89331000e-02	5.25783487e-02
4.70000000e+04	1.96046924e-04	2.36505839e-05	5.59447108e-05	2.63743223e-05	9.00772939e-05	2.37887055e-02	4.95553315e-02	5.13684936e-02
4.71000000e+04	4.27774241e-04	2.62277954e-05	6.19258644e-05	2.52479840e-05	3.14372592e-04	2.74586696e-02	5.26562296e-02	5.54755181e-02
4.72000000e+04	1.96562702e-04	1.88940248e-05	3.52716670e-05	1.99341412e-05	1.22462865e-04	2.56022010e-02	5.71607538e-02	5.01640216e-02
4.73000000e+04	1.55369984e-04	2.04300286e-05	2.38296616e-05	1.74790675e-05	9.36312208e-05	2.48642433e-02	4.12886441e-02	5.65507561e-02
4.74000000e+04	2.29016208e-04	2.89979507e-05	4.19959542e-05	2.95114933e-05	1.28510816e-04	3.45504470e-02	4.45298776e-02	5.16747013e-02
4.75000000e+04	3.91014240e-04	2.09857935e-05	2.92761015e-05	1.66733334e-05	3.24079010e-04	3.33965980e-02	4.32932489e-02	5.19434586e-02
4.76000000e+04	3.68873356e-04	2.89063737e-05	3.32124764e-05	2.51630172e-05	2.81591492e-04	2.34599244e-02	4.31715548e-02	5.12480587e-02
4.77000000e+04	9.86778905e-05	1.91216604e-05	2.97610750e-05	1.90014925e-05	3.07936607e-05	2.43682861e-02	4.32167538e-02	5.15441634e-02
4.78000000e+04	2.24725562e-04	2.34537692e-05	4.56737907e-05	3.05363719e-05	1.25061633e-04	2.58700568e-02	4.75819372e-02	5.02258316e-02
4.79000000e+04	2.52962229e-04	2.76755454e-05	4.25693506e-05	2.25111853e-05	1.60206138e-04	2.11042166e-02	4.36673835e-02	5.23747019e-02
4.80000000e+04	2.80134816e-04	2.03297350e-05	4.45592304e-05	1.83540124e-05	1.96891837e-04	2.95182690e-02	5.46969660e-02	5.67683317e-02
4.81000000e+04	3.40836908e-04	2.11420447e-05	4.19779681e-05	2.21464688e-05	2.55570427e-04	3.28872763e-02	7.15368390e-02	5.63968457e-02
4.82000000e+04	2.59336171e-04	2.57255961e-05	3.62289902e-05	2.10080125e-05	1.76373564e-04	2.55911313e-02	5.10104224e-02	5.66767678e-02
4.83000000e+04	2.25974771e-04	2.70172259e-05	3.30366493e-05	2.68666699e-05	1.39054217e-04	2.42039766e-02	4.28491160e-02	5.15246093e-02
4.84000000e+04	3.36276338e-04	2.79119067e-05	4.13167763e-05	2.05460692e-05	2.46501586e-04	2.73265876e-02	4.30462584e-02	5.49338572e-02
4.85000000e+04	1.84248376e-04	2.37153563e-05	3.41177765e-05	1.86530906e-05	1.07762156e-04	2.38949023e-02	4.35582399e-02	5.37806898e-02
4.86000000e+04	2.52211728e-04	2.73614496e-05	3.34646975e-05	2.00565537e-05	1.71329026e-04	2.06425879e-02	4.23840657e-02	5.35098910e-02
4.87000000e+04	1.31907349e-04	1.67423841e-05	2.98025298e-05	2.21689243e-05	6.31935109e-05	2.52612475e-02	4.93792072e-02	5.18113971e-02
4.88000000e+04	1.39174474e-04	2.47949029e-05	2.47453154e-05	2.34954896e-05	6.61387603e-05	2.29706969e-02	4.88313511e-02	5.03320470e-02
4.89000000e+04	3.86626052e-04	2.83806676e-05	3.66709210e-05	3.22033120e-05	2.89371150e-04	2.10020822e-02	4.60857749e-02	4.75356765e-02
4.90000000e+04	1.02688813e-04	1.84855344e-05	2.81831199e-05	1.83352640e-05	3.76848984e-05	2.66363770e-02	4.90062982e-02	5.28040268e-02
4.91000000e+04	1.82040181e-04	2.75498805e-05	5.26224612e-05	1.64436569e-05	8.54241807e-05	2.19262429e-02	5.76267056e-02	5.12535237e-02
4.92000000e+04	1.95501518e-04	2.12585928e-05	3.49376060e-05	2.39041674e-05	1.15401141e-04	2.76606083e-02	4.40717489e-02	5.22517897e-02
4.93000000e+04	4.52507957e-04	3.48492686e-05	4.06144027e-05	2.33671399e-05	3.53677140e-04	2.13023946e-02	4.52785715e-02	5.30991852e-02
4.94000000e+04	1.10294903e-04	1.74032230e-05	2.48955821e-05	1.41447181e-05	5.38513741e-05	2.40320433e-02	4.10192981e-02	5.21838441e-02
4.95000000e+04	1.30270710e-04	2.25732110e-05	2.68400545e-05	2.05616052e-05	6.02958426e-05	2.39568055e-02	5.75838834e-02	5.11235371e-02
4.96000000e+04	2.03143718e-04	2.81840821e-05	3.49479596e-05	2.45776828e-05	1.15433984e-04	2.26289164e-02	4.22752798e-02	5.11342660e-02
4.97000000e+04	3.29895294e-04	3.26959234e-05	3.25177680e-05	1.58157563e-05	2.48865865e-04	2.19881572e-02	4.69011366e-02	5.33245578e-02
4.98000000e+04	1.69170467e-04	1.58250223e-05	3.15882680e-05	1.51372933e-05	1.06619882e-04	2.80044004e-02	4.33219522e-02	5.65916114e-02
4.99000000e+04	1.68395520e-04	1.79258095e-05	3.05602407e-05	1.77636502e-05	1.02145808e-04	2.46639382e-02	4.29918319e-02	5.19142635e-02
5.00000000e+04	1.29779917e-04	1.90288756e-05	2.30763399e-05	1.56233091e-05	7.20513999e-05	2.63485163e-02	4.80774194e-02	5.53455912e-02
5.01000000e+04	3.12148943e-04	2.99675849e-05	4.78608708e-05	1.76575668e-05	2.16662927e-04	2.44427565e-02	5.81050590e-02	5.26943654e-02
5.02000000e+04	1.15760180e-04	1.94478980e-05	3.77356191e-05	1.62162796e-05	4.23603888e-05	2.51643434e-02	5.34551032e-02	5.04638888e-02
5.03000000e+04	1.66490662e-03	5.18003799e-05	8.43594971e-05	2.62136873e-05	1.50253309e-03	2.24345960e-02	7.65043870e-02	4.73924689e-02
5.04000000e+04	1.35008260e-04	2.38614648e-05	4.33010791e-05	2.00437662e-05	4.78019465e-05	2.79285945e-02	5.04084639e-02	5.14954925e-02
5.05000000e+04	1.44520105e-04	1.82244767e-05	3.61532875e-05	1.77069305e-05	7.24354177e-05	2.35388894e-02	5.25490791e-02	5.29837832e-02
5.06000000e+04	1.61819567e-04	2.33097016e-05	3.46134730e-05	2.60293837e-05	7.78670146e-05	2.39436962e-02	4.36857827e-02	5.46626113e-02
5.07000000e+04	1.82301126e-04	1.90744850e-05	3.07714618e-05	1.64610174e-05	1.15994160e-04	2.69619599e-02	4.49861363e-02	5.05205616e-02
5.08000000e+04	1.94106309e-04	1.76696303e-05	3.03900233e-05	2.69226657e-05	1.19123979e-04	3.00166905e-02	4.14167792e-02	5.08774742e-02
5.09000000e+04	2.72799603e-04	1.97325462e-05	3.76718999e-05	2.33732935e-05	1.92021864e-04	3.11874002e-02	4.40588631e-02	4.86486182e-02
5.10000000e+04	2.28091842e-04	2.53656144e-05	3.35768527e-05	1.84340897e-05	1.50715292e-04	2.24123169e-02	4.40194122e-02	4.83452976e-02
5.11000000e+04	3.60091100e-04	2.06149452e-05	3.60687882e-05	1.93726210e-05	2.84034730e-04	2.53953785e-02	4.63867933e-02	5.30198328e-02
5.12000000e+04	1.64009543e-04	2.12678933e-05	5.27373013e-05	1.73100816e-05	7.26942599e-05	2.48647854e-02	7.56822526e-02	5.06156981e-02
5.13000000e+04	5.60762885e-04	2.14634802e-05	4.38877760e-05	1.92474599e-05	4.76164161e-04	3.65063325e-02	4.44437005e-02	5.40923290e-02
5.14000000e+04	1.44758378e-04	2.53171474e-05	3.27756061e-05	2.57228257e-05	6.09428025e-05	2.30358150e-02	4.68544662e-02	5.18970042e-02
5.15000000e+04	3.58137127e-04	2.48110900e-05	4.88590922e-05	3.21420193e-05	2.52324913e-04	3.19013819e-02	4.36860695e-02	5.44846058e-02
5.16000000e+04	3.82129219e-04	2.77683666e-05	6.88110667e-05	3.69752306e-05	2.48574564e-04	2.01178174e-02	6.78265244e-02	5.15266545e-02
5.17000000e+04	3.85927415e-04	2.07764169e-05	4.17884803e-05	2.16346998e-05	3.01727821e-04	3.08359545e-02	4.23317291e-02	5.61678708e-02
5.18000000e+04	1.66899001e-04	2.95510381e-05	2.76072860e-05	1.70684307e-05	9.26722496e-05	2.25620773e-02	4.69105430e-02	5.51079698e-02
5.19000000e+04	4.34828398e-04	2.75485418e-05	8.75796832e-05	3.22634769e-05	2.87436706e-04	3.07964701e-02	5.55829704e-02	5.22138178e-02
5.20000000e+04	1.40455057e-04	1.95205557e-05	3.78353216e-05	1.63958612e-05	6.67033091e-05	2.73098145e-02	4.38175574e-02	5.59678487e-02
5.21000000e+04	1.24378232e-04	2.06627064e-05	2.83037116e-05	1.43990092e-05	6.10128045e-05	2.19021067e-02	5.70895411e-02	5.08722477e-02
5.22000000e+04	5.39449684e-04	2.20102611e-05	4.11367146e-05	3.25481051e-05	4.43754630e-04	3.20985131e-02	4.88625169e-02	5.52665368e-02
5.23000000e+04	1.27090869e-04	1.99717924e-05	3.08328745e-05	1.97261088e-05	5.65600858e-05	2.41415855e-02	4.59665172e-02	5.38458563e-02
5.24000000e+04	3.76972719e-04	1.96819492e-05	4.13176276e-05	1.73315348e-05	2.98641622e-04	2.78196335e-02	3.98610495e-02	5.40321060e-02
5.25000000e+04	3.45750013e-04	1.74775323e-05	2.73492060e-05	2.19085596e-05	2.79014697e-04	2.54278835e-02	4.18628044e-02	5.69027588e-02
5.26000000e+04	8.53109959e-05	1.57611703e-05	2.15780747e-05	1.42818299e-05	3.36899138e-05	2.48640347e-02	4.19654213e-02	5.12353741e-02
5.27000000e+04	1.63885474e-04	2.12884497e-05	2.64141963e-05	1.39917238e-05	1.02191101e-04	2.30211262e-02	4.05127406e-02	4.88624349e-02
5.28000000e+04	5.97055478e-04	2.41485050e-05	1.24117912e-04	2.96399885e-05	4.19149088e-04	2.08358485e-02	7.91662633e-02	4.83760089e-02
5.29000000e+04	2.23689829e-04	2.93258036e-05	5.14244057e-05	2.84648449e-05	1.14474766e-04	2.08289344e-02	5.39636388e-02	4.91939001e-02
5.30000000e+04	3.14471952e-04	2.83192039e-05	4.12562658e-05	2.86312388e-05	2.16265238e-04	2.75776368e-02	7.44339749e-02	6.28103316e-02
5.31000000e+04	1.42147168e-04	1.85469144e-05	2.51110614e-05	1.78876489e-05	8.06015451e-05	2.51367595e-02	4.18247059e-02	5.26385717e-02
5.32000000e+04	1.73793713e-04	2.20762031e-05	2.82608617e-05	1.68842398e-05	1.06572406e-04	2.17396915e-02	5.24490587e-02	4.90242466e-02
5.33000000e+04	5.86265931e-04	2.94503261e-05	2.59281042e-05	1.56698916e-05	5.15217602e-04	2.13151705e-02	4.73746881e-02	4.55740131e-02
5.34000000e+04	9.44920030e-05	1.61538428e-05	1.94635395e-05	1.26367950e-05	4.62378266e-05	2.59570442e-02	4.15987819e-02	4.99457940e-02
5.35000000e+04	1.54560461e-04	3.05652720e-05	2.93952398e-05	1.52335851e-05	7.93663567e-05	1.98799558e-02	4.37456444e-02	4.84485291e-02
5.36000000e+04	1.66505430e-04	1.79149774e-05	3.07135015e-05	1.75431924e-05	1.00333767e-04	2.32089162e-02	4.39539887e-02	4.90506366e-02
5.37000000e+04	2.75703351e-04	1.93628184e-05	3.14355020e-05	2.97087845e-05	1.95196248e-04	2.61023492e-02	4.18192185e-02	5.19178212e-02
5.38000000e+04	1.07493841e-04	1.80461211e-05	2.24685518e-05	1.38972291e-05	5.30819379e-05	2.09958795e-02	5.02466746e-02	4.89269495e-02
5.39000000e+04	1.18780459e-04	2.02012561e-05	2.43393624e-05	2.13057010e-05	5.29341378e-05	2.18221825e-02	4.39334996e-02	5.18181138e-02
5.40000000e+04	3.38900893e-04	2.15474756e-05	6.52425078e-05	2.12193099e-05	2.30891586e-04	2.53291652e-02	6.81175813e-02	4.70652133e-02
5.41000000e+04	2.12505547e-04	1.96581441e-05	2.92920577e-05	1.82736294e-05	1.45281709e-04	1.98933501e-02	4.36958745e-02	4.91704531e-02
5.42000000e+04	1.75561174e-04	1.85731042e-05	2.57919073e-05	1.79176513e-05	1.13278504e-04	2.68193241e-02	4.04996201e-02	5.51481657e-02
5.43000000e+04	2.30683465e-04	2.81864359e-05	4.75275738e-05	2.08947622e-05	1.34074697e-04	2.06370652e-02	4.73050401e-02	4.99645062e-02
5.44000000e+04	1.54169771e-04	1.64548892e-05	3.15065627e-05	1.50059250e-05	9.12024043e-05	2.39392649e-02	4.41202261e-02	5.16518429e-02
5.45000000e+04	2.64631934e-04	2.97632541e-05	5.69615477e-05	2.21010687e-05	1.55806047e-04	2.26184092e-02	5.04426509e-02	5.12739681e-02
5.46000000e+04	9.25616405e-05	1.54156314e-05	1.93747273e-05	1.23033315e-05	4.54679539e-05	2.65590064e-02	3.98625620e-02	4.95562553e-02
5.47000000e+04	1.05766732e-04	1.68345960e-05	1.98935686e-05	1.21120192e-05	5.69265467e-05	2.10219081e-02	4.18150388e-02	4.63973433e-02
5.48000000e+04	4.28508589e-04	2.27496130e-05	5.84411828e-05	3.25635265e-05	3.14754259e-04	3.38107273e-02	5.19101769e-02	5.43154329e-02
5.49000000e+04	1.80430012e-04	2.00845952e-05	3.18654784e-05	1.61892312e-05	1.12290705e-04	2.12961342e-02	4.22794148e-02	5.00425622e-02
5.50000000e+04	3.83899198e-04	3.02245080e-05	3.81421778e-05	5.01807444e-05	2.65351759e-04	2.62088440e-02	4.73878123e-02	4.95538227e-02
5.51000000e+04	2.37432425e-04	1.94906079e-05	4.79919945e-05	1.92945172e-05	1.50655294e-04	2.21143737e-02	6.17359839e-02	5.32487109e-02
5.52000000e+04	2.42763315e-04	2.05329052e-05	2.19256181e-05	1.36371609e-05	1.86667632e-04	2.28456575e-02	4.59721647e-02	5.03400750e-02
5.53000000e+04	3.48795787e-04	1.63224304e-05	2.53651342e-05	2.91462657e-05	2.77961954e-04	2.87575591e-02	4.05587368e-02	5.32118566e-02
5.54000000e+04	2.21192022e-04	2.31738595e-05	3.21103289e-05	2.11852403e-05	1.44722595e-04	2.03250647e-02	4.79655862e-02	4.96398509e-02
5.55000000e+04	1.16655472e-04	2.05912347e-05	2.55797950e-05	1.82508229e-05	5.22336231e-05	2.12394819e-02	4.07203250e-02	5.04834577e-02
5.56000000e+04	1.58962837e-04	2.53605958e-05	2.88106075e-05	1.60928394e-05	8.86987909e-05	2.10945997e-02	4.20342349e-02	4.80947830e-02
5.57000000e+04	1.82421369e-04	2.26695047e-05	2.68243239e-05	2.22494073e-05	1.10678135e-04	1.97966620e-02	4.45137024e-02	5.05509339e-02
5.58000000e+04	1.31404144e-04	2.31930135e-05	2.99879430e-05	2.42907809e-05	5.39324174e-05	2.29002740e-02	5.71397506e-02	4.91661616e-02
5.59000000e+04	1.09787594e-04	2.67008181e-05	3.49851762e-05	2.26971169e-05	2.54044826e-05	2.07846351e-02	4.39197533e-02	4.53596897e-02
5.60000000e+04	2.54078157e-04	3.23135610e-05	2.81139073e-05	1.36314566e-05	1.80019226e-04	2.46905759e-02	4.19891551e-02	5.71241230e-02
5.61000000e+04	1.78177637e-04	2.03602867e-05	2.97500628e-05	1.87628048e-05	1.09304492e-04	2.19894536e-02	4.45677675e-02	5.26497513e-02
5.62000000e+04	1.88428850e-04	2.33699120e-05	4.22333796e-05	1.93959422e-05	1.03429607e-04	2.25536469e-02	4.03859243e-02	5.02302125e-02
5.63000000e+04	1.08981854e-04	1.50536835e-05	2.77057497e-05	1.43910584e-05	5.18313682e-05	2.54665185e-02	4.05942202e-02	4.73139733e-02
5.64000000e+04	2.37249944e-04	1.90626815e-05	3.08464660e-05	2.36550313e-05	1.63685763e-04	2.01649796e-02	4.82026413e-02	4.43558507e-02
5.65000000e+04	7.39163661e-05	1.62129818e-05	1.57341456e-05	1.32461828e-05	2.87230541e-05	2.19429638e-02	4.03270163e-02	4.77727987e-02
5.66000000e+04	3.21236206e-04	1.85774843e-05	4.45105979e-05	1.92199495e-05	2.38928173e-04	2.08093412e-02	6.30494803e-02	4.82445695e-02
5.67000000e+04	2.28348334e-04	1.88021349e-05	4.91783212e-05	1.76254871e-05	1.42742385e-04	2.17928831e-02	5.08719161e-02	4.51110676e-02
5.68000000e+04	2.17266032e-04	1.89241109e-05	2.98183968e-05	3.23036766e-05	1.36219838e-04	2.45354287e-02	4.86167036e-02	4.73516360e-02
5.69000000e+04	2.25063777e-04	2.83811987e-05	5.29450408e-05	3.32903946e-05	1.10447145e-04	2.28142533e-02	4.81545739e-02	4.76435609e-02
5.70000000e+04	9.45003849e-05	1.62378674e-05	2.49223194e-05	1.19851093e-05	4.13550879e-05	2.37086751e-02	3.97271775e-02	4.65032719e-02
5.71000000e+04	1.54836278e-04	2.07104349e-05	5.22512892e-05	1.57329614e-05	6.61415907e-05	2.12800913e-02	6.45789877e-02	4.50661592e-02
5.72000000e+04	7.79659604e-05	1.85720110e-05	1.92264943e-05	1.37851503e-05	2.63823058e-05	2.76110489e-02	4.14709114e-02	5.69405779e-02
5.73000000e+04	2.55836931e-04	1.71016090e-05	2.96601102e-05	1.49422076e-05	1.94133012e-04	2.96530575e-02	4.17891033e-02	5.34199215e-02
5.74000000e+04	1.48811087e-04	2.57227948e-05	3.15290345e-05	3.53288742e-05	5.62303831e-05	2.16938388e-02	4.71079275e-02	5.20210564e-02
5.75000000e+04	6.96696952e-05	1.52151815e-05	1.75524656e-05	1.16779283e-05	2.52241171e-05	2.19659042e-02	4.01900448e-02	4.86327298e-02
5.76000000e+04	3.27438698e-04	2.46942946e-05	3.66946551e-05	2.38158027e-05	2.42233946e-04	1.79816410e-02	4.41852883e-02	4.45063189e-02
5.77000000e+04	1.34938164e-04	1.65782258e-05	2.27222754e-05	1.44226487e-05	8.12150101e-05	1.89905651e-02	4.17509563e-02	4.90501821e-02
5.78000000e+04	7.49654064e-05	1.51755803e-05	1.84126038e-05	1.59038809e-05	2.54733404e-05	2.46822629e-02	4.30296101e-02	5.04966825e-02
5.79000000e+04	7.44389399e-05	1.66193913e-05	1.97035006e-05	1.42258359e-05	2.38902157e-05	2.11552214e-02	4.55869772e-02	4.84510064e-02
5.80000000e+04	5.68145770e-04	2.38901612e-05	3.76718344e-05	1.49987991e-05	4.91584942e-04	2.39502713e-02	4.77829166e-02	4.54394668e-02
5.81000000e+04	1.37225114e-04	1.83149677e-05	2.45029478e-05	1.74443267e-05	7.69628678e-05	2.46290900e-02	4.23619747e-02	5.00449724e-02
5.82000000e+04	1.74860354e-04	1.83218326e-05	2.64099417e-05	1.70085950e-05	1.13119990e-04	2.20141560e-02	4.16928343e-02	5.08977436e-02
5.83000000e+04	2.06506302e-04	1.98129146e-05	4.82305804e-05	2.61946752e-05	1.12268135e-04	2.29516402e-02	4.25606668e-02	4.91271093e-02
5.84000000e+04	3.16711317e-04	2.10111248e-05	3.67040193e-05	1.88224876e-05	2.40173671e-04	3.45837548e-02	4.92877141e-02	4.61283252e-02
5.85000000e+04	1.53112691e-04	1.47896553e-05	2.98276918e-05	1.83349093e-05	9.01604435e-05	2.56214980e-02	4.52159755e-02	4.81006391e-02
5.86000000e+04	1.73205277e-04	2.37316090e-05	3.10691757e-05	1.73172921e-05	1.01087193e-04	1.79588906e-02	5.27315028e-02	4.57170941e-02
5.87000000e+04	1.66772938e-04	1.71842130e-05	2.15375367e-05	1.43607849e-05	1.13690403e-04	2.45036148e-02	3.90425138e-02	4.58121747e-02
5.88000000e+04	8.55590479e-05	1.46958482e-05	2.04118314e-05	1.31052420e-05	3.73461262e-05	2.24919040e-02	4.22480702e-02	4.80149277e-02
5.89000000e+04	1.44265738e-04	1.78833161e-05	3.96224714e-05	2.09362479e-05	6.58236968e-05	2.42660604e-02	4.16800119e-02	4.79752459e-02
5.90000000e+04	5.67800179e-03	1.48084189e-04	1.42909965e-04	8.89502116e-05	5.29805757e-03	2.91960686e-02	5.49241565e-02	3.95773016e-02
5.91000000e+04	1.48768158e-04	2.43092709e-05	4.30800137e-05	2.28354365e-05	5.85434318e-05	2.59450134e-02	5.09776548e-02	5.45493104e-02
5.92000000e+04	9.95073933e-05	1.84393848e-05	2.75772327e-05	1.68743027e-05	3.66164786e-05	2.22769547e-02	3.89445089e-02	5.04651479e-02
5.93000000e+04	1.89333718e-04	2.29551642e-05	3.70823618e-05	4.53375869e-05	8.39585991e-05	2.35077552e-02	4.78381105e-02	4.35833335e-02
5.94000000e+04	1.01421618e-04	1.42235722e-05	2.31294034e-05	1.25215020e-05	5.15471402e-05	2.34584752e-02	3.95187177e-02	4.82002907e-02
5.95000000e+04	2.38758992e-04	1.94787117e-05	2.59325079e-05	2.35247662e-05	1.69823004e-04	2.23417189e-02	4.09475192e-02	4.65871915e-02
5.96000000e+04	3.07286420e-04	1.73741264e-05	2.88181564e-05	2.86538980e-05	2.32440245e-04	2.18682215e-02	4.92148288e-02	4.31801341e-02
5.97000000e+04	1.56649243e-04	2.23808165e-05	2.28457557e-05	1.82692438e-05	9.31534378e-05	2.13740319e-02	3.94126996e-02	5.27901165e-02
5.98000000e+04	8.49309581e-05	1.54621557e-05	1.89879047e-05	1.64176781e-05	3.40632214e-05	2.39994433e-02	5.25661446e-02	4.70707826e-02
5.99000000e+04	8.51551595e-05	1.78271730e-05	2.20717211e-05	1.26371860e-05	3.26190784e-05	1.95835810e-02	4.00573649e-02	4.84632067e-02
6.00000000e+04	2.68980017e-04	2.01325656e-05	6.21289437e-05	3.58684338e-05	1.50850072e-04	2.35612206e-02	4.80476022e-02	4.62827981e-02
6.01000000e+04	4.20774420e-04	2.99233670e-05	4.14364913e-05	2.16795379e-05	3.27735033e-04	2.19128821e-02	4.98638675e-02	4.81525548e-02
6.02000000e+04	8.04444717e-05	1.23541422e-05	2.48293818e-05	1.29485634e-05	3.03123834e-05	2.49169804e-02	4.97488156e-02	4.96952385e-02
6.03000000e+04	1.11950503e-04	2.53576982e-05	2.23824190e-05	1.25604656e-05	5.16499240e-05	2.17913594e-02	3.98094952e-02	4.66412753e-02
6.04000000e+04	2.46725191e-04	1.35104265e-05	2.11865936e-05	1.29208975e-05	1.99107279e-04	2.07624901e-02	4.07022983e-02	4.93815131e-02
6.05000000e+04	1.72562926e-04	2.12703872e-05	2.67375763e-05	1.75024452e-05	1.07052510e-04	2.31109187e-02	4.12848927e-02	4.59834449e-02
6.06000000e+04	2.12178536e-04	1.83547163e-05	5.68426476e-05	4.30184191e-05	9.39627498e-05	2.06235200e-02	4.50426489e-02	4.87153046e-02
6.07000000e+04	2.21221999e-04	2.60211200e-05	4.41218617e-05	4.42324090e-05	1.06846601e-04	2.80617904e-02	5.44981658e-02	4.67635617e-02
6.08000000e+04	2.23613140e-04	2.30652386e-05	5.90197924e-05	2.22279450e-05	1.19300159e-04	2.70267203e-02	5.27210347e-02	4.40312400e-02
6.09000000e+04	7.12955662e-05	1.41992714e-05	2.09532827e-05	1.33506983e-05	2.27923119e-05	2.27415897e-02	4.63015214e-02	4.64295559e-02
6.10000000e+04	1.21271107e-04	1.61681946e-05	1.87875557e-05	1.11695181e-05	7.51458356e-05	1.98080838e-02	4.06279340e-02	4.63890359e-02
6.11000000e+04	2.46076204e-04	1.93801861e-05	2.33140217e-05	2.30699570e-05	1.80312054e-04	2.54651047e-02	4.21448834e-02	4.72402684e-02
6.12000000e+04	1.85759302e-04	2.19372650e-05	6.44774045e-05	1.70252461e-05	8.23193768e-05	2.31736880e-02	6.67086914e-02	4.61738594e-02
6.13000000e+04	8.09897494e-04	3.07429582e-05	4.16473813e-05	2.50526246e-05	7.12454552e-04	3.44737768e-02	4.01160419e-02	4.85648885e-02
6.14000000e+04	2.43217190e-04	2.33290466e-05	5.09721940e-05	2.33575411e-05	1.45558399e-04	2.02011652e-02	5.31094596e-02	4.85595018e-02
6.15000000e+04	3.09891737e-04	2.70218552e-05	3.03414927e-05	1.46855355e-05	2.37842862e-04	1.99690927e-02	4.42079008e-02	4.54998203e-02
6.16000000e+04	1.71797699e-04	1.57944014e-05	1.98228117e-05	2.69249194e-05	1.09255569e-04	2.28039008e-02	4.08243462e-02	4.33187596e-02
6.17000000e+04	2.51175341e-04	1.89960629e-05	5.68335163e-05	3.03017459e-05	1.45044018e-04	2.09679063e-02	6.95339292e-02	4.17806879e-02
6.18000000e+04	1.06265856e-04	1.86192501e-05	2.60587476e-05	1.64030243e-05	4.51848318e-05	1.90034676e-02	4.34969254e-02	4.38962467e-02
6.19000000e+04	6.86846834e-05	1.90689207e-05	1.73188982e-05	1.14237646e-05	2.08730980e-05	2.67277583e-02	4.49494794e-02	5.74003905e-02
6.20000000e+04	9.09143637e-05	1.31326224e-05	2.33883638e-05	1.29611280e-05	4.14322494e-05	2.42900793e-02	4.04001176e-02	5.00477403e-02
6.21000000e+04	1.77644411e-04	1.78505452e-05	2.38464763e-05	1.93790911e-05	1.16568299e-04	2.60903910e-02	4.17224951e-02	4.88110557e-02
6.22000000e+04	1.24810802e-04	1.40879229e-05	2.46889322e-05	1.26584673e-05	7.33754787e-05	2.51088552e-02	4.19226065e-02	4.67441753e-02
6.23000000e+04	1.25356382e-04	1.40079792e-05	2.49115310e-05	1.54954851e-05	7.09413871e-05	2.64121182e-02	5.54152913e-02	4.91190776e-02
6.24000000e+04	8.04580195e-05	1.64881694e-05	1.68169790e-05	1.37360721e-05	3.34168035e-05	1.92514602e-02	4.36398350e-02	4.77589481e-02
6.25000000e+04	1.02571335e-04	1.53889032e-05	1.79006220e-05	1.58663188e-05	5.34154897e-05	2.11391263e-02	4.00001630e-02	4.26789634e-02
6.26000000e+04	1.25387334e-04	1.53486671e-05	3.53046198e-05	1.30456010e-05	6.16884354e-05	2.23544557e-02	6.07730895e-02	4.26183268e-02
6.27000000e+04	1.39374606e-04	1.89373495e-05	3.89858760e-05	1.51964123e-05	6.62549646e-05	2.55529135e-02	5.44997640e-02	5.08966073e-02
6.28000000e+04	5.81350068e-05	1.42324179e-05	1.64501653e-05	1.19240640e-05	1.55283597e-05	2.27636583e-02	4.23257351e-02	4.72693369e-02
6.29000000e+04	9.70917026e-05	1.40517832e-05	2.73857167e-05	1.89347284e-05	3.67194734e-05	2.11054683e-02	5.39888479e-02	4.40725908e-02
6.30000000e+04	1.03507933e-04	2.04430908e-05	2.57235752e-05	1.40765042e-05	4.32647648e-05	2.63647810e-02	4.75772731e-02	5.07251509e-02
6.31000000e+04	1.39001408e-04	2.10940507e-05	3.75275486e-05	1.55974976e-05	6.47823108e-05	2.02421099e-02	4.44552377e-02	4.78388891e-02
6.32000000e+04	4.65446617e-04	2.38552529e-05	4.31694571e-05	1.96396250e-05	3.78782279e-04	2.86159292e-02	4.27453890e-02	4.80221435e-02
6.33000000e+04	1.37458643e-04	1.46324628e-05	2.11694150e-05	1.29267655e-05	8.87299902e-05	2.28082053e-02	3.97848897e-02	4.87668887e-02
6.34000000e+04	1.24268408e-04	1.93141423e-05	2.43769537e-05	1.39950789e-05	6.65822299e-05	2.24326234e-02	4.61428128e-02	4.58303206e-02
6.35000000e+04	1.44777296e-04	1.80002826e-05	2.71930385e-05	1.74707384e-05	8.21132271e-05	2.13685911e-02	4.53233011e-02	4.70276847e-02
6.36000000e+04	8.28297125e-05	1.49550779e-05	2.31058948e-05	2.12470768e-05	2.35216667e-05	2.03718785e-02	4.31062020e-02	4.43482958e-02
6.37000000e+04	7.55354995e-05	1.73407061e-05	1.74389770e-05	1.11584377e-05	2.95973841e-05	2.14222558e-02	4.13945317e-02	4.61939536e-02
6.38000000e+04	4.13094996e-04	2.78865718e-05	4.02454098e-05	1.15870716e-05	3.33375938e-04	1.91497039e-02	4.27545272e-02	4.35494781e-02
6.39000000e+04	1.59571704e-04	1.80150564e-05	3.99637320e-05	2.52129812e-05	7.63799399e-05	2.35088412e-02	5.14826030e-02	4.30655517e-02
6.40000000e+04	1.85437413e-04	2.47288699e-05	3.49187867e-05	1.79556373e-05	1.07834108e-04	2.07190849e-02	5.11544347e-02	4.53325771e-02
6.41000000e+04	9.87419189e-05	1.71238808e-05	1.67917788e-05	1.71466854e-05	4.76795758e-05	2.01350842e-02	4.00136188e-02	4.79342416e-02
6.42000000e+04	2.30706792e-04	2.05959532e-05	3.14999888e-05	1.54965383e-05	1.63114310e-04	2.19798218e-02	3.98788117e-02	4.64149714e-02
6.43000000e+04	2.97653052e-04	1.80574189e-05	7.09311498e-05	2.42720107e-05	1.84392469e-04	2.20144205e-02	5.41567095e-02	4.53379340e-02
6.44000000e+04	3.41123174e-04	1.66066875e-05	5.07774348e-05	2.13213589e-05	2.52417696e-04	2.45378725e-02	4.29688729e-02	4.65221070e-02
6.45000000e+04	1.40232471e-04	1.49523676e-05	2.30504520e-05	1.44617552e-05	8.77678904e-05	2.58628633e-02	3.88446860e-02	4.46808375e-02
6.46000000e+04	2.76113133e-04	2.21346982e-05	2.96668404e-05	1.64418125e-05	2.07869773e-04	1.80607829e-02	4.05082032e-02	4.36147377e-02
6.47000000e+04	1.23864593e-04	2.04534044e-05	2.54382667e-05	1.92485149e-05	5.87244031e-05	2.10790969e-02	4.00476642e-02	4.49816547e-02
6.48000000e+04	8.75699916e-05	1.47497058e-05	2.31174108e-05	1.13903116e-05	3.83125662e-05	2.08975580e-02	4.70239297e-02	4.74160016e-02
6.49000000e+04	1.90243707e-04	1.66508216e-05	4.07869775e-05	1.18310118e-05	1.20974903e-04	2.47382633e-02	4.43211682e-02	4.71842960e-02
6.50000000e+04	2.15755310e-04	1.66064565e-05	5.39037101e-05	1.53811070e-05	1.29864027e-04	2.29348987e-02	4.89829220e-02	4.67019677e-02
6.51000000e+04	1.42442310e-04	1.85245844e-05	3.82892540e-05	2.46121308e-05	6.10163370e-05	2.30021067e-02	5.33870570e-02	4.55544665e-02
6.52000000e+04	1.94085587e-04	1.83205484e-05	2.66992392e-05	3.46745292e-05	1.14391274e-04	2.59790551e-02	4.36309315e-02	4.65186499e-02
6.53000000e+04	1.94375694e-04	1.84554119e-05	4.20402575e-05	2.75802668e-05	1.06299762e-04	1.89894512e-02	5.01633435e-02	4.41259257e-02
6.54000000e+04	1.74184665e-04	1.58966232e-05	4.61710188e-05	2.20096244e-05	9.01074018e-05	2.32245568e-02	6.58551231e-02	4.68827449e-02
6.55000000e+04	1.56527705e-04	1.43081397e-05	2.91610468e-05	1.48364879e-05	9.82220372e-05	2.60223802e-02	4.45729457e-02	4.40193526e-02
6.56000000e+04	8.85941554e-05	1.63023342e-05	2.00880040e-05	1.17249065e-05	4.04789134e-05	2.13120654e-02	4.00176421e-02	4.46780212e-02
6.57000000e+04	1.29625230e-04	1.28608399e-05	1.80839143e-05	1.01293444e-05	8.85511254e-05	2.04631817e-02	3.86894532e-02	4.35722210e-02
6.58000000e+04	8.86169946e-05	1.59806223e-05	1.87728601e-05	1.35116943e-05	4.03518170e-05	2.05413699e-02	3.83314788e-02	4.12137285e-02
6.59000000e+04	5.31467237e-03	1.06071231e-04	2.24419462e-04	1.53487228e-04	4.83069429e-03	6.14283755e-02	8.12699944e-02	5.71707226e-02
6.60000000e+04	1.18144264e-04	1.37036086e-05	2.63700622e-05	2.63528163e-05	5.17177723e-05	2.74040997e-02	3.88984680e-02	5.46706282e-02
6.61000000e+04	9.69394605e-05	1.76107969e-05	2.07912908e-05	1.48142171e-05	4.37231502e-05	2.20230296e-02	3.92062627e-02	4.80710305e-02
6.62000000e+04	1.01983424e-04	2.25090789e-05	2.76598112e-05	2.18781170e-05	2.99364183e-05	2.17615403e-02	4.07947488e-02	4.43543717e-02
6.63000000e+04	2.32520397e-04	1.70033836e-05	3.02873686e-05	1.92398475e-05	1.65989797e-04	2.21054237e-02	4.39793058e-02	4.58880104e-02
6.64000000e+04	9.49607929e-05	1.52506336e-05	2.57600059e-05	1.29699074e-05	4.09802451e-05	2.23480593e-02	3.88840102e-02	4.32515666e-02
6.65000000e+04	1.51436747e-04	1.97678528e-05	2.26191187e-05	1.60462350e-05	9.30035458e-05	2.08183993e-02	4.18731831e-02	4.39100713e-02
6.66000000e+04	3.82744474e-04	2.69937209e-05	5.17404551e-05	2.31819904e-05	2.80828302e-04	1.87515840e-02	4.91427705e-02	4.13493998e-02
6.67000000e+04	3.07362643e-04	1.47913270e-05	2.26022839e-05	1.24692297e-05	2.57499807e-04	2.17614695e-02	3.92926335e-02	4.50901762e-02
6.68000000e+04	5.26925025e-04	1.37063589e-05	3.14104182e-05	1.71849224e-05	4.64623299e-04	2.07676459e-02	4.79948968e-02	3.80743034e-02
6.69000000e+04	8.30267090e-05	1.22492984e-05	1.56468395e-05	1.07937649e-05	4.43368008e-05	2.18467098e-02	4.18449603e-02	4.48143408e-02
6.70000000e+04	1.36782473e-04	1.60971522e-05	2.16583121e-05	1.99754522e-05	7.90515478e-05	2.03092769e-02	3.91296633e-02	4.52083647e-02
6.71000000e+04	1.47908213e-04	1.69851664e-05	3.78594814e-05	1.69248306e-05	7.61387346e-05	2.07960252e-02	4.99055460e-02	4.59634848e-02
6.72000000e+04	9.06927016e-05	1.48555291e-05	2.15942237e-05	1.41681157e-05	4.00748322e-05	1.99546702e-02	4.91660945e-02	4.42590900e-02
6.73000000e+04	2.85591697e-04	2.31548238e-05	3.45117878e-05	1.88940176e-05	2.09031074e-04	1.79224089e-02	3.96302976e-02	4.42603193e-02
6.74000000e+04	3.14267469e-04	2.00295490e-05	3.97594013e-05	2.67804789e-05	2.27698038e-04	2.97694001e-02	4.31745537e-02	5.58880977e-02
6.75000000e+04	2.41305170e-04	2.53880171e-05	4.29536231e-05	2.33211122e-05	1.49642423e-04	1.98645797e-02	4.53733504e-02	4.74754684e-02
6.76000000e+04	8.83058965e-05	1.60996351e-05	1.70382136e-05	1.55474900e-05	3.96205578e-05	1.94570832e-02	4.07771729e-02	4.44232784e-02
6.77000000e+04	1.44730322e-04	1.44739770e-05	2.95983427e-05	1.25138804e-05	8.81441156e-05	2.41284277e-02	4.55434434e-02	4.44834456e-02
6.78000000e+04	2.31858983e-04	1.72333730e-05	2.47551670e-05	2.43801478e-05	1.65490303e-04	2.59620473e-02	3.85227092e-02	4.67382371e-02
6.79000000e+04	2.55733175e-04	1.21330286e-05	2.58992186e-05	1.38090754e-05	2.03891861e-04	2.54934318e-02	3.93051542e-02	4.68989424e-02
6.80000000e+04	1.89871498e-04	1.32120977e-05	2.46806176e-05	1.83958909e-05	1.33582886e-04	2.67792288e-02	4.89754677e-02	4.74277698e-02
6.81000000e+04	2.12838029e-04	1.74421002e-05	1.88970898e-05	1.11448853e-05	1.65353951e-04	1.78359207e-02	4.12131101e-02	4.41237651e-02
6.82000000e+04	1.08565466e-04	1.13082697e-05	1.35778837e-05	8.14156465e-06	7.55377478e-05	2.56184712e-02	3.77889648e-02	4.46036384e-02
6.83000000e+04	9.75491130e-05	1.70620442e-05	1.68211554e-05	8.69934684e-06	5.49665638e-05	2.12628227e-02	3.92120741e-02	4.62982543e-02
6.84000000e+04	1.33508060e-04	1.90071169e-05	3.92450020e-05	3.12120355e-05	4.40439071e-05	2.21851375e-02	4.51612212e-02	4.46149893e-02
6.85000000e+04	1.20401266e-04	1.45899639e-05	2.61853475e-05	1.20398709e-05	6.75860865e-05	2.30150651e-02	4.00088392e-02	4.40616161e-02
6.86000000e+04	1.15039118e-04	1.92869575e-05	2.84772032e-05	1.45065360e-05	5.27684242e-05	2.45622434e-02	4.41923551e-02	4.42632213e-02
6.87000000e+04	1.06938976e-04	1.40604343e-05	2.41028592e-05	1.29074178e-05	5.58682623e-05	1.85756087e-02	4.18866016e-02	4.06135730e-02
6.88000000e+04	2.08440004e-04	2.17996203e-05	4.84415104e-05	1.66713853e-05	1.21527482e-04	1.96350310e-02	4.49991859e-02	4.87250239e-02
6.89000000e+04	2.79514235e-04	1.94507866e-05	5.09957899e-05	1.78518803e-05	1.91215790e-04	2.12892815e-02	6.97431713e-02	4.61359210e-02
6.90000000e+04	1.55018206e-04	1.49767484e-05	2.49386921e-05	1.65842084e-05	9.85185616e-05	2.47479957e-02	4.32830043e-02	4.48876284e-02
6.91000000e+04	1.27968306e-04	1.37997486e-05	2.48033066e-05	1.20702171e-05	7.72950370e-05	2.02335007e-02	4.51014452e-02	4.36404645e-02
6.92000000e+04	1.48822117e-04	1.94855966e-05	3.08285998e-05	2.58273831e-05	7.26805447e-05	1.85497347e-02	4.15740199e-02	4.59926799e-02
6.93000000e+04	2.16327200e-04	2.02071151e-05	3.30925504e-05	2.57422107e-05	1.37285315e-04	2.28772778e-02	4.24655639e-02	4.51814309e-02
6.94000000e+04	1.57179747e-04	1.42340477e-05	2.35354219e-05	1.12832140e-05	1.08127060e-04	1.96180381e-02	4.32594009e-02	4.57706489e-02
6.95000000e+04	7.55597575e-05	1.06301104e-05	2.02228384e-05	1.22528836e-05	3.24539287e-05	2.09608693e-02	4.51370403e-02	4.59247418e-02
6.96000000e+04	4.00056539e-04	2.74883023e-05	5.49377255e-05	2.45643969e-05	2.93066114e-04	1.85286123e-02	5.03312908e-02	4.36445549e-02
6.97000000e+04	2.66109069e-04	1.73483531e-05	3.11530712e-05	1.84872406e-05	1.99120404e-04	2.68196259e-02	4.60721999e-02	4.51585166e-02
6.98000000e+04	2.53536098e-04	2.53729195e-05	3.77231190e-05	1.19032511e-05	1.78536822e-04	1.86327249e-02	4.56275381e-02	4.27425765e-02
6.99000000e+04	1.02557322e-04	1.81179967e-05	2.69890697e-05	1.20664263e-05	4.53838293e-05	1.95483547e-02	3.89902666e-02	4.44474220e-02
7.00000000e+04	2.47027347e-04	1.86419638e-05	2.44118837e-05	2.32523435e-05	1.80721152e-04	1.99866910e-02	4.43481430e-02	4.51246873e-02
7.01000000e+04	2.40857364e-04	1.52609555e-05	3.32375421e-05	1.51938239e-05	1.77165042e-04	2.31722612e-02	3.98163497e-02	4.58117388e-02
7.02000000e+04	9.71378322e-05	1.37312854e-05	2.13724543e-05	1.06163316e-05	5.14177627e-05	2.41009425e-02	4.73912433e-02	4.43059504e-02
7.03000000e+04	8.89912189e-05	1.44643573e-05	2.02813062e-05	1.45980712e-05	3.96474898e-05	2.01817099e-02	4.66231890e-02	4.40141298e-02
7.04000000e+04	1.46458871e-04	1.50286178e-05	2.83912177e-05	1.13606138e-05	9.16784193e-05	2.19592415e-02	4.30001952e-02	4.41784635e-02
7.05000000e+04	1.79689276e-04	1.35269593e-05	2.26838547e-05	1.32460855e-05	1.30232380e-04	2.27013789e-02	3.83372195e-02	4.54970896e-02
7.06000000e+04	8.35864266e-05	1.39373997e-05	2.62756221e-05	9.21900664e-06	3.41544001e-05	1.95456389e-02	3.91854905e-02	4.27285954e-02
7.07000000e+04	2.20015441e-04	2.05513697e-05	2.35082443e-05	1.00117986e-05	1.65944031e-04	1.84019431e-02	4.20124345e-02	4.47633043e-02
7.08000000e+04	1.38956719e-04	1.35850096e-05	3.36444900e-05	1.38108935e-05	7.79163238e-05	1.92269571e-02	6.23943843e-02	4.34370711e-02
7.09000000e+04	1.54057620e-04	1.28580295e-05	1.75913683e-05	1.20830737e-05	1.11525151e-04	2.12898944e-02	4.15795855e-02	4.59065214e-02
7.10000000e+04	1.49144122e-04	2.00575232e-05	2.49998502e-05	2.50953017e-05	7.89914557e-05	2.06146110e-02	4.16262224e-02	4.29018289e-02
7.11000000e+04	1.71211723e-04	2.28786612e-05	3.08153612e-05	2.01020976e-05	9.74156064e-05	2.17131339e-02	4.16972376e-02	4.36523296e-02
7.12000000e+04	1.62203622e-04	1.48616773e-05	3.38899918e-05	2.81013981e-05	8.53505626e-05	2.32259054e-02	4.82854918e-02	4.36609015e-02
7.13000000e+04	3.45074106e-04	1.48851195e-05	2.80427867e-05	1.66166428e-05	2.85529561e-04	2.41555516e-02	3.80473286e-02	4.50322703e-02
7.14000000e+04	1.23348480e-04	1.89648690e-05	3.51318449e-05	1.36813305e-05	5.55704282e-05	1.90058574e-02	3.94335166e-02	4.18764092e-02
7.15000000e+04	1.81474723e-04	1.29067339e-05	4.43380450e-05	1.16274305e-05	1.12602516e-04	2.05594338e-02	5.17159812e-02	4.21327800e-02
7.16000000e+04	1.94982902e-04	1.50684727e-05	3.20488580e-05	1.62235792e-05	1.31641995e-04	2.37780847e-02	5.28623052e-02	4.80482839e-02
7.17000000e+04	8.99606894e-05	1.53447781e-05	2.89222735e-05	1.65284473e-05	2.91651886e-05	2.15518810e-02	4.25893702e-02	4.38076854e-02
7.18000000e+04	8.61982990e-05	1.35939417e-05	1.92905263e-05	8.90954561e-06	4.44042817e-05	2.10178345e-02	4.16087881e-02	4.11932021e-02
7.19000000e+04	1.56789567e-04	1.48625013e-05	2.34913969e-05	9.96179824e-06	1.08473876e-04	1.96612515e-02	3.85809988e-02	4.20517884e-02
7.20000000e+04	5.06793498e-04	1.38297364e-05	2.15743567e-05	2.23849656e-05	4.49004438e-04	2.80864090e-02	3.82291526e-02	4.88623865e-02
7.21000000e+04	3.25693632e-04	2.61422920e-05	4.09070526e-05	2.06505665e-05	2.37993707e-04	2.09933594e-02	5.46229929e-02	4.42282669e-02
7.22000000e+04	1.03452956e-04	1.73736353e-05	2.27333712e-05	2.75957063e-05	3.57502395e-05	2.10390761e-02	4.53320146e-02	4.26522717e-02
7.23000000e+04	2.71279481e-04	2.50933172e-05	4.79306909e-05	3.14473473e-05	1.66808124e-04	2.59408765e-02	4.19098884e-02	4.35793921e-02
7.24000000e+04	9.44622880e-05	1.30833978e-05	2.94823094e-05	1.13416263e-05	4.05549545e-05	2.03099474e-02	5.64584024e-02	4.33679186e-02
7.25000000e+04	1.61877324e-04	1.18994021e-05	2.39866768e-05	1.07920469e-05	1.15199196e-04	2.02664491e-02	4.27223481e-02	4.57586013e-02
7.26000000e+04	1.94686232e-04	1.82058266e-05	4.82257892e-05	3.55375741e-05	9.27170331e-05	1.98547449e-02	5.93309365e-02	4.39532921e-02
7.27000000e+04	4.42238525e-04	2.19235335e-05	2.66936022e-05	1.84089331e-05	3.75212461e-04	1.99841708e-02	4.31552716e-02	4.32578549e-02
7.28000000e+04	1.69652456e-04	1.29945292e-05	3.15692669e-05	1.86743728e-05	1.06414278e-04	2.38300245e-02	4.76951562e-02	4.37895358e-02
7.29000000e+04	3.78584285e-04	1.93983578e-05	2.34903055e-05	1.06672542e-05	3.25028377e-04	2.11676601e-02	3.98025028e-02	4.09857258e-02
7.30000000e+04	1.36622300e-04	1.17489817e-05	1.95806242e-05	1.22679003e-05	9.30247916e-05	2.41169035e-02	4.12643477e-02	4.52756584e-02
7.31000000e+04	7.55357760e-05	1.51118647e-05	2.31498943e-05	1.09227958e-05	2.63512175e-05	2.08174735e-02	4.04415205e-02	4.19892743e-02
7.32000000e+04	7.31688342e-05	1.11523213e-05	1.41153541e-05	1.01785108e-05	3.77226461e-05	2.31693275e-02	3.81538644e-02	4.23633195e-02
7.33000000e+04	1.15960211e-04	1.10162819e-05	1.77253714e-05	9.44774911e-06	7.77708046e-05	2.28529852e-02	3.87283899e-02	4.06739190e-02
7.34000000e+04	9.96105082e-05	1.42948293e-05	1.91532126e-05	1.56953574e-05	5.04671116e-05	2.27855444e-02	4.14231308e-02	4.30351906e-02
7.35000000e+04	3.59364960e-04	2.60818506e-05	8.02115756e-05	2.39320871e-05	2.29139448e-04	1.92192476e-02	8.18931013e-02	4.11283448e-02
7.36000000e+04	7.08387379e-05	1.04832734e-05	1.30068684e-05	1.10256033e-05	3.63229919e-05	2.02522986e-02	4.13174927e-02	4.28813733e-02
7.37000000e+04	1.47914907e-04	1.56469014e-05	2.14277625e-05	2.62031281e-05	8.46371113e-05	2.35918742e-02	3.98048200e-02	4.21336778e-02
7.38000000e+04	1.82653035e-04	1.62262586e-05	3.13095443e-05	1.37845300e-05	1.21332705e-04	1.98647324e-02	4.15640324e-02	4.11617048e-02
7.39000000e+04	1.08984139e-04	1.28826687e-05	2.22443341e-05	1.50416381e-05	5.88155017e-05	2.24563349e-02	3.80954742e-02	4.29981761e-02
7.40000000e+04	1.88866659e-04	1.37162260e-05	4.05902974e-05	2.09192385e-05	1.13640890e-04	1.94595251e-02	4.27604578e-02	4.01606150e-02
7.41000000e+04	1.75259163e-04	1.11727477e-05	3.97953263e-05	1.65675192e-05	1.07723579e-04	2.06506867e-02	5.43460026e-02	3.94591168e-02
7.42000000e+04	4.27682651e-04	2.56175863e-05	8.39390996e-05	2.33726369e-05	2.94753321e-04	2.89372280e-02	5.37662432e-02	4.53486703e-02
7.43000000e+04	2.03429649e-04	1.45360000e-05	3.06492948e-05	1.35525552e-05	1.44691803e-04	2.23158579e-02	3.75967994e-02	4.42362949e-02
7.44000000e+04	3.11980140e-04	1.41401852e-05	2.20577040e-05	1.18854105e-05	2.63896829e-04	3.00780814e-02	4.34186198e-02	4.56918553e-02
7.45000000e+04	1.08791995e-04	1.34912671e-05	2.96995931e-05	1.19155011e-05	5.36856314e-05	2.12987810e-02	4.63170819e-02	4.28903736e-02
7.46000000e+04	1.88228703e-04	1.95699176e-05	3.10775758e-05	3.26489098e-05	1.04932304e-04	2.58513503e-02	4.51368093e-02	4.39875573e-02
7.47000000e+04	1.13275448e-04	1.33495132e-05	3.06486363e-05	1.40217244e-05	5.52555757e-05	2.23622303e-02	3.93566415e-02	4.24724780e-02
7.48000000e+04	9.10701710e-05	1.11129893e-05	2.10563467e-05	1.25172564e-05	4.63835786e-05	2.27916799e-02	4.04216275e-02	4.33401354e-02
7.49000000e+04	1.30022527e-04	1.51943013e-05	2.55365212e-05	1.90247465e-05	7.02669640e-05	2.07537469e-02	5.16846441e-02	4.10400182e-02
7.50000000e+04	1.22209720e-04	1.42857371e-05	2.34715608e-05	1.55867929e-05	6.88656219e-05	2.44362000e-02	4.15846109e-02	4.18577231e-02
7.51000000e+04	2.63269409e-04	1.69228078e-05	6.01151878e-05	2.57244737e-05	1.60506941e-04	2.29901448e-02	7.91635811e-02	4.29548845e-02
7.52000000e+04	1.06158084e-04	2.06565201e-05	1.84592263e-05	1.04838455e-05	5.65584887e-05	1.85033120e-02	3.98593955e-02	4.26723659e-02
7.53000000e+04	8.83988978e-05	1.37254492e-05	1.51358672e-05	1.03199918e-05	4.92175859e-05	2.34411191e-02	3.93014178e-02	4.61971834e-02
7.54000000e+04	1.45221478e-04	1.03192979e-05	1.87786336e-05	1.32674732e-05	1.02856080e-04	2.09371336e-02	3.86025794e-02	3.82737443e-02
7.55000000e+04	1.07070126e-04	1.66405771e-05	2.16038479e-05	1.58091279e-05	5.30165780e-05	2.35273447e-02	4.51884903e-02	4.17364724e-02
7.56000000e+04	1.32519068e-04	1.31882425e-05	2.42294609e-05	2.03766103e-05	7.47247541e-05	1.83089562e-02	5.52966148e-02	4.35181707e-02
7.57000000e+04	1.29967113e-04	1.01452233e-05	1.38553287e-05	8.34862112e-06	9.76179363e-05	2.23066080e-02	3.77700925e-02	4.20435369e-02
7.58000000e+04	2.53390113e-04	1.35313030e-05	2.29568905e-05	1.32259038e-05	2.03676012e-04	2.60716453e-02	4.60029729e-02	4.22343016e-02
7.59000000e+04	2.71849451e-04	1.95095927e-05	2.78327934e-05	1.44061532e-05	2.10100916e-04	1.88526884e-02	5.43925837e-02	4.03841473e-02
7.60000000e+04	1.00209443e-04	1.80358675e-05	2.42802726e-05	1.97009595e-05	3.81923455e-05	2.00787857e-02	4.06306684e-02	4.21914458e-02
7.61000000e+04	1.76486603e-04	1.98541184e-05	3.96612049e-05	1.98969083e-05	9.70743713e-05	1.87551901e-02	4.61558290e-02	4.04776856e-02
7.62000000e+04	1.92712789e-04	1.86906382e-05	3.03024462e-05	1.72230211e-05	1.26496685e-04	1.96601823e-02	3.97068635e-02	4.19143140e-02
7.63000000e+04	3.70152673e-04	1.33185486e-05	2.79937613e-05	1.55068083e-05	3.13333556e-04	2.61781830e-02	3.82994674e-02	4.60172184e-02
7.64000000e+04	1.06126405e-04	1.67813541e-05	1.74850120e-05	1.11999771e-05	6.06600624e-05	1.96857750e-02	3.96188498e-02	4.37750332e-02
7.65000000e+04	1.62386685e-04	1.85218869e-05	2.68630047e-05	2.12338709e-05	9.57679295e-05	2.02676374e-02	4.38221954e-02	4.18179557e-02
7.66000000e+04	1.43860147e-04	1.67880844e-05	2.41737725e-05	3.09867537e-05	7.19115415e-05	2.03190651e-02	3.95033360e-02	4.37861644e-02
7.67000000e+04	5.35390631e-04	2.27537748e-05	3.06345755e-05	1.57501127e-05	4.66252153e-04	1.87555868e-02	4.01654765e-02	4.00021598e-02
7.68000000e+04	1.47573708e-04	1.11952922e-05	1.45015410e-05	1.67280814e-05	1.05148792e-04	2.21309047e-02	3.75978351e-02	4.80199270e-02
7.69000000e+04	1.35326409e-04	1.23837308e-05	1.86503112e-05	1.56784336e-05	8.86139242e-05	2.22169571e-02	3.89254801e-02	4.21433747e-02
7.70000000e+04	9.89426044e-05	1.13773240e-05	2.10687540e-05	1.11517638e-05	5.53447644e-05	2.31928192e-02	4.28996198e-02	4.22758013e-02
7.71000000e+04	1.83036536e-04	1.87481182e-05	2.74560080e-05	2.18888672e-05	1.14943541e-04	2.05556266e-02	3.86632830e-02	4.13994379e-02
7.72000000e+04	1.32493529e-04	1.47744622e-05	2.37780241e-05	1.69713494e-05	7.69696926e-05	2.12478582e-02	3.95680033e-02	4.23282869e-02
7.73000000e+04	2.34626496e-04	1.76269114e-05	5.50915865e-05	2.59696153e-05	1.35938375e-04	1.83328837e-02	4.20917943e-02	3.99838015e-02
7.74000000e+04	4.01682628e-04	2.21365681e-05	3.95983916e-05	1.93853884e-05	3.20562278e-04	2.24763174e-02	4.08436768e-02	3.59001979e-02
7.75000000e+04	8.48629861e-05	1.29331083e-05	1.67026865e-05	1.29696264e-05	4.22575613e-05	2.14264635e-02	4.35728244e-02	4.79243547e-02
7.76000000e+04	9.82522324e-05	1.30181188e-05	1.81685409e-05	1.21492430e-05	5.49163342e-05	1.89764127e-02	4.96030673e-02	4.34178896e-02
7.77000000e+04	1.58366063e-04	1.57837421e-05	2.81076009e-05	1.30589942e-05	1.01415724e-04	2.16692034e-02	5.12407981e-02	4.24619094e-02
7.78000000e+04	1.18049706e-04	1.58330749e-05	2.34125910e-05	4.60622759e-05	3.27417692e-05	2.00163480e-02	4.20383811e-02	4.22834717e-02
7.79000000e+04	1.26780928e-04	1.14361792e-05	1.69770228e-05	1.22570582e-05	8.61106673e-05	2.47200876e-02	3.94983701e-02	4.28012200e-02
7.80000000e+04	3.60285630e-04	1.38640962e-05	3.52756870e-05	1.34645134e-05	2.97681341e-04	2.40928736e-02	4.36047353e-02	4.29335982e-02
7.81000000e+04	2.36327018e-04	2.06030527e-05	2.49701679e-05	1.18429789e-05	1.78910821e-04	1.88215636e-02	5.39230630e-02	4.42636572e-02
7.82000000e+04	1.10225184e-04	1.22675119e-05	2.12011746e-05	1.19095503e-05	6.48469504e-05	2.06519365e-02	4.02723029e-02	4.33542579e-02
7.83000000e+04	1.33015477e-04	1.25613988e-05	1.76312078e-05	1.07167125e-05	9.21061583e-05	2.14012191e-02	3.75028290e-02	4.35405932e-02
7.84000000e+04	1.00622390e-04	1.08275772e-05	1.85494337e-05	9.75373405e-06	6.14916498e-05	2.35536937e-02	3.82212289e-02	4.25107107e-02
7.85000000e+04	2.05755816e-04	1.12092175e-05	2.04292883e-05	1.19248380e-05	1.62192475e-04	2.32749507e-02	4.18039039e-02	4.12338376e-02
7.86000000e+04	2.92605080e-04	3.13801829e-05	3.43480715e-05	3.49552865e-05	1.91921528e-04	1.90042779e-02	4.21127491e-02	3.90508510e-02
7.87000000e+04	1.15361210e-04	1.39716321e-05	2.08695619e-05	1.54487898e-05	6.50712245e-05	1.97980776e-02	3.91054936e-02	3.87405157e-02
7.88000000e+04	1.45746570e-04	1.35851906e-05	3.14217214e-05	1.80182997e-05	8.27213516e-05	2.02601664e-02	5.60376719e-02	4.35548276e-02
7.89000000e+04	1.82993375e-04	2.15931905e-05	2.22520957e-05	1.17925692e-05	1.27355524e-04	1.89625937e-02	3.92625555e-02	4.20088656e-02
7.90000000e+04	3.71443544e-04	1.50576661e-05	2.88526699e-05	1.73009594e-05	3.10232252e-04	2.09441315e-02	4.12101075e-02	4.26339023e-02
7.91000000e+04	2.58793472e-04	1.69982050e-05	4.40671538e-05	1.41272067e-05	1.83600903e-04	2.64211874e-02	3.89005952e-02	4.40891497e-02
7.92000000e+04	1.69063089e-04	1.81736123e-05	2.93328994e-05	2.08055772e-05	1.00751000e-04	2.18996033e-02	3.79261598e-02	4.46022190e-02
7.93000000e+04	9.45579377e-05	1.20133991e-05	2.51149595e-05	1.49589323e-05	4.24706450e-05	2.14015804e-02	4.03922498e-02	4.27580439e-02
7.94000000e+04	3.04189511e-04	1.34976772e-05	3.60483755e-05	1.83696629e-05	2.36273801e-04	2.41381899e-02	5.62658533e-02	4.63972390e-02
7.95000000e+04	1.03143146e-04	9.73142960e-06	1.75229525e-05	1.21256762e-05	6.37630874e-05	2.16638017e-02	4.03752103e-02	4.12070453e-02
7.96000000e+04	1.01585043e-04	1.17872269e-05	2.26332359e-05	1.08964186e-05	5.62681671e-05	1.91716515e-02	5.47510087e-02	4.21878733e-02
7.97000000e+04	1.84848992e-04	1.40241009e-05	2.72814632e-05	1.31069091e-05	1.30436529e-04	2.48904750e-02	3.79313268e-02	4.38413844e-02
7.98000000e+04	1.34150905e-04	1.82786407e-05	3.04176683e-05	2.00925733e-05	6.53620300e-05	2.06869654e-02	4.68039587e-02	4.30237055e-02
7.99000000e+04	1.47738872e-04	1.72477339e-05	4.11813708e-05	2.17176312e-05	6.75921401e-05	2.14110408e-02	4.54242676e-02	4.26078364e-02
8.00000000e+04	1.70745800e-04	1.31734769e-05	2.41938014e-05	1.71526317e-05	1.16225885e-04	2.10253149e-02	5.06069474e-02	4.44686152e-02
