[chain] E16 finished, starting E15a w_char sweep
[E15w] RUN --case case1 --seed 0 --strategy default --scale 0.6 --out /root/autodl-tmp/rebuttal_experiments/E15_structure_ablation/saved_data/case1_wchar0p6_seed0.json

============================================================
Training SV-SNN (ACCELERATED)
  Vectorized modes, analytic X_n'', manual T_n', separable grid
  stop_gradient on freqs, zero AD in PDE residual
============================================================
  JIT compiling...
  Epoch  1000 | Loss: 3.662725e-03 | L2 Err: 7.917024e-02
  Epoch  2000 | Loss: 2.618875e-03 | L2 Err: 6.249557e-02
  Epoch  3000 | Loss: 1.238873e-03 | L2 Err: 4.100579e-02
  Epoch  4000 | Loss: 2.876658e-04 | L2 Err: 1.673121e-02
  Epoch  5000 | Loss: 6.764143e-05 | L2 Err: 8.226611e-03
  Epoch  6000 | Loss: 3.663675e-05 | L2 Err: 7.053634e-03
  Epoch  7000 | Loss: 5.078691e-05 | L2 Err: 7.633954e-03
  Epoch  8000 | Loss: 3.682630e-05 | L2 Err: 7.238974e-03
  Epoch  9000 | Loss: 3.297362e-05 | L2 Err: 7.205034e-03
  Epoch 10000 | Loss: 3.855555e-05 | L2 Err: 7.205162e-03
[abl] case1 strat=default scale=0.6 seed=0: best_l2=7.0536e-03 params=3730 t=31.2s
[E15w] RUN --case case1 --seed 1 --strategy default --scale 0.6 --out /root/autodl-tmp/rebuttal_experiments/E15_structure_ablation/saved_data/case1_wchar0p6_seed1.json

============================================================
Training SV-SNN (ACCELERATED)
  Vectorized modes, analytic X_n'', manual T_n', separable grid
  stop_gradient on freqs, zero AD in PDE residual
============================================================
  JIT compiling...
  Epoch  1000 | Loss: 3.902435e-04 | L2 Err: 2.387995e-02
  Epoch  2000 | Loss: 2.149869e-04 | L2 Err: 1.795326e-02
  Epoch  3000 | Loss: 1.692232e-04 | L2 Err: 1.561211e-02
  Epoch  4000 | Loss: 1.236084e-04 | L2 Err: 1.350812e-02
  Epoch  5000 | Loss: 9.431667e-05 | L2 Err: 9.829525e-03
  Epoch  6000 | Loss: 9.043625e-05 | L2 Err: 8.051646e-03
  Epoch  7000 | Loss: 2.318794e-05 | L2 Err: 4.651374e-03
  Epoch  8000 | Loss: 3.293456e-05 | L2 Err: 4.378618e-03
  Epoch  9000 | Loss: 7.486665e-06 | L2 Err: 2.472520e-03
  Epoch 10000 | Loss: 4.581424e-06 | L2 Err: 2.235360e-03
[abl] case1 strat=default scale=0.6 seed=1: best_l2=2.2354e-03 params=3730 t=34.9s
[E15w] RUN --case case1 --seed 2 --strategy default --scale 0.6 --out /root/autodl-tmp/rebuttal_experiments/E15_structure_ablation/saved_data/case1_wchar0p6_seed2.json

============================================================
Training SV-SNN (ACCELERATED)
  Vectorized modes, analytic X_n'', manual T_n', separable grid
  stop_gradient on freqs, zero AD in PDE residual
============================================================
  JIT compiling...
  Epoch  1000 | Loss: 1.300673e-03 | L2 Err: 3.905096e-02
  Epoch  2000 | Loss: 1.018671e-03 | L2 Err: 3.711948e-02
  Epoch  3000 | Loss: 8.660699e-04 | L2 Err: 3.498441e-02
  Epoch  4000 | Loss: 8.609016e-04 | L2 Err: 3.489131e-02
  Epoch  5000 | Loss: 7.395169e-04 | L2 Err: 3.276493e-02
  Epoch  6000 | Loss: 1.138691e-03 | L2 Err: 3.588032e-02
  Epoch  7000 | Loss: 6.653097e-04 | L2 Err: 3.144254e-02
  Epoch  8000 | Loss: 6.798822e-04 | L2 Err: 3.075544e-02
  Epoch  9000 | Loss: 6.054990e-04 | L2 Err: 2.969718e-02
  Epoch 10000 | Loss: 8.467962e-04 | L2 Err: 2.895315e-02
[abl] case1 strat=default scale=0.6 seed=2: best_l2=2.8953e-02 params=3730 t=31.9s
[E15w] RUN --case case1 --seed 0 --strategy default --scale 0.8 --out /root/autodl-tmp/rebuttal_experiments/E15_structure_ablation/saved_data/case1_wchar0p8_seed0.json

============================================================
Training SV-SNN (ACCELERATED)
  Vectorized modes, analytic X_n'', manual T_n', separable grid
  stop_gradient on freqs, zero AD in PDE residual
============================================================
  JIT compiling...
  Epoch  1000 | Loss: 5.584554e-05 | L2 Err: 4.816288e-03
  Epoch  2000 | Loss: 2.304686e-05 | L2 Err: 3.431410e-03
  Epoch  3000 | Loss: 5.854463e-05 | L2 Err: 4.216749e-03
  Epoch  4000 | Loss: 6.266077e-06 | L2 Err: 1.976955e-03
  Epoch  5000 | Loss: 4.968493e-06 | L2 Err: 1.569406e-03
  Epoch  6000 | Loss: 1.809143e-05 | L2 Err: 2.897903e-03
  Epoch  7000 | Loss: 6.098629e-06 | L2 Err: 1.562739e-03
  Epoch  8000 | Loss: 2.660731e-06 | L2 Err: 9.214252e-04
  Epoch  9000 | Loss: 4.947620e-06 | L2 Err: 2.190976e-03
  Epoch 10000 | Loss: 2.124641e-06 | L2 Err: 9.343919e-04
[abl] case1 strat=default scale=0.8 seed=0: best_l2=5.4519e-04 params=3730 t=31.8s
[E15w] RUN --case case1 --seed 1 --strategy default --scale 0.8 --out /root/autodl-tmp/rebuttal_experiments/E15_structure_ablation/saved_data/case1_wchar0p8_seed1.json

============================================================
Training SV-SNN (ACCELERATED)
  Vectorized modes, analytic X_n'', manual T_n', separable grid
  stop_gradient on freqs, zero AD in PDE residual
============================================================
  JIT compiling...
  Epoch  1000 | Loss: 5.532740e-05 | L2 Err: 4.494420e-03
  Epoch  2000 | Loss: 1.935873e-05 | L2 Err: 3.395438e-03
  Epoch  3000 | Loss: 1.516704e-05 | L2 Err: 3.018733e-03
  Epoch  4000 | Loss: 9.723238e-06 | L2 Err: 2.299295e-03
  Epoch  5000 | Loss: 6.470042e-06 | L2 Err: 2.006463e-03
  Epoch  6000 | Loss: 4.412819e-06 | L2 Err: 1.777017e-03
  Epoch  7000 | Loss: 3.044344e-06 | L2 Err: 1.528206e-03
  Epoch  8000 | Loss: 1.641734e-05 | L2 Err: 2.479043e-03
  Epoch  9000 | Loss: 5.935567e-06 | L2 Err: 1.703144e-03
  Epoch 10000 | Loss: 4.907353e-06 | L2 Err: 1.506042e-03
[abl] case1 strat=default scale=0.8 seed=1: best_l2=1.2073e-03 params=3730 t=34.7s
[E15w] RUN --case case1 --seed 2 --strategy default --scale 0.8 --out /root/autodl-tmp/rebuttal_experiments/E15_structure_ablation/saved_data/case1_wchar0p8_seed2.json

============================================================
Training SV-SNN (ACCELERATED)
  Vectorized modes, analytic X_n'', manual T_n', separable grid
  stop_gradient on freqs, zero AD in PDE residual
============================================================
  JIT compiling...
  Epoch  1000 | Loss: 9.292371e-05 | L2 Err: 8.103365e-03
  Epoch  2000 | Loss: 3.862340e-05 | L2 Err: 5.700563e-03
  Epoch  3000 | Loss: 2.968912e-05 | L2 Err: 3.620622e-03
  Epoch  4000 | Loss: 8.811839e-06 | L2 Err: 2.039679e-03
  Epoch  5000 | Loss: 7.277814e-06 | L2 Err: 1.782604e-03
  Epoch  6000 | Loss: 3.761405e-06 | L2 Err: 1.356738e-03
  Epoch  7000 | Loss: 6.335686e-05 | L2 Err: 4.290559e-03
  Epoch  8000 | Loss: 9.541711e-06 | L2 Err: 1.581566e-03
  Epoch  9000 | Loss: 1.654136e-06 | L2 Err: 1.150578e-03
  Epoch 10000 | Loss: 1.596121e-06 | L2 Err: 1.288804e-03
[abl] case1 strat=default scale=0.8 seed=2: best_l2=1.0608e-03 params=3730 t=32.1s
[E15w] case1 scale=1.0 seed0: reused E11 best_l2=3.6580e-04
[E15w] case1 scale=1.0 seed1: reused E11 best_l2=7.9616e-04
[E15w] case1 scale=1.0 seed2: reused E11 best_l2=4.9631e-04
[E15w] RUN --case case1 --seed 0 --strategy default --scale 1.2 --out /root/autodl-tmp/rebuttal_experiments/E15_structure_ablation/saved_data/case1_wchar1p2_seed0.json

============================================================
Training SV-SNN (ACCELERATED)
  Vectorized modes, analytic X_n'', manual T_n', separable grid
  stop_gradient on freqs, zero AD in PDE residual
============================================================
  JIT compiling...
  Epoch  1000 | Loss: 3.184480e-05 | L2 Err: 2.901516e-03
  Epoch  2000 | Loss: 9.091714e-06 | L2 Err: 1.434744e-03
  Epoch  3000 | Loss: 1.279446e-05 | L2 Err: 1.216954e-03
  Epoch  4000 | Loss: 4.601454e-06 | L2 Err: 1.156165e-03
  Epoch  5000 | Loss: 3.591952e-05 | L2 Err: 2.509184e-03
  Epoch  6000 | Loss: 4.144131e-06 | L2 Err: 1.115588e-03
  Epoch  7000 | Loss: 1.930069e-05 | L2 Err: 2.287089e-03
  Epoch  8000 | Loss: 1.166138e-06 | L2 Err: 7.804165e-04
  Epoch  9000 | Loss: 9.150893e-07 | L2 Err: 6.155648e-04
  Epoch 10000 | Loss: 1.418368e-05 | L2 Err: 3.490327e-03
[abl] case1 strat=default scale=1.2 seed=0: best_l2=6.1242e-04 params=3730 t=32.2s
[E15w] RUN --case case1 --seed 1 --strategy default --scale 1.2 --out /root/autodl-tmp/rebuttal_experiments/E15_structure_ablation/saved_data/case1_wchar1p2_seed1.json

============================================================
Training SV-SNN (ACCELERATED)
  Vectorized modes, analytic X_n'', manual T_n', separable grid
  stop_gradient on freqs, zero AD in PDE residual
============================================================
  JIT compiling...
  Epoch  1000 | Loss: 4.726947e-05 | L2 Err: 3.427141e-03
  Epoch  2000 | Loss: 1.082681e-05 | L2 Err: 1.834601e-03
  Epoch  3000 | Loss: 4.861296e-06 | L2 Err: 1.297938e-03
  Epoch  4000 | Loss: 2.792327e-06 | L2 Err: 9.850118e-04
  Epoch  5000 | Loss: 6.414458e-06 | L2 Err: 1.566708e-03
  Epoch  6000 | Loss: 1.802449e-06 | L2 Err: 7.515444e-04
  Epoch  7000 | Loss: 1.281840e-06 | L2 Err: 8.252001e-04
  Epoch  8000 | Loss: 4.383543e-06 | L2 Err: 1.213062e-03
  Epoch  9000 | Loss: 8.203581e-07 | L2 Err: 6.970028e-04
  Epoch 10000 | Loss: 4.059507e-06 | L2 Err: 1.261915e-03
[abl] case1 strat=default scale=1.2 seed=1: best_l2=6.3927e-04 params=3730 t=34.9s
[E15w] RUN --case case1 --seed 2 --strategy default --scale 1.2 --out /root/autodl-tmp/rebuttal_experiments/E15_structure_ablation/saved_data/case1_wchar1p2_seed2.json

============================================================
Training SV-SNN (ACCELERATED)
  Vectorized modes, analytic X_n'', manual T_n', separable grid
  stop_gradient on freqs, zero AD in PDE residual
============================================================
  JIT compiling...
  Epoch  1000 | Loss: 2.883105e-05 | L2 Err: 5.471780e-03
  Epoch  2000 | Loss: 9.639111e-06 | L2 Err: 2.851773e-03
  Epoch  3000 | Loss: 3.023594e-05 | L2 Err: 2.913909e-03
  Epoch  4000 | Loss: 3.491777e-06 | L2 Err: 1.416824e-03
  Epoch  5000 | Loss: 2.283992e-06 | L2 Err: 1.082289e-03
  Epoch  6000 | Loss: 1.556096e-06 | L2 Err: 1.120551e-03
  Epoch  7000 | Loss: 3.023362e-06 | L2 Err: 1.303872e-03
  Epoch  8000 | Loss: 8.102298e-07 | L2 Err: 7.773224e-04
  Epoch  9000 | Loss: 2.911990e-06 | L2 Err: 1.713372e-03
  Epoch 10000 | Loss: 7.584509e-06 | L2 Err: 1.892093e-03
[abl] case1 strat=default scale=1.2 seed=2: best_l2=7.7732e-04 params=3730 t=31.5s
[E15w] RUN --case case1 --seed 0 --strategy default --scale 1.5 --out /root/autodl-tmp/rebuttal_experiments/E15_structure_ablation/saved_data/case1_wchar1p5_seed0.json

============================================================
Training SV-SNN (ACCELERATED)
  Vectorized modes, analytic X_n'', manual T_n', separable grid
  stop_gradient on freqs, zero AD in PDE residual
============================================================
  JIT compiling...
  Epoch  1000 | Loss: 4.312626e-05 | L2 Err: 4.272036e-03
  Epoch  2000 | Loss: 1.301821e-05 | L2 Err: 2.994462e-03
  Epoch  3000 | Loss: 1.616103e-05 | L2 Err: 2.844370e-03
  Epoch  4000 | Loss: 6.149065e-06 | L2 Err: 2.141072e-03
  Epoch  5000 | Loss: 1.383647e-05 | L2 Err: 2.178571e-03
  Epoch  6000 | Loss: 3.007221e-06 | L2 Err: 1.629678e-03
  Epoch  7000 | Loss: 4.659089e-06 | L2 Err: 1.627027e-03
  Epoch  8000 | Loss: 2.909899e-06 | L2 Err: 1.505964e-03
  Epoch  9000 | Loss: 2.304827e-06 | L2 Err: 1.309551e-03
  Epoch 10000 | Loss: 4.274706e-06 | L2 Err: 1.398949e-03
[abl] case1 strat=default scale=1.5 seed=0: best_l2=1.0772e-03 params=3730 t=32.4s
[E15w] RUN --case case1 --seed 1 --strategy default --scale 1.5 --out /root/autodl-tmp/rebuttal_experiments/E15_structure_ablation/saved_data/case1_wchar1p5_seed1.json

============================================================
Training SV-SNN (ACCELERATED)
  Vectorized modes, analytic X_n'', manual T_n', separable grid
  stop_gradient on freqs, zero AD in PDE residual
============================================================
  JIT compiling...
  Epoch  1000 | Loss: 5.242150e-05 | L2 Err: 6.307262e-03
  Epoch  2000 | Loss: 1.604997e-05 | L2 Err: 4.016686e-03
  Epoch  3000 | Loss: 1.314375e-05 | L2 Err: 2.981206e-03
  Epoch  4000 | Loss: 7.984993e-06 | L2 Err: 2.215283e-03
  Epoch  5000 | Loss: 4.940714e-06 | L2 Err: 1.610272e-03
  Epoch  6000 | Loss: 1.531090e-06 | L2 Err: 1.909073e-03
  Epoch  7000 | Loss: 9.262486e-07 | L2 Err: 8.188224e-04
  Epoch  8000 | Loss: 1.546631e-06 | L2 Err: 9.763843e-04
  Epoch  9000 | Loss: 5.184389e-06 | L2 Err: 1.338966e-03
  Epoch 10000 | Loss: 1.533598e-06 | L2 Err: 7.881071e-04
[abl] case1 strat=default scale=1.5 seed=1: best_l2=6.9334e-04 params=3730 t=33.5s
[E15w] RUN --case case1 --seed 2 --strategy default --scale 1.5 --out /root/autodl-tmp/rebuttal_experiments/E15_structure_ablation/saved_data/case1_wchar1p5_seed2.json

============================================================
Training SV-SNN (ACCELERATED)
  Vectorized modes, analytic X_n'', manual T_n', separable grid
  stop_gradient on freqs, zero AD in PDE residual
============================================================
  JIT compiling...
  Epoch  1000 | Loss: 5.066628e-05 | L2 Err: 4.825154e-03
  Epoch  2000 | Loss: 8.535029e-06 | L2 Err: 1.647025e-03
  Epoch  3000 | Loss: 9.366303e-06 | L2 Err: 1.386999e-03
  Epoch  4000 | Loss: 2.528945e-06 | L2 Err: 1.114623e-03
  Epoch  5000 | Loss: 2.802506e-06 | L2 Err: 1.389121e-03
  Epoch  6000 | Loss: 4.214460e-06 | L2 Err: 1.272810e-03
  Epoch  7000 | Loss: 2.537574e-06 | L2 Err: 1.273317e-03
  Epoch  8000 | Loss: 2.073676e-06 | L2 Err: 1.047199e-03
  Epoch  9000 | Loss: 5.631965e-06 | L2 Err: 1.414809e-03
  Epoch 10000 | Loss: 2.523785e-06 | L2 Err: 1.042871e-03
[abl] case1 strat=default scale=1.5 seed=2: best_l2=7.4689e-04 params=3730 t=32.8s
[E15w] RUN --case case2 --seed 0 --strategy default --scale 0.6 --out /root/autodl-tmp/rebuttal_experiments/E15_structure_ablation/saved_data/case2_wchar0p6_seed0.json

============================================================
Training SV-SNN (ACCELERATED)
  Analytic X_n''/Y_n'', vectorized modes, separable grid, zero AD
============================================================
  Parameters: 1,170
  Epoch  1000 | Loss: 5.3842e+06 | PDE: 5.3842e+06 | BC: 3.9425e+00 | L2: 1.0666e+00
  Epoch  2000 | Loss: 3.6357e+06 | PDE: 3.6357e+06 | BC: 1.3060e+01 | L2: 1.9615e+00
  Epoch  3000 | Loss: 3.4131e+06 | PDE: 3.4131e+06 | BC: 1.0057e+01 | L2: 1.9207e+00
  Epoch  4000 | Loss: 3.1879e+06 | PDE: 3.1879e+06 | BC: 5.9065e+00 | L2: 1.5044e+00
  Epoch  5000 | Loss: 2.9785e+06 | PDE: 2.9785e+06 | BC: 3.5611e+00 | L2: 1.1974e+00
  Epoch  6000 | Loss: 2.8226e+06 | PDE: 2.8226e+06 | BC: 7.5012e+00 | L2: 1.6767e+00
  Epoch  7000 | Loss: 2.6825e+06 | PDE: 2.6825e+06 | BC: 1.4606e+01 | L2: 2.3317e+00
  Epoch  8000 | Loss: 2.5348e+06 | PDE: 2.5348e+06 | BC: 2.2606e+01 | L2: 2.9852e+00
  Epoch  9000 | Loss: 2.3632e+06 | PDE: 2.3631e+06 | BC: 2.8265e+01 | L2: 3.1512e+00
  Training time: 11.3s (1.13 ms/epoch)
  Best L2 error: 9.3132e-01
  Final L2 error: 2.9595e+00
[abl] case2 strat=default scale=0.6 seed=0: best_l2=9.3132e-01 params=1170 t=11.3s
[E15w] RUN --case case2 --seed 1 --strategy default --scale 0.6 --out /root/autodl-tmp/rebuttal_experiments/E15_structure_ablation/saved_data/case2_wchar0p6_seed1.json

============================================================
Training SV-SNN (ACCELERATED)
  Analytic X_n''/Y_n'', vectorized modes, separable grid, zero AD
============================================================
  Parameters: 1,170
  Epoch  1000 | Loss: 4.4767e+06 | PDE: 4.4766e+06 | BC: 3.2102e+01 | L2: 2.4197e+00
  Epoch  2000 | Loss: 2.6866e+06 | PDE: 2.6865e+06 | BC: 1.2607e+02 | L2: 5.5270e+00
  Epoch  3000 | Loss: 2.4281e+06 | PDE: 2.4281e+06 | BC: 5.2939e+01 | L2: 3.8211e+00
  Epoch  4000 | Loss: 2.2709e+06 | PDE: 2.2709e+06 | BC: 1.9515e+01 | L2: 3.4958e+00
  Epoch  5000 | Loss: 2.1480e+06 | PDE: 2.1480e+06 | BC: 7.3130e+00 | L2: 2.5625e+00
  Epoch  6000 | Loss: 2.0344e+06 | PDE: 2.0344e+06 | BC: 2.1959e+00 | L2: 1.5218e+00
  Epoch  7000 | Loss: 1.9022e+06 | PDE: 1.9022e+06 | BC: 4.2231e+00 | L2: 1.2769e+00
  Epoch  8000 | Loss: 1.8054e+06 | PDE: 1.8053e+06 | BC: 1.1938e+01 | L2: 1.6904e+00
  Epoch  9000 | Loss: 1.7401e+06 | PDE: 1.7401e+06 | BC: 1.9984e+01 | L2: 2.0435e+00
  Training time: 12.5s (1.25 ms/epoch)
  Best L2 error: 9.9614e-01
  Final L2 error: 2.3961e+00
[abl] case2 strat=default scale=0.6 seed=1: best_l2=9.9614e-01 params=1170 t=12.5s
[E15w] RUN --case case2 --seed 2 --strategy default --scale 0.6 --out /root/autodl-tmp/rebuttal_experiments/E15_structure_ablation/saved_data/case2_wchar0p6_seed2.json

============================================================
Training SV-SNN (ACCELERATED)
  Analytic X_n''/Y_n'', vectorized modes, separable grid, zero AD
============================================================
  Parameters: 1,170
  Epoch  1000 | Loss: 6.9574e+06 | PDE: 6.9574e+06 | BC: 2.5113e+00 | L2: 1.1181e+00
  Epoch  2000 | Loss: 6.5435e+06 | PDE: 6.5434e+06 | BC: 5.5220e+01 | L2: 2.5455e+00
  Epoch  3000 | Loss: 6.0238e+06 | PDE: 6.0234e+06 | BC: 4.5630e+02 | L2: 6.8836e+00
  Epoch  4000 | Loss: 5.8101e+06 | PDE: 5.8096e+06 | BC: 5.2967e+02 | L2: 7.8240e+00
  Epoch  5000 | Loss: 5.4450e+06 | PDE: 5.4446e+06 | BC: 3.7357e+02 | L2: 6.7109e+00
  Epoch  6000 | Loss: 5.2268e+06 | PDE: 5.2266e+06 | BC: 2.3754e+02 | L2: 5.4007e+00
  Epoch  7000 | Loss: 5.1205e+06 | PDE: 5.1203e+06 | BC: 1.7125e+02 | L2: 4.5589e+00
  Epoch  8000 | Loss: 5.0597e+06 | PDE: 5.0595e+06 | BC: 1.2944e+02 | L2: 3.9862e+00
  Epoch  9000 | Loss: 5.0176e+06 | PDE: 5.0175e+06 | BC: 9.7771e+01 | L2: 3.5091e+00
  Training time: 12.5s (1.25 ms/epoch)
  Best L2 error: 9.9501e-01
  Final L2 error: 3.0999e+00
[abl] case2 strat=default scale=0.6 seed=2: best_l2=9.9501e-01 params=1170 t=12.5s
[E15w] RUN --case case2 --seed 0 --strategy default --scale 0.8 --out /root/autodl-tmp/rebuttal_experiments/E15_structure_ablation/saved_data/case2_wchar0p8_seed0.json

============================================================
Training SV-SNN (ACCELERATED)
  Analytic X_n''/Y_n'', vectorized modes, separable grid, zero AD
============================================================
  Parameters: 1,170
  Epoch  1000 | Loss: 2.6463e+03 | PDE: 2.6459e+03 | BC: 3.4940e-01 | L2: 2.4532e-01
  Epoch  2000 | Loss: 6.2691e+02 | PDE: 6.2665e+02 | BC: 2.6070e-01 | L2: 2.1320e-01
  Epoch  3000 | Loss: 3.4494e+02 | PDE: 3.4477e+02 | BC: 1.7523e-01 | L2: 1.7123e-01
  Epoch  4000 | Loss: 2.1276e+02 | PDE: 2.1266e+02 | BC: 9.7060e-02 | L2: 1.3288e-01
  Epoch  5000 | Loss: 1.3239e+02 | PDE: 1.3235e+02 | BC: 3.6481e-02 | L2: 8.2926e-02
  Epoch  6000 | Loss: 8.1406e+01 | PDE: 8.1394e+01 | BC: 1.2512e-02 | L2: 4.0384e-02
  Epoch  7000 | Loss: 5.5285e+01 | PDE: 5.5274e+01 | BC: 1.1539e-02 | L2: 3.7895e-02
  Epoch  8000 | Loss: 3.7087e+01 | PDE: 3.7074e+01 | BC: 1.3543e-02 | L2: 4.7564e-02
  Epoch  9000 | Loss: 2.5704e+01 | PDE: 2.5693e+01 | BC: 1.1647e-02 | L2: 4.4646e-02
  Training time: 12.7s (1.27 ms/epoch)
  Best L2 error: 3.7895e-02
  Final L2 error: 4.4049e-02
[abl] case2 strat=default scale=0.8 seed=0: best_l2=3.7895e-02 params=1170 t=12.7s
[E15w] RUN --case case2 --seed 1 --strategy default --scale 0.8 --out /root/autodl-tmp/rebuttal_experiments/E15_structure_ablation/saved_data/case2_wchar0p8_seed1.json

============================================================
Training SV-SNN (ACCELERATED)
  Analytic X_n''/Y_n'', vectorized modes, separable grid, zero AD
============================================================
  Parameters: 1,170
  Epoch  1000 | Loss: 2.7679e+03 | PDE: 2.7679e+03 | BC: 6.2907e-02 | L2: 8.6786e-02
  Epoch  2000 | Loss: 7.1022e+02 | PDE: 7.1017e+02 | BC: 5.3587e-02 | L2: 9.3621e-02
  Epoch  3000 | Loss: 3.8476e+02 | PDE: 3.8470e+02 | BC: 5.6729e-02 | L2: 9.7895e-02
  Epoch  4000 | Loss: 2.2390e+02 | PDE: 2.2384e+02 | BC: 6.4421e-02 | L2: 1.0441e-01
  Epoch  5000 | Loss: 1.1723e+02 | PDE: 1.1714e+02 | BC: 9.1629e-02 | L2: 1.2555e-01
  Epoch  6000 | Loss: 5.4231e+01 | PDE: 5.4082e+01 | BC: 1.4821e-01 | L2: 1.6146e-01
  Epoch  7000 | Loss: 2.8595e+01 | PDE: 2.8404e+01 | BC: 1.9065e-01 | L2: 1.8303e-01
  Epoch  8000 | Loss: 1.8385e+01 | PDE: 1.8201e+01 | BC: 1.8364e-01 | L2: 1.7808e-01
  Epoch  9000 | Loss: 1.3995e+01 | PDE: 1.3841e+01 | BC: 1.5377e-01 | L2: 1.6196e-01
  Training time: 11.3s (1.13 ms/epoch)
  Best L2 error: 7.9480e-02
  Final L2 error: 1.4563e-01
[abl] case2 strat=default scale=0.8 seed=1: best_l2=7.9480e-02 params=1170 t=11.3s
[E15w] RUN --case case2 --seed 2 --strategy default --scale 0.8 --out /root/autodl-tmp/rebuttal_experiments/E15_structure_ablation/saved_data/case2_wchar0p8_seed2.json

============================================================
Training SV-SNN (ACCELERATED)
  Analytic X_n''/Y_n'', vectorized modes, separable grid, zero AD
============================================================
  Parameters: 1,170
  Epoch  1000 | Loss: 3.5907e+03 | PDE: 3.5906e+03 | BC: 9.8133e-02 | L2: 1.3201e-01
  Epoch  2000 | Loss: 8.3274e+02 | PDE: 8.3257e+02 | BC: 1.7051e-01 | L2: 1.6793e-01
  Epoch  3000 | Loss: 3.8489e+02 | PDE: 3.8467e+02 | BC: 2.2100e-01 | L2: 1.9766e-01
  Epoch  4000 | Loss: 2.2846e+02 | PDE: 2.2826e+02 | BC: 1.9837e-01 | L2: 1.9246e-01
  Epoch  5000 | Loss: 1.5754e+02 | PDE: 1.5739e+02 | BC: 1.5668e-01 | L2: 1.7379e-01
  Epoch  6000 | Loss: 1.1324e+02 | PDE: 1.1313e+02 | BC: 1.1083e-01 | L2: 1.4852e-01
  Epoch  7000 | Loss: 7.7699e+01 | PDE: 7.7632e+01 | BC: 6.7576e-02 | L2: 1.1793e-01
  Epoch  8000 | Loss: 4.6068e+01 | PDE: 4.6039e+01 | BC: 2.8910e-02 | L2: 7.8784e-02
  Epoch  9000 | Loss: 2.8270e+01 | PDE: 2.8259e+01 | BC: 1.1073e-02 | L2: 5.7280e-02
  Training time: 13.0s (1.30 ms/epoch)
  Best L2 error: 4.9637e-02
  Final L2 error: 4.9637e-02
[abl] case2 strat=default scale=0.8 seed=2: best_l2=4.9637e-02 params=1170 t=13.0s
[E15w] case2 scale=1.0 seed0: reused E11 best_l2=1.0367e-02
[E15w] case2 scale=1.0 seed1: reused E11 best_l2=9.2107e-03
[E15w] case2 scale=1.0 seed2: reused E11 best_l2=7.9148e-03
[E15w] RUN --case case2 --seed 0 --strategy default --scale 1.2 --out /root/autodl-tmp/rebuttal_experiments/E15_structure_ablation/saved_data/case2_wchar1p2_seed0.json

============================================================
Training SV-SNN (ACCELERATED)
  Analytic X_n''/Y_n'', vectorized modes, separable grid, zero AD
============================================================
  Parameters: 1,170
  Epoch  1000 | Loss: 1.1094e+03 | PDE: 1.1093e+03 | BC: 3.2922e-02 | L2: 6.4500e-02
  Epoch  2000 | Loss: 4.7543e+02 | PDE: 4.7541e+02 | BC: 1.6879e-02 | L2: 5.2958e-02
  Epoch  3000 | Loss: 2.2663e+02 | PDE: 2.2662e+02 | BC: 9.9424e-03 | L2: 4.4259e-02
  Epoch  4000 | Loss: 1.0233e+02 | PDE: 1.0233e+02 | BC: 6.4607e-03 | L2: 3.8489e-02
  Epoch  5000 | Loss: 5.3252e+01 | PDE: 5.3246e+01 | BC: 5.5771e-03 | L2: 3.4201e-02
  Epoch  6000 | Loss: 3.3895e+01 | PDE: 3.3890e+01 | BC: 5.4145e-03 | L2: 3.0369e-02
  Epoch  7000 | Loss: 2.2752e+01 | PDE: 2.2748e+01 | BC: 3.7166e-03 | L2: 2.5409e-02
  Epoch  8000 | Loss: 1.6030e+01 | PDE: 1.6029e+01 | BC: 1.5512e-03 | L2: 2.2696e-02
  Epoch  9000 | Loss: 1.0075e+01 | PDE: 1.0074e+01 | BC: 5.6538e-04 | L2: 2.3935e-02
  Training time: 13.0s (1.30 ms/epoch)
  Best L2 error: 2.2696e-02
  Final L2 error: 2.4348e-02
[abl] case2 strat=default scale=1.2 seed=0: best_l2=2.2696e-02 params=1170 t=13.0s
[E15w] RUN --case case2 --seed 1 --strategy default --scale 1.2 --out /root/autodl-tmp/rebuttal_experiments/E15_structure_ablation/saved_data/case2_wchar1p2_seed1.json

============================================================
Training SV-SNN (ACCELERATED)
  Analytic X_n''/Y_n'', vectorized modes, separable grid, zero AD
============================================================
  Parameters: 1,170
  Epoch  1000 | Loss: 1.4440e+03 | PDE: 1.4440e+03 | BC: 2.3348e-02 | L2: 5.9172e-02
  Epoch  2000 | Loss: 4.4013e+02 | PDE: 4.4012e+02 | BC: 1.3245e-02 | L2: 4.5171e-02
  Epoch  3000 | Loss: 2.3279e+02 | PDE: 2.3278e+02 | BC: 7.2156e-03 | L2: 3.4847e-02
  Epoch  4000 | Loss: 1.3600e+02 | PDE: 1.3599e+02 | BC: 3.8729e-03 | L2: 2.7360e-02
  Epoch  5000 | Loss: 7.6310e+01 | PDE: 7.6308e+01 | BC: 1.9445e-03 | L2: 2.1540e-02
  Epoch  6000 | Loss: 4.2994e+01 | PDE: 4.2993e+01 | BC: 9.3532e-04 | L2: 1.6113e-02
  Epoch  7000 | Loss: 2.4106e+01 | PDE: 2.4105e+01 | BC: 5.6079e-04 | L2: 1.1686e-02
  Epoch  8000 | Loss: 1.6169e+01 | PDE: 1.6169e+01 | BC: 4.7506e-04 | L2: 9.1237e-03
  Epoch  9000 | Loss: 1.1743e+01 | PDE: 1.1742e+01 | BC: 5.2608e-04 | L2: 9.7258e-03
  Training time: 12.7s (1.27 ms/epoch)
  Best L2 error: 9.0691e-03
  Final L2 error: 1.1142e-02
[abl] case2 strat=default scale=1.2 seed=1: best_l2=9.0691e-03 params=1170 t=12.7s
[E15w] RUN --case case2 --seed 2 --strategy default --scale 1.2 --out /root/autodl-tmp/rebuttal_experiments/E15_structure_ablation/saved_data/case2_wchar1p2_seed2.json

============================================================
Training SV-SNN (ACCELERATED)
  Analytic X_n''/Y_n'', vectorized modes, separable grid, zero AD
============================================================
  Parameters: 1,170
  Epoch  1000 | Loss: 1.3739e+03 | PDE: 1.3739e+03 | BC: 3.2931e-02 | L2: 6.9575e-02
  Epoch  2000 | Loss: 4.8546e+02 | PDE: 4.8544e+02 | BC: 1.4939e-02 | L2: 4.7510e-02
  Epoch  3000 | Loss: 2.3677e+02 | PDE: 2.3676e+02 | BC: 7.9473e-03 | L2: 3.5023e-02
  Epoch  4000 | Loss: 1.1653e+02 | PDE: 1.1652e+02 | BC: 4.0419e-03 | L2: 2.6597e-02
  Epoch  5000 | Loss: 5.5903e+01 | PDE: 5.5901e+01 | BC: 1.8623e-03 | L2: 2.2747e-02
  Epoch  6000 | Loss: 2.8830e+01 | PDE: 2.8829e+01 | BC: 1.0525e-03 | L2: 2.1910e-02
  Epoch  7000 | Loss: 1.6173e+01 | PDE: 1.6172e+01 | BC: 6.7850e-04 | L2: 2.0138e-02
  Epoch  8000 | Loss: 9.1717e+00 | PDE: 9.1712e+00 | BC: 4.5421e-04 | L2: 1.6197e-02
  Epoch  9000 | Loss: 7.5768e+00 | PDE: 7.5764e+00 | BC: 3.6455e-04 | L2: 1.2212e-02
  Training time: 12.9s (1.29 ms/epoch)
  Best L2 error: 1.0376e-02
  Final L2 error: 1.0376e-02
[abl] case2 strat=default scale=1.2 seed=2: best_l2=1.0376e-02 params=1170 t=12.9s
[E15w] RUN --case case2 --seed 0 --strategy default --scale 1.5 --out /root/autodl-tmp/rebuttal_experiments/E15_structure_ablation/saved_data/case2_wchar1p5_seed0.json

============================================================
Training SV-SNN (ACCELERATED)
  Analytic X_n''/Y_n'', vectorized modes, separable grid, zero AD
============================================================
  Parameters: 1,170
  Epoch  1000 | Loss: 4.4349e+03 | PDE: 4.4349e+03 | BC: 6.0208e-03 | L2: 7.4809e-02
  Epoch  2000 | Loss: 1.1472e+03 | PDE: 1.1472e+03 | BC: 1.6597e-03 | L2: 2.7851e-02
  Epoch  3000 | Loss: 5.6427e+02 | PDE: 5.6427e+02 | BC: 1.3684e-03 | L2: 2.0320e-02
  Epoch  4000 | Loss: 3.0029e+02 | PDE: 3.0029e+02 | BC: 1.3505e-03 | L2: 1.9310e-02
  Epoch  5000 | Loss: 1.7299e+02 | PDE: 1.7299e+02 | BC: 1.0311e-03 | L2: 1.7155e-02
  Epoch  6000 | Loss: 1.0356e+02 | PDE: 1.0356e+02 | BC: 7.5226e-04 | L2: 1.4720e-02
  Epoch  7000 | Loss: 6.0149e+01 | PDE: 6.0149e+01 | BC: 5.3553e-04 | L2: 1.2502e-02
  Epoch  8000 | Loss: 3.6027e+01 | PDE: 3.6026e+01 | BC: 3.5623e-04 | L2: 1.0815e-02
  Epoch  9000 | Loss: 2.8521e+01 | PDE: 2.8521e+01 | BC: 2.5286e-04 | L2: 9.6691e-03
  Training time: 12.8s (1.28 ms/epoch)
  Best L2 error: 8.9734e-03
  Final L2 error: 8.9734e-03
[abl] case2 strat=default scale=1.5 seed=0: best_l2=8.9734e-03 params=1170 t=12.8s
[E15w] RUN --case case2 --seed 1 --strategy default --scale 1.5 --out /root/autodl-tmp/rebuttal_experiments/E15_structure_ablation/saved_data/case2_wchar1p5_seed1.json

============================================================
Training SV-SNN (ACCELERATED)
  Analytic X_n''/Y_n'', vectorized modes, separable grid, zero AD
============================================================
  Parameters: 1,170
  Epoch  1000 | Loss: 3.1054e+03 | PDE: 3.1054e+03 | BC: 3.3947e-03 | L2: 5.5079e-02
  Epoch  2000 | Loss: 6.3557e+02 | PDE: 6.3556e+02 | BC: 1.8152e-03 | L2: 3.0355e-02
  Epoch  3000 | Loss: 2.7867e+02 | PDE: 2.7866e+02 | BC: 2.0168e-03 | L2: 2.4194e-02
  Epoch  4000 | Loss: 1.3677e+02 | PDE: 1.3677e+02 | BC: 2.0334e-03 | L2: 2.0868e-02
  Epoch  5000 | Loss: 6.8362e+01 | PDE: 6.8360e+01 | BC: 1.9316e-03 | L2: 1.8865e-02
  Epoch  6000 | Loss: 4.1264e+01 | PDE: 4.1262e+01 | BC: 1.9399e-03 | L2: 1.8350e-02
  Epoch  7000 | Loss: 3.2504e+01 | PDE: 3.2502e+01 | BC: 1.9257e-03 | L2: 1.8435e-02
  Epoch  8000 | Loss: 2.7154e+01 | PDE: 2.7152e+01 | BC: 1.9141e-03 | L2: 1.8107e-02
  Epoch  9000 | Loss: 2.7027e+01 | PDE: 2.7026e+01 | BC: 1.7818e-03 | L2: 1.7476e-02
  Training time: 13.1s (1.31 ms/epoch)
  Best L2 error: 1.6789e-02
  Final L2 error: 1.6789e-02
[abl] case2 strat=default scale=1.5 seed=1: best_l2=1.6789e-02 params=1170 t=13.1s
[E15w] RUN --case case2 --seed 2 --strategy default --scale 1.5 --out /root/autodl-tmp/rebuttal_experiments/E15_structure_ablation/saved_data/case2_wchar1p5_seed2.json

============================================================
Training SV-SNN (ACCELERATED)
  Analytic X_n''/Y_n'', vectorized modes, separable grid, zero AD
============================================================
  Parameters: 1,170
  Epoch  1000 | Loss: 1.0369e+04 | PDE: 1.0369e+04 | BC: 5.2665e-02 | L2: 1.1260e-01
  Epoch  2000 | Loss: 2.6943e+03 | PDE: 2.6943e+03 | BC: 1.1342e-02 | L2: 5.6849e-02
  Epoch  3000 | Loss: 9.6507e+02 | PDE: 9.6506e+02 | BC: 8.3369e-03 | L2: 4.1352e-02
  Epoch  4000 | Loss: 4.4968e+02 | PDE: 4.4967e+02 | BC: 7.6279e-03 | L2: 3.5686e-02
  Epoch  5000 | Loss: 2.0255e+02 | PDE: 2.0254e+02 | BC: 5.7704e-03 | L2: 2.9504e-02
  Epoch  6000 | Loss: 1.1330e+02 | PDE: 1.1330e+02 | BC: 3.8684e-03 | L2: 2.4514e-02
  Epoch  7000 | Loss: 7.6245e+01 | PDE: 7.6242e+01 | BC: 3.1132e-03 | L2: 2.1872e-02
  Epoch  8000 | Loss: 6.2367e+01 | PDE: 6.2364e+01 | BC: 2.7904e-03 | L2: 2.0991e-02
  Epoch  9000 | Loss: 5.0626e+01 | PDE: 5.0623e+01 | BC: 2.5623e-03 | L2: 1.9799e-02
  Training time: 12.8s (1.28 ms/epoch)
  Best L2 error: 1.8689e-02
  Final L2 error: 1.8689e-02
[abl] case2 strat=default scale=1.5 seed=2: best_l2=1.8689e-02 params=1170 t=12.8s
[E15w] RUN --case case3 --seed 0 --strategy default --scale 0.6 --out /root/autodl-tmp/rebuttal_experiments/E15_structure_ablation/saved_data/case3_wchar0p6_seed0.json

======================================================================
  SV-SNN (ACCELERATED)
  Analytic X_n''/Y_n'', vectorized modes, separable grid, zero AD
======================================================================
  Parameters: 1171
  Epoch   100 | Loss 1.1171e+04 | PDE 1.1169e+04 | BC 2.1836e+00 | L2 1.0302e+00
  Epoch  1000 | Loss 7.0947e+03 | PDE 7.0739e+03 | BC 2.0730e+01 | L2 2.7420e+00
  Epoch  2000 | Loss 6.5356e+03 | PDE 6.4976e+03 | BC 3.7978e+01 | L2 3.3191e+00
  Epoch  3000 | Loss 6.1756e+03 | PDE 6.0949e+03 | BC 8.0751e+01 | L2 4.6356e+00
  Epoch  4000 | Loss 6.0612e+03 | PDE 5.9602e+03 | BC 1.0100e+02 | L2 5.2799e+00
  Epoch  5000 | Loss 5.9650e+03 | PDE 5.8453e+03 | BC 1.1974e+02 | L2 5.7824e+00
  Epoch  6000 | Loss 5.8593e+03 | PDE 5.7279e+03 | BC 1.3141e+02 | L2 6.1921e+00
  Epoch  7000 | Loss 5.7528e+03 | PDE 5.6202e+03 | BC 1.3261e+02 | L2 6.1117e+00
  Epoch  8000 | Loss 5.4652e+03 | PDE 5.3679e+03 | BC 9.7249e+01 | L2 5.2244e+00
  Epoch  9000 | Loss 4.5646e+03 | PDE 4.5417e+03 | BC 2.2840e+01 | L2 2.7131e+00
  Epoch 10000 | Loss 2.5917e+03 | PDE 2.5317e+03 | BC 6.0005e+01 | L2 6.1860e+00
  Done: 16.3s | Params: 1171 | Best L2: 1.0302e+00 | Final L2: 6.1860e+00
[abl] case3 strat=default scale=0.6 seed=0: best_l2=1.0302e+00 params=1171 t=16.3s
[E15w] RUN --case case3 --seed 1 --strategy default --scale 0.6 --out /root/autodl-tmp/rebuttal_experiments/E15_structure_ablation/saved_data/case3_wchar0p6_seed1.json

======================================================================
  SV-SNN (ACCELERATED)
  Analytic X_n''/Y_n'', vectorized modes, separable grid, zero AD
======================================================================
  Parameters: 1171
  Epoch   100 | Loss 1.1039e+04 | PDE 1.1037e+04 | BC 2.2658e+00 | L2 1.0169e+00
  Epoch  1000 | Loss 6.9114e+03 | PDE 6.8856e+03 | BC 2.5729e+01 | L2 2.8138e+00
  Epoch  2000 | Loss 6.3516e+03 | PDE 6.3131e+03 | BC 3.8554e+01 | L2 3.3491e+00
  Epoch  3000 | Loss 5.9862e+03 | PDE 5.9040e+03 | BC 8.2121e+01 | L2 4.6727e+00
  Epoch  4000 | Loss 5.8269e+03 | PDE 5.7315e+03 | BC 9.5395e+01 | L2 5.0260e+00
  Epoch  5000 | Loss 5.5726e+03 | PDE 5.4910e+03 | BC 8.1628e+01 | L2 4.5615e+00
  Epoch  6000 | Loss 4.7426e+03 | PDE 4.7147e+03 | BC 2.7874e+01 | L2 2.7540e+00
  Epoch  7000 | Loss 2.9564e+03 | PDE 2.9217e+03 | BC 3.4679e+01 | L2 4.7093e+00
  Epoch  8000 | Loss 2.1031e+03 | PDE 2.0168e+03 | BC 8.6332e+01 | L2 5.8220e+00
  Epoch  9000 | Loss 1.8708e+03 | PDE 1.7659e+03 | BC 1.0497e+02 | L2 5.9783e+00
  Epoch 10000 | Loss 1.8022e+03 | PDE 1.6893e+03 | BC 1.1291e+02 | L2 6.0324e+00
  Done: 15.3s | Params: 1171 | Best L2: 9.8849e-01 | Final L2: 6.0324e+00
[abl] case3 strat=default scale=0.6 seed=1: best_l2=9.8849e-01 params=1171 t=15.3s
[E15w] RUN --case case3 --seed 2 --strategy default --scale 0.6 --out /root/autodl-tmp/rebuttal_experiments/E15_structure_ablation/saved_data/case3_wchar0p6_seed2.json

======================================================================
  SV-SNN (ACCELERATED)
  Analytic X_n''/Y_n'', vectorized modes, separable grid, zero AD
======================================================================
  Parameters: 1171
  Epoch   100 | Loss 1.1109e+04 | PDE 1.1106e+04 | BC 2.2399e+00 | L2 1.0271e+00
  Epoch  1000 | Loss 6.8795e+03 | PDE 6.8537e+03 | BC 2.5868e+01 | L2 2.8824e+00
  Epoch  2000 | Loss 6.3321e+03 | PDE 6.2882e+03 | BC 4.3917e+01 | L2 3.5099e+00
  Epoch  3000 | Loss 6.1446e+03 | PDE 6.0761e+03 | BC 6.8448e+01 | L2 4.2721e+00
  Epoch  4000 | Loss 6.0377e+03 | PDE 5.9648e+03 | BC 7.2844e+01 | L2 4.5007e+00
  Epoch  5000 | Loss 5.8298e+03 | PDE 5.7442e+03 | BC 8.5659e+01 | L2 4.7916e+00
  Epoch  6000 | Loss 5.5897e+03 | PDE 5.4970e+03 | BC 9.2699e+01 | L2 5.0093e+00
  Epoch  7000 | Loss 5.0905e+03 | PDE 5.0419e+03 | BC 4.8550e+01 | L2 3.4729e+00
  Epoch  8000 | Loss 3.4321e+03 | PDE 3.4031e+03 | BC 2.8940e+01 | L2 4.8052e+00
  Epoch  9000 | Loss 1.9767e+03 | PDE 1.8850e+03 | BC 9.1686e+01 | L2 6.0908e+00
  Epoch 10000 | Loss 1.8324e+03 | PDE 1.7204e+03 | BC 1.1205e+02 | L2 6.1288e+00
  Done: 15.6s | Params: 1171 | Best L2: 9.9079e-01 | Final L2: 6.1288e+00
[abl] case3 strat=default scale=0.6 seed=2: best_l2=9.9079e-01 params=1171 t=15.6s
[E15w] RUN --case case3 --seed 0 --strategy default --scale 0.8 --out /root/autodl-tmp/rebuttal_experiments/E15_structure_ablation/saved_data/case3_wchar0p8_seed0.json

======================================================================
  SV-SNN (ACCELERATED)
  Analytic X_n''/Y_n'', vectorized modes, separable grid, zero AD
======================================================================
  Parameters: 1171
  Epoch   100 | Loss 6.6467e+03 | PDE 6.6451e+03 | BC 1.5620e+00 | L2 8.1956e-01
  Epoch  1000 | Loss 1.5780e+03 | PDE 1.5760e+03 | BC 2.0291e+00 | L2 8.0351e-01
  Epoch  2000 | Loss 1.5226e+03 | PDE 1.5208e+03 | BC 1.8264e+00 | L2 6.6723e-01
  Epoch  3000 | Loss 1.4347e+03 | PDE 1.4329e+03 | BC 1.7514e+00 | L2 6.7318e-01
  Epoch  4000 | Loss 1.1927e+03 | PDE 1.1909e+03 | BC 1.8389e+00 | L2 8.9095e-01
  Epoch  5000 | Loss 4.9107e+02 | PDE 4.8934e+02 | BC 1.7371e+00 | L2 1.0729e+00
  Epoch  6000 | Loss 4.3601e+02 | PDE 4.3494e+02 | BC 1.0707e+00 | L2 4.3606e-01
  Epoch  7000 | Loss 4.2785e+02 | PDE 4.2677e+02 | BC 1.0727e+00 | L2 4.2603e-01
  Epoch  8000 | Loss 4.1944e+02 | PDE 4.1835e+02 | BC 1.0865e+00 | L2 4.2586e-01
  Epoch  9000 | Loss 4.1370e+02 | PDE 4.1262e+02 | BC 1.0862e+00 | L2 4.3090e-01
  Epoch 10000 | Loss 4.0811e+02 | PDE 4.0703e+02 | BC 1.0868e+00 | L2 4.3511e-01
  Done: 16.5s | Params: 1171 | Best L2: 4.1786e-01 | Final L2: 4.3511e-01
[abl] case3 strat=default scale=0.8 seed=0: best_l2=4.1786e-01 params=1171 t=16.5s
[E15w] RUN --case case3 --seed 1 --strategy default --scale 0.8 --out /root/autodl-tmp/rebuttal_experiments/E15_structure_ablation/saved_data/case3_wchar0p8_seed1.json

======================================================================
  SV-SNN (ACCELERATED)
  Analytic X_n''/Y_n'', vectorized modes, separable grid, zero AD
======================================================================
  Parameters: 1171
  Epoch   100 | Loss 6.6673e+03 | PDE 6.6658e+03 | BC 1.5484e+00 | L2 8.2212e-01
  Epoch  1000 | Loss 1.5612e+03 | PDE 1.5592e+03 | BC 1.9538e+00 | L2 8.0004e-01
  Epoch  2000 | Loss 1.4929e+03 | PDE 1.4911e+03 | BC 1.7711e+00 | L2 6.6549e-01
  Epoch  3000 | Loss 1.3024e+03 | PDE 1.3007e+03 | BC 1.6923e+00 | L2 7.5505e-01
  Epoch  4000 | Loss 4.7992e+02 | PDE 4.7810e+02 | BC 1.8178e+00 | L2 1.1075e+00
  Epoch  5000 | Loss 4.5079e+02 | PDE 4.4974e+02 | BC 1.0490e+00 | L2 4.1638e-01
  Epoch  6000 | Loss 4.4998e+02 | PDE 4.4894e+02 | BC 1.0363e+00 | L2 4.1429e-01
  Epoch  7000 | Loss 4.4778e+02 | PDE 4.4673e+02 | BC 1.0493e+00 | L2 4.0583e-01
  Epoch  8000 | Loss 4.4524e+02 | PDE 4.4420e+02 | BC 1.0391e+00 | L2 4.0862e-01
  Epoch  9000 | Loss 4.4420e+02 | PDE 4.4316e+02 | BC 1.0344e+00 | L2 4.1072e-01
  Epoch 10000 | Loss 4.4288e+02 | PDE 4.4184e+02 | BC 1.0437e+00 | L2 4.0720e-01
  Done: 16.4s | Params: 1171 | Best L2: 4.0118e-01 | Final L2: 4.0720e-01
[abl] case3 strat=default scale=0.8 seed=1: best_l2=4.0118e-01 params=1171 t=16.4s
[E15w] RUN --case case3 --seed 2 --strategy default --scale 0.8 --out /root/autodl-tmp/rebuttal_experiments/E15_structure_ablation/saved_data/case3_wchar0p8_seed2.json

======================================================================
  SV-SNN (ACCELERATED)
  Analytic X_n''/Y_n'', vectorized modes, separable grid, zero AD
======================================================================
  Parameters: 1171
  Epoch   100 | Loss 6.5710e+03 | PDE 6.5694e+03 | BC 1.5392e+00 | L2 8.1514e-01
  Epoch  1000 | Loss 1.5980e+03 | PDE 1.5960e+03 | BC 1.9338e+00 | L2 7.6917e-01
  Epoch  2000 | Loss 1.5406e+03 | PDE 1.5388e+03 | BC 1.7693e+00 | L2 6.8954e-01
  Epoch  3000 | Loss 1.4303e+03 | PDE 1.4285e+03 | BC 1.7204e+00 | L2 6.9259e-01
  Epoch  4000 | Loss 4.4653e+02 | PDE 4.4537e+02 | BC 1.1578e+00 | L2 6.2345e-01
  Epoch  5000 | Loss 4.4367e+02 | PDE 4.4264e+02 | BC 1.0350e+00 | L2 4.1097e-01
  Epoch  6000 | Loss 4.4346e+02 | PDE 4.4243e+02 | BC 1.0235e+00 | L2 4.1201e-01
  Epoch  7000 | Loss 4.4209e+02 | PDE 4.4106e+02 | BC 1.0269e+00 | L2 4.0829e-01
  Epoch  8000 | Loss 4.4055e+02 | PDE 4.3951e+02 | BC 1.0328e+00 | L2 4.0570e-01
  Epoch  9000 | Loss 4.3931e+02 | PDE 4.3828e+02 | BC 1.0366e+00 | L2 4.0535e-01
  Epoch 10000 | Loss 4.3742e+02 | PDE 4.3641e+02 | BC 1.0129e+00 | L2 4.1349e-01
  Done: 17.3s | Params: 1171 | Best L2: 4.0090e-01 | Final L2: 4.1349e-01
[abl] case3 strat=default scale=0.8 seed=2: best_l2=4.0090e-01 params=1171 t=17.3s
[E15w] case3 scale=1.0 seed0: reused E11 best_l2=1.9144e-03
[E15w] case3 scale=1.0 seed1: reused E11 best_l2=1.9419e-03
[E15w] case3 scale=1.0 seed2: reused E11 best_l2=2.1016e-03
[E15w] RUN --case case3 --seed 0 --strategy default --scale 1.2 --out /root/autodl-tmp/rebuttal_experiments/E15_structure_ablation/saved_data/case3_wchar1p2_seed0.json

======================================================================
  SV-SNN (ACCELERATED)
  Analytic X_n''/Y_n'', vectorized modes, separable grid, zero AD
======================================================================
  Parameters: 1171
  Epoch   100 | Loss 5.5233e+03 | PDE 5.5225e+03 | BC 8.8179e-01 | L2 7.2556e-01
  Epoch  1000 | Loss 8.7325e+02 | PDE 8.7290e+02 | BC 3.4960e-01 | L2 4.6145e-01
  Epoch  2000 | Loss 6.2940e+02 | PDE 6.2915e+02 | BC 2.5051e-01 | L2 3.2560e-01
  Epoch  3000 | Loss 6.0389e+02 | PDE 6.0366e+02 | BC 2.3727e-01 | L2 3.0778e-01
  Epoch  4000 | Loss 5.6437e+02 | PDE 5.6413e+02 | BC 2.3529e-01 | L2 3.1297e-01
  Epoch  5000 | Loss 5.2972e+02 | PDE 5.2947e+02 | BC 2.4498e-01 | L2 3.2640e-01
  Epoch  6000 | Loss 4.9351e+02 | PDE 4.9328e+02 | BC 2.3088e-01 | L2 3.3689e-01
  Epoch  7000 | Loss 4.5062e+02 | PDE 4.5038e+02 | BC 2.3842e-01 | L2 3.4524e-01
  Epoch  8000 | Loss 4.1875e+02 | PDE 4.1850e+02 | BC 2.4663e-01 | L2 3.5677e-01
  Epoch  9000 | Loss 4.1798e+02 | PDE 4.1771e+02 | BC 2.6124e-01 | L2 3.6468e-01
  Epoch 10000 | Loss 3.5778e+02 | PDE 3.5753e+02 | BC 2.4583e-01 | L2 3.6914e-01
  Done: 16.2s | Params: 1171 | Best L2: 3.0778e-01 | Final L2: 3.6914e-01
[abl] case3 strat=default scale=1.2 seed=0: best_l2=3.0778e-01 params=1171 t=16.2s
[E15w] RUN --case case3 --seed 1 --strategy default --scale 1.2 --out /root/autodl-tmp/rebuttal_experiments/E15_structure_ablation/saved_data/case3_wchar1p2_seed1.json

======================================================================
  SV-SNN (ACCELERATED)
  Analytic X_n''/Y_n'', vectorized modes, separable grid, zero AD
======================================================================
  Parameters: 1171
  Epoch   100 | Loss 5.3131e+03 | PDE 5.3123e+03 | BC 8.2759e-01 | L2 7.1588e-01
  Epoch  1000 | Loss 1.0473e+03 | PDE 1.0470e+03 | BC 3.6667e-01 | L2 4.9629e-01
  Epoch  2000 | Loss 6.3208e+02 | PDE 6.3183e+02 | BC 2.4437e-01 | L2 3.2377e-01
  Epoch  3000 | Loss 5.8409e+02 | PDE 5.8385e+02 | BC 2.3498e-01 | L2 3.1287e-01
  Epoch  4000 | Loss 5.4696e+02 | PDE 5.4673e+02 | BC 2.3144e-01 | L2 3.1830e-01
  Epoch  5000 | Loss 5.1740e+02 | PDE 5.1717e+02 | BC 2.2896e-01 | L2 3.2546e-01
  Epoch  6000 | Loss 4.8865e+02 | PDE 4.8842e+02 | BC 2.3187e-01 | L2 3.3109e-01
  Epoch  7000 | Loss 4.6431e+02 | PDE 4.6408e+02 | BC 2.3255e-01 | L2 3.3772e-01
  Epoch  8000 | Loss 4.4612e+02 | PDE 4.4589e+02 | BC 2.3159e-01 | L2 3.4115e-01
  Epoch  9000 | Loss 4.3510e+02 | PDE 4.3487e+02 | BC 2.2777e-01 | L2 3.4178e-01
  Epoch 10000 | Loss 4.1638e+02 | PDE 4.1615e+02 | BC 2.2683e-01 | L2 3.4015e-01
  Done: 16.0s | Params: 1171 | Best L2: 3.1115e-01 | Final L2: 3.4015e-01
[abl] case3 strat=default scale=1.2 seed=1: best_l2=3.1115e-01 params=1171 t=16.0s
[E15w] RUN --case case3 --seed 2 --strategy default --scale 1.2 --out /root/autodl-tmp/rebuttal_experiments/E15_structure_ablation/saved_data/case3_wchar1p2_seed2.json

======================================================================
  SV-SNN (ACCELERATED)
  Analytic X_n''/Y_n'', vectorized modes, separable grid, zero AD
======================================================================
  Parameters: 1171
  Epoch   100 | Loss 5.6073e+03 | PDE 5.6064e+03 | BC 8.8430e-01 | L2 7.3060e-01
  Epoch  1000 | Loss 1.1586e+03 | PDE 1.1582e+03 | BC 3.8957e-01 | L2 4.9538e-01
  Epoch  2000 | Loss 6.2028e+02 | PDE 6.2003e+02 | BC 2.4781e-01 | L2 3.4385e-01
  Epoch  3000 | Loss 6.0134e+02 | PDE 6.0111e+02 | BC 2.3377e-01 | L2 3.1781e-01
  Epoch  4000 | Loss 5.8564e+02 | PDE 5.8540e+02 | BC 2.3408e-01 | L2 3.2251e-01
  Epoch  5000 | Loss 5.7383e+02 | PDE 5.7360e+02 | BC 2.3205e-01 | L2 3.2713e-01
  Epoch  6000 | Loss 5.6403e+02 | PDE 5.6380e+02 | BC 2.2940e-01 | L2 3.3078e-01
  Epoch  7000 | Loss 5.4981e+02 | PDE 5.4958e+02 | BC 2.3050e-01 | L2 3.3570e-01
  Epoch  8000 | Loss 5.5001e+02 | PDE 5.4976e+02 | BC 2.4898e-01 | L2 3.4017e-01
  Epoch  9000 | Loss 5.4024e+02 | PDE 5.4002e+02 | BC 2.2536e-01 | L2 3.4406e-01
  Epoch 10000 | Loss 5.1090e+02 | PDE 5.1067e+02 | BC 2.3358e-01 | L2 3.4681e-01
  Done: 17.3s | Params: 1171 | Best L2: 3.1781e-01 | Final L2: 3.4681e-01
[abl] case3 strat=default scale=1.2 seed=2: best_l2=3.1781e-01 params=1171 t=17.3s
[E15w] RUN --case case3 --seed 0 --strategy default --scale 1.5 --out /root/autodl-tmp/rebuttal_experiments/E15_structure_ablation/saved_data/case3_wchar1p5_seed0.json

======================================================================
  SV-SNN (ACCELERATED)
  Analytic X_n''/Y_n'', vectorized modes, separable grid, zero AD
======================================================================
  Parameters: 1171
  Epoch   100 | Loss 1.1133e+04 | PDE 1.1132e+04 | BC 1.3152e+00 | L2 9.8233e-01
  Epoch  1000 | Loss 7.1590e+03 | PDE 7.1567e+03 | BC 2.2771e+00 | L2 1.3615e+00
  Epoch  2000 | Loss 7.0010e+03 | PDE 6.9981e+03 | BC 2.9273e+00 | L2 1.5705e+00
  Epoch  3000 | Loss 6.8292e+03 | PDE 6.8262e+03 | BC 3.0177e+00 | L2 1.6032e+00
  Epoch  4000 | Loss 6.6681e+03 | PDE 6.6650e+03 | BC 3.0441e+00 | L2 1.6167e+00
  Epoch  5000 | Loss 6.5246e+03 | PDE 6.5216e+03 | BC 3.0226e+00 | L2 1.6169e+00
  Epoch  6000 | Loss 6.4026e+03 | PDE 6.3997e+03 | BC 2.8411e+00 | L2 1.5691e+00
  Epoch  7000 | Loss 6.2933e+03 | PDE 6.2905e+03 | BC 2.8199e+00 | L2 1.5656e+00
  Epoch  8000 | Loss 6.2435e+03 | PDE 6.2409e+03 | BC 2.6015e+00 | L2 1.5034e+00
  Epoch  9000 | Loss 6.1471e+03 | PDE 6.1448e+03 | BC 2.2994e+00 | L2 1.4062e+00
  Epoch 10000 | Loss 6.0373e+03 | PDE 6.0353e+03 | BC 1.9936e+00 | L2 1.2967e+00
  Done: 16.0s | Params: 1171 | Best L2: 9.5709e-01 | Final L2: 1.2967e+00
[abl] case3 strat=default scale=1.5 seed=0: best_l2=9.5709e-01 params=1171 t=16.0s
[E15w] RUN --case case3 --seed 1 --strategy default --scale 1.5 --out /root/autodl-tmp/rebuttal_experiments/E15_structure_ablation/saved_data/case3_wchar1p5_seed1.json

======================================================================
  SV-SNN (ACCELERATED)
  Analytic X_n''/Y_n'', vectorized modes, separable grid, zero AD
======================================================================
  Parameters: 1171
  Epoch   100 | Loss 1.0408e+04 | PDE 1.0407e+04 | BC 1.3264e+00 | L2 9.6742e-01
  Epoch  1000 | Loss 7.0836e+03 | PDE 7.0811e+03 | BC 2.4929e+00 | L2 1.4320e+00
  Epoch  2000 | Loss 6.8874e+03 | PDE 6.8845e+03 | BC 2.9584e+00 | L2 1.5679e+00
  Epoch  3000 | Loss 6.7795e+03 | PDE 6.7769e+03 | BC 2.5666e+00 | L2 1.4435e+00
  Epoch  4000 | Loss 6.8723e+03 | PDE 6.8702e+03 | BC 2.1666e+00 | L2 1.3044e+00
  Epoch  5000 | Loss 6.6528e+03 | PDE 6.6510e+03 | BC 1.7626e+00 | L2 1.1533e+00
  Epoch  6000 | Loss 6.6801e+03 | PDE 6.6786e+03 | BC 1.5743e+00 | L2 1.0649e+00
  Epoch  7000 | Loss 6.5648e+03 | PDE 6.5634e+03 | BC 1.4379e+00 | L2 1.0053e+00
  Epoch  8000 | Loss 6.5126e+03 | PDE 6.5112e+03 | BC 1.4270e+00 | L2 1.0020e+00
  Epoch  9000 | Loss 6.4704e+03 | PDE 6.4690e+03 | BC 1.4052e+00 | L2 9.9533e-01
  Epoch 10000 | Loss 6.4256e+03 | PDE 6.4242e+03 | BC 1.3665e+00 | L2 9.7883e-01
  Done: 18.7s | Params: 1171 | Best L2: 9.5646e-01 | Final L2: 9.7883e-01
[abl] case3 strat=default scale=1.5 seed=1: best_l2=9.5646e-01 params=1171 t=18.7s
[E15w] RUN --case case3 --seed 2 --strategy default --scale 1.5 --out /root/autodl-tmp/rebuttal_experiments/E15_structure_ablation/saved_data/case3_wchar1p5_seed2.json

======================================================================
  SV-SNN (ACCELERATED)
  Analytic X_n''/Y_n'', vectorized modes, separable grid, zero AD
======================================================================
  Parameters: 1171
  Epoch   100 | Loss 1.0646e+04 | PDE 1.0644e+04 | BC 1.2877e+00 | L2 9.7027e-01
  Epoch  1000 | Loss 7.2006e+03 | PDE 7.1981e+03 | BC 2.4718e+00 | L2 1.4322e+00
  Epoch  2000 | Loss 7.1836e+03 | PDE 7.1809e+03 | BC 2.7725e+00 | L2 1.5252e+00
  Epoch  3000 | Loss 7.0613e+03 | PDE 7.0585e+03 | BC 2.7277e+00 | L2 1.5088e+00
  Epoch  4000 | Loss 6.9560e+03 | PDE 6.9533e+03 | BC 2.6993e+00 | L2 1.5003e+00
  Epoch  5000 | Loss 6.8824e+03 | PDE 6.8798e+03 | BC 2.6228e+00 | L2 1.4770e+00
  Epoch  6000 | Loss 6.8136e+03 | PDE 6.8111e+03 | BC 2.5309e+00 | L2 1.4482e+00
  Epoch  7000 | Loss 6.7521e+03 | PDE 6.7496e+03 | BC 2.4530e+00 | L2 1.4241e+00
  Epoch  8000 | Loss 6.7094e+03 | PDE 6.7069e+03 | BC 2.5024e+00 | L2 1.4403e+00
  Epoch  9000 | Loss 6.9502e+03 | PDE 6.9478e+03 | BC 2.4036e+00 | L2 1.4086e+00
  Epoch 10000 | Loss 6.6060e+03 | PDE 6.6036e+03 | BC 2.3703e+00 | L2 1.3992e+00
  Done: 17.2s | Params: 1171 | Best L2: 9.7027e-01 | Final L2: 1.3992e+00
[abl] case3 strat=default scale=1.5 seed=2: best_l2=9.7027e-01 params=1171 t=17.2s
[E15w] RUN --case case4 --seed 0 --strategy default --scale 0.6 --out /root/autodl-tmp/rebuttal_experiments/E15_structure_ablation/saved_data/case4_wchar0p6_seed0.json

============================================================
Training SV-SNN (ACCELERATED)
  Analytic X_n'', manual T_n', vectorized modes, separable grid
============================================================
  Parameters: 1612
  Epoch  1000 | Loss: 1.620557e-01 | L2 Err: 1.999232e+00
  Epoch  2000 | Loss: 1.595754e-01 | L2 Err: 2.022201e+00
  Epoch  3000 | Loss: 1.584379e-01 | L2 Err: 2.034160e+00
  Epoch  4000 | Loss: 1.578549e-01 | L2 Err: 2.040229e+00
  Epoch  5000 | Loss: 1.574677e-01 | L2 Err: 2.043596e+00
  Epoch  6000 | Loss: 1.570220e-01 | L2 Err: 2.047004e+00
  Epoch  7000 | Loss: 1.566911e-01 | L2 Err: 2.050101e+00
  Epoch  8000 | Loss: 1.571087e-01 | L2 Err: 2.051218e+00
  Epoch  9000 | Loss: 1.561241e-01 | L2 Err: 2.054114e+00
  Epoch 10000 | Loss: 1.558810e-01 | L2 Err: 2.054560e+00
  Time: 20.6s (2.06 ms/epoch)
  Best L2: 1.364798e+00
[abl] case4 strat=default scale=0.6 seed=0: best_l2=1.3648e+00 params=1612 t=20.6s
[E15w] RUN --case case4 --seed 1 --strategy default --scale 0.6 --out /root/autodl-tmp/rebuttal_experiments/E15_structure_ablation/saved_data/case4_wchar0p6_seed1.json

============================================================
Training SV-SNN (ACCELERATED)
  Analytic X_n'', manual T_n', vectorized modes, separable grid
============================================================
  Parameters: 1612
  Epoch  1000 | Loss: 1.151906e-01 | L2 Err: 2.371126e+00
  Epoch  2000 | Loss: 1.128448e-01 | L2 Err: 2.394720e+00
  Epoch  3000 | Loss: 1.117319e-01 | L2 Err: 2.405235e+00
  Epoch  4000 | Loss: 1.110301e-01 | L2 Err: 2.412504e+00
  Epoch  5000 | Loss: 1.102499e-01 | L2 Err: 2.417746e+00
  Epoch  6000 | Loss: 1.097205e-01 | L2 Err: 2.418643e+00
  Epoch  7000 | Loss: 1.095823e-01 | L2 Err: 2.423023e+00
  Epoch  8000 | Loss: 1.103033e-01 | L2 Err: 2.419307e+00
  Epoch  9000 | Loss: 1.084223e-01 | L2 Err: 2.421488e+00
  Epoch 10000 | Loss: 1.081204e-01 | L2 Err: 2.420548e+00
  Time: 19.1s (1.91 ms/epoch)
  Best L2: 1.460706e+00
[abl] case4 strat=default scale=0.6 seed=1: best_l2=1.4607e+00 params=1612 t=19.1s
[E15w] RUN --case case4 --seed 2 --strategy default --scale 0.6 --out /root/autodl-tmp/rebuttal_experiments/E15_structure_ablation/saved_data/case4_wchar0p6_seed2.json

============================================================
Training SV-SNN (ACCELERATED)
  Analytic X_n'', manual T_n', vectorized modes, separable grid
============================================================
  Parameters: 1612
  Epoch  1000 | Loss: 1.615495e-01 | L2 Err: 2.116789e+00
  Epoch  2000 | Loss: 1.519169e-01 | L2 Err: 2.210863e+00
  Epoch  3000 | Loss: 1.481420e-01 | L2 Err: 2.250150e+00
  Epoch  4000 | Loss: 1.463898e-01 | L2 Err: 2.266379e+00
  Epoch  5000 | Loss: 1.453035e-01 | L2 Err: 2.272384e+00
  Epoch  6000 | Loss: 1.453391e-01 | L2 Err: 2.275393e+00
  Epoch  7000 | Loss: 1.441427e-01 | L2 Err: 2.275191e+00
  Epoch  8000 | Loss: 1.439334e-01 | L2 Err: 2.278105e+00
  Epoch  9000 | Loss: 1.439119e-01 | L2 Err: 2.276061e+00
  Epoch 10000 | Loss: 1.438304e-01 | L2 Err: 2.278311e+00
  Time: 20.4s (2.04 ms/epoch)
  Best L2: 1.478957e+00
[abl] case4 strat=default scale=0.6 seed=2: best_l2=1.4790e+00 params=1612 t=20.4s
[E15w] RUN --case case4 --seed 0 --strategy default --scale 0.8 --out /root/autodl-tmp/rebuttal_experiments/E15_structure_ablation/saved_data/case4_wchar0p8_seed0.json

============================================================
Training SV-SNN (ACCELERATED)
  Analytic X_n'', manual T_n', vectorized modes, separable grid
============================================================
  Parameters: 1612
  Epoch  1000 | Loss: 1.210129e-01 | L2 Err: 1.987636e+00
  Epoch  2000 | Loss: 1.176907e-01 | L2 Err: 2.028440e+00
  Epoch  3000 | Loss: 1.177895e-01 | L2 Err: 2.024375e+00
  Epoch  4000 | Loss: 1.161733e-01 | L2 Err: 2.027091e+00
  Epoch  5000 | Loss: 1.157550e-01 | L2 Err: 2.026712e+00
  Epoch  6000 | Loss: 1.156074e-01 | L2 Err: 2.024628e+00
  Epoch  7000 | Loss: 1.152487e-01 | L2 Err: 2.025502e+00
  Epoch  8000 | Loss: 1.151073e-01 | L2 Err: 2.028109e+00
  Epoch  9000 | Loss: 1.149193e-01 | L2 Err: 2.027828e+00
  Epoch 10000 | Loss: 1.149000e-01 | L2 Err: 2.027573e+00
  Time: 19.9s (1.99 ms/epoch)
  Best L2: 1.324107e+00
[abl] case4 strat=default scale=0.8 seed=0: best_l2=1.3241e+00 params=1612 t=19.9s
[E15w] RUN --case case4 --seed 1 --strategy default --scale 0.8 --out /root/autodl-tmp/rebuttal_experiments/E15_structure_ablation/saved_data/case4_wchar0p8_seed1.json

============================================================
Training SV-SNN (ACCELERATED)
  Analytic X_n'', manual T_n', vectorized modes, separable grid
============================================================
  Parameters: 1612
  Epoch  1000 | Loss: 1.071048e-01 | L2 Err: 1.976873e+00
  Epoch  2000 | Loss: 1.026846e-01 | L2 Err: 2.095919e+00
  Epoch  3000 | Loss: 1.008701e-01 | L2 Err: 2.180461e+00
  Epoch  4000 | Loss: 9.888911e-02 | L2 Err: 2.234834e+00
  Epoch  5000 | Loss: 9.830558e-02 | L2 Err: 2.267319e+00
  Epoch  6000 | Loss: 9.797464e-02 | L2 Err: 2.289619e+00
  Epoch  7000 | Loss: 9.715959e-02 | L2 Err: 2.301735e+00
  Epoch  8000 | Loss: 9.752901e-02 | L2 Err: 2.309993e+00
  Epoch  9000 | Loss: 9.668221e-02 | L2 Err: 2.315372e+00
  Epoch 10000 | Loss: 9.658015e-02 | L2 Err: 2.318836e+00
  Time: 18.4s (1.84 ms/epoch)
  Best L2: 1.296349e+00
[abl] case4 strat=default scale=0.8 seed=1: best_l2=1.2963e+00 params=1612 t=18.4s
[E15w] RUN --case case4 --seed 2 --strategy default --scale 0.8 --out /root/autodl-tmp/rebuttal_experiments/E15_structure_ablation/saved_data/case4_wchar0p8_seed2.json

============================================================
Training SV-SNN (ACCELERATED)
  Analytic X_n'', manual T_n', vectorized modes, separable grid
============================================================
  Parameters: 1612
  Epoch  1000 | Loss: 1.364060e-01 | L2 Err: 2.411910e+00
  Epoch  2000 | Loss: 1.293799e-01 | L2 Err: 2.483375e+00
  Epoch  3000 | Loss: 1.258660e-01 | L2 Err: 2.492859e+00
  Epoch  4000 | Loss: 1.236976e-01 | L2 Err: 2.497539e+00
  Epoch  5000 | Loss: 1.222961e-01 | L2 Err: 2.500691e+00
  Epoch  6000 | Loss: 1.214155e-01 | L2 Err: 2.503245e+00
  Epoch  7000 | Loss: 1.203609e-01 | L2 Err: 2.515725e+00
  Epoch  8000 | Loss: 1.195958e-01 | L2 Err: 2.515291e+00
  Epoch  9000 | Loss: 1.191750e-01 | L2 Err: 2.523241e+00
  Epoch 10000 | Loss: 1.185707e-01 | L2 Err: 2.525001e+00
  Time: 18.3s (1.83 ms/epoch)
  Best L2: 1.276893e+00
[abl] case4 strat=default scale=0.8 seed=2: best_l2=1.2769e+00 params=1612 t=18.3s
[E15w] case4 scale=1.0 seed0: reused E11 best_l2=1.8465e-03
[E15w] case4 scale=1.0 seed1: reused E11 best_l2=2.9612e-03
[E15w] case4 scale=1.0 seed2: reused E11 best_l2=4.7276e-03
[E15w] RUN --case case4 --seed 0 --strategy default --scale 1.2 --out /root/autodl-tmp/rebuttal_experiments/E15_structure_ablation/saved_data/case4_wchar1p2_seed0.json

============================================================
Training SV-SNN (ACCELERATED)
  Analytic X_n'', manual T_n', vectorized modes, separable grid
============================================================
  Parameters: 1612
  Epoch  1000 | Loss: 8.560427e-02 | L2 Err: 1.996415e+00
  Epoch  2000 | Loss: 7.898197e-02 | L2 Err: 2.031915e+00
  Epoch  3000 | Loss: 7.564782e-02 | L2 Err: 2.060556e+00
  Epoch  4000 | Loss: 7.300127e-02 | L2 Err: 2.085755e+00
  Epoch  5000 | Loss: 7.374825e-02 | L2 Err: 2.110666e+00
  Epoch  6000 | Loss: 6.994107e-02 | L2 Err: 2.130269e+00
  Epoch  7000 | Loss: 6.820565e-02 | L2 Err: 2.146510e+00
  Epoch  8000 | Loss: 6.692042e-02 | L2 Err: 2.162265e+00
  Epoch  9000 | Loss: 6.749126e-02 | L2 Err: 2.178616e+00
  Epoch 10000 | Loss: 6.492832e-02 | L2 Err: 2.185968e+00
  Time: 19.1s (1.91 ms/epoch)
  Best L2: 1.184704e+00
[abl] case4 strat=default scale=1.2 seed=0: best_l2=1.1847e+00 params=1612 t=19.1s
[E15w] RUN --case case4 --seed 1 --strategy default --scale 1.2 --out /root/autodl-tmp/rebuttal_experiments/E15_structure_ablation/saved_data/case4_wchar1p2_seed1.json

============================================================
Training SV-SNN (ACCELERATED)
  Analytic X_n'', manual T_n', vectorized modes, separable grid
============================================================
  Parameters: 1612
  Epoch  1000 | Loss: 7.702839e-02 | L2 Err: 2.442820e+00
  Epoch  2000 | Loss: 6.581594e-02 | L2 Err: 2.779282e+00
  Epoch  3000 | Loss: 5.554478e-02 | L2 Err: 3.089791e+00
  Epoch  4000 | Loss: 5.142595e-02 | L2 Err: 3.214591e+00
  Epoch  5000 | Loss: 4.945082e-02 | L2 Err: 3.276513e+00
  Epoch  6000 | Loss: 4.827102e-02 | L2 Err: 3.307452e+00
  Epoch  7000 | Loss: 4.728427e-02 | L2 Err: 3.330189e+00
  Epoch  8000 | Loss: 4.673288e-02 | L2 Err: 3.344229e+00
  Epoch  9000 | Loss: 4.744517e-02 | L2 Err: 3.359730e+00
  Epoch 10000 | Loss: 4.592342e-02 | L2 Err: 3.366334e+00
  Time: 17.4s (1.74 ms/epoch)
  Best L2: 1.127255e+00
[abl] case4 strat=default scale=1.2 seed=1: best_l2=1.1273e+00 params=1612 t=17.4s
[E15w] RUN --case case4 --seed 2 --strategy default --scale 1.2 --out /root/autodl-tmp/rebuttal_experiments/E15_structure_ablation/saved_data/case4_wchar1p2_seed2.json

============================================================
Training SV-SNN (ACCELERATED)
  Analytic X_n'', manual T_n', vectorized modes, separable grid
============================================================
  Parameters: 1612
  Epoch  1000 | Loss: 9.319626e-03 | L2 Err: 7.007792e-01
  Epoch  2000 | Loss: 5.534977e-03 | L2 Err: 5.464310e-01
  Epoch  3000 | Loss: 5.071706e-03 | L2 Err: 5.300342e-01
  Epoch  4000 | Loss: 4.859064e-03 | L2 Err: 5.256617e-01
  Epoch  5000 | Loss: 4.759697e-03 | L2 Err: 5.262819e-01
  Epoch  6000 | Loss: 4.745355e-03 | L2 Err: 5.293067e-01
  Epoch  7000 | Loss: 4.583282e-03 | L2 Err: 5.298902e-01
  Epoch  8000 | Loss: 4.540299e-03 | L2 Err: 5.310663e-01
  Epoch  9000 | Loss: 4.571715e-03 | L2 Err: 5.328866e-01
  Epoch 10000 | Loss: 4.446649e-03 | L2 Err: 5.374386e-01
  Time: 18.6s (1.86 ms/epoch)
  Best L2: 5.243112e-01
[abl] case4 strat=default scale=1.2 seed=2: best_l2=5.2431e-01 params=1612 t=18.6s
[E15w] RUN --case case4 --seed 0 --strategy default --scale 1.5 --out /root/autodl-tmp/rebuttal_experiments/E15_structure_ablation/saved_data/case4_wchar1p5_seed0.json

============================================================
Training SV-SNN (ACCELERATED)
  Analytic X_n'', manual T_n', vectorized modes, separable grid
============================================================
  Parameters: 1612
  Epoch  1000 | Loss: 3.666008e-02 | L2 Err: 1.292788e+00
  Epoch  2000 | Loss: 3.379992e-02 | L2 Err: 1.391634e+00
  Epoch  3000 | Loss: 3.168088e-02 | L2 Err: 1.480796e+00
  Epoch  4000 | Loss: 2.978518e-02 | L2 Err: 1.535575e+00
  Epoch  5000 | Loss: 2.818828e-02 | L2 Err: 1.569579e+00
  Epoch  6000 | Loss: 2.694366e-02 | L2 Err: 1.588091e+00
  Epoch  7000 | Loss: 2.616905e-02 | L2 Err: 1.601968e+00
  Epoch  8000 | Loss: 2.548068e-02 | L2 Err: 1.611092e+00
  Epoch  9000 | Loss: 2.539813e-02 | L2 Err: 1.620266e+00
  Epoch 10000 | Loss: 2.497272e-02 | L2 Err: 1.625679e+00
  Time: 19.2s (1.92 ms/epoch)
  Best L2: 9.722610e-01
[abl] case4 strat=default scale=1.5 seed=0: best_l2=9.7226e-01 params=1612 t=19.2s
[E15w] RUN --case case4 --seed 1 --strategy default --scale 1.5 --out /root/autodl-tmp/rebuttal_experiments/E15_structure_ablation/saved_data/case4_wchar1p5_seed1.json

============================================================
Training SV-SNN (ACCELERATED)
  Analytic X_n'', manual T_n', vectorized modes, separable grid
============================================================
  Parameters: 1612
  Epoch  1000 | Loss: 6.547683e-02 | L2 Err: 2.042420e+00
  Epoch  2000 | Loss: 5.874224e-02 | L2 Err: 2.209225e+00
  Epoch  3000 | Loss: 5.566012e-02 | L2 Err: 2.274532e+00
  Epoch  4000 | Loss: 5.335187e-02 | L2 Err: 2.333730e+00
  Epoch  5000 | Loss: 5.139097e-02 | L2 Err: 2.397236e+00
  Epoch  6000 | Loss: 4.980653e-02 | L2 Err: 2.472551e+00
  Epoch  7000 | Loss: 4.666210e-02 | L2 Err: 2.570589e+00
  Epoch  8000 | Loss: 4.443103e-02 | L2 Err: 2.670942e+00
  Epoch  9000 | Loss: 4.236318e-02 | L2 Err: 2.761186e+00
  Epoch 10000 | Loss: 4.091770e-02 | L2 Err: 2.836142e+00
  Time: 19.5s (1.95 ms/epoch)
  Best L2: 1.124570e+00
[abl] case4 strat=default scale=1.5 seed=1: best_l2=1.1246e+00 params=1612 t=19.5s
[E15w] RUN --case case4 --seed 2 --strategy default --scale 1.5 --out /root/autodl-tmp/rebuttal_experiments/E15_structure_ablation/saved_data/case4_wchar1p5_seed2.json

============================================================
Training SV-SNN (ACCELERATED)
  Analytic X_n'', manual T_n', vectorized modes, separable grid
============================================================
  Parameters: 1612
  Epoch  1000 | Loss: 6.526734e-02 | L2 Err: 1.735293e+00
  Epoch  2000 | Loss: 5.841050e-02 | L2 Err: 1.870608e+00
  Epoch  3000 | Loss: 5.628005e-02 | L2 Err: 1.929955e+00
  Epoch  4000 | Loss: 5.462041e-02 | L2 Err: 1.964205e+00
  Epoch  5000 | Loss: 5.335317e-02 | L2 Err: 1.991521e+00
  Epoch  6000 | Loss: 5.226651e-02 | L2 Err: 2.017055e+00
  Epoch  7000 | Loss: 5.075905e-02 | L2 Err: 2.045539e+00
  Epoch  8000 | Loss: 4.966854e-02 | L2 Err: 2.070441e+00
  Epoch  9000 | Loss: 4.862558e-02 | L2 Err: 2.094904e+00
  Epoch 10000 | Loss: 4.781156e-02 | L2 Err: 2.116468e+00
  Time: 18.0s (1.80 ms/epoch)
  Best L2: 1.126433e+00
[abl] case4 strat=default scale=1.5 seed=2: best_l2=1.1264e+00 params=1612 t=18.0s
[E15w] RUN --case case5 --seed 0 --strategy default --scale 0.6 --out /root/autodl-tmp/rebuttal_experiments/E15_structure_ablation/saved_data/case5_wchar0p6_seed0.json

============================================================
Training SV-SNN (ACCELERATED)
  Analytic X_n''/Y_n'', vectorized, grid + cylinder mask
============================================================
  Parameters: 2,322
  Epoch  1000 | Loss: 9.4661e+02 | PDE: 9.4654e+02 | BC: 6.4366e-02 | L2: 2.7195e-01
  Epoch  2000 | Loss: 2.3067e+02 | PDE: 2.3065e+02 | BC: 1.9438e-02 | L2: 1.8192e-01
  Epoch  3000 | Loss: 1.1566e+02 | PDE: 1.1566e+02 | BC: 3.7210e-03 | L2: 9.5440e-02
  Epoch  4000 | Loss: 6.1920e+01 | PDE: 6.1919e+01 | BC: 6.9872e-04 | L2: 5.5734e-02
  Epoch  5000 | Loss: 3.0979e+01 | PDE: 3.0978e+01 | BC: 1.1503e-03 | L2: 4.5304e-02
  Epoch  6000 | Loss: 1.5402e+01 | PDE: 1.5399e+01 | BC: 2.8079e-03 | L2: 7.7820e-02
  Epoch  7000 | Loss: 1.1334e+01 | PDE: 1.1331e+01 | BC: 3.6006e-03 | L2: 8.9592e-02
  Epoch  8000 | Loss: 8.9064e+00 | PDE: 8.9028e+00 | BC: 3.5461e-03 | L2: 8.9034e-02
  Epoch  9000 | Loss: 1.2318e+01 | PDE: 1.2315e+01 | BC: 3.2530e-03 | L2: 8.5904e-02
  Training time: 11.7s (1.17 ms/epoch)
  Best L2 error: 4.1029e-02
[abl] case5 strat=default scale=0.6 seed=0: best_l2=4.1029e-02 params=2322 t=11.7s
[E15w] RUN --case case5 --seed 1 --strategy default --scale 0.6 --out /root/autodl-tmp/rebuttal_experiments/E15_structure_ablation/saved_data/case5_wchar0p6_seed1.json

============================================================
Training SV-SNN (ACCELERATED)
  Analytic X_n''/Y_n'', vectorized, grid + cylinder mask
============================================================
  Parameters: 2,322
  Epoch  1000 | Loss: 2.7976e+03 | PDE: 2.7975e+03 | BC: 5.1303e-02 | L2: 2.3877e-01
  Epoch  2000 | Loss: 4.2246e+02 | PDE: 4.2243e+02 | BC: 3.5792e-02 | L2: 2.1927e-01
  Epoch  3000 | Loss: 1.2771e+02 | PDE: 1.2769e+02 | BC: 2.2435e-02 | L2: 2.0159e-01
  Epoch  4000 | Loss: 7.4333e+01 | PDE: 7.4319e+01 | BC: 1.3602e-02 | L2: 2.0273e-01
  Epoch  5000 | Loss: 5.1648e+01 | PDE: 5.1639e+01 | BC: 9.5634e-03 | L2: 2.0035e-01
  Epoch  6000 | Loss: 3.8007e+01 | PDE: 3.8001e+01 | BC: 6.0201e-03 | L2: 1.6395e-01
  Epoch  7000 | Loss: 2.5712e+01 | PDE: 2.5709e+01 | BC: 2.9885e-03 | L2: 1.1613e-01
  Epoch  8000 | Loss: 1.2597e+01 | PDE: 1.2596e+01 | BC: 8.9651e-04 | L2: 6.4042e-02
  Epoch  9000 | Loss: 1.2463e+01 | PDE: 1.2463e+01 | BC: 7.8342e-05 | L2: 1.5574e-02
  Training time: 12.4s (1.24 ms/epoch)
  Best L2 error: 1.4177e-02
[abl] case5 strat=default scale=0.6 seed=1: best_l2=1.4177e-02 params=2322 t=12.4s
[E15w] RUN --case case5 --seed 2 --strategy default --scale 0.6 --out /root/autodl-tmp/rebuttal_experiments/E15_structure_ablation/saved_data/case5_wchar0p6_seed2.json

============================================================
Training SV-SNN (ACCELERATED)
  Analytic X_n''/Y_n'', vectorized, grid + cylinder mask
============================================================
  Parameters: 2,322
  Epoch  1000 | Loss: 9.8416e+02 | PDE: 9.8409e+02 | BC: 6.4228e-02 | L2: 2.5600e-01
  Epoch  2000 | Loss: 2.9012e+02 | PDE: 2.9009e+02 | BC: 3.1394e-02 | L2: 2.0893e-01
  Epoch  3000 | Loss: 1.5062e+02 | PDE: 1.5061e+02 | BC: 1.5508e-02 | L2: 1.6835e-01
  Epoch  4000 | Loss: 8.6506e+01 | PDE: 8.6497e+01 | BC: 9.2318e-03 | L2: 1.6940e-01
  Epoch  5000 | Loss: 6.2871e+01 | PDE: 6.2864e+01 | BC: 7.6725e-03 | L2: 1.7278e-01
  Epoch  6000 | Loss: 4.5285e+01 | PDE: 4.5279e+01 | BC: 6.1150e-03 | L2: 1.5839e-01
  Epoch  7000 | Loss: 3.4181e+01 | PDE: 3.4176e+01 | BC: 4.6539e-03 | L2: 1.3870e-01
  Epoch  8000 | Loss: 2.6141e+01 | PDE: 2.6138e+01 | BC: 2.8376e-03 | L2: 1.0736e-01
  Epoch  9000 | Loss: 2.1777e+01 | PDE: 2.1776e+01 | BC: 1.2680e-03 | L2: 6.7881e-02
  Training time: 13.1s (1.32 ms/epoch)
  Best L2 error: 3.8910e-02
[abl] case5 strat=default scale=0.6 seed=2: best_l2=3.8910e-02 params=2322 t=13.1s
[E15w] RUN --case case5 --seed 0 --strategy default --scale 0.8 --out /root/autodl-tmp/rebuttal_experiments/E15_structure_ablation/saved_data/case5_wchar0p8_seed0.json

============================================================
Training SV-SNN (ACCELERATED)
  Analytic X_n''/Y_n'', vectorized, grid + cylinder mask
============================================================
  Parameters: 2,322
  Epoch  1000 | Loss: 4.0268e+02 | PDE: 4.0264e+02 | BC: 3.6509e-02 | L2: 2.2262e-01
  Epoch  2000 | Loss: 1.4837e+02 | PDE: 1.4835e+02 | BC: 2.2351e-02 | L2: 2.1587e-01
  Epoch  3000 | Loss: 8.0575e+01 | PDE: 8.0564e+01 | BC: 1.1416e-02 | L2: 1.9693e-01
  Epoch  4000 | Loss: 4.8239e+01 | PDE: 4.8234e+01 | BC: 5.1865e-03 | L2: 1.6496e-01
  Epoch  5000 | Loss: 2.7861e+01 | PDE: 2.7859e+01 | BC: 1.5449e-03 | L2: 1.0156e-01
  Epoch  6000 | Loss: 1.3285e+01 | PDE: 1.3285e+01 | BC: 1.5687e-04 | L2: 3.0788e-02
  Epoch  7000 | Loss: 9.6821e+00 | PDE: 9.6812e+00 | BC: 9.1184e-04 | L2: 5.5082e-02
  Epoch  8000 | Loss: 1.3394e+01 | PDE: 1.3391e+01 | BC: 2.6896e-03 | L2: 1.0372e-01
  Epoch  9000 | Loss: 2.4689e+01 | PDE: 2.4685e+01 | BC: 4.0227e-03 | L2: 1.2876e-01
  Training time: 16.8s (1.68 ms/epoch)
  Best L2 error: 2.2048e-02
[abl] case5 strat=default scale=0.8 seed=0: best_l2=2.2048e-02 params=2322 t=16.8s
[E15w] RUN --case case5 --seed 1 --strategy default --scale 0.8 --out /root/autodl-tmp/rebuttal_experiments/E15_structure_ablation/saved_data/case5_wchar0p8_seed1.json

============================================================
Training SV-SNN (ACCELERATED)
  Analytic X_n''/Y_n'', vectorized, grid + cylinder mask
============================================================
  Parameters: 2,322
  Epoch  1000 | Loss: 3.6823e+02 | PDE: 3.6821e+02 | BC: 2.2314e-02 | L2: 1.6605e-01
  Epoch  2000 | Loss: 1.2388e+02 | PDE: 1.2387e+02 | BC: 1.0019e-02 | L2: 1.4414e-01
  Epoch  3000 | Loss: 7.0120e+01 | PDE: 7.0115e+01 | BC: 5.4580e-03 | L2: 1.3650e-01
  Epoch  4000 | Loss: 4.3513e+01 | PDE: 4.3511e+01 | BC: 2.5926e-03 | L2: 1.1167e-01
  Epoch  5000 | Loss: 2.5219e+01 | PDE: 2.5218e+01 | BC: 5.5564e-04 | L2: 5.6257e-02
  Epoch  6000 | Loss: 1.3563e+01 | PDE: 1.3562e+01 | BC: 2.1400e-04 | L2: 1.9921e-02
  Epoch  7000 | Loss: 1.1404e+01 | PDE: 1.1403e+01 | BC: 6.6938e-04 | L2: 4.4851e-02
  Epoch  8000 | Loss: 3.4824e+01 | PDE: 3.4823e+01 | BC: 1.8060e-03 | L2: 8.2616e-02
  Epoch  9000 | Loss: 1.3444e+01 | PDE: 1.3441e+01 | BC: 3.2854e-03 | L2: 1.1494e-01
  Training time: 16.0s (1.60 ms/epoch)
  Best L2 error: 1.0949e-02
[abl] case5 strat=default scale=0.8 seed=1: best_l2=1.0949e-02 params=2322 t=16.0s
[E15w] RUN --case case5 --seed 2 --strategy default --scale 0.8 --out /root/autodl-tmp/rebuttal_experiments/E15_structure_ablation/saved_data/case5_wchar0p8_seed2.json

============================================================
Training SV-SNN (ACCELERATED)
  Analytic X_n''/Y_n'', vectorized, grid + cylinder mask
============================================================
  Parameters: 2,322
  Epoch  1000 | Loss: 3.2658e+02 | PDE: 3.2656e+02 | BC: 2.1042e-02 | L2: 1.6852e-01
  Epoch  2000 | Loss: 1.0928e+02 | PDE: 1.0927e+02 | BC: 1.3228e-02 | L2: 1.5311e-01
  Epoch  3000 | Loss: 5.4460e+01 | PDE: 5.4453e+01 | BC: 6.9777e-03 | L2: 1.2253e-01
  Epoch  4000 | Loss: 3.2242e+01 | PDE: 3.2238e+01 | BC: 3.4088e-03 | L2: 1.0446e-01
  Epoch  5000 | Loss: 2.0740e+01 | PDE: 2.0738e+01 | BC: 1.7619e-03 | L2: 8.9846e-02
  Epoch  6000 | Loss: 1.5108e+01 | PDE: 1.5107e+01 | BC: 9.5736e-04 | L2: 7.0202e-02
  Epoch  7000 | Loss: 1.3581e+01 | PDE: 1.3580e+01 | BC: 4.3702e-04 | L2: 4.7732e-02
  Epoch  8000 | Loss: 1.8535e+01 | PDE: 1.8534e+01 | BC: 9.2982e-05 | L2: 2.2476e-02
  Epoch  9000 | Loss: 1.1060e+01 | PDE: 1.1060e+01 | BC: 8.1517e-05 | L2: 1.5384e-02
  Training time: 13.9s (1.39 ms/epoch)
  Best L2 error: 7.7895e-03
[abl] case5 strat=default scale=0.8 seed=2: best_l2=7.7895e-03 params=2322 t=13.9s
[E15w] case5 scale=1.0 seed0: reused E11 best_l2=1.7161e-02
[E15w] case5 scale=1.0 seed1: reused E11 best_l2=1.0567e-02
[E15w] case5 scale=1.0 seed2: reused E11 best_l2=6.6645e-03
[E15w] RUN --case case5 --seed 0 --strategy default --scale 1.2 --out /root/autodl-tmp/rebuttal_experiments/E15_structure_ablation/saved_data/case5_wchar1p2_seed0.json

============================================================
Training SV-SNN (ACCELERATED)
  Analytic X_n''/Y_n'', vectorized, grid + cylinder mask
============================================================
  Parameters: 2,322
  Epoch  1000 | Loss: 5.8310e+03 | PDE: 5.8310e+03 | BC: 1.7060e-02 | L2: 1.1080e-01
  Epoch  2000 | Loss: 2.2547e+03 | PDE: 2.2547e+03 | BC: 1.0630e-02 | L2: 9.0511e-02
  Epoch  3000 | Loss: 1.1252e+03 | PDE: 1.1252e+03 | BC: 7.0982e-03 | L2: 7.6007e-02
  Epoch  4000 | Loss: 5.5596e+02 | PDE: 5.5596e+02 | BC: 4.2981e-03 | L2: 6.1967e-02
  Epoch  5000 | Loss: 2.8940e+02 | PDE: 2.8940e+02 | BC: 2.3518e-03 | L2: 4.8584e-02
  Epoch  6000 | Loss: 1.7206e+02 | PDE: 1.7206e+02 | BC: 1.2898e-03 | L2: 3.9080e-02
  Epoch  7000 | Loss: 9.7160e+01 | PDE: 9.7160e+01 | BC: 7.8026e-04 | L2: 3.3142e-02
  Epoch  8000 | Loss: 7.5265e+01 | PDE: 7.5265e+01 | BC: 4.9937e-04 | L2: 2.8006e-02
  Epoch  9000 | Loss: 5.0367e+01 | PDE: 5.0366e+01 | BC: 3.0966e-04 | L2: 2.2294e-02
  Training time: 13.8s (1.38 ms/epoch)
  Best L2 error: 1.7064e-02
[abl] case5 strat=default scale=1.2 seed=0: best_l2=1.7064e-02 params=2322 t=13.8s
[E15w] RUN --case case5 --seed 1 --strategy default --scale 1.2 --out /root/autodl-tmp/rebuttal_experiments/E15_structure_ablation/saved_data/case5_wchar1p2_seed1.json

============================================================
Training SV-SNN (ACCELERATED)
  Analytic X_n''/Y_n'', vectorized, grid + cylinder mask
============================================================
  Parameters: 2,322
  Epoch  1000 | Loss: 3.0259e+03 | PDE: 3.0259e+03 | BC: 1.0121e-02 | L2: 8.2769e-02
  Epoch  2000 | Loss: 1.0470e+03 | PDE: 1.0470e+03 | BC: 6.5430e-03 | L2: 7.3300e-02
  Epoch  3000 | Loss: 5.9982e+02 | PDE: 5.9982e+02 | BC: 5.2171e-03 | L2: 7.1144e-02
  Epoch  4000 | Loss: 3.8138e+02 | PDE: 3.8137e+02 | BC: 3.9576e-03 | L2: 6.4855e-02
  Epoch  5000 | Loss: 2.3941e+02 | PDE: 2.3940e+02 | BC: 2.9671e-03 | L2: 5.8784e-02
  Epoch  6000 | Loss: 1.5790e+02 | PDE: 1.5790e+02 | BC: 2.0662e-03 | L2: 5.1852e-02
  Epoch  7000 | Loss: 1.0717e+02 | PDE: 1.0717e+02 | BC: 1.3685e-03 | L2: 4.4800e-02
  Epoch  8000 | Loss: 8.7743e+01 | PDE: 8.7743e+01 | BC: 9.3956e-04 | L2: 3.8862e-02
  Epoch  9000 | Loss: 4.8432e+01 | PDE: 4.8431e+01 | BC: 6.3724e-04 | L2: 3.2776e-02
  Training time: 15.6s (1.56 ms/epoch)
  Best L2 error: 2.6864e-02
[abl] case5 strat=default scale=1.2 seed=1: best_l2=2.6864e-02 params=2322 t=15.6s
[E15w] RUN --case case5 --seed 2 --strategy default --scale 1.2 --out /root/autodl-tmp/rebuttal_experiments/E15_structure_ablation/saved_data/case5_wchar1p2_seed2.json

============================================================
Training SV-SNN (ACCELERATED)
  Analytic X_n''/Y_n'', vectorized, grid + cylinder mask
============================================================
  Parameters: 2,322
  Epoch  1000 | Loss: 5.2187e+03 | PDE: 5.2187e+03 | BC: 1.6362e-02 | L2: 1.0821e-01
  Epoch  2000 | Loss: 1.3499e+03 | PDE: 1.3499e+03 | BC: 6.8635e-03 | L2: 7.4461e-02
  Epoch  3000 | Loss: 5.7079e+02 | PDE: 5.7079e+02 | BC: 3.9086e-03 | L2: 6.0995e-02
  Epoch  4000 | Loss: 3.2160e+02 | PDE: 3.2159e+02 | BC: 2.9568e-03 | L2: 5.5483e-02
  Epoch  5000 | Loss: 2.0444e+02 | PDE: 2.0444e+02 | BC: 2.2604e-03 | L2: 4.9853e-02
  Epoch  6000 | Loss: 1.2832e+02 | PDE: 1.2832e+02 | BC: 1.8054e-03 | L2: 4.6386e-02
  Epoch  7000 | Loss: 1.0082e+02 | PDE: 1.0081e+02 | BC: 1.7293e-03 | L2: 4.8134e-02
  Epoch  8000 | Loss: 6.1124e+01 | PDE: 6.1122e+01 | BC: 1.9040e-03 | L2: 5.3038e-02
  Epoch  9000 | Loss: 5.4610e+01 | PDE: 5.4608e+01 | BC: 2.0273e-03 | L2: 5.5091e-02
  Training time: 12.6s (1.26 ms/epoch)
  Best L2 error: 4.6127e-02
[abl] case5 strat=default scale=1.2 seed=2: best_l2=4.6127e-02 params=2322 t=12.6s
[E15w] RUN --case case5 --seed 0 --strategy default --scale 1.5 --out /root/autodl-tmp/rebuttal_experiments/E15_structure_ablation/saved_data/case5_wchar1p5_seed0.json

============================================================
Training SV-SNN (ACCELERATED)
  Analytic X_n''/Y_n'', vectorized, grid + cylinder mask
============================================================
  Parameters: 2,322
  Epoch  1000 | Loss: 1.3389e+04 | PDE: 1.3389e+04 | BC: 1.7243e-02 | L2: 1.1003e-01
  Epoch  2000 | Loss: 4.2610e+03 | PDE: 4.2610e+03 | BC: 9.1838e-03 | L2: 8.1202e-02
  Epoch  3000 | Loss: 2.6765e+03 | PDE: 2.6765e+03 | BC: 7.5660e-03 | L2: 7.6861e-02
  Epoch  4000 | Loss: 2.0859e+03 | PDE: 2.0859e+03 | BC: 6.1938e-03 | L2: 7.6853e-02
  Epoch  5000 | Loss: 1.4405e+03 | PDE: 1.4405e+03 | BC: 5.2964e-03 | L2: 8.1258e-02
  Epoch  6000 | Loss: 1.1234e+03 | PDE: 1.1234e+03 | BC: 4.4821e-03 | L2: 8.4132e-02
  Epoch  7000 | Loss: 8.7777e+02 | PDE: 8.7777e+02 | BC: 3.2193e-03 | L2: 7.6150e-02
  Epoch  8000 | Loss: 6.0119e+02 | PDE: 6.0119e+02 | BC: 1.7151e-03 | L2: 5.7142e-02
  Epoch  9000 | Loss: 4.3008e+02 | PDE: 4.3008e+02 | BC: 6.2344e-04 | L2: 3.6624e-02
  Training time: 11.7s (1.17 ms/epoch)
  Best L2 error: 2.2676e-02
[abl] case5 strat=default scale=1.5 seed=0: best_l2=2.2676e-02 params=2322 t=11.7s
[E15w] RUN --case case5 --seed 1 --strategy default --scale 1.5 --out /root/autodl-tmp/rebuttal_experiments/E15_structure_ablation/saved_data/case5_wchar1p5_seed1.json

============================================================
Training SV-SNN (ACCELERATED)
  Analytic X_n''/Y_n'', vectorized, grid + cylinder mask
============================================================
  Parameters: 2,322
  Epoch  1000 | Loss: 3.0594e+04 | PDE: 3.0594e+04 | BC: 1.2641e-02 | L2: 1.2029e-01
  Epoch  2000 | Loss: 1.1993e+04 | PDE: 1.1993e+04 | BC: 2.2925e-02 | L2: 1.1505e-01
  Epoch  3000 | Loss: 8.1618e+03 | PDE: 8.1618e+03 | BC: 2.3208e-02 | L2: 1.1633e-01
  Epoch  4000 | Loss: 6.3433e+03 | PDE: 6.3433e+03 | BC: 2.1873e-02 | L2: 1.1864e-01
  Epoch  5000 | Loss: 5.2493e+03 | PDE: 5.2493e+03 | BC: 2.0493e-02 | L2: 1.2103e-01
  Epoch  6000 | Loss: 4.3946e+03 | PDE: 4.3946e+03 | BC: 1.9650e-02 | L2: 1.3104e-01
  Epoch  7000 | Loss: 3.6057e+03 | PDE: 3.6056e+03 | BC: 1.7646e-02 | L2: 1.3551e-01
  Epoch  8000 | Loss: 2.8877e+03 | PDE: 2.8877e+03 | BC: 1.2250e-02 | L2: 1.1424e-01
  Epoch  9000 | Loss: 2.1701e+03 | PDE: 2.1701e+03 | BC: 7.4324e-03 | L2: 8.6175e-02
  Training time: 14.0s (1.40 ms/epoch)
  Best L2 error: 7.1444e-02
[abl] case5 strat=default scale=1.5 seed=1: best_l2=7.1444e-02 params=2322 t=14.0s
[E15w] RUN --case case5 --seed 2 --strategy default --scale 1.5 --out /root/autodl-tmp/rebuttal_experiments/E15_structure_ablation/saved_data/case5_wchar1p5_seed2.json

============================================================
Training SV-SNN (ACCELERATED)
  Analytic X_n''/Y_n'', vectorized, grid + cylinder mask
============================================================
  Parameters: 2,322
  Epoch  1000 | Loss: 1.5098e+04 | PDE: 1.5098e+04 | BC: 2.3529e-02 | L2: 1.0869e-01
  Epoch  2000 | Loss: 5.9234e+03 | PDE: 5.9234e+03 | BC: 1.5775e-02 | L2: 9.5394e-02
  Epoch  3000 | Loss: 4.2984e+03 | PDE: 4.2984e+03 | BC: 1.3950e-02 | L2: 9.1818e-02
  Epoch  4000 | Loss: 3.3962e+03 | PDE: 3.3962e+03 | BC: 1.3025e-02 | L2: 9.0074e-02
  Epoch  5000 | Loss: 2.7910e+03 | PDE: 2.7910e+03 | BC: 1.1950e-02 | L2: 8.9005e-02
  Epoch  6000 | Loss: 2.3387e+03 | PDE: 2.3387e+03 | BC: 1.0734e-02 | L2: 8.8037e-02
  Epoch  7000 | Loss: 1.8970e+03 | PDE: 1.8970e+03 | BC: 9.4765e-03 | L2: 8.7338e-02
  Epoch  8000 | Loss: 1.4819e+03 | PDE: 1.4819e+03 | BC: 7.9436e-03 | L2: 8.5973e-02
  Epoch  9000 | Loss: 9.8067e+02 | PDE: 9.8066e+02 | BC: 5.3766e-03 | L2: 7.4105e-02
  Training time: 17.0s (1.70 ms/epoch)
  Best L2 error: 4.8179e-02
[abl] case5 strat=default scale=1.5 seed=2: best_l2=4.8179e-02 params=2322 t=17.0s
[E15w] RUN --case case6 --seed 0 --strategy default --scale 0.6 --out /root/autodl-tmp/rebuttal_experiments/E15_structure_ablation/saved_data/case6_wchar0p6_seed0.json

============================================================
Training SV-SNN (Accelerated)
============================================================
  Parameters: 3,096
  Epoch  1000 | Loss: 1.2563e+08 | PDE: 1.2563e+08 | BC: 3.1940e-01 | L2: 1.0091e+00
  Epoch  2000 | Loss: 1.2409e+08 | PDE: 1.2409e+08 | BC: 1.4543e-01 | L2: 9.9996e-01
  Epoch  3000 | Loss: 1.2330e+08 | PDE: 1.2330e+08 | BC: 7.6062e-01 | L2: 1.0049e+00
  Epoch  4000 | Loss: 1.2310e+08 | PDE: 1.2310e+08 | BC: 1.3502e+00 | L2: 1.0128e+00
  Epoch  5000 | Loss: 1.2290e+08 | PDE: 1.2290e+08 | BC: 1.7291e+00 | L2: 1.0196e+00
  Epoch  6000 | Loss: 1.2278e+08 | PDE: 1.2278e+08 | BC: 1.8301e+00 | L2: 1.0197e+00
  Epoch  7000 | Loss: 1.2270e+08 | PDE: 1.2270e+08 | BC: 2.0008e+00 | L2: 1.0239e+00
  Epoch  8000 | Loss: 1.2262e+08 | PDE: 1.2262e+08 | BC: 2.3623e+00 | L2: 1.0243e+00
  Epoch  9000 | Loss: 1.2257e+08 | PDE: 1.2257e+08 | BC: 3.2538e+00 | L2: 1.0251e+00
  Training time: 16.7s (1.68 ms/epoch)
  Best L2 error: 9.9875e-01
  Final L2 error: 1.0334e+00
[abl] case6 strat=default scale=0.6 seed=0: best_l2=9.9875e-01 params=3096 t=16.7s
[E15w] RUN --case case6 --seed 1 --strategy default --scale 0.6 --out /root/autodl-tmp/rebuttal_experiments/E15_structure_ablation/saved_data/case6_wchar0p6_seed1.json

============================================================
Training SV-SNN (Accelerated)
============================================================
  Parameters: 3,096
  Epoch  1000 | Loss: 1.2535e+08 | PDE: 1.2535e+08 | BC: 1.3527e-01 | L2: 9.9537e-01
  Epoch  2000 | Loss: 1.2470e+08 | PDE: 1.2470e+08 | BC: 6.3235e-01 | L2: 1.0132e+00
  Epoch  3000 | Loss: 1.2438e+08 | PDE: 1.2438e+08 | BC: 1.0059e+00 | L2: 1.0292e+00
  Epoch  4000 | Loss: 1.2402e+08 | PDE: 1.2402e+08 | BC: 1.3543e+00 | L2: 1.0390e+00
  Epoch  5000 | Loss: 1.2363e+08 | PDE: 1.2363e+08 | BC: 2.9111e-01 | L2: 1.0012e+00
  Epoch  6000 | Loss: 1.2346e+08 | PDE: 1.2346e+08 | BC: 5.6058e-01 | L2: 1.0082e+00
  Epoch  7000 | Loss: 1.2332e+08 | PDE: 1.2332e+08 | BC: 9.0691e-01 | L2: 1.0209e+00
  Epoch  8000 | Loss: 1.2313e+08 | PDE: 1.2313e+08 | BC: 1.2141e+00 | L2: 1.0504e+00
  Epoch  9000 | Loss: 1.2282e+08 | PDE: 1.2282e+08 | BC: 2.1923e+00 | L2: 1.1500e+00
  Training time: 17.7s (1.77 ms/epoch)
  Best L2 error: 9.9488e-01
  Final L2 error: 1.1265e+00
[abl] case6 strat=default scale=0.6 seed=1: best_l2=9.9488e-01 params=3096 t=17.7s
[E15w] RUN --case case6 --seed 2 --strategy default --scale 0.6 --out /root/autodl-tmp/rebuttal_experiments/E15_structure_ablation/saved_data/case6_wchar0p6_seed2.json

============================================================
Training SV-SNN (Accelerated)
============================================================
  Parameters: 3,096
  Epoch  1000 | Loss: 1.2604e+08 | PDE: 1.2604e+08 | BC: 1.0661e-01 | L2: 9.9927e-01
  Epoch  2000 | Loss: 1.2516e+08 | PDE: 1.2516e+08 | BC: 5.1923e-02 | L2: 9.9403e-01
  Epoch  3000 | Loss: 1.2466e+08 | PDE: 1.2466e+08 | BC: 2.3276e-01 | L2: 9.9874e-01
  Epoch  4000 | Loss: 1.2448e+08 | PDE: 1.2448e+08 | BC: 5.0436e-01 | L2: 1.0072e+00
  Epoch  5000 | Loss: 1.2432e+08 | PDE: 1.2432e+08 | BC: 1.0808e+00 | L2: 1.0176e+00
  Epoch  6000 | Loss: 1.2418e+08 | PDE: 1.2418e+08 | BC: 2.2216e+00 | L2: 1.0388e+00
  Epoch  7000 | Loss: 1.2406e+08 | PDE: 1.2406e+08 | BC: 3.0278e+00 | L2: 1.0546e+00
  Epoch  8000 | Loss: 1.2395e+08 | PDE: 1.2395e+08 | BC: 2.7924e+00 | L2: 1.0574e+00
  Epoch  9000 | Loss: 1.2386e+08 | PDE: 1.2386e+08 | BC: 2.3360e+00 | L2: 1.0515e+00
  Training time: 17.7s (1.77 ms/epoch)
  Best L2 error: 9.9403e-01
  Final L2 error: 1.0695e+00
[abl] case6 strat=default scale=0.6 seed=2: best_l2=9.9403e-01 params=3096 t=17.7s
[E15w] RUN --case case6 --seed 0 --strategy default --scale 0.8 --out /root/autodl-tmp/rebuttal_experiments/E15_structure_ablation/saved_data/case6_wchar0p8_seed0.json

============================================================
Training SV-SNN (Accelerated)
============================================================
  Parameters: 3,096
  Epoch  1000 | Loss: 7.1721e+04 | PDE: 7.1719e+04 | BC: 1.6398e+00 | L2: 3.7598e-01
  Epoch  2000 | Loss: 1.2203e+04 | PDE: 1.2202e+04 | BC: 1.5089e-01 | L2: 1.2181e-01
  Epoch  3000 | Loss: 7.3158e+03 | PDE: 7.3158e+03 | BC: 6.4698e-02 | L2: 8.8791e-02
  Epoch  4000 | Loss: 5.5994e+03 | PDE: 5.5994e+03 | BC: 4.5250e-02 | L2: 7.7781e-02
  Epoch  5000 | Loss: 4.3905e+03 | PDE: 4.3905e+03 | BC: 3.2266e-02 | L2: 6.8215e-02
  Epoch  6000 | Loss: 3.4761e+03 | PDE: 3.4761e+03 | BC: 2.1189e-02 | L2: 5.7475e-02
  Epoch  7000 | Loss: 2.7272e+03 | PDE: 2.7271e+03 | BC: 1.2659e-02 | L2: 4.5743e-02
  Epoch  8000 | Loss: 2.1050e+03 | PDE: 2.1050e+03 | BC: 7.0471e-03 | L2: 3.4949e-02
  Epoch  9000 | Loss: 1.5214e+03 | PDE: 1.5214e+03 | BC: 3.8426e-03 | L2: 2.6325e-02
  Training time: 18.9s (1.89 ms/epoch)
  Best L2 error: 2.3972e-02
  Final L2 error: 2.4165e-02
[abl] case6 strat=default scale=0.8 seed=0: best_l2=2.3972e-02 params=3096 t=18.9s
[E15w] RUN --case case6 --seed 1 --strategy default --scale 0.8 --out /root/autodl-tmp/rebuttal_experiments/E15_structure_ablation/saved_data/case6_wchar0p8_seed1.json

============================================================
Training SV-SNN (Accelerated)
============================================================
  Parameters: 3,096
  Epoch  1000 | Loss: 6.7576e+04 | PDE: 6.7575e+04 | BC: 1.0614e+00 | L2: 3.1447e-01
  Epoch  2000 | Loss: 1.2134e+04 | PDE: 1.2133e+04 | BC: 1.2815e-01 | L2: 1.3147e-01
  Epoch  3000 | Loss: 6.6231e+03 | PDE: 6.6231e+03 | BC: 4.1120e-02 | L2: 9.1369e-02
  Epoch  4000 | Loss: 3.7264e+03 | PDE: 3.7264e+03 | BC: 2.4111e-02 | L2: 7.0507e-02
  Epoch  5000 | Loss: 2.0482e+03 | PDE: 2.0482e+03 | BC: 1.7631e-02 | L2: 5.6054e-02
  Epoch  6000 | Loss: 1.1507e+03 | PDE: 1.1507e+03 | BC: 1.2225e-02 | L2: 4.4172e-02
  Epoch  7000 | Loss: 7.2394e+02 | PDE: 7.2393e+02 | BC: 7.8578e-03 | L2: 3.4343e-02
  Epoch  8000 | Loss: 6.3760e+02 | PDE: 6.3759e+02 | BC: 5.2157e-03 | L2: 2.8987e-02
  Epoch  9000 | Loss: 5.2037e+02 | PDE: 5.2037e+02 | BC: 5.5086e-03 | L2: 2.9699e-02
  Training time: 17.5s (1.75 ms/epoch)
  Best L2 error: 2.8216e-02
  Final L2 error: 3.3202e-02
[abl] case6 strat=default scale=0.8 seed=1: best_l2=2.8216e-02 params=3096 t=17.5s
[E15w] RUN --case case6 --seed 2 --strategy default --scale 0.8 --out /root/autodl-tmp/rebuttal_experiments/E15_structure_ablation/saved_data/case6_wchar0p8_seed2.json

============================================================
Training SV-SNN (Accelerated)
============================================================
  Parameters: 3,096
  Epoch  1000 | Loss: 7.6059e+04 | PDE: 7.6058e+04 | BC: 8.4313e-01 | L2: 2.8339e-01
  Epoch  2000 | Loss: 2.4027e+04 | PDE: 2.4027e+04 | BC: 7.1252e-02 | L2: 9.4484e-02
  Epoch  3000 | Loss: 1.3570e+04 | PDE: 1.3570e+04 | BC: 1.0901e-02 | L2: 4.4630e-02
  Epoch  4000 | Loss: 8.4629e+03 | PDE: 8.4629e+03 | BC: 3.7971e-03 | L2: 3.2195e-02
  Epoch  5000 | Loss: 5.1224e+03 | PDE: 5.1224e+03 | BC: 1.7587e-03 | L2: 2.4624e-02
  Epoch  6000 | Loss: 3.0272e+03 | PDE: 3.0272e+03 | BC: 2.7210e-03 | L2: 2.9024e-02
  Epoch  7000 | Loss: 1.8648e+03 | PDE: 1.8648e+03 | BC: 6.7383e-03 | L2: 3.7938e-02
  Epoch  8000 | Loss: 1.0962e+03 | PDE: 1.0962e+03 | BC: 1.0810e-02 | L2: 4.4338e-02
  Epoch  9000 | Loss: 7.5557e+02 | PDE: 7.5556e+02 | BC: 1.5461e-02 | L2: 5.2607e-02
  Training time: 18.5s (1.85 ms/epoch)
  Best L2 error: 2.3919e-02
  Final L2 error: 5.5689e-02
[abl] case6 strat=default scale=0.8 seed=2: best_l2=2.3919e-02 params=3096 t=18.5s
[E15w] case6 scale=1.0 seed0: reused E11 best_l2=2.9228e-03
[E15w] case6 scale=1.0 seed1: reused E11 best_l2=1.1528e-02
[E15w] case6 scale=1.0 seed2: reused E11 best_l2=1.2785e-02
[E15w] RUN --case case6 --seed 0 --strategy default --scale 1.2 --out /root/autodl-tmp/rebuttal_experiments/E15_structure_ablation/saved_data/case6_wchar1p2_seed0.json

============================================================
Training SV-SNN (Accelerated)
============================================================
  Parameters: 3,096
  Epoch  1000 | Loss: 2.0947e+04 | PDE: 2.0947e+04 | BC: 6.8835e-02 | L2: 8.6235e-02
  Epoch  2000 | Loss: 7.0102e+03 | PDE: 7.0101e+03 | BC: 3.8435e-02 | L2: 6.5130e-02
  Epoch  3000 | Loss: 2.3902e+03 | PDE: 2.3902e+03 | BC: 1.6213e-02 | L2: 4.4738e-02
  Epoch  4000 | Loss: 1.1239e+03 | PDE: 1.1239e+03 | BC: 7.4305e-03 | L2: 3.3518e-02
  Epoch  5000 | Loss: 6.7647e+02 | PDE: 6.7647e+02 | BC: 3.9679e-03 | L2: 2.6822e-02
  Epoch  6000 | Loss: 4.3216e+02 | PDE: 4.3216e+02 | BC: 1.9906e-03 | L2: 2.0529e-02
  Epoch  7000 | Loss: 3.0353e+02 | PDE: 3.0353e+02 | BC: 8.0221e-04 | L2: 1.5322e-02
  Epoch  8000 | Loss: 2.5121e+02 | PDE: 2.5121e+02 | BC: 2.8513e-04 | L2: 1.2661e-02
  Epoch  9000 | Loss: 1.6275e+02 | PDE: 1.6275e+02 | BC: 1.1113e-04 | L2: 1.1754e-02
  Training time: 18.4s (1.84 ms/epoch)
  Best L2 error: 1.1333e-02
  Final L2 error: 1.1339e-02
[abl] case6 strat=default scale=1.2 seed=0: best_l2=1.1333e-02 params=3096 t=18.4s
[E15w] RUN --case case6 --seed 1 --strategy default --scale 1.2 --out /root/autodl-tmp/rebuttal_experiments/E15_structure_ablation/saved_data/case6_wchar1p2_seed1.json

============================================================
Training SV-SNN (Accelerated)
============================================================
  Parameters: 3,096
  Epoch  1000 | Loss: 1.3678e+04 | PDE: 1.3678e+04 | BC: 4.0184e-02 | L2: 6.5458e-02
  Epoch  2000 | Loss: 4.5176e+03 | PDE: 4.5176e+03 | BC: 2.7861e-02 | L2: 5.2146e-02
  Epoch  3000 | Loss: 2.4967e+03 | PDE: 2.4967e+03 | BC: 1.6881e-02 | L2: 4.2664e-02
  Epoch  4000 | Loss: 1.4080e+03 | PDE: 1.4080e+03 | BC: 8.6465e-03 | L2: 3.2855e-02
  Epoch  5000 | Loss: 8.4092e+02 | PDE: 8.4092e+02 | BC: 3.6406e-03 | L2: 2.3428e-02
  Epoch  6000 | Loss: 5.6041e+02 | PDE: 5.6041e+02 | BC: 1.2244e-03 | L2: 1.5682e-02
  Epoch  7000 | Loss: 3.5984e+02 | PDE: 3.5984e+02 | BC: 3.3074e-04 | L2: 1.0466e-02
  Epoch  8000 | Loss: 2.9288e+02 | PDE: 2.9288e+02 | BC: 1.3290e-04 | L2: 7.3263e-03
  Epoch  9000 | Loss: 2.5735e+02 | PDE: 2.5735e+02 | BC: 7.9653e-05 | L2: 5.6078e-03
  Training time: 22.1s (2.21 ms/epoch)
  Best L2 error: 4.5413e-03
  Final L2 error: 4.5413e-03
[abl] case6 strat=default scale=1.2 seed=1: best_l2=4.5413e-03 params=3096 t=22.1s
[E15w] RUN --case case6 --seed 2 --strategy default --scale 1.2 --out /root/autodl-tmp/rebuttal_experiments/E15_structure_ablation/saved_data/case6_wchar1p2_seed2.json

============================================================
Training SV-SNN (Accelerated)
============================================================
  Parameters: 3,096
  Epoch  1000 | Loss: 2.2791e+04 | PDE: 2.2791e+04 | BC: 4.7539e-02 | L2: 7.3864e-02
  Epoch  2000 | Loss: 3.4223e+03 | PDE: 3.4223e+03 | BC: 1.6939e-02 | L2: 4.5805e-02
  Epoch  3000 | Loss: 1.2774e+03 | PDE: 1.2774e+03 | BC: 8.8954e-03 | L2: 3.4376e-02
  Epoch  4000 | Loss: 6.2509e+02 | PDE: 6.2508e+02 | BC: 4.7359e-03 | L2: 2.6216e-02
  Epoch  5000 | Loss: 3.6229e+02 | PDE: 3.6229e+02 | BC: 2.5753e-03 | L2: 2.0770e-02
  Epoch  6000 | Loss: 2.8229e+02 | PDE: 2.8228e+02 | BC: 1.6270e-03 | L2: 1.7192e-02
  Epoch  7000 | Loss: 2.2115e+02 | PDE: 2.2115e+02 | BC: 1.2452e-03 | L2: 1.4953e-02
  Epoch  8000 | Loss: 2.4596e+02 | PDE: 2.4596e+02 | BC: 1.1012e-03 | L2: 1.3587e-02
  Epoch  9000 | Loss: 1.8349e+02 | PDE: 1.8349e+02 | BC: 1.1547e-03 | L2: 1.2811e-02
  Training time: 15.9s (1.59 ms/epoch)
  Best L2 error: 1.2285e-02
  Final L2 error: 1.2285e-02
[abl] case6 strat=default scale=1.2 seed=2: best_l2=1.2285e-02 params=3096 t=15.9s
[E15w] RUN --case case6 --seed 0 --strategy default --scale 1.5 --out /root/autodl-tmp/rebuttal_experiments/E15_structure_ablation/saved_data/case6_wchar1p5_seed0.json

============================================================
Training SV-SNN (Accelerated)
============================================================
  Parameters: 3,096
  Epoch  1000 | Loss: 3.0988e+04 | PDE: 3.0988e+04 | BC: 7.0876e-03 | L2: 8.8362e-02
  Epoch  2000 | Loss: 7.2964e+03 | PDE: 7.2964e+03 | BC: 1.2115e-02 | L2: 7.3856e-02
  Epoch  3000 | Loss: 2.8839e+03 | PDE: 2.8839e+03 | BC: 1.3267e-02 | L2: 6.4279e-02
  Epoch  4000 | Loss: 1.4111e+03 | PDE: 1.4111e+03 | BC: 1.2380e-02 | L2: 5.8676e-02
  Epoch  5000 | Loss: 9.2994e+02 | PDE: 9.2993e+02 | BC: 1.0819e-02 | L2: 5.4946e-02
  Epoch  6000 | Loss: 6.4649e+02 | PDE: 6.4649e+02 | BC: 8.7036e-03 | L2: 5.1653e-02
  Epoch  7000 | Loss: 5.3006e+02 | PDE: 5.3005e+02 | BC: 6.4553e-03 | L2: 4.8427e-02
  Epoch  8000 | Loss: 4.7905e+02 | PDE: 4.7904e+02 | BC: 4.4986e-03 | L2: 4.5725e-02
  Epoch  9000 | Loss: 4.4557e+02 | PDE: 4.4557e+02 | BC: 3.3765e-03 | L2: 4.3774e-02
  Training time: 18.4s (1.84 ms/epoch)
  Best L2 error: 4.2433e-02
  Final L2 error: 4.2433e-02
[abl] case6 strat=default scale=1.5 seed=0: best_l2=4.2433e-02 params=3096 t=18.4s
[E15w] RUN --case case6 --seed 1 --strategy default --scale 1.5 --out /root/autodl-tmp/rebuttal_experiments/E15_structure_ablation/saved_data/case6_wchar1p5_seed1.json

============================================================
Training SV-SNN (Accelerated)
============================================================
  Parameters: 3,096
  Epoch  1000 | Loss: 1.4531e+04 | PDE: 1.4531e+04 | BC: 3.9213e-02 | L2: 5.8010e-02
  Epoch  2000 | Loss: 2.1600e+03 | PDE: 2.1600e+03 | BC: 1.4185e-02 | L2: 4.0038e-02
  Epoch  3000 | Loss: 1.2648e+03 | PDE: 1.2648e+03 | BC: 1.0373e-02 | L2: 3.2313e-02
  Epoch  4000 | Loss: 9.6968e+02 | PDE: 9.6967e+02 | BC: 9.0999e-03 | L2: 3.1107e-02
  Epoch  5000 | Loss: 7.4980e+02 | PDE: 7.4979e+02 | BC: 8.1067e-03 | L2: 2.9812e-02
  Epoch  6000 | Loss: 6.8526e+02 | PDE: 6.8525e+02 | BC: 6.9018e-03 | L2: 2.8186e-02
  Epoch  7000 | Loss: 5.1180e+02 | PDE: 5.1179e+02 | BC: 5.6331e-03 | L2: 2.6794e-02
  Epoch  8000 | Loss: 4.6738e+02 | PDE: 4.6738e+02 | BC: 4.4484e-03 | L2: 2.5504e-02
  Epoch  9000 | Loss: 3.5613e+02 | PDE: 3.5612e+02 | BC: 3.5521e-03 | L2: 2.4398e-02
  Training time: 19.3s (1.93 ms/epoch)
  Best L2 error: 2.3399e-02
  Final L2 error: 2.3399e-02
[abl] case6 strat=default scale=1.5 seed=1: best_l2=2.3399e-02 params=3096 t=19.3s
[E15w] RUN --case case6 --seed 2 --strategy default --scale 1.5 --out /root/autodl-tmp/rebuttal_experiments/E15_structure_ablation/saved_data/case6_wchar1p5_seed2.json

============================================================
Training SV-SNN (Accelerated)
============================================================
  Parameters: 3,096
  Epoch  1000 | Loss: 6.5267e+04 | PDE: 6.5267e+04 | BC: 1.3569e-01 | L2: 9.5023e-02
  Epoch  2000 | Loss: 1.6502e+04 | PDE: 1.6501e+04 | BC: 8.6165e-02 | L2: 1.2990e-01
  Epoch  3000 | Loss: 6.3601e+03 | PDE: 6.3600e+03 | BC: 4.2777e-02 | L2: 1.0285e-01
  Epoch  4000 | Loss: 2.9690e+03 | PDE: 2.9690e+03 | BC: 1.9080e-02 | L2: 6.2085e-02
  Epoch  5000 | Loss: 1.6214e+03 | PDE: 1.6214e+03 | BC: 1.0468e-02 | L2: 4.2507e-02
  Epoch  6000 | Loss: 1.0489e+03 | PDE: 1.0489e+03 | BC: 6.1813e-03 | L2: 3.2410e-02
  Epoch  7000 | Loss: 6.6868e+02 | PDE: 6.6868e+02 | BC: 3.6275e-03 | L2: 2.5124e-02
  Epoch  8000 | Loss: 4.2860e+02 | PDE: 4.2860e+02 | BC: 2.2338e-03 | L2: 1.9642e-02
  Epoch  9000 | Loss: 3.6753e+02 | PDE: 3.6752e+02 | BC: 1.5532e-03 | L2: 1.6842e-02
  Training time: 21.2s (2.12 ms/epoch)
  Best L2 error: 1.5050e-02
  Final L2 error: 1.5050e-02
[abl] case6 strat=default scale=1.5 seed=2: best_l2=1.5050e-02 params=3096 t=21.2s
[E15w] RUN --case case7 --seed 0 --strategy default --scale 0.6 --out /root/autodl-tmp/rebuttal_experiments/E15_structure_ablation/saved_data/case7_wchar0p6_seed0.json
  PDE collocation points after hole rejection: 20000

============================================================
Training SV-SNN (ACCELERATED)
  Analytic X_n''/Y_n'', vectorized, grid + multi-hole mask
============================================================
  Parameters: 1,944
  Epoch  1000 | Loss: 6.1207e+01 | PDE: 6.1188e+01 | BC: 1.8808e-02 | L2: 1.2372e-01
  Epoch  2000 | Loss: 3.3229e+01 | PDE: 3.3217e+01 | BC: 1.2547e-02 | L2: 9.8524e-02
  Epoch  3000 | Loss: 1.7517e+01 | PDE: 1.7509e+01 | BC: 7.2191e-03 | L2: 7.3915e-02
  Epoch  4000 | Loss: 7.8452e+00 | PDE: 7.8414e+00 | BC: 3.8527e-03 | L2: 5.3497e-02
  Epoch  5000 | Loss: 2.8192e+00 | PDE: 2.8170e+00 | BC: 2.2805e-03 | L2: 4.0797e-02
  Epoch  6000 | Loss: 1.3069e+00 | PDE: 1.3051e+00 | BC: 1.7871e-03 | L2: 3.5696e-02
  Epoch  7000 | Loss: 1.0268e+00 | PDE: 1.0252e+00 | BC: 1.5748e-03 | L2: 3.3271e-02
  Epoch  8000 | Loss: 8.9210e-01 | PDE: 8.9071e-01 | BC: 1.3888e-03 | L2: 3.0913e-02
  Epoch  9000 | Loss: 1.0253e+00 | PDE: 1.0241e+00 | BC: 1.1897e-03 | L2: 2.8800e-02
  Training time: 15.9s (1.59 ms/epoch)
  Best L2 error: 2.6344e-02
[abl] case7 strat=default scale=0.6 seed=0: best_l2=2.6344e-02 params=1944 t=15.9s
[E15w] RUN --case case7 --seed 1 --strategy default --scale 0.6 --out /root/autodl-tmp/rebuttal_experiments/E15_structure_ablation/saved_data/case7_wchar0p6_seed1.json
  PDE collocation points after hole rejection: 20000

============================================================
Training SV-SNN (ACCELERATED)
  Analytic X_n''/Y_n'', vectorized, grid + multi-hole mask
============================================================
  Parameters: 1,944
  Epoch  1000 | Loss: 3.4019e+01 | PDE: 3.4008e+01 | BC: 1.1493e-02 | L2: 8.9539e-02
  Epoch  2000 | Loss: 1.5184e+01 | PDE: 1.5173e+01 | BC: 1.1184e-02 | L2: 8.9270e-02
  Epoch  3000 | Loss: 8.6732e+00 | PDE: 8.6636e+00 | BC: 9.5835e-03 | L2: 8.3459e-02
  Epoch  4000 | Loss: 5.2032e+00 | PDE: 5.1954e+00 | BC: 7.8559e-03 | L2: 7.6228e-02
  Epoch  5000 | Loss: 3.3215e+00 | PDE: 3.3151e+00 | BC: 6.4201e-03 | L2: 6.8936e-02
  Epoch  6000 | Loss: 2.5605e+00 | PDE: 2.5551e+00 | BC: 5.3460e-03 | L2: 6.2949e-02
  Epoch  7000 | Loss: 2.0268e+00 | PDE: 2.0223e+00 | BC: 4.4768e-03 | L2: 5.7651e-02
  Epoch  8000 | Loss: 1.7356e+00 | PDE: 1.7319e+00 | BC: 3.6202e-03 | L2: 5.2035e-02
  Epoch  9000 | Loss: 1.5501e+00 | PDE: 1.5473e+00 | BC: 2.8075e-03 | L2: 4.5145e-02
  Training time: 19.4s (1.94 ms/epoch)
  Best L2 error: 3.9099e-02
[abl] case7 strat=default scale=0.6 seed=1: best_l2=3.9099e-02 params=1944 t=19.4s
[E15w] RUN --case case7 --seed 2 --strategy default --scale 0.6 --out /root/autodl-tmp/rebuttal_experiments/E15_structure_ablation/saved_data/case7_wchar0p6_seed2.json
  PDE collocation points after hole rejection: 20000

============================================================
Training SV-SNN (ACCELERATED)
  Analytic X_n''/Y_n'', vectorized, grid + multi-hole mask
============================================================
  Parameters: 1,944
  Epoch  1000 | Loss: 7.3735e+01 | PDE: 7.3728e+01 | BC: 7.1713e-03 | L2: 7.3287e-02
  Epoch  2000 | Loss: 1.4205e+01 | PDE: 1.4193e+01 | BC: 1.1380e-02 | L2: 8.9426e-02
  Epoch  3000 | Loss: 8.6678e+00 | PDE: 8.6567e+00 | BC: 1.1133e-02 | L2: 8.7633e-02
  Epoch  4000 | Loss: 5.7347e+00 | PDE: 5.7256e+00 | BC: 9.0205e-03 | L2: 7.8207e-02
  Epoch  5000 | Loss: 3.6143e+00 | PDE: 3.6077e+00 | BC: 6.5766e-03 | L2: 6.6209e-02
  Epoch  6000 | Loss: 2.4325e+00 | PDE: 2.4277e+00 | BC: 4.8067e-03 | L2: 5.6497e-02
  Epoch  7000 | Loss: 1.7822e+00 | PDE: 1.7784e+00 | BC: 3.7850e-03 | L2: 5.0591e-02
  Epoch  8000 | Loss: 1.3277e+00 | PDE: 1.3247e+00 | BC: 3.0920e-03 | L2: 4.6297e-02
  Epoch  9000 | Loss: 9.2624e-01 | PDE: 9.2367e-01 | BC: 2.5629e-03 | L2: 4.2822e-02
  Training time: 18.3s (1.83 ms/epoch)
  Best L2 error: 3.9810e-02
[abl] case7 strat=default scale=0.6 seed=2: best_l2=3.9810e-02 params=1944 t=18.3s
[E15w] RUN --case case7 --seed 0 --strategy default --scale 0.8 --out /root/autodl-tmp/rebuttal_experiments/E15_structure_ablation/saved_data/case7_wchar0p8_seed0.json
  PDE collocation points after hole rejection: 20000

============================================================
Training SV-SNN (ACCELERATED)
  Analytic X_n''/Y_n'', vectorized, grid + multi-hole mask
============================================================
  Parameters: 1,944
  Epoch  1000 | Loss: 4.8352e+01 | PDE: 4.8344e+01 | BC: 7.7950e-03 | L2: 7.4389e-02
  Epoch  2000 | Loss: 1.5383e+01 | PDE: 1.5380e+01 | BC: 2.5655e-03 | L2: 4.3295e-02
  Epoch  3000 | Loss: 4.7092e+00 | PDE: 4.7083e+00 | BC: 8.7728e-04 | L2: 2.5305e-02
  Epoch  4000 | Loss: 1.3149e+00 | PDE: 1.3144e+00 | BC: 4.3425e-04 | L2: 1.7552e-02
  Epoch  5000 | Loss: 3.7210e-01 | PDE: 3.7177e-01 | BC: 3.3131e-04 | L2: 1.5247e-02
  Epoch  6000 | Loss: 1.8256e-01 | PDE: 1.8222e-01 | BC: 3.3150e-04 | L2: 1.5360e-02
  Epoch  7000 | Loss: 1.5613e-01 | PDE: 1.5579e-01 | BC: 3.4134e-04 | L2: 1.5589e-02
  Epoch  8000 | Loss: 1.9919e-01 | PDE: 1.9885e-01 | BC: 3.4013e-04 | L2: 1.5716e-02
  Epoch  9000 | Loss: 1.6992e-01 | PDE: 1.6959e-01 | BC: 3.3849e-04 | L2: 1.5688e-02
  Training time: 18.6s (1.86 ms/epoch)
  Best L2 error: 1.5168e-02
[abl] case7 strat=default scale=0.8 seed=0: best_l2=1.5168e-02 params=1944 t=18.6s
[E15w] RUN --case case7 --seed 1 --strategy default --scale 0.8 --out /root/autodl-tmp/rebuttal_experiments/E15_structure_ablation/saved_data/case7_wchar0p8_seed1.json
  PDE collocation points after hole rejection: 20000

============================================================
Training SV-SNN (ACCELERATED)
  Analytic X_n''/Y_n'', vectorized, grid + multi-hole mask
============================================================
  Parameters: 1,944
  Epoch  1000 | Loss: 6.0242e+01 | PDE: 6.0232e+01 | BC: 1.0250e-02 | L2: 8.5267e-02
  Epoch  2000 | Loss: 8.8223e+00 | PDE: 8.8197e+00 | BC: 2.6658e-03 | L2: 4.3766e-02
  Epoch  3000 | Loss: 3.0913e+00 | PDE: 3.0900e+00 | BC: 1.2689e-03 | L2: 3.0400e-02
  Epoch  4000 | Loss: 1.6773e+00 | PDE: 1.6765e+00 | BC: 7.9196e-04 | L2: 2.4066e-02
  Epoch  5000 | Loss: 1.1075e+00 | PDE: 1.1070e+00 | BC: 4.7956e-04 | L2: 1.8763e-02
  Epoch  6000 | Loss: 7.5328e-01 | PDE: 7.5304e-01 | BC: 2.3835e-04 | L2: 1.3087e-02
  Epoch  7000 | Loss: 4.7115e-01 | PDE: 4.7107e-01 | BC: 7.8293e-05 | L2: 7.4877e-03
  Epoch  8000 | Loss: 3.1563e-01 | PDE: 3.1556e-01 | BC: 7.0326e-05 | L2: 6.9279e-03
  Epoch  9000 | Loss: 1.6138e-01 | PDE: 1.6123e-01 | BC: 1.5475e-04 | L2: 1.0595e-02
  Training time: 17.5s (1.75 ms/epoch)
  Best L2 error: 6.1140e-03
[abl] case7 strat=default scale=0.8 seed=1: best_l2=6.1140e-03 params=1944 t=17.5s
[E15w] RUN --case case7 --seed 2 --strategy default --scale 0.8 --out /root/autodl-tmp/rebuttal_experiments/E15_structure_ablation/saved_data/case7_wchar0p8_seed2.json
  PDE collocation points after hole rejection: 20000

============================================================
Training SV-SNN (ACCELERATED)
  Analytic X_n''/Y_n'', vectorized, grid + multi-hole mask
============================================================
  Parameters: 1,944
  Epoch  1000 | Loss: 3.4228e+01 | PDE: 3.4223e+01 | BC: 5.6952e-03 | L2: 6.4606e-02
  Epoch  2000 | Loss: 1.0739e+01 | PDE: 1.0737e+01 | BC: 1.9478e-03 | L2: 3.7714e-02
  Epoch  3000 | Loss: 4.8257e+00 | PDE: 4.8249e+00 | BC: 7.7914e-04 | L2: 2.3831e-02
  Epoch  4000 | Loss: 2.3429e+00 | PDE: 2.3426e+00 | BC: 3.2155e-04 | L2: 1.5303e-02
  Epoch  5000 | Loss: 1.1420e+00 | PDE: 1.1418e+00 | BC: 2.1911e-04 | L2: 1.2412e-02
  Epoch  6000 | Loss: 6.9091e-01 | PDE: 6.9064e-01 | BC: 2.6168e-04 | L2: 1.3488e-02
  Epoch  7000 | Loss: 4.3745e-01 | PDE: 4.3714e-01 | BC: 3.1723e-04 | L2: 1.5019e-02
  Epoch  8000 | Loss: 3.0812e-01 | PDE: 3.0774e-01 | BC: 3.8669e-04 | L2: 1.6551e-02
  Epoch  9000 | Loss: 2.1098e-01 | PDE: 2.1051e-01 | BC: 4.6980e-04 | L2: 1.8323e-02
  Training time: 15.6s (1.56 ms/epoch)
  Best L2 error: 1.2412e-02
[abl] case7 strat=default scale=0.8 seed=2: best_l2=1.2412e-02 params=1944 t=15.6s
[E15w] case7 scale=1.0 seed0: reused E11 best_l2=3.1618e-02
[E15w] case7 scale=1.0 seed1: reused E11 best_l2=3.3466e-02
[E15w] case7 scale=1.0 seed2: reused E11 best_l2=2.5382e-02
[E15w] RUN --case case7 --seed 0 --strategy default --scale 1.2 --out /root/autodl-tmp/rebuttal_experiments/E15_structure_ablation/saved_data/case7_wchar1p2_seed0.json
  PDE collocation points after hole rejection: 20000

============================================================
Training SV-SNN (ACCELERATED)
  Analytic X_n''/Y_n'', vectorized, grid + multi-hole mask
============================================================
  Parameters: 1,944
  Epoch  1000 | Loss: 4.4428e+01 | PDE: 4.4399e+01 | BC: 2.8658e-02 | L2: 1.3632e-01
  Epoch  2000 | Loss: 1.1910e+01 | PDE: 1.1890e+01 | BC: 2.0003e-02 | L2: 1.1959e-01
  Epoch  3000 | Loss: 3.9391e+00 | PDE: 3.9232e+00 | BC: 1.5915e-02 | L2: 1.0823e-01
  Epoch  4000 | Loss: 1.6653e+00 | PDE: 1.6519e+00 | BC: 1.3468e-02 | L2: 1.0009e-01
  Epoch  5000 | Loss: 1.0855e+00 | PDE: 1.0735e+00 | BC: 1.2031e-02 | L2: 9.4841e-02
  Epoch  6000 | Loss: 8.5477e-01 | PDE: 8.4393e-01 | BC: 1.0834e-02 | L2: 9.0048e-02
  Epoch  7000 | Loss: 6.8495e-01 | PDE: 6.7536e-01 | BC: 9.5887e-03 | L2: 8.4757e-02
  Epoch  8000 | Loss: 5.6631e-01 | PDE: 5.5780e-01 | BC: 8.5121e-03 | L2: 7.9837e-02
  Epoch  9000 | Loss: 3.5724e-01 | PDE: 3.4945e-01 | BC: 7.7968e-03 | L2: 7.6413e-02
  Training time: 14.3s (1.43 ms/epoch)
  Best L2 error: 7.3629e-02
[abl] case7 strat=default scale=1.2 seed=0: best_l2=7.3629e-02 params=1944 t=14.3s
[E15w] RUN --case case7 --seed 1 --strategy default --scale 1.2 --out /root/autodl-tmp/rebuttal_experiments/E15_structure_ablation/saved_data/case7_wchar1p2_seed1.json
  PDE collocation points after hole rejection: 20000

============================================================
Training SV-SNN (ACCELERATED)
  Analytic X_n''/Y_n'', vectorized, grid + multi-hole mask
============================================================
  Parameters: 1,944
  Epoch  1000 | Loss: 3.6654e+01 | PDE: 3.6622e+01 | BC: 3.2361e-02 | L2: 1.5179e-01
  Epoch  2000 | Loss: 7.5500e+00 | PDE: 7.5249e+00 | BC: 2.5112e-02 | L2: 1.3666e-01
  Epoch  3000 | Loss: 3.3078e+00 | PDE: 3.2856e+00 | BC: 2.2223e-02 | L2: 1.2897e-01
  Epoch  4000 | Loss: 1.9587e+00 | PDE: 1.9382e+00 | BC: 2.0422e-02 | L2: 1.2373e-01
  Epoch  5000 | Loss: 1.3358e+00 | PDE: 1.3170e+00 | BC: 1.8875e-02 | L2: 1.1896e-01
  Epoch  6000 | Loss: 9.6439e-01 | PDE: 9.4731e-01 | BC: 1.7083e-02 | L2: 1.1321e-01
  Epoch  7000 | Loss: 7.5955e-01 | PDE: 7.4449e-01 | BC: 1.5061e-02 | L2: 1.0619e-01
  Epoch  8000 | Loss: 6.4637e-01 | PDE: 6.3340e-01 | BC: 1.2969e-02 | L2: 9.8550e-02
  Epoch  9000 | Loss: 3.5202e-01 | PDE: 3.4070e-01 | BC: 1.1321e-02 | L2: 9.2042e-02
  Training time: 16.2s (1.62 ms/epoch)
  Best L2 error: 8.7140e-02
[abl] case7 strat=default scale=1.2 seed=1: best_l2=8.7140e-02 params=1944 t=16.2s
[E15w] RUN --case case7 --seed 2 --strategy default --scale 1.2 --out /root/autodl-tmp/rebuttal_experiments/E15_structure_ablation/saved_data/case7_wchar1p2_seed2.json
  PDE collocation points after hole rejection: 20000

============================================================
Training SV-SNN (ACCELERATED)
  Analytic X_n''/Y_n'', vectorized, grid + multi-hole mask
============================================================
  Parameters: 1,944
  Epoch  1000 | Loss: 2.2299e+01 | PDE: 2.2275e+01 | BC: 2.4415e-02 | L2: 1.3474e-01
  Epoch  2000 | Loss: 6.1284e+00 | PDE: 6.1109e+00 | BC: 1.7445e-02 | L2: 1.1455e-01
  Epoch  3000 | Loss: 2.8039e+00 | PDE: 2.7895e+00 | BC: 1.4389e-02 | L2: 1.0423e-01
  Epoch  4000 | Loss: 1.6881e+00 | PDE: 1.6757e+00 | BC: 1.2338e-02 | L2: 9.6589e-02
  Epoch  5000 | Loss: 1.0683e+00 | PDE: 1.0577e+00 | BC: 1.0515e-02 | L2: 8.9161e-02
  Epoch  6000 | Loss: 7.4972e-01 | PDE: 7.4090e-01 | BC: 8.8189e-03 | L2: 8.1694e-02
  Epoch  7000 | Loss: 6.3772e-01 | PDE: 6.3041e-01 | BC: 7.3136e-03 | L2: 7.4399e-02
  Epoch  8000 | Loss: 4.9541e-01 | PDE: 4.8935e-01 | BC: 6.0595e-03 | L2: 6.7537e-02
  Epoch  9000 | Loss: 4.2548e-01 | PDE: 4.2038e-01 | BC: 5.1026e-03 | L2: 6.1870e-02
  Training time: 16.0s (1.60 ms/epoch)
  Best L2 error: 5.7802e-02
[abl] case7 strat=default scale=1.2 seed=2: best_l2=5.7802e-02 params=1944 t=16.0s
[E15w] RUN --case case7 --seed 0 --strategy default --scale 1.5 --out /root/autodl-tmp/rebuttal_experiments/E15_structure_ablation/saved_data/case7_wchar1p5_seed0.json
  PDE collocation points after hole rejection: 20000

============================================================
Training SV-SNN (ACCELERATED)
  Analytic X_n''/Y_n'', vectorized, grid + multi-hole mask
============================================================
  Parameters: 1,944
  Epoch  1000 | Loss: 3.5600e+01 | PDE: 3.5596e+01 | BC: 4.2488e-03 | L2: 5.3210e-02
  Epoch  2000 | Loss: 9.5745e+00 | PDE: 9.5697e+00 | BC: 4.8535e-03 | L2: 5.9244e-02
  Epoch  3000 | Loss: 3.8587e+00 | PDE: 3.8534e+00 | BC: 5.2584e-03 | L2: 6.2228e-02
  Epoch  4000 | Loss: 1.8349e+00 | PDE: 1.8297e+00 | BC: 5.2700e-03 | L2: 6.2585e-02
  Epoch  5000 | Loss: 9.6818e-01 | PDE: 9.6298e-01 | BC: 5.1993e-03 | L2: 6.2379e-02
  Epoch  6000 | Loss: 6.8574e-01 | PDE: 6.8055e-01 | BC: 5.1950e-03 | L2: 6.2248e-02
  Epoch  7000 | Loss: 4.6682e-01 | PDE: 4.6163e-01 | BC: 5.1883e-03 | L2: 6.2288e-02
  Epoch  8000 | Loss: 7.6589e-01 | PDE: 7.6069e-01 | BC: 5.1967e-03 | L2: 6.2360e-02
  Epoch  9000 | Loss: 4.6051e-01 | PDE: 4.5527e-01 | BC: 5.2353e-03 | L2: 6.2599e-02
  Training time: 17.5s (1.75 ms/epoch)
  Best L2 error: 5.0864e-02
[abl] case7 strat=default scale=1.5 seed=0: best_l2=5.0864e-02 params=1944 t=17.5s
[E15w] RUN --case case7 --seed 1 --strategy default --scale 1.5 --out /root/autodl-tmp/rebuttal_experiments/E15_structure_ablation/saved_data/case7_wchar1p5_seed1.json
  PDE collocation points after hole rejection: 20000

============================================================
Training SV-SNN (ACCELERATED)
  Analytic X_n''/Y_n'', vectorized, grid + multi-hole mask
============================================================
  Parameters: 1,944
  Epoch  1000 | Loss: 3.6172e+01 | PDE: 3.6155e+01 | BC: 1.7568e-02 | L2: 1.0847e-01
  Epoch  2000 | Loss: 1.0171e+01 | PDE: 1.0156e+01 | BC: 1.4720e-02 | L2: 1.0257e-01
  Epoch  3000 | Loss: 3.8518e+00 | PDE: 3.8382e+00 | BC: 1.3572e-02 | L2: 1.0027e-01
  Epoch  4000 | Loss: 1.8298e+00 | PDE: 1.8174e+00 | BC: 1.2454e-02 | L2: 9.6681e-02
  Epoch  5000 | Loss: 1.0411e+00 | PDE: 1.0298e+00 | BC: 1.1330e-02 | L2: 9.2497e-02
  Epoch  6000 | Loss: 1.1652e+00 | PDE: 1.1548e+00 | BC: 1.0401e-02 | L2: 8.8670e-02
  Epoch  7000 | Loss: 9.7098e-01 | PDE: 9.6130e-01 | BC: 9.6757e-03 | L2: 8.5565e-02
  Epoch  8000 | Loss: 6.2116e-01 | PDE: 6.1207e-01 | BC: 9.0908e-03 | L2: 8.3035e-02
  Epoch  9000 | Loss: 5.6181e-01 | PDE: 5.5315e-01 | BC: 8.6533e-03 | L2: 8.0958e-02
  Training time: 16.8s (1.68 ms/epoch)
  Best L2 error: 7.9223e-02
[abl] case7 strat=default scale=1.5 seed=1: best_l2=7.9223e-02 params=1944 t=16.8s
[E15w] RUN --case case7 --seed 2 --strategy default --scale 1.5 --out /root/autodl-tmp/rebuttal_experiments/E15_structure_ablation/saved_data/case7_wchar1p5_seed2.json
  PDE collocation points after hole rejection: 20000

============================================================
Training SV-SNN (ACCELERATED)
  Analytic X_n''/Y_n'', vectorized, grid + multi-hole mask
============================================================
  Parameters: 1,944
  Epoch  1000 | Loss: 3.4203e+01 | PDE: 3.4194e+01 | BC: 9.3270e-03 | L2: 7.9879e-02
  Epoch  2000 | Loss: 1.2077e+01 | PDE: 1.2068e+01 | BC: 8.7591e-03 | L2: 7.9230e-02
  Epoch  3000 | Loss: 5.6428e+00 | PDE: 5.6342e+00 | BC: 8.6662e-03 | L2: 7.9692e-02
  Epoch  4000 | Loss: 3.0190e+00 | PDE: 3.0105e+00 | BC: 8.4917e-03 | L2: 7.9416e-02
  Epoch  5000 | Loss: 1.6865e+00 | PDE: 1.6783e+00 | BC: 8.1576e-03 | L2: 7.8087e-02
  Epoch  6000 | Loss: 9.2840e-01 | PDE: 9.2071e-01 | BC: 7.6963e-03 | L2: 7.5971e-02
  Epoch  7000 | Loss: 7.1642e-01 | PDE: 7.0920e-01 | BC: 7.2170e-03 | L2: 7.3646e-02
  Epoch  8000 | Loss: 6.1820e-01 | PDE: 6.1144e-01 | BC: 6.7589e-03 | L2: 7.1285e-02
  Epoch  9000 | Loss: 4.5204e-01 | PDE: 4.4570e-01 | BC: 6.3426e-03 | L2: 6.9057e-02
  Training time: 18.1s (1.81 ms/epoch)
  Best L2 error: 6.6831e-02
[abl] case7 strat=default scale=1.5 seed=2: best_l2=6.6831e-02 params=1944 t=18.1s
[E15w] RUN --case case8 --seed 0 --strategy default --scale 0.6 --out /root/autodl-tmp/rebuttal_experiments/E15_structure_ablation/saved_data/case8_wchar0p6_seed0.json

============================================================
Training SV-SNN (ACCELERATED)
  Analytic spatial derivs, manual T_n', vectorized modes, grid eval
============================================================
  Parameters: 2,688
  Epoch   100 | Loss: 4.0583e-01 | PDE: 5.5701e-02 | IC: 3.5013e-01 | L2avg: 8.7107e-01
  Epoch  1000 | Loss: 9.8705e-04 | PDE: 9.4610e-04 | IC: 4.0946e-05 | L2avg: 1.0622e-02
  Epoch  2000 | Loss: 6.3171e-04 | PDE: 6.0721e-04 | IC: 2.4501e-05 | L2avg: 1.1311e-02
  Epoch  3000 | Loss: 5.0497e-04 | PDE: 4.7462e-04 | IC: 3.0344e-05 | L2avg: 1.2684e-02
  Epoch  4000 | Loss: 3.6792e-04 | PDE: 3.5032e-04 | IC: 1.7604e-05 | L2avg: 9.3855e-03
  Epoch  5000 | Loss: 3.0024e-04 | PDE: 2.8904e-04 | IC: 1.1200e-05 | L2avg: 9.1307e-03
  Epoch  6000 | Loss: 6.2768e-04 | PDE: 5.8111e-04 | IC: 4.6576e-05 | L2avg: 1.5586e-02
  Epoch  7000 | Loss: 2.4863e-04 | PDE: 2.4059e-04 | IC: 8.0394e-06 | L2avg: 1.0391e-02
  Epoch  8000 | Loss: 2.2697e-04 | PDE: 2.1962e-04 | IC: 7.3490e-06 | L2avg: 8.4311e-03
  Epoch  9000 | Loss: 2.2154e-04 | PDE: 2.1592e-04 | IC: 5.6175e-06 | L2avg: 7.2636e-03
  Epoch 10000 | Loss: 2.7966e-04 | PDE: 2.6492e-04 | IC: 1.4742e-05 | L2avg: 9.1072e-03
  Time: 38.3s | Best L2: 5.9172e-03
[abl] case8 strat=default scale=0.6 seed=0: best_l2=5.9172e-03 params=2688 t=38.3s
[E15w] RUN --case case8 --seed 1 --strategy default --scale 0.6 --out /root/autodl-tmp/rebuttal_experiments/E15_structure_ablation/saved_data/case8_wchar0p6_seed1.json

============================================================
Training SV-SNN (ACCELERATED)
  Analytic spatial derivs, manual T_n', vectorized modes, grid eval
============================================================
  Parameters: 2,688
  Epoch   100 | Loss: 4.0195e-01 | PDE: 6.4766e-02 | IC: 3.3718e-01 | L2avg: 8.7828e-01
  Epoch  1000 | Loss: 4.7751e-04 | PDE: 4.3647e-04 | IC: 4.1038e-05 | L2avg: 9.8586e-03
  Epoch  2000 | Loss: 6.1782e-04 | PDE: 5.9309e-04 | IC: 2.4733e-05 | L2avg: 8.0381e-03
  Epoch  3000 | Loss: 8.0298e-05 | PDE: 7.3687e-05 | IC: 6.6109e-06 | L2avg: 4.4995e-03
  Epoch  4000 | Loss: 1.1755e-04 | PDE: 1.0949e-04 | IC: 8.0635e-06 | L2avg: 4.8279e-03
  Epoch  5000 | Loss: 3.1043e-05 | PDE: 2.8528e-05 | IC: 2.5151e-06 | L2avg: 3.0959e-03
  Epoch  6000 | Loss: 2.4476e-05 | PDE: 2.2721e-05 | IC: 1.7555e-06 | L2avg: 2.6660e-03
  Epoch  7000 | Loss: 5.9941e-05 | PDE: 5.6784e-05 | IC: 3.1572e-06 | L2avg: 2.8482e-03
  Epoch  8000 | Loss: 3.0318e-05 | PDE: 2.8589e-05 | IC: 1.7281e-06 | L2avg: 2.4148e-03
  Epoch  9000 | Loss: 1.4730e-05 | PDE: 1.4013e-05 | IC: 7.1698e-07 | L2avg: 1.5438e-03
  Epoch 10000 | Loss: 1.1668e-05 | PDE: 1.0989e-05 | IC: 6.7889e-07 | L2avg: 1.3067e-03
  Time: 41.0s | Best L2: 1.2656e-03
[abl] case8 strat=default scale=0.6 seed=1: best_l2=1.2656e-03 params=2688 t=41.0s
[E15w] RUN --case case8 --seed 2 --strategy default --scale 0.6 --out /root/autodl-tmp/rebuttal_experiments/E15_structure_ablation/saved_data/case8_wchar0p6_seed2.json

============================================================
Training SV-SNN (ACCELERATED)
  Analytic spatial derivs, manual T_n', vectorized modes, grid eval
============================================================
  Parameters: 2,688
  Epoch   100 | Loss: 4.8612e-01 | PDE: 4.6555e-02 | IC: 4.3956e-01 | L2avg: 9.5265e-01
  Epoch  1000 | Loss: 1.5918e-03 | PDE: 1.2562e-03 | IC: 3.3559e-04 | L2avg: 1.0027e-01
  Epoch  2000 | Loss: 7.5544e-04 | PDE: 6.1970e-04 | IC: 1.3574e-04 | L2avg: 6.5098e-02
  Epoch  3000 | Loss: 4.6163e-04 | PDE: 3.8730e-04 | IC: 7.4324e-05 | L2avg: 2.7695e-02
  Epoch  4000 | Loss: 3.7701e-04 | PDE: 3.1945e-04 | IC: 5.7558e-05 | L2avg: 2.3911e-02
  Epoch  5000 | Loss: 4.8250e-04 | PDE: 4.1758e-04 | IC: 6.4929e-05 | L2avg: 2.8672e-02
  Epoch  6000 | Loss: 2.9865e-04 | PDE: 2.5158e-04 | IC: 4.7075e-05 | L2avg: 2.5885e-02
  Epoch  7000 | Loss: 2.5379e-04 | PDE: 2.1538e-04 | IC: 3.8412e-05 | L2avg: 2.5889e-02
  Epoch  8000 | Loss: 4.1055e-04 | PDE: 3.4966e-04 | IC: 6.0889e-05 | L2avg: 2.9604e-02
  Epoch  9000 | Loss: 3.2296e-04 | PDE: 2.6170e-04 | IC: 6.1269e-05 | L2avg: 2.1027e-02
  Epoch 10000 | Loss: 4.1517e-04 | PDE: 3.5295e-04 | IC: 6.2224e-05 | L2avg: 2.6087e-02
  Time: 38.0s | Best L2: 2.0166e-02
[abl] case8 strat=default scale=0.6 seed=2: best_l2=2.0166e-02 params=2688 t=38.0s
[E15w] RUN --case case8 --seed 0 --strategy default --scale 0.8 --out /root/autodl-tmp/rebuttal_experiments/E15_structure_ablation/saved_data/case8_wchar0p8_seed0.json

============================================================
Training SV-SNN (ACCELERATED)
  Analytic spatial derivs, manual T_n', vectorized modes, grid eval
============================================================
  Parameters: 2,688
  Epoch   100 | Loss: 4.0583e-01 | PDE: 5.5702e-02 | IC: 3.5013e-01 | L2avg: 8.7107e-01
  Epoch  1000 | Loss: 9.9574e-04 | PDE: 9.5599e-04 | IC: 3.9759e-05 | L2avg: 1.1341e-02
  Epoch  2000 | Loss: 4.7830e-04 | PDE: 4.6319e-04 | IC: 1.5106e-05 | L2avg: 7.9629e-03
  Epoch  3000 | Loss: 4.1434e-04 | PDE: 3.9944e-04 | IC: 1.4900e-05 | L2avg: 7.5430e-03
  Epoch  4000 | Loss: 3.9596e-04 | PDE: 3.8180e-04 | IC: 1.4160e-05 | L2avg: 9.3705e-03
  Epoch  5000 | Loss: 4.2263e-04 | PDE: 4.0197e-04 | IC: 2.0659e-05 | L2avg: 1.2928e-02
  Epoch  6000 | Loss: 2.4816e-04 | PDE: 2.4089e-04 | IC: 7.2688e-06 | L2avg: 8.1511e-03
  Epoch  7000 | Loss: 2.5548e-04 | PDE: 2.4562e-04 | IC: 9.8632e-06 | L2avg: 8.5530e-03
  Epoch  8000 | Loss: 2.4155e-04 | PDE: 2.3394e-04 | IC: 7.6128e-06 | L2avg: 8.1835e-03
  Epoch  9000 | Loss: 2.3191e-04 | PDE: 2.2401e-04 | IC: 7.8934e-06 | L2avg: 9.2345e-03
  Epoch 10000 | Loss: 1.8521e-04 | PDE: 1.8088e-04 | IC: 4.3320e-06 | L2avg: 6.0444e-03
  Time: 39.3s | Best L2: 6.0444e-03
[abl] case8 strat=default scale=0.8 seed=0: best_l2=6.0444e-03 params=2688 t=39.3s
[E15w] RUN --case case8 --seed 1 --strategy default --scale 0.8 --out /root/autodl-tmp/rebuttal_experiments/E15_structure_ablation/saved_data/case8_wchar0p8_seed1.json

============================================================
Training SV-SNN (ACCELERATED)
  Analytic spatial derivs, manual T_n', vectorized modes, grid eval
============================================================
  Parameters: 2,688
  Epoch   100 | Loss: 4.0195e-01 | PDE: 6.4766e-02 | IC: 3.3719e-01 | L2avg: 8.7828e-01
  Epoch  1000 | Loss: 4.5484e-04 | PDE: 4.1516e-04 | IC: 3.9683e-05 | L2avg: 9.6626e-03
  Epoch  2000 | Loss: 1.6398e-04 | PDE: 1.4939e-04 | IC: 1.4590e-05 | L2avg: 6.1508e-03
  Epoch  3000 | Loss: 6.4864e-05 | PDE: 5.7969e-05 | IC: 6.8955e-06 | L2avg: 4.6814e-03
  Epoch  4000 | Loss: 3.9772e-05 | PDE: 3.5886e-05 | IC: 3.8860e-06 | L2avg: 3.5855e-03
  Epoch  5000 | Loss: 2.5033e-05 | PDE: 2.2737e-05 | IC: 2.2963e-06 | L2avg: 3.0684e-03
  Epoch  6000 | Loss: 3.6043e-05 | PDE: 3.3758e-05 | IC: 2.2846e-06 | L2avg: 2.9244e-03
  Epoch  7000 | Loss: 2.5759e-05 | PDE: 2.4139e-05 | IC: 1.6196e-06 | L2avg: 2.2878e-03
  Epoch  8000 | Loss: 2.6902e-05 | PDE: 2.5597e-05 | IC: 1.3046e-06 | L2avg: 1.8725e-03
  Epoch  9000 | Loss: 1.4739e-05 | PDE: 1.3887e-05 | IC: 8.5169e-07 | L2avg: 1.7034e-03
  Epoch 10000 | Loss: 2.2216e-05 | PDE: 2.1077e-05 | IC: 1.1393e-06 | L2avg: 1.6885e-03
  Time: 36.5s | Best L2: 1.3276e-03
[abl] case8 strat=default scale=0.8 seed=1: best_l2=1.3276e-03 params=2688 t=36.5s
[E15w] RUN --case case8 --seed 2 --strategy default --scale 0.8 --out /root/autodl-tmp/rebuttal_experiments/E15_structure_ablation/saved_data/case8_wchar0p8_seed2.json

============================================================
Training SV-SNN (ACCELERATED)
  Analytic spatial derivs, manual T_n', vectorized modes, grid eval
============================================================
  Parameters: 2,688
  Epoch   100 | Loss: 4.8612e-01 | PDE: 4.6555e-02 | IC: 4.3956e-01 | L2avg: 9.5265e-01
  Epoch  1000 | Loss: 1.6549e-03 | PDE: 1.3222e-03 | IC: 3.3267e-04 | L2avg: 9.8710e-02
  Epoch  2000 | Loss: 7.5273e-04 | PDE: 6.2238e-04 | IC: 1.3035e-04 | L2avg: 6.8836e-02
  Epoch  3000 | Loss: 5.0317e-04 | PDE: 4.1455e-04 | IC: 8.8619e-05 | L2avg: 3.4973e-02
  Epoch  4000 | Loss: 4.3303e-04 | PDE: 3.6609e-04 | IC: 6.6942e-05 | L2avg: 2.5570e-02
  Epoch  5000 | Loss: 3.0708e-04 | PDE: 2.6201e-04 | IC: 4.5071e-05 | L2avg: 2.7786e-02
  Epoch  6000 | Loss: 5.5915e-04 | PDE: 4.7097e-04 | IC: 8.8177e-05 | L2avg: 3.2058e-02
  Epoch  7000 | Loss: 3.1393e-04 | PDE: 2.6718e-04 | IC: 4.6751e-05 | L2avg: 3.1005e-02
  Epoch  8000 | Loss: 3.2936e-04 | PDE: 2.8340e-04 | IC: 4.5963e-05 | L2avg: 2.9901e-02
  Epoch  9000 | Loss: 3.2215e-04 | PDE: 2.6908e-04 | IC: 5.3072e-05 | L2avg: 2.0467e-02
  Epoch 10000 | Loss: 2.9856e-04 | PDE: 2.6090e-04 | IC: 3.7663e-05 | L2avg: 2.5145e-02
  Time: 40.4s | Best L2: 2.0454e-02
[abl] case8 strat=default scale=0.8 seed=2: best_l2=2.0454e-02 params=2688 t=40.4s
[E15w] case8 scale=1.0 seed0: reused E11 best_l2=5.8881e-03
[E15w] case8 scale=1.0 seed1: reused E11 best_l2=1.3496e-03
[E15w] case8 scale=1.0 seed2: reused E11 best_l2=2.1576e-02
[E15w] RUN --case case8 --seed 0 --strategy default --scale 1.2 --out /root/autodl-tmp/rebuttal_experiments/E15_structure_ablation/saved_data/case8_wchar1p2_seed0.json

============================================================
Training SV-SNN (ACCELERATED)
  Analytic spatial derivs, manual T_n', vectorized modes, grid eval
============================================================
  Parameters: 2,688
  Epoch   100 | Loss: 4.0583e-01 | PDE: 5.5703e-02 | IC: 3.5013e-01 | L2avg: 8.7107e-01
  Epoch  1000 | Loss: 9.5022e-04 | PDE: 9.0864e-04 | IC: 4.1577e-05 | L2avg: 1.0864e-02
  Epoch  2000 | Loss: 4.9721e-04 | PDE: 4.8001e-04 | IC: 1.7197e-05 | L2avg: 8.9103e-03
  Epoch  3000 | Loss: 4.3192e-04 | PDE: 4.1764e-04 | IC: 1.4280e-05 | L2avg: 9.3809e-03
  Epoch  4000 | Loss: 3.2716e-04 | PDE: 3.1603e-04 | IC: 1.1135e-05 | L2avg: 9.0041e-03
  Epoch  5000 | Loss: 2.7816e-04 | PDE: 2.7016e-04 | IC: 8.0013e-06 | L2avg: 9.1969e-03
  Epoch  6000 | Loss: 2.5513e-04 | PDE: 2.4841e-04 | IC: 6.7260e-06 | L2avg: 8.9077e-03
  Epoch  7000 | Loss: 2.7627e-04 | PDE: 2.6703e-04 | IC: 9.2413e-06 | L2avg: 8.3726e-03
  Epoch  8000 | Loss: 2.5842e-04 | PDE: 2.4847e-04 | IC: 9.9539e-06 | L2avg: 8.0172e-03
  Epoch  9000 | Loss: 2.0305e-04 | PDE: 1.9801e-04 | IC: 5.0398e-06 | L2avg: 7.8123e-03
  Epoch 10000 | Loss: 4.5860e-04 | PDE: 4.2238e-04 | IC: 3.6220e-05 | L2avg: 1.3737e-02
  Time: 34.1s | Best L2: 6.1449e-03
[abl] case8 strat=default scale=1.2 seed=0: best_l2=6.1449e-03 params=2688 t=34.1s
[E15w] RUN --case case8 --seed 1 --strategy default --scale 1.2 --out /root/autodl-tmp/rebuttal_experiments/E15_structure_ablation/saved_data/case8_wchar1p2_seed1.json

============================================================
Training SV-SNN (ACCELERATED)
  Analytic spatial derivs, manual T_n', vectorized modes, grid eval
============================================================
  Parameters: 2,688
  Epoch   100 | Loss: 4.0195e-01 | PDE: 6.4764e-02 | IC: 3.3719e-01 | L2avg: 8.7828e-01
  Epoch  1000 | Loss: 5.2689e-04 | PDE: 4.8359e-04 | IC: 4.3294e-05 | L2avg: 9.9810e-03
  Epoch  2000 | Loss: 1.7256e-04 | PDE: 1.5609e-04 | IC: 1.6468e-05 | L2avg: 6.3813e-03
  Epoch  3000 | Loss: 5.5289e-05 | PDE: 4.8793e-05 | IC: 6.4964e-06 | L2avg: 4.4398e-03
  Epoch  4000 | Loss: 8.2932e-05 | PDE: 7.6699e-05 | IC: 6.2325e-06 | L2avg: 3.9273e-03
  Epoch  5000 | Loss: 3.0894e-05 | PDE: 2.8248e-05 | IC: 2.6462e-06 | L2avg: 3.1024e-03
  Epoch  6000 | Loss: 2.9313e-05 | PDE: 2.7556e-05 | IC: 1.7569e-06 | L2avg: 2.8266e-03
  Epoch  7000 | Loss: 1.2231e-04 | PDE: 1.1745e-04 | IC: 4.8645e-06 | L2avg: 3.5292e-03
  Epoch  8000 | Loss: 1.7279e-05 | PDE: 1.6275e-05 | IC: 1.0045e-06 | L2avg: 1.6907e-03
  Epoch  9000 | Loss: 1.3171e-05 | PDE: 1.2347e-05 | IC: 8.2464e-07 | L2avg: 1.6106e-03
  Epoch 10000 | Loss: 8.6784e-05 | PDE: 8.2964e-05 | IC: 3.8208e-06 | L2avg: 2.4947e-03
  Time: 38.0s | Best L2: 1.3019e-03
[abl] case8 strat=default scale=1.2 seed=1: best_l2=1.3019e-03 params=2688 t=38.0s
[E15w] RUN --case case8 --seed 2 --strategy default --scale 1.2 --out /root/autodl-tmp/rebuttal_experiments/E15_structure_ablation/saved_data/case8_wchar1p2_seed2.json

============================================================
Training SV-SNN (ACCELERATED)
  Analytic spatial derivs, manual T_n', vectorized modes, grid eval
============================================================
  Parameters: 2,688
  Epoch   100 | Loss: 4.8612e-01 | PDE: 4.6555e-02 | IC: 4.3956e-01 | L2avg: 9.5265e-01
  Epoch  1000 | Loss: 1.6228e-03 | PDE: 1.2863e-03 | IC: 3.3649e-04 | L2avg: 9.7758e-02
  Epoch  2000 | Loss: 7.6530e-04 | PDE: 6.2730e-04 | IC: 1.3800e-04 | L2avg: 7.0342e-02
  Epoch  3000 | Loss: 6.3878e-04 | PDE: 5.5529e-04 | IC: 8.3489e-05 | L2avg: 2.9034e-02
  Epoch  4000 | Loss: 4.4072e-04 | PDE: 3.7292e-04 | IC: 6.7800e-05 | L2avg: 2.7478e-02
  Epoch  5000 | Loss: 5.0953e-04 | PDE: 4.3199e-04 | IC: 7.7544e-05 | L2avg: 2.7488e-02
  Epoch  6000 | Loss: 5.4864e-04 | PDE: 4.8674e-04 | IC: 6.1903e-05 | L2avg: 3.2219e-02
  Epoch  7000 | Loss: 3.5813e-04 | PDE: 3.0607e-04 | IC: 5.2068e-05 | L2avg: 2.6942e-02
  Epoch  8000 | Loss: 2.2814e-04 | PDE: 1.8925e-04 | IC: 3.8882e-05 | L2avg: 2.9547e-02
  Epoch  9000 | Loss: 2.6524e-04 | PDE: 2.2960e-04 | IC: 3.5642e-05 | L2avg: 2.2062e-02
  Epoch 10000 | Loss: 2.0446e-04 | PDE: 1.7547e-04 | IC: 2.8997e-05 | L2avg: 2.1834e-02
  Time: 41.7s | Best L2: 2.0979e-02
[abl] case8 strat=default scale=1.2 seed=2: best_l2=2.0979e-02 params=2688 t=41.7s
[E15w] RUN --case case8 --seed 0 --strategy default --scale 1.5 --out /root/autodl-tmp/rebuttal_experiments/E15_structure_ablation/saved_data/case8_wchar1p5_seed0.json

============================================================
Training SV-SNN (ACCELERATED)
  Analytic spatial derivs, manual T_n', vectorized modes, grid eval
============================================================
  Parameters: 2,688
  Epoch   100 | Loss: 4.0583e-01 | PDE: 5.5701e-02 | IC: 3.5013e-01 | L2avg: 8.7107e-01
  Epoch  1000 | Loss: 9.8705e-04 | PDE: 9.4610e-04 | IC: 4.0946e-05 | L2avg: 1.0622e-02
  Epoch  2000 | Loss: 6.3171e-04 | PDE: 6.0721e-04 | IC: 2.4501e-05 | L2avg: 1.1311e-02
  Epoch  3000 | Loss: 5.0497e-04 | PDE: 4.7462e-04 | IC: 3.0344e-05 | L2avg: 1.2684e-02
  Epoch  4000 | Loss: 3.6792e-04 | PDE: 3.5032e-04 | IC: 1.7604e-05 | L2avg: 9.3855e-03
  Epoch  5000 | Loss: 3.0024e-04 | PDE: 2.8904e-04 | IC: 1.1200e-05 | L2avg: 9.1307e-03
  Epoch  6000 | Loss: 6.2768e-04 | PDE: 5.8111e-04 | IC: 4.6576e-05 | L2avg: 1.5586e-02
  Epoch  7000 | Loss: 2.4863e-04 | PDE: 2.4059e-04 | IC: 8.0394e-06 | L2avg: 1.0391e-02
  Epoch  8000 | Loss: 2.2697e-04 | PDE: 2.1962e-04 | IC: 7.3490e-06 | L2avg: 8.4311e-03
  Epoch  9000 | Loss: 2.2154e-04 | PDE: 2.1592e-04 | IC: 5.6175e-06 | L2avg: 7.2636e-03
  Epoch 10000 | Loss: 2.7966e-04 | PDE: 2.6492e-04 | IC: 1.4742e-05 | L2avg: 9.1072e-03
  Time: 35.8s | Best L2: 5.9172e-03
[abl] case8 strat=default scale=1.5 seed=0: best_l2=5.9172e-03 params=2688 t=35.8s
[E15w] RUN --case case8 --seed 1 --strategy default --scale 1.5 --out /root/autodl-tmp/rebuttal_experiments/E15_structure_ablation/saved_data/case8_wchar1p5_seed1.json

============================================================
Training SV-SNN (ACCELERATED)
  Analytic spatial derivs, manual T_n', vectorized modes, grid eval
============================================================
  Parameters: 2,688
  Epoch   100 | Loss: 4.0195e-01 | PDE: 6.4767e-02 | IC: 3.3718e-01 | L2avg: 8.7828e-01
  Epoch  1000 | Loss: 4.6143e-04 | PDE: 4.2100e-04 | IC: 4.0430e-05 | L2avg: 9.7583e-03
  Epoch  2000 | Loss: 2.2023e-04 | PDE: 2.0325e-04 | IC: 1.6984e-05 | L2avg: 6.9074e-03
  Epoch  3000 | Loss: 8.5636e-05 | PDE: 7.7795e-05 | IC: 7.8401e-06 | L2avg: 4.7980e-03
  Epoch  4000 | Loss: 1.0186e-04 | PDE: 9.6787e-05 | IC: 5.0737e-06 | L2avg: 4.1518e-03
  Epoch  5000 | Loss: 3.2390e-05 | PDE: 2.9618e-05 | IC: 2.7718e-06 | L2avg: 3.0588e-03
  Epoch  6000 | Loss: 2.7283e-05 | PDE: 2.5180e-05 | IC: 2.1026e-06 | L2avg: 2.6425e-03
  Epoch  7000 | Loss: 2.4019e-05 | PDE: 2.2699e-05 | IC: 1.3204e-06 | L2avg: 2.1733e-03
  Epoch  8000 | Loss: 2.5536e-05 | PDE: 2.4395e-05 | IC: 1.1407e-06 | L2avg: 2.0554e-03
  Epoch  9000 | Loss: 3.8826e-05 | PDE: 3.6862e-05 | IC: 1.9640e-06 | L2avg: 2.4266e-03
  Epoch 10000 | Loss: 1.0739e-05 | PDE: 1.0128e-05 | IC: 6.1064e-07 | L2avg: 1.4457e-03
  Time: 34.9s | Best L2: 1.3468e-03
[abl] case8 strat=default scale=1.5 seed=1: best_l2=1.3468e-03 params=2688 t=34.9s
[E15w] RUN --case case8 --seed 2 --strategy default --scale 1.5 --out /root/autodl-tmp/rebuttal_experiments/E15_structure_ablation/saved_data/case8_wchar1p5_seed2.json

============================================================
Training SV-SNN (ACCELERATED)
  Analytic spatial derivs, manual T_n', vectorized modes, grid eval
============================================================
  Parameters: 2,688
  Epoch   100 | Loss: 4.8612e-01 | PDE: 4.6554e-02 | IC: 4.3956e-01 | L2avg: 9.5265e-01
  Epoch  1000 | Loss: 1.5834e-03 | PDE: 1.2531e-03 | IC: 3.3032e-04 | L2avg: 9.6459e-02
  Epoch  2000 | Loss: 8.4519e-04 | PDE: 6.9503e-04 | IC: 1.5016e-04 | L2avg: 6.9354e-02
  Epoch  3000 | Loss: 5.5042e-04 | PDE: 4.6899e-04 | IC: 8.1427e-05 | L2avg: 2.5670e-02
  Epoch  4000 | Loss: 9.9567e-04 | PDE: 8.2823e-04 | IC: 1.6744e-04 | L2avg: 3.8903e-02
  Epoch  5000 | Loss: 3.3779e-04 | PDE: 2.8569e-04 | IC: 5.2098e-05 | L2avg: 2.7931e-02
  Epoch  6000 | Loss: 5.5622e-04 | PDE: 4.7466e-04 | IC: 8.1557e-05 | L2avg: 3.2452e-02
  Epoch  7000 | Loss: 4.5896e-04 | PDE: 3.8585e-04 | IC: 7.3116e-05 | L2avg: 2.6028e-02
  Epoch  8000 | Loss: 2.2360e-04 | PDE: 1.9068e-04 | IC: 3.2913e-05 | L2avg: 2.6579e-02
  Epoch  9000 | Loss: 2.3633e-04 | PDE: 2.0389e-04 | IC: 3.2444e-05 | L2avg: 2.5068e-02
  Epoch 10000 | Loss: 3.6459e-04 | PDE: 3.0991e-04 | IC: 5.4684e-05 | L2avg: 2.9713e-02
  Time: 37.8s | Best L2: 1.8824e-02
[abl] case8 strat=default scale=1.5 seed=2: best_l2=1.8824e-02 params=2688 t=37.8s
[E15w] RUN --case case9 --seed 0 --strategy default --scale 0.6 --out /root/autodl-tmp/rebuttal_experiments/E15_structure_ablation/saved_data/case9_wchar0p6_seed0.json

======================================================================
  SV-SNN (ACCELERATED)
  Analytic spatial 1st+2nd derivs, vectorized, grid + mask
======================================================================
  Parameters: 407
  Epoch   100 | Loss 1.6943e+01 | PDE 1.6388e+01 | BC 5.5516e-01 | L2 7.9755e-01
  Epoch  1000 | Loss 1.0228e+00 | PDE 8.6434e-01 | BC 1.5848e-01 | L2 4.9878e-01
  Epoch  2000 | Loss 8.8694e-01 | PDE 7.6056e-01 | BC 1.2638e-01 | L2 4.5226e-01
  Epoch  3000 | Loss 8.2659e-01 | PDE 7.0756e-01 | BC 1.1903e-01 | L2 4.4871e-01
  Epoch  4000 | Loss 2.4551e-02 | PDE 2.2723e-02 | BC 1.8282e-03 | L2 5.8009e-02
  Epoch  5000 | Loss 6.5385e-04 | PDE 6.4029e-04 | BC 1.3560e-05 | L2 1.9065e-03
  Epoch  6000 | Loss 4.2188e-04 | PDE 4.1805e-04 | BC 3.8383e-06 | L2 1.0083e-03
  Epoch  7000 | Loss 3.5096e-04 | PDE 3.4845e-04 | BC 2.5093e-06 | L2 8.3992e-04
  Epoch  8000 | Loss 2.8292e-04 | PDE 2.8142e-04 | BC 1.4969e-06 | L2 6.6703e-04
  Epoch  9000 | Loss 2.4830e-04 | PDE 2.4736e-04 | BC 9.4151e-07 | L2 5.4858e-04
  Epoch 10000 | Loss 1.7692e-04 | PDE 1.7641e-04 | BC 5.1086e-07 | L2 6.8251e-04
  Epoch 11000 | Loss 1.3948e-04 | PDE 1.3910e-04 | BC 3.7576e-07 | L2 5.1343e-04
  Epoch 12000 | Loss 1.3997e-04 | PDE 1.3959e-04 | BC 3.8342e-07 | L2 4.4231e-04
  Epoch 13000 | Loss 9.1119e-05 | PDE 9.0950e-05 | BC 1.6975e-07 | L2 4.8673e-04
  Epoch 14000 | Loss 8.4371e-05 | PDE 8.4144e-05 | BC 2.2686e-07 | L2 4.5598e-04
  Epoch 15000 | Loss 7.7406e-05 | PDE 7.7276e-05 | BC 1.3050e-07 | L2 3.6388e-04
  Done: 21.2s | Params: 407 | Best L2: 3.1751e-04 | Final L2: 3.6388e-04
[abl] case9 strat=default scale=0.6 seed=0: best_l2=3.1751e-04 params=407 t=21.2s
[E15w] RUN --case case9 --seed 1 --strategy default --scale 0.6 --out /root/autodl-tmp/rebuttal_experiments/E15_structure_ablation/saved_data/case9_wchar0p6_seed1.json

======================================================================
  SV-SNN (ACCELERATED)
  Analytic spatial 1st+2nd derivs, vectorized, grid + mask
======================================================================
  Parameters: 407
  Epoch   100 | Loss 3.0488e+01 | PDE 2.9733e+01 | BC 7.5518e-01 | L2 9.4383e-01
  Epoch  1000 | Loss 1.1262e+00 | PDE 9.3627e-01 | BC 1.8996e-01 | L2 4.8870e-01
  Epoch  2000 | Loss 8.9732e-01 | PDE 7.7397e-01 | BC 1.2335e-01 | L2 4.4962e-01
  Epoch  3000 | Loss 8.8389e-01 | PDE 7.6454e-01 | BC 1.1934e-01 | L2 4.4961e-01
  Epoch  4000 | Loss 8.2074e-01 | PDE 7.0136e-01 | BC 1.1937e-01 | L2 4.4817e-01
  Epoch  5000 | Loss 7.7227e-01 | PDE 6.6119e-01 | BC 1.1108e-01 | L2 4.3492e-01
  Epoch  6000 | Loss 5.4704e-04 | PDE 5.4096e-04 | BC 6.0816e-06 | L2 1.5801e-03
  Epoch  7000 | Loss 5.9354e-04 | PDE 5.9143e-04 | BC 2.1139e-06 | L2 9.6007e-04
  Epoch  8000 | Loss 3.3427e-04 | PDE 3.3308e-04 | BC 1.1858e-06 | L2 8.0873e-04
  Epoch  9000 | Loss 3.0594e-04 | PDE 3.0501e-04 | BC 9.2975e-07 | L2 7.6646e-04
  Epoch 10000 | Loss 2.1988e-04 | PDE 2.1913e-04 | BC 7.4887e-07 | L2 7.0226e-04
  Epoch 11000 | Loss 1.8746e-04 | PDE 1.8714e-04 | BC 3.1752e-07 | L2 8.4809e-04
  Epoch 12000 | Loss 1.5959e-04 | PDE 1.5909e-04 | BC 5.0305e-07 | L2 6.4925e-04
  Epoch 13000 | Loss 9.0594e-05 | PDE 9.0258e-05 | BC 3.3595e-07 | L2 4.7547e-04
  Epoch 14000 | Loss 8.0623e-05 | PDE 8.0340e-05 | BC 2.8328e-07 | L2 4.1945e-04
  Epoch 15000 | Loss 9.0580e-05 | PDE 9.0231e-05 | BC 3.4864e-07 | L2 6.1073e-04
  Done: 20.4s | Params: 407 | Best L2: 3.8288e-04 | Final L2: 6.1073e-04
[abl] case9 strat=default scale=0.6 seed=1: best_l2=3.8288e-04 params=407 t=20.4s
[E15w] RUN --case case9 --seed 2 --strategy default --scale 0.6 --out /root/autodl-tmp/rebuttal_experiments/E15_structure_ablation/saved_data/case9_wchar0p6_seed2.json

======================================================================
  SV-SNN (ACCELERATED)
  Analytic spatial 1st+2nd derivs, vectorized, grid + mask
======================================================================
  Parameters: 407
  Epoch   100 | Loss 2.7673e+01 | PDE 2.6977e+01 | BC 6.9596e-01 | L2 9.2750e-01
  Epoch  1000 | Loss 1.0584e+00 | PDE 8.6096e-01 | BC 1.9745e-01 | L2 4.7267e-01
  Epoch  2000 | Loss 4.1190e-01 | PDE 3.3809e-01 | BC 7.3817e-02 | L2 3.1359e-01
  Epoch  3000 | Loss 2.4544e-02 | PDE 1.9698e-02 | BC 4.8459e-03 | L2 4.6753e-02
  Epoch  4000 | Loss 7.2956e-03 | PDE 6.9243e-03 | BC 3.7131e-04 | L2 9.0078e-03
  Epoch  5000 | Loss 5.5218e-03 | PDE 5.2753e-03 | BC 2.4645e-04 | L2 7.2785e-03
  Epoch  6000 | Loss 3.4431e-03 | PDE 3.3016e-03 | BC 1.4158e-04 | L2 5.5311e-03
  Epoch  7000 | Loss 1.4750e-03 | PDE 1.4307e-03 | BC 4.4335e-05 | L2 3.1377e-03
  Epoch  8000 | Loss 4.5841e-04 | PDE 4.5457e-04 | BC 3.8385e-06 | L2 1.0411e-03
  Epoch  9000 | Loss 2.9431e-04 | PDE 2.9400e-04 | BC 3.0959e-07 | L2 5.1815e-04
  Epoch 10000 | Loss 2.8690e-04 | PDE 2.8662e-04 | BC 2.7521e-07 | L2 4.7729e-04
  Epoch 11000 | Loss 2.4894e-04 | PDE 2.4854e-04 | BC 4.0684e-07 | L2 5.6919e-04
  Epoch 12000 | Loss 2.3236e-04 | PDE 2.3221e-04 | BC 1.5384e-07 | L2 4.7362e-04
  Epoch 13000 | Loss 1.9788e-04 | PDE 1.9764e-04 | BC 2.4012e-07 | L2 4.2004e-04
  Epoch 14000 | Loss 2.0998e-04 | PDE 2.0954e-04 | BC 4.4443e-07 | L2 4.7823e-04
  Epoch 15000 | Loss 1.7840e-04 | PDE 1.7802e-04 | BC 3.8508e-07 | L2 4.4710e-04
  Done: 20.2s | Params: 407 | Best L2: 3.5777e-04 | Final L2: 4.4710e-04
[abl] case9 strat=default scale=0.6 seed=2: best_l2=3.5777e-04 params=407 t=20.2s
[E15w] RUN --case case9 --seed 0 --strategy default --scale 0.8 --out /root/autodl-tmp/rebuttal_experiments/E15_structure_ablation/saved_data/case9_wchar0p8_seed0.json

======================================================================
  SV-SNN (ACCELERATED)
  Analytic spatial 1st+2nd derivs, vectorized, grid + mask
======================================================================
  Parameters: 407
  Epoch   100 | Loss 1.6943e+01 | PDE 1.6388e+01 | BC 5.5516e-01 | L2 7.9755e-01
  Epoch  1000 | Loss 1.0228e+00 | PDE 8.6432e-01 | BC 1.5848e-01 | L2 4.9878e-01
  Epoch  2000 | Loss 8.8694e-01 | PDE 7.6056e-01 | BC 1.2638e-01 | L2 4.5226e-01
  Epoch  3000 | Loss 8.2659e-01 | PDE 7.0756e-01 | BC 1.1903e-01 | L2 4.4870e-01
  Epoch  4000 | Loss 2.4540e-02 | PDE 2.2707e-02 | BC 1.8327e-03 | L2 5.8016e-02
  Epoch  5000 | Loss 6.5857e-04 | PDE 6.4464e-04 | BC 1.3936e-05 | L2 1.9182e-03
  Epoch  6000 | Loss 4.6221e-04 | PDE 4.5840e-04 | BC 3.8141e-06 | L2 1.0068e-03
  Epoch  7000 | Loss 3.5298e-04 | PDE 3.5049e-04 | BC 2.4883e-06 | L2 8.3340e-04
  Epoch  8000 | Loss 2.9052e-04 | PDE 2.8908e-04 | BC 1.4390e-06 | L2 6.8932e-04
  Epoch  9000 | Loss 2.3061e-04 | PDE 2.2982e-04 | BC 7.8864e-07 | L2 5.3209e-04
  Epoch 10000 | Loss 1.8969e-04 | PDE 1.8917e-04 | BC 5.2653e-07 | L2 5.3638e-04
  Epoch 11000 | Loss 1.3578e-04 | PDE 1.3539e-04 | BC 3.9154e-07 | L2 5.8415e-04
  Epoch 12000 | Loss 1.1034e-04 | PDE 1.1008e-04 | BC 2.6528e-07 | L2 3.7278e-04
  Epoch 13000 | Loss 9.9216e-05 | PDE 9.8917e-05 | BC 2.9956e-07 | L2 5.0260e-04
  Epoch 14000 | Loss 8.2070e-05 | PDE 8.1912e-05 | BC 1.5830e-07 | L2 4.6605e-04
  Epoch 15000 | Loss 8.2167e-05 | PDE 8.1944e-05 | BC 2.2248e-07 | L2 5.1744e-04
  Done: 20.1s | Params: 407 | Best L2: 3.0937e-04 | Final L2: 5.1744e-04
[abl] case9 strat=default scale=0.8 seed=0: best_l2=3.0937e-04 params=407 t=20.1s
[E15w] RUN --case case9 --seed 1 --strategy default --scale 0.8 --out /root/autodl-tmp/rebuttal_experiments/E15_structure_ablation/saved_data/case9_wchar0p8_seed1.json

======================================================================
  SV-SNN (ACCELERATED)
  Analytic spatial 1st+2nd derivs, vectorized, grid + mask
======================================================================
  Parameters: 407
  Epoch   100 | Loss 3.0488e+01 | PDE 2.9733e+01 | BC 7.5518e-01 | L2 9.4383e-01
  Epoch  1000 | Loss 1.1262e+00 | PDE 9.3625e-01 | BC 1.8996e-01 | L2 4.8869e-01
  Epoch  2000 | Loss 8.9730e-01 | PDE 7.7394e-01 | BC 1.2335e-01 | L2 4.4962e-01
  Epoch  3000 | Loss 8.8391e-01 | PDE 7.6458e-01 | BC 1.1933e-01 | L2 4.4961e-01
  Epoch  4000 | Loss 8.2077e-01 | PDE 7.0139e-01 | BC 1.1938e-01 | L2 4.4817e-01
  Epoch  5000 | Loss 7.7239e-01 | PDE 6.6127e-01 | BC 1.1113e-01 | L2 4.3496e-01
  Epoch  6000 | Loss 6.0567e-04 | PDE 5.9932e-04 | BC 6.3565e-06 | L2 1.6017e-03
  Epoch  7000 | Loss 4.0748e-04 | PDE 4.0557e-04 | BC 1.9162e-06 | L2 9.3143e-04
  Epoch  8000 | Loss 3.2865e-04 | PDE 3.2752e-04 | BC 1.1302e-06 | L2 7.7632e-04
  Epoch  9000 | Loss 2.5786e-04 | PDE 2.5684e-04 | BC 1.0141e-06 | L2 6.9189e-04
  Epoch 10000 | Loss 2.0863e-04 | PDE 2.0803e-04 | BC 5.9453e-07 | L2 6.7103e-04
  Epoch 11000 | Loss 1.6847e-04 | PDE 1.6772e-04 | BC 7.5096e-07 | L2 5.9213e-04
  Epoch 12000 | Loss 1.5444e-04 | PDE 1.5397e-04 | BC 4.7390e-07 | L2 7.6761e-04
  Epoch 13000 | Loss 1.1701e-04 | PDE 1.1683e-04 | BC 1.7729e-07 | L2 6.2938e-04
  Epoch 14000 | Loss 8.4664e-05 | PDE 8.4462e-05 | BC 2.0250e-07 | L2 5.0056e-04
  Epoch 15000 | Loss 1.4747e-04 | PDE 1.4718e-04 | BC 2.9258e-07 | L2 4.6321e-04
  Done: 19.5s | Params: 407 | Best L2: 4.3984e-04 | Final L2: 4.6321e-04
[abl] case9 strat=default scale=0.8 seed=1: best_l2=4.3984e-04 params=407 t=19.5s
[E15w] RUN --case case9 --seed 2 --strategy default --scale 0.8 --out /root/autodl-tmp/rebuttal_experiments/E15_structure_ablation/saved_data/case9_wchar0p8_seed2.json

======================================================================
  SV-SNN (ACCELERATED)
  Analytic spatial 1st+2nd derivs, vectorized, grid + mask
======================================================================
  Parameters: 407
  Epoch   100 | Loss 2.7673e+01 | PDE 2.6977e+01 | BC 6.9596e-01 | L2 9.2750e-01
  Epoch  1000 | Loss 1.0584e+00 | PDE 8.6099e-01 | BC 1.9745e-01 | L2 4.7267e-01
  Epoch  2000 | Loss 4.1190e-01 | PDE 3.3808e-01 | BC 7.3818e-02 | L2 3.1359e-01
  Epoch  3000 | Loss 2.4542e-02 | PDE 1.9696e-02 | BC 4.8458e-03 | L2 4.6751e-02
  Epoch  4000 | Loss 7.3275e-03 | PDE 6.9556e-03 | BC 3.7192e-04 | L2 9.0216e-03
  Epoch  5000 | Loss 5.5154e-03 | PDE 5.2684e-03 | BC 2.4700e-04 | L2 7.2790e-03
  Epoch  6000 | Loss 3.4548e-03 | PDE 3.3132e-03 | BC 1.4162e-04 | L2 5.5456e-03
  Epoch  7000 | Loss 1.4735e-03 | PDE 1.4293e-03 | BC 4.4171e-05 | L2 3.1244e-03
  Epoch  8000 | Loss 4.6753e-04 | PDE 4.6362e-04 | BC 3.9083e-06 | L2 1.0552e-03
  Epoch  9000 | Loss 3.0585e-04 | PDE 3.0550e-04 | BC 3.4413e-07 | L2 4.8394e-04
  Epoch 10000 | Loss 2.5941e-04 | PDE 2.5918e-04 | BC 2.2502e-07 | L2 4.2467e-04
  Epoch 11000 | Loss 3.0005e-04 | PDE 2.9948e-04 | BC 5.6934e-07 | L2 7.4019e-04
  Epoch 12000 | Loss 2.3087e-04 | PDE 2.3056e-04 | BC 3.0446e-07 | L2 5.1586e-04
  Epoch 13000 | Loss 1.9347e-04 | PDE 1.9327e-04 | BC 1.9927e-07 | L2 4.5565e-04
  Epoch 14000 | Loss 1.9853e-04 | PDE 1.9827e-04 | BC 2.6238e-07 | L2 4.9192e-04
  Epoch 15000 | Loss 2.1315e-04 | PDE 2.1271e-04 | BC 4.3659e-07 | L2 5.1885e-04
  Done: 22.2s | Params: 407 | Best L2: 3.6029e-04 | Final L2: 5.1885e-04
[abl] case9 strat=default scale=0.8 seed=2: best_l2=3.6029e-04 params=407 t=22.2s
[E15w] case9 scale=1.0 seed0: reused E11 best_l2=3.0937e-04
[E15w] case9 scale=1.0 seed1: reused E11 best_l2=3.5032e-04
[E15w] case9 scale=1.0 seed2: reused E11 best_l2=3.6029e-04
[E15w] RUN --case case9 --seed 0 --strategy default --scale 1.2 --out /root/autodl-tmp/rebuttal_experiments/E15_structure_ablation/saved_data/case9_wchar1p2_seed0.json

======================================================================
  SV-SNN (ACCELERATED)
  Analytic spatial 1st+2nd derivs, vectorized, grid + mask
======================================================================
  Parameters: 407
  Epoch   100 | Loss 1.6943e+01 | PDE 1.6388e+01 | BC 5.5516e-01 | L2 7.9755e-01
  Epoch  1000 | Loss 1.0228e+00 | PDE 8.6434e-01 | BC 1.5848e-01 | L2 4.9878e-01
  Epoch  2000 | Loss 8.8694e-01 | PDE 7.6056e-01 | BC 1.2638e-01 | L2 4.5226e-01
  Epoch  3000 | Loss 8.2659e-01 | PDE 7.0756e-01 | BC 1.1903e-01 | L2 4.4871e-01
  Epoch  4000 | Loss 2.4551e-02 | PDE 2.2723e-02 | BC 1.8282e-03 | L2 5.8009e-02
  Epoch  5000 | Loss 6.5385e-04 | PDE 6.4029e-04 | BC 1.3560e-05 | L2 1.9065e-03
  Epoch  6000 | Loss 4.2188e-04 | PDE 4.1805e-04 | BC 3.8383e-06 | L2 1.0083e-03
  Epoch  7000 | Loss 3.5096e-04 | PDE 3.4845e-04 | BC 2.5093e-06 | L2 8.3992e-04
  Epoch  8000 | Loss 2.8292e-04 | PDE 2.8142e-04 | BC 1.4969e-06 | L2 6.6703e-04
  Epoch  9000 | Loss 2.4830e-04 | PDE 2.4736e-04 | BC 9.4151e-07 | L2 5.4858e-04
  Epoch 10000 | Loss 1.7692e-04 | PDE 1.7641e-04 | BC 5.1086e-07 | L2 6.8251e-04
  Epoch 11000 | Loss 1.3948e-04 | PDE 1.3910e-04 | BC 3.7576e-07 | L2 5.1343e-04
  Epoch 12000 | Loss 1.3997e-04 | PDE 1.3959e-04 | BC 3.8342e-07 | L2 4.4231e-04
  Epoch 13000 | Loss 9.1119e-05 | PDE 9.0950e-05 | BC 1.6975e-07 | L2 4.8673e-04
  Epoch 14000 | Loss 8.4371e-05 | PDE 8.4144e-05 | BC 2.2686e-07 | L2 4.5598e-04
  Epoch 15000 | Loss 7.7406e-05 | PDE 7.7276e-05 | BC 1.3050e-07 | L2 3.6388e-04
  Done: 21.1s | Params: 407 | Best L2: 3.1751e-04 | Final L2: 3.6388e-04
[abl] case9 strat=default scale=1.2 seed=0: best_l2=3.1751e-04 params=407 t=21.1s
[E15w] RUN --case case9 --seed 1 --strategy default --scale 1.2 --out /root/autodl-tmp/rebuttal_experiments/E15_structure_ablation/saved_data/case9_wchar1p2_seed1.json

======================================================================
  SV-SNN (ACCELERATED)
  Analytic spatial 1st+2nd derivs, vectorized, grid + mask
======================================================================
  Parameters: 407
  Epoch   100 | Loss 3.0488e+01 | PDE 2.9733e+01 | BC 7.5518e-01 | L2 9.4383e-01
  Epoch  1000 | Loss 1.1262e+00 | PDE 9.3627e-01 | BC 1.8996e-01 | L2 4.8870e-01
  Epoch  2000 | Loss 8.9732e-01 | PDE 7.7397e-01 | BC 1.2335e-01 | L2 4.4962e-01
  Epoch  3000 | Loss 8.8389e-01 | PDE 7.6454e-01 | BC 1.1934e-01 | L2 4.4961e-01
  Epoch  4000 | Loss 8.2074e-01 | PDE 7.0136e-01 | BC 1.1937e-01 | L2 4.4817e-01
  Epoch  5000 | Loss 7.7227e-01 | PDE 6.6119e-01 | BC 1.1108e-01 | L2 4.3492e-01
  Epoch  6000 | Loss 5.4704e-04 | PDE 5.4096e-04 | BC 6.0816e-06 | L2 1.5801e-03
  Epoch  7000 | Loss 5.9354e-04 | PDE 5.9143e-04 | BC 2.1139e-06 | L2 9.6007e-04
  Epoch  8000 | Loss 3.3427e-04 | PDE 3.3308e-04 | BC 1.1858e-06 | L2 8.0873e-04
  Epoch  9000 | Loss 3.0594e-04 | PDE 3.0501e-04 | BC 9.2975e-07 | L2 7.6646e-04
  Epoch 10000 | Loss 2.1988e-04 | PDE 2.1913e-04 | BC 7.4887e-07 | L2 7.0226e-04
  Epoch 11000 | Loss 1.8746e-04 | PDE 1.8714e-04 | BC 3.1752e-07 | L2 8.4809e-04
  Epoch 12000 | Loss 1.5959e-04 | PDE 1.5909e-04 | BC 5.0305e-07 | L2 6.4925e-04
  Epoch 13000 | Loss 9.0594e-05 | PDE 9.0258e-05 | BC 3.3595e-07 | L2 4.7547e-04
  Epoch 14000 | Loss 8.0623e-05 | PDE 8.0340e-05 | BC 2.8328e-07 | L2 4.1945e-04
  Epoch 15000 | Loss 9.0580e-05 | PDE 9.0231e-05 | BC 3.4864e-07 | L2 6.1073e-04
  Done: 21.4s | Params: 407 | Best L2: 3.8288e-04 | Final L2: 6.1073e-04
[abl] case9 strat=default scale=1.2 seed=1: best_l2=3.8288e-04 params=407 t=21.4s
[E15w] RUN --case case9 --seed 2 --strategy default --scale 1.2 --out /root/autodl-tmp/rebuttal_experiments/E15_structure_ablation/saved_data/case9_wchar1p2_seed2.json

======================================================================
  SV-SNN (ACCELERATED)
  Analytic spatial 1st+2nd derivs, vectorized, grid + mask
======================================================================
  Parameters: 407
  Epoch   100 | Loss 2.7673e+01 | PDE 2.6977e+01 | BC 6.9596e-01 | L2 9.2750e-01
  Epoch  1000 | Loss 1.0584e+00 | PDE 8.6099e-01 | BC 1.9745e-01 | L2 4.7267e-01
  Epoch  2000 | Loss 4.1191e-01 | PDE 3.3809e-01 | BC 7.3817e-02 | L2 3.1359e-01
  Epoch  3000 | Loss 2.4536e-02 | PDE 1.9690e-02 | BC 4.8465e-03 | L2 4.6754e-02
  Epoch  4000 | Loss 7.3252e-03 | PDE 6.9529e-03 | BC 3.7224e-04 | L2 9.0221e-03
  Epoch  5000 | Loss 5.5191e-03 | PDE 5.2718e-03 | BC 2.4731e-04 | L2 7.2835e-03
  Epoch  6000 | Loss 3.4574e-03 | PDE 3.3163e-03 | BC 1.4108e-04 | L2 5.5404e-03
  Epoch  7000 | Loss 1.4618e-03 | PDE 1.4179e-03 | BC 4.3952e-05 | L2 3.1306e-03
  Epoch  8000 | Loss 4.5535e-04 | PDE 4.5147e-04 | BC 3.8737e-06 | L2 1.0345e-03
  Epoch  9000 | Loss 2.8950e-04 | PDE 2.8922e-04 | BC 2.7323e-07 | L2 4.8400e-04
  Epoch 10000 | Loss 2.6303e-04 | PDE 2.6267e-04 | BC 3.5972e-07 | L2 4.3299e-04
  Epoch 11000 | Loss 2.4011e-04 | PDE 2.3986e-04 | BC 2.5545e-07 | L2 5.3459e-04
  Epoch 12000 | Loss 2.2734e-04 | PDE 2.2721e-04 | BC 1.2765e-07 | L2 4.1690e-04
  Epoch 13000 | Loss 2.1010e-04 | PDE 2.0988e-04 | BC 2.1342e-07 | L2 3.9340e-04
  Epoch 14000 | Loss 1.9286e-04 | PDE 1.9264e-04 | BC 2.1228e-07 | L2 4.9204e-04
  Epoch 15000 | Loss 1.8642e-04 | PDE 1.8626e-04 | BC 1.6179e-07 | L2 4.1569e-04
  Done: 23.1s | Params: 407 | Best L2: 3.3550e-04 | Final L2: 4.1569e-04
[abl] case9 strat=default scale=1.2 seed=2: best_l2=3.3550e-04 params=407 t=23.1s
[E15w] RUN --case case9 --seed 0 --strategy default --scale 1.5 --out /root/autodl-tmp/rebuttal_experiments/E15_structure_ablation/saved_data/case9_wchar1p5_seed0.json

======================================================================
  SV-SNN (ACCELERATED)
  Analytic spatial 1st+2nd derivs, vectorized, grid + mask
======================================================================
  Parameters: 407
  Epoch   100 | Loss 1.6943e+01 | PDE 1.6388e+01 | BC 5.5516e-01 | L2 7.9755e-01
  Epoch  1000 | Loss 1.0228e+00 | PDE 8.6432e-01 | BC 1.5848e-01 | L2 4.9878e-01
  Epoch  2000 | Loss 8.8694e-01 | PDE 7.6056e-01 | BC 1.2638e-01 | L2 4.5226e-01
  Epoch  3000 | Loss 8.2659e-01 | PDE 7.0756e-01 | BC 1.1903e-01 | L2 4.4870e-01
  Epoch  4000 | Loss 2.4540e-02 | PDE 2.2707e-02 | BC 1.8327e-03 | L2 5.8016e-02
  Epoch  5000 | Loss 6.5857e-04 | PDE 6.4464e-04 | BC 1.3936e-05 | L2 1.9182e-03
  Epoch  6000 | Loss 4.6221e-04 | PDE 4.5840e-04 | BC 3.8141e-06 | L2 1.0068e-03
  Epoch  7000 | Loss 3.5298e-04 | PDE 3.5049e-04 | BC 2.4883e-06 | L2 8.3340e-04
  Epoch  8000 | Loss 2.9052e-04 | PDE 2.8908e-04 | BC 1.4390e-06 | L2 6.8932e-04
  Epoch  9000 | Loss 2.3061e-04 | PDE 2.2982e-04 | BC 7.8864e-07 | L2 5.3209e-04
  Epoch 10000 | Loss 1.8969e-04 | PDE 1.8917e-04 | BC 5.2653e-07 | L2 5.3638e-04
  Epoch 11000 | Loss 1.3578e-04 | PDE 1.3539e-04 | BC 3.9154e-07 | L2 5.8415e-04
  Epoch 12000 | Loss 1.1034e-04 | PDE 1.1008e-04 | BC 2.6528e-07 | L2 3.7278e-04
  Epoch 13000 | Loss 9.9216e-05 | PDE 9.8917e-05 | BC 2.9956e-07 | L2 5.0260e-04
  Epoch 14000 | Loss 8.2070e-05 | PDE 8.1912e-05 | BC 1.5830e-07 | L2 4.6605e-04
  Epoch 15000 | Loss 8.2167e-05 | PDE 8.1944e-05 | BC 2.2248e-07 | L2 5.1744e-04
  Done: 20.2s | Params: 407 | Best L2: 3.0937e-04 | Final L2: 5.1744e-04
[abl] case9 strat=default scale=1.5 seed=0: best_l2=3.0937e-04 params=407 t=20.2s
[E15w] RUN --case case9 --seed 1 --strategy default --scale 1.5 --out /root/autodl-tmp/rebuttal_experiments/E15_structure_ablation/saved_data/case9_wchar1p5_seed1.json

======================================================================
  SV-SNN (ACCELERATED)
  Analytic spatial 1st+2nd derivs, vectorized, grid + mask
======================================================================
  Parameters: 407
  Epoch   100 | Loss 3.0488e+01 | PDE 2.9733e+01 | BC 7.5518e-01 | L2 9.4383e-01
  Epoch  1000 | Loss 1.1262e+00 | PDE 9.3626e-01 | BC 1.8996e-01 | L2 4.8870e-01
  Epoch  2000 | Loss 8.9726e-01 | PDE 7.7392e-01 | BC 1.2334e-01 | L2 4.4962e-01
  Epoch  3000 | Loss 8.8389e-01 | PDE 7.6454e-01 | BC 1.1935e-01 | L2 4.4961e-01
  Epoch  4000 | Loss 8.2074e-01 | PDE 7.0136e-01 | BC 1.1938e-01 | L2 4.4817e-01
  Epoch  5000 | Loss 7.7240e-01 | PDE 6.6129e-01 | BC 1.1111e-01 | L2 4.3496e-01
  Epoch  6000 | Loss 5.8572e-04 | PDE 5.7959e-04 | BC 6.1294e-06 | L2 1.5978e-03
  Epoch  7000 | Loss 5.2834e-04 | PDE 5.2630e-04 | BC 2.0401e-06 | L2 1.0086e-03
  Epoch  8000 | Loss 3.2626e-04 | PDE 3.2510e-04 | BC 1.1591e-06 | L2 8.1159e-04
  Epoch  9000 | Loss 2.6222e-04 | PDE 2.6131e-04 | BC 9.1037e-07 | L2 7.8715e-04
  Epoch 10000 | Loss 2.4291e-04 | PDE 2.4203e-04 | BC 8.7911e-07 | L2 6.4451e-04
  Epoch 11000 | Loss 1.7207e-04 | PDE 1.7156e-04 | BC 5.0662e-07 | L2 6.1854e-04
  Epoch 12000 | Loss 1.4372e-04 | PDE 1.4315e-04 | BC 5.7266e-07 | L2 7.5707e-04
  Epoch 13000 | Loss 1.5913e-04 | PDE 1.5857e-04 | BC 5.5110e-07 | L2 6.5369e-04
  Epoch 14000 | Loss 8.5935e-05 | PDE 8.5740e-05 | BC 1.9490e-07 | L2 4.6038e-04
  Epoch 15000 | Loss 8.9375e-05 | PDE 8.8945e-05 | BC 4.3012e-07 | L2 6.1933e-04
  Done: 22.4s | Params: 407 | Best L2: 3.6149e-04 | Final L2: 6.1933e-04
[abl] case9 strat=default scale=1.5 seed=1: best_l2=3.6149e-04 params=407 t=22.4s
[E15w] RUN --case case9 --seed 2 --strategy default --scale 1.5 --out /root/autodl-tmp/rebuttal_experiments/E15_structure_ablation/saved_data/case9_wchar1p5_seed2.json

======================================================================
  SV-SNN (ACCELERATED)
  Analytic spatial 1st+2nd derivs, vectorized, grid + mask
======================================================================
  Parameters: 407
  Epoch   100 | Loss 2.7673e+01 | PDE 2.6977e+01 | BC 6.9596e-01 | L2 9.2750e-01
  Epoch  1000 | Loss 1.0584e+00 | PDE 8.6099e-01 | BC 1.9746e-01 | L2 4.7267e-01
  Epoch  2000 | Loss 4.1189e-01 | PDE 3.3807e-01 | BC 7.3818e-02 | L2 3.1359e-01
  Epoch  3000 | Loss 2.4548e-02 | PDE 1.9707e-02 | BC 4.8412e-03 | L2 4.6738e-02
  Epoch  4000 | Loss 7.3263e-03 | PDE 6.9545e-03 | BC 3.7174e-04 | L2 9.0195e-03
  Epoch  5000 | Loss 5.5165e-03 | PDE 5.2701e-03 | BC 2.4639e-04 | L2 7.2723e-03
  Epoch  6000 | Loss 3.4497e-03 | PDE 3.3082e-03 | BC 1.4153e-04 | L2 5.5327e-03
  Epoch  7000 | Loss 1.4627e-03 | PDE 1.4186e-03 | BC 4.4063e-05 | L2 3.1578e-03
  Epoch  8000 | Loss 4.6378e-04 | PDE 4.5991e-04 | BC 3.8714e-06 | L2 1.0575e-03
  Epoch  9000 | Loss 3.1871e-04 | PDE 3.1839e-04 | BC 3.2169e-07 | L2 4.7787e-04
  Epoch 10000 | Loss 2.5888e-04 | PDE 2.5853e-04 | BC 3.5546e-07 | L2 4.0746e-04
  Epoch 11000 | Loss 2.4095e-04 | PDE 2.4064e-04 | BC 3.0965e-07 | L2 5.5116e-04
  Epoch 12000 | Loss 2.4299e-04 | PDE 2.4268e-04 | BC 3.0546e-07 | L2 4.9644e-04
  Epoch 13000 | Loss 2.2094e-04 | PDE 2.2058e-04 | BC 3.6042e-07 | L2 3.9020e-04
  Epoch 14000 | Loss 1.8049e-04 | PDE 1.8034e-04 | BC 1.5144e-07 | L2 3.6257e-04
  Epoch 15000 | Loss 1.8305e-04 | PDE 1.8280e-04 | BC 2.5860e-07 | L2 6.1904e-04
  Done: 21.3s | Params: 407 | Best L2: 3.5583e-04 | Final L2: 6.1904e-04
[abl] case9 strat=default scale=1.5 seed=2: best_l2=3.5583e-04 params=407 t=21.3s
[E15w] done
